user_key_id,country,age,sex,easy_completion_rate,medium_completion_rate,hard_completion_rate,session_count,total_session_time,total_ad_viewed,total_earned_reward_amount_in_usd
bVas4SMsXQ,GB,30.0,Men,100.0,100.0,25.0,86.0,52464.0,15.0,18.680002
Hm917zE2Mc,GB,36.0,Women,100.0,50.0,0.0,10.0,4202.0,5.0,17.579998
wFfzWC1Ydt,US,40.0,Men,100.0,100.0,0.0,62.0,75586.0,23.0,3.2999995
73S29MCQWv,DE,39.0,Women,100.0,75.0,0.0,13.0,23024.0,3.0,1.74
B4A9tTZMAE,US,21.0,Women,100.0,0.0,0.0,2.0,983.0,1.0,0.35000002
FVAffG7oT4,DE,39.0,Men,100.0,100.0,25.0,9.0,4623.0,317.0,6.0399995
rhRrt93kDx,DE,30.0,Women,100.0,75.0,0.0,8.0,24507.0,11.0,1.34
DhgEAI6KZN,DE,39.0,Men,100.0,100.0,12.5,70.0,63623.0,110.0,3.3399994
CwJLDEtRLC,DE,35.0,Men,100.0,100.0,12.5,109.0,113510.0,5.0,2.8899996
SH1i4vTu9W,DE,45.0,Men,100.0,25.0,0.0,1.0,2485.0,8.0,0.92
P7F9ZURnfQ,GB,39.0,Men,100.0,100.0,0.0,8.0,12976.0,33.0,2.0300002
vfouJzoTmH,DE,42.0,Women,100.0,75.0,0.0,7.0,1781.0,178.0,1.24
mCMuM0XF3e,US,59.0,Women,100.0,100.0,12.5,50.0,66752.0,43.0,28.000008
scJElP7SHY,GB,39.0,Women,100.0,100.0,12.5,60.0,28102.0,1.0,5.5299997
5LLhWORaHo,US,47.0,Women,100.0,0.0,0.0,2.0,1447.0,1.0,0.45000002
2FDcZdbK8w,GB,46.0,Men,100.0,100.0,25.0,138.0,126777.0,444.0,3.979999
6ZJLI4nLtQ,DE,39.0,Men,100.0,25.0,0.0,2.0,1787.0,4.0,0.9200001
vSctvD4E5n,US,18.0,Men,100.0,75.0,0.0,10.0,24151.0,36.0,12.599999
JcF1iGH5my,US,37.0,Men,100.0,75.0,0.0,15.0,24838.0,1.0,5.8500004
ltb9WlnYAb,DE,50.0,Men,100.0,100.0,0.0,16.0,13605.0,17.0,5.7399993
zPL3IqOA1P,GB,46.0,Women,100.0,100.0,37.5,222.0,289283.0,846.0,5.0799985
QzLq2jayxk,JP,39.0,Men,50.0,0.0,0.0,1.0,1067.0,1.0,0.25
Nhx4AhSCOW,US,42.0,Women,100.0,100.0,12.5,64.0,135748.0,1.0,4.9999995
F5z5GX3kZ9,DE,27.0,Women,100.0,100.0,12.5,60.0,62719.0,39.0,28.439999
kluSjW2Wah,GB,57.0,Women,100.0,100.0,12.5,33.0,74982.0,6.0,3.229999
KhTYoocPjC,US,49.0,Women,100.0,25.0,0.0,1.0,940.0,1.0,0.7
6ZgyxXDVan,US,39.0,Women,100.0,75.0,0.0,27.0,32468.0,15.0,12.949999
9MRJ5quIBk,US,30.0,Men,100.0,50.0,0.0,14.0,23040.0,2.0,1.3000001
UDhTBFcbqx,DE,39.0,Women,100.0,75.0,0.0,11.0,30626.0,5.0,21.640001
INMgcEEmAi,US,34.0,Men,100.0,25.0,0.0,3.0,1654.0,1.0,0.7
w0AcgSaFrn,DE,30.0,Men,100.0,75.0,0.0,15.0,15113.0,1.0,1.6400001
aZC8ThU3s6,US,32.0,Women,100.0,25.0,0.0,16.0,22152.0,84.0,0.58
zUgKRPB5b8,US,32.0,Women,100.0,75.0,0.0,53.0,120722.0,43.0,7.649999
oVwZYc24rR,DE,39.0,Men,50.0,0.0,0.0,4.0,2820.0,1.0,0.35
15MGIYpCdr,US,41.0,Men,100.0,0.0,0.0,2.0,1418.0,1.0,0.55
r7doayCDHS,US,34.0,Men,50.0,0.0,0.0,1.0,515.0,1.0,0.25
BQmZU0dEUC,GB,29.0,Men,100.0,75.0,0.0,18.0,21448.0,1.0,8.43
cICUrgexLO,US,54.0,Men,100.0,25.0,0.0,50.0,5498.0,1.0,0.8
dT3NcahGie,US,35.0,Women,100.0,50.0,0.0,27.0,26438.0,1.0,3.0800004
exVwJoMsyn,GB,40.0,Women,100.0,0.0,0.0,5.0,2361.0,1.0,0.43
7gsvOoFpO0,US,39.0,Women,100.0,25.0,0.0,11.0,5213.0,1.0,0.8
DFptIM2xw8,DE,28.0,Women,100.0,75.0,0.0,8.0,2742.0,2.0,21.24
RjGBpXiJir,DE,35.0,Men,100.0,100.0,0.0,37.0,42808.0,106.0,2.3899999
wpfWOHNl14,GB,41.0,Men,100.0,100.0,0.0,37.0,79973.0,1.0,5.2299995
XfT7hkanyk,US,39.0,Men,50.0,0.0,0.0,1.0,20.0,2.0,0.25
WtXFi8KHqJ,DE,39.0,Women,100.0,0.0,0.0,2.0,1399.0,2.0,0.8
WQOkGTjejS,US,49.0,Women,100.0,50.0,0.0,21.0,25880.0,13.0,2.3000002
eVPVA35PHw,DE,33.0,Men,100.0,0.0,0.0,7.0,27695.0,1.0,0.9000001
A3W2Fv0x1Z,DE,39.0,Women,100.0,100.0,0.0,48.0,1173550.0,1.0,7.3899994
9TkDV0l9KR,US,38.0,Men,100.0,50.0,0.0,11.0,9600.0,62.0,2.4
cQ2Wf7WiIv,GB,25.0,Women,100.0,75.0,0.0,6.0,6608.0,1.0,1.0300001
Z1q2tyf9Lh,DE,39.0,Women,100.0,100.0,12.5,10.0,64311.0,210.0,6.539999
osZtx1iRos,GB,24.0,Women,100.0,0.0,0.0,1.0,516.0,1.0,0.32999998
NX4xjSkVhW,GB,39.0,Men,100.0,50.0,0.0,8.0,5519.0,1.0,0.8800001
N6vUye4134,US,32.0,Men,100.0,50.0,0.0,6.0,9442.0,1.0,1.3000001
qbcmJNwOkg,DE,39.0,Women,100.0,75.0,0.0,7.0,12645.0,39.0,1.7900001
7zcTMau6ix,US,50.0,Men,100.0,0.0,0.0,8.0,1241.0,1.0,4.5499997
tps9ghE91P,GB,31.0,Men,100.0,75.0,0.0,10.0,11164.0,16.0,1.2300001
PC1XTx1uXT,US,41.0,Men,100.0,25.0,0.0,9.0,5380.0,1.0,0.9
zQiJRCr7QU,GB,37.0,Women,100.0,75.0,0.0,5.0,3163.0,1.0,1.03
JdQfMVv9zx,DE,46.0,Men,100.0,100.0,0.0,23.0,35702.0,13.0,2.0400002
IZfNuSVqRw,US,53.0,Women,100.0,50.0,0.0,11.0,23895.0,42.0,2.1
GchNZykCtO,US,39.0,Men,100.0,25.0,0.0,3.0,2838.0,1.0,4.7999997
ckA7PZCJRG,US,39.0,Women,100.0,75.0,0.0,17.0,26429.0,1.0,2.5500002
UAhBrSL6Eq,DE,39.0,Women,100.0,25.0,0.0,21.0,44167.0,6.0,2.27
3azltA4zRq,GB,49.0,Women,100.0,100.0,0.0,10.0,18420.0,2.0,1.4300001
eaRTKcrBoH,JP,39.0,Men,100.0,100.0,0.0,23.0,27874.0,82.0,3.67
AHSETIbW5M,US,35.0,Women,100.0,50.0,0.0,5.0,2933.0,1.0,1.1000001
nDyasIZTFa,DE,39.0,Men,100.0,100.0,37.5,75.0,202105.0,166.0,4.6999993
EjIFEEcHUr,DE,45.0,Men,100.0,50.0,0.0,4.0,5062.0,1.0,1.2700001
ara87ojhEv,US,37.0,Men,100.0,25.0,0.0,4.0,4046.0,1.0,0.8
x5nq0z7cd0,US,39.0,Women,100.0,50.0,0.0,5.0,8522.0,2.0,1.2
RmPgrUfyKw,DE,39.0,Women,100.0,75.0,0.0,2.0,2643.0,4.0,1.07
QwsBSmKehA,US,39.0,Men,100.0,100.0,50.0,61.0,29969.0,200.0,16.85
3UCqqehFtE,GB,34.0,Women,100.0,0.0,0.0,1.0,1017.0,2.0,0.32999998
uVQOL9ybjC,US,45.0,Women,100.0,25.0,0.0,75.0,152998.0,1.0,7.799999
c8LbEoJhql,US,39.0,Men,100.0,75.0,0.0,22.0,26058.0,1.0,2.15
YIk1baAWBA,GB,39.0,Men,100.0,25.0,0.0,4.0,8473.0,2.0,0.68
rMlorYXp8k,GB,37.0,Women,100.0,100.0,12.5,28.0,51267.0,1.0,2.43
574WKNFqsF,DE,33.0,Men,50.0,0.0,0.0,8.0,10821.0,4.0,0.6
kK4gWsRuld,US,43.0,Men,100.0,75.0,0.0,37.0,42862.0,1.0,3.35
PxtMIfUudp,DE,59.0,Women,100.0,100.0,0.0,16.0,40042.0,141.0,2.7899997
Lf4x1kDbOG,DE,46.0,Women,100.0,100.0,12.5,51.0,59877.0,51.0,8.6399975
JG7xqmmtEM,US,39.0,Men,100.0,25.0,0.0,1.0,1.0,1.0,0.70000005
msb7xMS6PM,DE,39.0,Women,100.0,75.0,0.0,9.0,25227.0,1.0,5.79
ZEr7IxskgL,DE,39.0,Women,100.0,75.0,0.0,1.0,3783.0,3.0,1.24
jjUCMb1iyK,DE,39.0,Men,100.0,100.0,0.0,26.0,52896.0,81.0,7.089999
cVmizMSITX,US,35.0,Men,100.0,0.0,0.0,2.0,532.0,1.0,4.45
FAXJH4r4MX,GB,43.0,Women,100.0,50.0,0.0,9.0,6606.0,1.0,0.78000003
psi3GRQf16,DE,39.0,Men,100.0,50.0,0.0,2.0,9525.0,16.0,1.1700001
ayAMlZ65xL,US,44.0,Women,100.0,100.0,12.5,28.0,46660.0,82.0,4.1
XxazrBGQEH,US,39.0,Women,100.0,25.0,0.0,2.0,3364.0,1.0,0.8
cyaLfBcXXU,US,40.0,Women,100.0,100.0,25.0,119.0,293069.0,1034.0,8.249998
q54P79fkSr,GB,47.0,Men,100.0,100.0,50.0,196.0,562462.0,176.0,7.129998
oEy9bvZmSG,DE,47.0,Women,50.0,0.0,0.0,3.0,620.0,2.0,0.6
yvy7h8qyR4,DE,43.0,Men,100.0,100.0,12.5,20.0,33665.0,37.0,2.94
YY7iwOw7Vq,GB,39.0,Women,100.0,75.0,0.0,5.0,8942.0,1.0,1.1300001
q3beLEmj2b,DE,39.0,Women,100.0,75.0,0.0,8.0,14172.0,1.0,1.44
InRzCnR9bz,GB,38.0,Women,100.0,75.0,0.0,9.0,17551.0,1.0,1.23
rws4JoEzPw,US,32.0,Women,100.0,25.0,0.0,1.0,1701.0,9.0,0.8
ZAYhpGKXtP,DE,35.0,Women,100.0,100.0,12.5,44.0,58410.0,86.0,2.54
hdt76sCAGz,DE,53.0,Women,100.0,100.0,62.5,169.0,750245.0,817.0,8.489999
rHMgnCWHpb,US,39.0,Women,50.0,0.0,0.0,25.0,15830.0,12.0,1.45
S0V0yL984f,US,20.0,Men,100.0,75.0,0.0,22.0,21840.0,2.0,6.349999
SdMHskkLav,US,61.0,Men,100.0,100.0,12.5,144.0,187325.0,1.0,102.64996
SegU0xS2Ag,US,37.0,Women,100.0,25.0,0.0,2.0,2687.0,1.0,0.8000001
bveOZs0fzz,DE,52.0,Men,100.0,100.0,12.5,42.0,63651.0,48.0,13.640003
kIwdb2zuSH,GB,43.0,Men,100.0,50.0,0.0,7.0,4522.0,1.0,3.6799996
jhMc0xm0s2,DE,50.0,Women,100.0,100.0,37.5,104.0,173576.0,527.0,41.699997
lmWoS0c6X4,US,44.0,Women,100.0,25.0,0.0,3.0,779.0,13.0,0.70000005
D0NEa6HbSg,US,39.0,Women,100.0,25.0,0.0,3.0,1114.0,1.0,5.28
qDwR48wg4x,US,50.0,Men,50.0,0.0,0.0,2.0,1167.0,1.0,0.25
3wXo7GQbOu,US,52.0,Women,100.0,100.0,25.0,148.0,98302.0,45.0,6.9499993
jGyJHvAJz6,US,34.0,Women,100.0,100.0,12.5,39.0,58088.0,206.0,9.899999
l282BUJwi0,US,31.0,Men,100.0,25.0,0.0,6.0,5029.0,1.0,4.8999996
KtXYvWQY0a,US,40.0,Men,100.0,100.0,25.0,11.0,9169.0,422.0,28.45
vBYOXl6wWR,DE,39.0,Women,100.0,100.0,12.5,77.0,161049.0,186.0,2.9399996
wraPYPkCKD,DE,40.0,Men,100.0,0.0,0.0,21.0,7394.0,10.0,0.77000004
cC6SxGwF3u,DE,39.0,Men,100.0,75.0,0.0,25.0,21777.0,52.0,6.189999
1hheWAloca,DE,36.0,Men,100.0,100.0,62.5,234.0,727627.0,1098.0,27.790007
egU2gAh9fF,GB,42.0,Women,100.0,0.0,0.0,4.0,1185.0,1.0,0.32999998
XkJ5nSLNin,US,50.0,Women,100.0,100.0,50.0,161.0,307945.0,1232.0,9.750001
8PnkmhWpyl,GB,45.0,Women,100.0,100.0,0.0,16.0,24024.0,37.0,2.33
gReZjThjDQ,US,33.0,Women,100.0,0.0,0.0,9.0,6757.0,1.0,5.31
yARL6wsrxf,DE,39.0,Men,100.0,100.0,0.0,74.0,81620.0,179.0,3.3399992
C5ZIIphZlS,US,44.0,Men,100.0,25.0,0.0,9.0,8753.0,1.0,5.0
s1DcrD2yF1,GB,42.0,Women,100.0,100.0,25.0,72.0,49204.0,19.0,7.279999
Hn517axbTJ,GB,39.0,Women,100.0,75.0,0.0,12.0,14719.0,15.0,1.2300001
BxdZy44ESm,US,39.0,Women,100.0,75.0,0.0,18.0,32983.0,18.0,7.1499996
2pMfLgoLxF,GB,39.0,Women,100.0,100.0,0.0,19.0,55221.0,23.0,1.73
mtvgmuHnf3,US,39.0,Women,100.0,25.0,0.0,6.0,3014.0,1.0,5.38
hji9ExHAlL,GB,52.0,Women,50.0,0.0,0.0,10.0,14724.0,6.0,0.55
dgTletHts0,DE,35.0,Men,100.0,100.0,37.5,63.0,73142.0,487.0,4.0999994
yvWTZjdOTC,JP,42.0,Women,100.0,100.0,0.0,8.0,2519.0,169.0,4.24
8k8PqRixWl,DE,39.0,Men,100.0,75.0,0.0,2.0,6269.0,6.0,1.34
27sIFdUQT5,GB,34.0,Women,100.0,25.0,0.0,4.0,5605.0,1.0,0.83
ngolyuM7wR,US,50.0,Women,100.0,0.0,0.0,79.0,133537.0,1.0,3.9499989
6Vu7MZmhG4,DE,39.0,Men,100.0,0.0,0.0,6.0,18609.0,32.0,1.0200001
PP14CfVj3j,US,39.0,Men,100.0,50.0,0.0,11.0,27101.0,1.0,2.2
caWrDzLwhR,GB,45.0,Women,100.0,100.0,25.0,16.0,137409.0,150.0,3.6799996
SVK1s1Zn9b,DE,39.0,Women,50.0,0.0,0.0,2.0,1006.0,1.0,0.2
tWeaDmy2Ly,DE,43.0,Women,100.0,0.0,0.0,4.0,9420.0,1.0,4.72
7eiaRS6uK0,US,39.0,Men,100.0,25.0,0.0,2.0,3561.0,1.0,0.70000005
tHwoxoGznj,US,23.0,Women,100.0,100.0,50.0,196.0,151801.0,472.0,38.150005
b7Q8oKQPEt,US,49.0,Men,100.0,25.0,0.0,4.0,4477.0,1.0,0.8
D9ywOP0z8D,GB,38.0,Men,100.0,100.0,12.5,26.0,29550.0,15.0,2.43
Sc4bUIfI35,US,39.0,Men,100.0,100.0,50.0,251.0,260927.0,76.0,17.15001
HEMJoDTUi0,GB,39.0,Men,100.0,50.0,0.0,10.0,11003.0,16.0,0.78
3kVzfGBBYl,US,39.0,Women,100.0,0.0,0.0,2.0,2764.0,1.0,0.55
k9lauxyChm,US,35.0,Women,100.0,100.0,0.0,44.0,71185.0,79.0,8.6
xI4jo9DVr2,JP,23.0,Men,50.0,0.0,0.0,49.0,133682.0,266.0,1.22
AGx0BnXsVr,GB,37.0,Men,100.0,75.0,0.0,11.0,10515.0,1.0,1.7300001
v3iA8HUBrd,US,42.0,Men,100.0,75.0,0.0,11.0,33756.0,1.0,1.75
ysywBqAYKS,GB,32.0,Men,100.0,100.0,0.0,39.0,30350.0,1.0,4.63
VxrSkeiLMa,JP,47.0,Women,100.0,25.0,0.0,6.0,6144.0,18.0,1.0000001
ATWp0NHjUh,US,39.0,Men,100.0,0.0,0.0,1.0,33.0,1.0,0.45000002
VJPcSmMa7Y,US,47.0,Men,100.0,50.0,0.0,14.0,16829.0,32.0,5.5
XiYD4QbEUE,US,23.0,Women,100.0,75.0,0.0,18.0,21864.0,1.0,24.45
cgCDVlYP4i,DE,40.0,Women,100.0,100.0,25.0,54.0,94679.0,260.0,7.539999
9lsbYI17CU,DE,39.0,Men,100.0,50.0,0.0,5.0,6803.0,3.0,1.27
JitEX7q8yU,US,39.0,Women,100.0,25.0,0.0,2.0,2512.0,1.0,0.8000001
HIMSdxdQ3k,DE,38.0,Women,100.0,75.0,0.0,6.0,10826.0,1.0,1.34
UUjClelf3a,US,39.0,Men,100.0,0.0,0.0,2.0,4902.0,1.0,0.55
SEDjdCLEu2,JP,41.0,Women,100.0,75.0,0.0,10.0,95708.0,47.0,8.760001
lr0nPhKV83,US,55.0,Men,100.0,0.0,0.0,2.0,2063.0,4.0,0.55
Eg5OdzNVOu,DE,53.0,Men,100.0,25.0,0.0,3.0,2063.0,1.0,0.92
orwoZ80tNc,DE,47.0,Men,100.0,75.0,0.0,9.0,13656.0,8.0,5.24
o8U6thzw5B,US,20.0,Men,100.0,100.0,0.0,9.0,10364.0,2.0,2.4
zz81JZ6cFF,DE,48.0,Women,100.0,100.0,25.0,58.0,106640.0,424.0,3.34
pqUttFTPlb,GB,39.0,Men,100.0,75.0,0.0,3.0,20390.0,29.0,3.9299998
wWOO60d69X,JP,39.0,Women,100.0,25.0,0.0,11.0,16878.0,14.0,1.4000001
mEnoFEvQ1p,US,50.0,Men,100.0,25.0,0.0,2.0,2453.0,1.0,0.8
MXaclfxRAE,DE,39.0,Men,100.0,100.0,0.0,26.0,50466.0,99.0,2.19
RikvXEYJO8,GB,39.0,Women,100.0,25.0,0.0,3.0,1403.0,8.0,0.58
ed5PsLlNGx,GB,36.0,Women,100.0,75.0,0.0,43.0,126537.0,108.0,3.8999994
3CuDxoxYUx,DE,55.0,Men,100.0,75.0,0.0,21.0,55306.0,16.0,5.74
nwWawQUIcj,US,39.0,Men,100.0,25.0,0.0,2.0,2820.0,13.0,0.95000005
VllMEznf89,GB,35.0,Women,100.0,0.0,0.0,2.0,3035.0,1.0,0.42999998
C63IWUKJjZ,DE,18.0,Women,100.0,100.0,12.5,44.0,14319.0,12.0,2.0900002
UlGId8AUHL,US,39.0,Men,100.0,25.0,0.0,2.0,5983.0,1.0,0.8
ochytcIMhq,US,40.0,Women,100.0,25.0,0.0,3.0,10906.0,1.0,0.9000001
o3V9EkLNEF,DE,40.0,Women,100.0,75.0,0.0,8.0,13629.0,28.0,1.34
GUvFx9cYzd,GB,39.0,Men,100.0,75.0,0.0,5.0,9059.0,26.0,1.03
vd6CIBfmYm,GB,62.0,Women,100.0,100.0,75.0,204.0,862427.0,388.0,18.39
2uBSDr8MHt,JP,44.0,Women,100.0,100.0,12.5,73.0,32009.0,40.0,9.900002
8VYbKosuAN,DE,21.0,Women,100.0,100.0,0.0,23.0,15991.0,1.0,1.84
LdcS9zddeP,US,31.0,Women,100.0,75.0,0.0,32.0,22235.0,1.0,6.35
2q6SuQzuEF,US,42.0,Women,100.0,50.0,0.0,19.0,13593.0,16.0,21.699999
aggraoVuqe,DE,47.0,Men,100.0,100.0,50.0,101.0,352103.0,889.0,8.510001
YNUacQuTkc,DE,32.0,Men,100.0,100.0,12.5,42.0,110352.0,2.0,3.189999
UWLKFyvZYp,US,45.0,Men,100.0,50.0,0.0,7.0,5729.0,1.0,5.2000003
xl6paff8aa,US,31.0,Men,100.0,25.0,0.0,2.0,7846.0,1.0,0.90000004
nt12ZolWan,US,29.0,Women,100.0,25.0,0.0,1.0,3476.0,1.0,0.8
EaidY4VneU,GB,20.0,Women,100.0,50.0,0.0,3.0,8142.0,9.0,0.88000005
41B2hdPMyu,US,47.0,Men,100.0,100.0,12.5,45.0,66188.0,9.0,4.999999
yNt3XnhcTk,GB,39.0,Women,100.0,0.0,0.0,2.0,2217.0,4.0,0.42999998
P4h8Hc3pdj,DE,33.0,Women,100.0,100.0,0.0,17.0,10756.0,18.0,1.6400001
wdhPfuhbD0,US,39.0,Women,100.0,25.0,0.0,1.0,3068.0,4.0,0.70000005
FRSnc3BwGG,US,48.0,Women,100.0,100.0,0.0,37.0,37764.0,1.0,2.9999998
pb0nqw692K,US,35.0,Women,100.0,25.0,0.0,5.0,2457.0,1.0,0.8000001
AIxSzRSOLk,US,41.0,Women,100.0,25.0,0.0,1.0,3802.0,1.0,0.79999995
21Md7qy8zu,GB,53.0,Men,100.0,50.0,0.0,1.0,3282.0,1.0,0.7800001
5sRtcmq1ba,US,30.0,Men,100.0,100.0,37.5,124.0,225102.0,1.0,13.250001
tlG4kht4ai,DE,39.0,Men,100.0,75.0,0.0,8.0,3773.0,1.0,1.2400001
KyCLTBRY8T,JP,18.0,Women,100.0,25.0,0.0,43.0,93544.0,1.0,3.899999
EWy5E1pGaS,DE,30.0,Women,100.0,75.0,0.0,7.0,10565.0,16.0,1.4399999
DD1es0GvoI,DE,33.0,Men,100.0,100.0,12.5,57.0,161681.0,1.0,3.5399997
rGEUELygYY,US,39.0,Women,50.0,0.0,0.0,1.0,36.0,1.0,0.25
AivgP6c5jJ,US,46.0,Women,100.0,25.0,0.0,6.0,3685.0,1.0,4.7999997
cIyXREa4Yd,JP,39.0,Women,100.0,100.0,62.5,92.0,59765.0,1110.0,28.750008
LKtv45kj80,US,39.0,Men,100.0,25.0,0.0,4.0,4379.0,11.0,0.8
LOvpK2pUd0,DE,30.0,Men,100.0,100.0,25.0,139.0,354912.0,10.0,14.190001
mlk29yw7vo,DE,42.0,Men,100.0,100.0,0.0,3.0,10259.0,7.0,1.34
IcMA5DuQOQ,GB,39.0,Men,100.0,50.0,0.0,14.0,20303.0,3.0,1.1800001
nXfVA2u3Xn,DE,25.0,Women,100.0,100.0,0.0,22.0,27953.0,1.0,2.14
Hd91U4Ant0,GB,31.0,Women,100.0,100.0,37.5,134.0,88385.0,429.0,24.230001
GpDOjA9Ch3,GB,43.0,Women,100.0,75.0,0.0,9.0,13577.0,1.0,1.3300002
tPBmfyUzmN,GB,58.0,Men,100.0,75.0,0.0,16.0,22648.0,29.0,1.33
OhKd3oIE96,JP,39.0,Men,100.0,25.0,0.0,17.0,22670.0,5.0,1.8000002
cy2INrbgRM,DE,38.0,Men,100.0,100.0,0.0,14.0,71267.0,1.0,1.74
oeGHdsKDWS,DE,39.0,Women,100.0,75.0,0.0,33.0,13277.0,11.0,1.7400001
URmrWL3EAF,US,39.0,Women,100.0,25.0,0.0,5.0,9180.0,1.0,0.90000004
etfAqswOI5,DE,41.0,Women,100.0,100.0,0.0,14.0,28925.0,3.0,1.9400002
t9ptbUswyw,US,39.0,Men,100.0,0.0,0.0,1.0,62.0,1.0,0.45000002
QUxhhK1Fk1,US,37.0,Men,100.0,75.0,0.0,70.0,67246.0,18.0,8.05
MMUtnYrBeq,US,39.0,Women,100.0,50.0,0.0,15.0,30883.0,1.0,5.2999997
YmhGkizggO,DE,29.0,Men,100.0,100.0,12.5,54.0,151699.0,149.0,2.8400002
WojStQvfkc,DE,35.0,Women,100.0,100.0,37.5,8.0,8929.0,67.0,2.9
h0Z3QGeNn9,GB,41.0,Men,100.0,100.0,62.5,196.0,262766.0,41.0,12.930011
P6AxqDizra,US,23.0,Men,100.0,100.0,12.5,42.0,46548.0,65.0,8.8
xUpsjVcZS6,GB,58.0,Men,100.0,100.0,12.5,11.0,26544.0,16.0,16.23
ttsuAQAkC5,US,34.0,Women,100.0,50.0,0.0,4.0,15392.0,1.0,1.3000001
GL2D8rzHOF,DE,45.0,Men,100.0,100.0,12.5,30.0,76059.0,126.0,8.639998
GoqmNknU0M,GB,37.0,Men,100.0,75.0,0.0,7.0,10557.0,32.0,1.7300001
tFHFyf4MLP,GB,39.0,Men,100.0,75.0,0.0,2.0,4510.0,9.0,0.88000005
p0LMon68Hp,GB,39.0,Women,100.0,100.0,0.0,12.0,107618.0,35.0,2.03
EYgCOCzyWr,DE,50.0,Women,100.0,100.0,37.5,86.0,115409.0,344.0,24.400007
KXNyCy13Km,GB,39.0,Men,100.0,100.0,25.0,69.0,39103.0,1.0,10.930004
yo2vW8zgFs,GB,31.0,Men,50.0,0.0,0.0,13.0,3681.0,1.0,0.45
syXX2hpfkW,DE,43.0,Women,100.0,100.0,25.0,78.0,42918.0,22.0,3.2899992
6uNOJhC23s,US,39.0,Women,100.0,100.0,37.5,105.0,103912.0,8.0,29.850004
FWghPjqHmg,GB,40.0,Men,100.0,50.0,0.0,3.0,1008.0,1.0,0.58000004
DMr9PpyVkg,DE,74.0,Women,100.0,100.0,12.5,101.0,295226.0,484.0,27.34001
hVhTBnxhIG,US,39.0,Women,100.0,25.0,0.0,2.0,1337.0,1.0,0.6
xtMMkUd8yU,US,60.0,Women,100.0,25.0,0.0,8.0,6680.0,9.0,0.9000001
B4Ym1d4M33,GB,35.0,Women,100.0,75.0,0.0,14.0,35712.0,14.0,1.6300001
yLWqqR5RoG,GB,39.0,Women,100.0,100.0,0.0,24.0,60424.0,120.0,3.2299993
iV7EoMUpaC,DE,35.0,Women,100.0,50.0,0.0,12.0,10745.0,7.0,1.27
DpEXE5VOJv,GB,36.0,Women,100.0,50.0,0.0,4.0,12937.0,1.0,0.98
Meh9mJZy0C,GB,43.0,Women,50.0,0.0,0.0,1.0,620.0,1.0,0.1
MaslLN4Tdj,JP,38.0,Women,100.0,75.0,0.0,32.0,11540.0,49.0,2.2599998
mNNe6MCp4R,US,63.0,Men,100.0,25.0,0.0,8.0,19962.0,1.0,1.1000001
yvSviBc1kw,US,44.0,Men,100.0,50.0,0.0,15.0,5904.0,13.0,1.1
wRtkIJ7XRQ,GB,32.0,Women,100.0,0.0,0.0,5.0,2278.0,2.0,0.42999998
ofvQUnwwcI,US,39.0,Women,100.0,25.0,0.0,7.0,9806.0,1.0,0.8000001
D6VqHE4HwJ,US,28.0,Men,100.0,75.0,0.0,11.0,19138.0,1.0,2.4499998
aWZ9MWrhrU,DE,24.0,Women,50.0,0.0,0.0,1.0,8.0,4.0,0.6
GEbb2rxyNB,US,30.0,Men,100.0,50.0,0.0,22.0,19973.0,1.0,1.3000002
LY61qhojP9,DE,42.0,Women,100.0,50.0,0.0,4.0,6057.0,1.0,1.07
cePX58UxwD,DE,33.0,Women,100.0,100.0,37.5,136.0,163311.0,78.0,8.199999
g3Hukp0vNl,GB,40.0,Women,100.0,100.0,50.0,99.0,117688.0,50.0,9.330001
J5vYysJGuL,US,48.0,Men,100.0,25.0,0.0,5.0,10787.0,1.0,0.90000004
CJmBmybTaW,GB,38.0,Women,100.0,50.0,0.0,1.0,1.0,1.0,0.68000007
nCMgdo8WWe,DE,40.0,Women,100.0,25.0,0.0,55.0,34867.0,6.0,30.950005
OyEj3Q9TBK,DE,21.0,Women,100.0,75.0,0.0,2.0,355.0,10.0,5.14
3D0vKdrD2f,GB,39.0,Men,100.0,75.0,0.0,50.0,27168.0,22.0,1.3300002
Vv5IGb8n9F,US,47.0,Women,100.0,25.0,0.0,5.0,5063.0,18.0,1.9
krumvpMNxT,JP,44.0,Men,100.0,25.0,0.0,66.0,85162.0,1.0,1.7000003
cHWqmVFUtj,DE,39.0,Men,100.0,75.0,0.0,16.0,14376.0,5.0,1.44
YTWScrZmo5,GB,39.0,Women,100.0,50.0,0.0,6.0,14136.0,2.0,0.88000005
uxinFqZ95B,US,29.0,Men,100.0,25.0,0.0,6.0,5291.0,2.0,0.9
0hJGS9TL9f,DE,25.0,Men,100.0,50.0,0.0,4.0,10301.0,1.0,1.1700001
odJO8udcZY,GB,49.0,Women,100.0,50.0,0.0,9.0,62406.0,72.0,6.2
reb22i0l8o,DE,39.0,Women,100.0,75.0,0.0,14.0,15732.0,1.0,1.59
7ut9Qyu0Um,DE,39.0,Women,100.0,0.0,0.0,4.0,3449.0,8.0,0.32
jlnPLAKnpD,US,45.0,Men,100.0,50.0,0.0,28.0,39065.0,49.0,3.3999994
ehAM8AvwkS,DE,39.0,Men,100.0,25.0,0.0,8.0,6267.0,1.0,0.74
9uHmsbOyoK,DE,39.0,Women,100.0,100.0,0.0,28.0,44690.0,29.0,22.390003
Hj6m7ruiWd,GB,39.0,Women,100.0,100.0,25.0,41.0,49592.0,139.0,3.3799999
F4xve9gKG3,US,31.0,Women,100.0,50.0,0.0,5.0,9147.0,12.0,11.3
YiDooDAWjK,GB,45.0,Women,100.0,100.0,37.5,119.0,133094.0,134.0,6.6299987
RQ3V0Fy6gJ,DE,39.0,Women,100.0,25.0,0.0,5.0,4473.0,10.0,0.92
TqU3deaiN2,US,39.0,Men,100.0,25.0,0.0,3.0,3644.0,1.0,4.7
NwBk45k1hO,DE,42.0,Men,100.0,100.0,75.0,202.0,503355.0,679.0,19.65001
pz1o2G9DzM,GB,36.0,Women,100.0,75.0,0.0,5.0,8276.0,27.0,1.13
n6JDK5i6CA,GB,59.0,Men,100.0,75.0,0.0,5.0,10866.0,14.0,17.122
AfWa0TQhEi,US,35.0,Women,100.0,25.0,0.0,2.0,4314.0,1.0,0.8
Fo9KFzD3hf,US,29.0,Men,100.0,50.0,0.0,17.0,31055.0,1.0,1.2
LkzeeRiffU,GB,38.0,Men,100.0,25.0,0.0,7.0,4479.0,3.0,0.58
O3B1DDPglL,GB,39.0,Women,100.0,75.0,0.0,9.0,8645.0,81.0,1.83
u7gYhkWWwH,GB,36.0,Women,100.0,100.0,12.5,44.0,89442.0,145.0,2.8299994
dsBSc6ych4,DE,55.0,Men,100.0,100.0,37.5,61.0,169191.0,209.0,5.899998
c4ZZlcQT3J,US,37.0,Men,100.0,25.0,0.0,3.0,2311.0,6.0,0.8000001
0rlmcoHgJW,GB,28.0,Women,50.0,0.0,0.0,3.0,5046.0,1.0,0.3
4F1sRArX9g,GB,39.0,Men,100.0,25.0,0.0,18.0,28849.0,14.0,1.3000002
oJysiikLwL,GB,39.0,Women,100.0,25.0,0.0,88.0,104858.0,281.0,4.749999
dPrVZLKWcu,GB,36.0,Women,100.0,75.0,0.0,23.0,27753.0,101.0,1.9300001
l1kz9R63fO,US,49.0,Men,100.0,0.0,0.0,1.0,676.0,1.0,0.45000002
q5kUewkRml,US,23.0,Women,100.0,25.0,0.0,2.0,3273.0,1.0,0.8000001
ErB5eqm37i,US,39.0,Men,100.0,25.0,0.0,2.0,2738.0,1.0,0.70000005
srTqqAeiDN,GB,39.0,Women,100.0,100.0,0.0,23.0,52737.0,116.0,5.1299996
eEzKxbpkGq,DE,39.0,Women,100.0,50.0,0.0,7.0,4899.0,1.0,0.97
dlGmEqBWIj,DE,44.0,Women,100.0,100.0,0.0,18.0,42290.0,28.0,2.29
alFDPLQs1x,DE,35.0,Women,50.0,0.0,0.0,6.0,8205.0,1.0,0.47
EzfAp4Eheq,US,39.0,Men,100.0,75.0,0.0,25.0,36399.0,25.0,12.150001
CTcxQje9yo,DE,39.0,Men,100.0,100.0,0.0,30.0,39118.0,1.0,6.0899997
krRTAzRQZy,DE,46.0,Men,100.0,50.0,0.0,12.0,7451.0,1.0,1.29
CAXYwjzoRV,US,45.0,Men,100.0,25.0,0.0,42.0,22760.0,1.0,5.5
46giDlCfrA,GB,26.0,Women,100.0,0.0,0.0,5.0,2335.0,4.0,0.42999998
gd06bTrVoZ,DE,41.0,Women,100.0,25.0,0.0,5.0,2701.0,7.0,0.92
0WlC0YBd22,JP,42.0,Women,100.0,75.0,0.0,150.0,238865.0,1020.0,8.089998
gpvgwFhI5C,GB,54.0,Men,100.0,50.0,0.0,84.0,158309.0,762.0,10.900003
zdrXCpZnD2,DE,39.0,Women,100.0,25.0,0.0,6.0,5497.0,1.0,0.91999996
bW3TetVUrT,US,42.0,Women,100.0,25.0,0.0,1.0,4782.0,1.0,0.8000001
uRizJks3Ci,GB,39.0,Women,100.0,50.0,0.0,7.0,6208.0,1.0,3.6799998
RPTVd5NPK8,GB,30.0,Men,100.0,25.0,0.0,2.0,3391.0,6.0,0.58000004
Nzc4lDf3YY,US,36.0,Men,50.0,0.0,0.0,25.0,84279.0,41.0,2.55
ST1TBGYIWG,US,44.0,Women,100.0,100.0,25.0,99.0,171259.0,348.0,27.450005
yYqfnXpMDx,US,47.0,Women,100.0,25.0,0.0,5.0,4990.0,3.0,0.8
MdjQo3St2c,DE,39.0,Men,100.0,50.0,0.0,44.0,62040.0,63.0,2.82
e89MduVLjQ,DE,40.0,Women,100.0,100.0,37.5,102.0,362389.0,105.0,3.3500001
R52uSr5ce6,GB,65.0,Women,100.0,100.0,0.0,24.0,44793.0,1.0,5.8299994
T4i693xiSw,US,39.0,Men,100.0,25.0,0.0,1.0,4105.0,1.0,0.8000001
ltctxfInrK,GB,40.0,Men,100.0,75.0,0.0,1.0,4147.0,2.0,0.88000005
1GcLUZ7drh,DE,39.0,Men,100.0,100.0,0.0,3.0,3379.0,48.0,1.59
V9T1uUsrX1,US,37.0,Women,100.0,25.0,0.0,2.0,2513.0,2.0,0.8
RXUbTEGvj1,GB,44.0,Women,100.0,100.0,25.0,61.0,125039.0,88.0,37.379997
j6BOPw7sTy,US,59.0,Women,100.0,75.0,0.0,36.0,54310.0,14.0,3.55
lPVC3E81AI,GB,39.0,Men,100.0,50.0,0.0,2.0,3386.0,1.0,0.78
20AJUxUeuZ,JP,46.0,Women,100.0,75.0,0.0,32.0,22874.0,142.0,2.4599998
RW6dqFueHR,US,39.0,Men,100.0,0.0,0.0,1.0,2160.0,1.0,0.55
bP7FMn9qxy,US,39.0,Women,100.0,25.0,0.0,1.0,458.0,1.0,0.70000005
BV3ue2oEXz,DE,47.0,Women,50.0,0.0,0.0,3.0,2621.0,1.0,0.35
qeKZVvxWjU,GB,39.0,Women,100.0,50.0,0.0,4.0,7360.0,1.0,0.98
5higut0m5P,US,39.0,Women,100.0,25.0,0.0,3.0,2962.0,1.0,0.8000001
DyED4fOzsr,GB,39.0,Women,100.0,75.0,0.0,8.0,23037.0,31.0,1.6300001
Mcu4UCxdAB,US,39.0,Men,100.0,50.0,0.0,7.0,36343.0,1.0,7.0599995
8ieIzWzoNq,US,46.0,Women,100.0,0.0,0.0,2.0,898.0,1.0,0.45000002
eEclYrcJmz,US,34.0,Men,100.0,0.0,0.0,12.0,55077.0,1.0,5.95
R5yJmP2Ujg,DE,40.0,Men,100.0,100.0,12.5,48.0,52736.0,13.0,3.0899997
YDN95uW7JO,DE,47.0,Men,100.0,50.0,0.0,19.0,30117.0,38.0,1.4200001
p3MAfxexw5,US,45.0,Men,100.0,100.0,0.0,25.0,40359.0,12.0,4.1999993
M5eLyrnj2R,US,57.0,Men,50.0,0.0,0.0,1.0,1599.0,1.0,0.35000002
Tvas2w1bgV,US,54.0,Women,100.0,25.0,0.0,8.0,21261.0,1.0,1.0
dS6S2GvECs,DE,39.0,Women,100.0,50.0,0.0,3.0,334.0,3.0,0.97
AnnDxJVY4f,DE,25.0,Women,100.0,50.0,0.0,5.0,3678.0,1.0,1.07
oV6O61IgRP,DE,39.0,Men,100.0,75.0,0.0,8.0,6138.0,1.0,1.34
S2DIDgaA0K,DE,51.0,Women,100.0,75.0,0.0,13.0,13195.0,25.0,1.44
PbZSHgasOJ,GB,54.0,Women,100.0,25.0,0.0,6.0,2936.0,1.0,0.58000004
WNAcsjYcDv,DE,36.0,Women,100.0,25.0,0.0,3.0,748.0,1.0,0.82000005
xWrCbS2h0X,US,48.0,Men,100.0,25.0,0.0,3.0,2437.0,1.0,0.8
j0CTuUmKay,US,18.0,Men,100.0,75.0,0.0,13.0,13172.0,1.0,1.65
OirnAyibR6,US,50.0,Men,100.0,100.0,0.0,68.0,174761.0,220.0,5.2999988
JEt5FBqY71,US,37.0,Women,100.0,100.0,25.0,44.0,36878.0,121.0,9.549999
6htEaFKXb8,DE,53.0,Women,100.0,0.0,0.0,122.0,369845.0,536.0,21.360006
5Q2NrmMeg3,DE,44.0,Women,100.0,50.0,0.0,10.0,5301.0,8.0,1.0699999
QiZbp1CJEC,US,18.0,Women,100.0,0.0,0.0,1.0,81.0,1.0,0.45000002
qi6p5xOYxg,US,53.0,Women,100.0,50.0,0.0,4.0,8029.0,1.0,1.2
Q1kenPYzRH,GB,41.0,Women,100.0,100.0,25.0,39.0,66838.0,88.0,11.080002
4v65Abclin,US,51.0,Men,100.0,25.0,0.0,3.0,5126.0,1.0,0.9000001
O2F4tcgxnq,DE,35.0,Men,100.0,100.0,37.5,78.0,91313.0,1.0,7.999999
JpIDW79vpt,DE,58.0,Men,100.0,100.0,25.0,70.0,72486.0,52.0,8.139999
2KMwshXiXZ,US,41.0,Men,100.0,25.0,0.0,9.0,16900.0,2.0,0.90000004
fDFzkuEuDt,US,48.0,Men,100.0,25.0,0.0,5.0,3979.0,6.0,0.8
3yIe0mFiby,DE,37.0,Women,50.0,0.0,0.0,2.0,2426.0,3.0,0.3
YSs0pFIeSg,JP,25.0,Women,100.0,25.0,0.0,1.0,1970.0,1.0,0.8000001
SVQpOS9DIK,DE,39.0,Women,100.0,100.0,0.0,31.0,40411.0,7.0,2.0400002
lnElBGxJdv,DE,38.0,Men,100.0,100.0,37.5,139.0,363714.0,315.0,16.800009
5yKvx7PzZb,DE,23.0,Women,100.0,100.0,37.5,95.0,56584.0,5.0,3.9499998
2mDIQ9Cb9F,US,67.0,Men,100.0,100.0,62.5,360.0,553530.0,592.0,45.14997
TluJcGtTWd,DE,39.0,Women,100.0,50.0,0.0,4.0,4085.0,5.0,1.0699999
S1HVO7x6eo,DE,41.0,Men,100.0,25.0,0.0,30.0,57371.0,62.0,1.57
qviDOe3P5u,US,35.0,Women,100.0,25.0,0.0,2.0,8559.0,1.0,0.90000004
3rXefWPlSs,GB,39.0,Women,100.0,100.0,0.0,28.0,47655.0,101.0,5.53
eqaUHWTHbd,GB,29.0,Women,100.0,100.0,12.5,63.0,53953.0,48.0,3.33
Dw4izsiuvC,GB,45.0,Men,100.0,50.0,0.0,3.0,1214.0,1.0,0.78000003
xpEeMHep5Q,US,48.0,Women,100.0,25.0,0.0,9.0,15257.0,1.0,0.9000001
rneGgF8fuh,US,39.0,Women,100.0,50.0,0.0,7.0,5543.0,1.0,1.2
5uN8L193bA,US,59.0,Women,100.0,25.0,0.0,1.0,1123.0,1.0,0.70000005
3MrHSiYY0r,US,50.0,Men,100.0,100.0,12.5,73.0,164135.0,1.0,11.200002
pXyAnUruXS,DE,39.0,Men,100.0,100.0,50.0,82.0,136567.0,192.0,8.009997
qY7ynUD7b3,GB,53.0,Men,100.0,50.0,0.0,1.0,1597.0,1.0,0.7800001
b6NHXHCLXz,JP,39.0,Women,100.0,25.0,0.0,17.0,17890.0,2.0,1.5700002
JMrpGtyGhP,GB,41.0,Men,100.0,75.0,0.0,5.0,10117.0,19.0,1.2300001
4WzujjpL06,JP,39.0,Men,100.0,25.0,0.0,3.0,3669.0,1.0,0.8
2jeFgTJbiL,DE,42.0,Men,100.0,0.0,0.0,1.0,846.0,1.0,0.70000005
ubqCkHfVkK,GB,27.0,Women,50.0,0.0,0.0,1.0,1539.0,1.0,0.3
cmSsdocXAR,GB,39.0,Women,100.0,0.0,0.0,2.0,1893.0,1.0,0.32999998
NRNgpWHZFG,US,54.0,Women,100.0,0.0,0.0,1.0,458.0,1.0,0.45000002
reNlyEf75c,US,31.0,Women,100.0,100.0,0.0,14.0,19576.0,179.0,3.5
xCI45dnbOX,DE,39.0,Women,100.0,50.0,0.0,4.0,8133.0,55.0,1.07
ZOOhw8wwiK,US,51.0,Women,100.0,0.0,0.0,4.0,2594.0,1.0,0.65
V0KbPTKJbW,US,38.0,Men,100.0,100.0,0.0,31.0,78027.0,47.0,24.6
raXxzKk6Qk,US,28.0,Women,100.0,50.0,0.0,13.0,8151.0,34.0,22.2
1Y2XEJZJlH,US,22.0,Women,50.0,0.0,0.0,4.0,2692.0,1.0,0.5
j7kOFfrFDz,GB,39.0,Men,100.0,50.0,0.0,4.0,8299.0,9.0,0.78000003
WJBAsDvuYf,GB,39.0,Women,100.0,25.0,0.0,19.0,16077.0,16.0,1.65
t4F4hz6LzF,DE,45.0,Women,100.0,100.0,25.0,69.0,105975.0,204.0,4.0399995
iQWGNMqGhB,US,29.0,Men,100.0,25.0,0.0,6.0,15270.0,1.0,4.9999995
ARITAW91cr,DE,39.0,Women,100.0,100.0,12.5,51.0,142759.0,163.0,3.7399988
q7D2e1bPAl,DE,39.0,Men,100.0,50.0,0.0,2.0,14.0,2.0,0.97
B7WU6Ynuex,DE,40.0,Men,100.0,75.0,0.0,91.0,98227.0,611.0,2.9699993
92GEgIMdHe,US,36.0,Women,100.0,100.0,0.0,15.0,10927.0,1.0,3.0
rMxWnUFzD6,JP,41.0,Men,100.0,25.0,0.0,9.0,16473.0,11.0,1.0
qIGh22eRiv,DE,30.0,Men,100.0,50.0,0.0,2.0,4332.0,1.0,11.07
L874uw76zl,GB,57.0,Men,100.0,50.0,0.0,51.0,90317.0,328.0,3.7999995
gE8vKqmEMr,JP,39.0,Men,100.0,50.0,0.0,20.0,18589.0,32.0,2.3
ZGTdcaogyq,US,39.0,Women,100.0,100.0,75.0,197.0,733267.0,1.0,43.849987
oizcIKwpIL,US,21.0,Men,100.0,75.0,0.0,9.0,13777.0,1.0,1.7500001
5yxa4Da5gG,GB,46.0,Women,100.0,100.0,50.0,295.0,242242.0,470.0,7.8299985
47Ezak2Yno,US,45.0,Women,100.0,75.0,0.0,16.0,10778.0,1.0,6.7499995
LD8xUMJ99E,US,67.0,Men,100.0,100.0,0.0,65.0,183073.0,1.0,8.599998
3PTT6IuLHk,DE,39.0,Women,100.0,100.0,0.0,20.0,31376.0,131.0,5.99
sYoiplA3Zs,US,36.0,Men,100.0,0.0,0.0,3.0,2644.0,1.0,4.5499997
8zxH4D6rga,GB,40.0,Men,100.0,75.0,0.0,8.0,14123.0,4.0,1.33
JABcm6CjC3,US,39.0,Women,100.0,0.0,0.0,2.0,2160.0,1.0,0.55
Hip1ZneHAP,DE,39.0,Men,100.0,100.0,25.0,58.0,282797.0,11.0,3.3899996
yaf8bFNjKZ,US,39.0,Women,100.0,50.0,0.0,7.0,24858.0,1.0,2.1
pPKiKvaBp3,DE,39.0,Men,100.0,50.0,0.0,3.0,4937.0,10.0,1.1700001
3UMUd8mKa1,US,34.0,Women,100.0,25.0,0.0,2.0,181.0,1.0,0.70000005
poKU4sYqKJ,DE,39.0,Men,100.0,100.0,25.0,220.0,341332.0,234.0,8.069997
JSPOoBZG1Q,DE,33.0,Men,100.0,75.0,0.0,22.0,36994.0,96.0,1.79
m8jw2zYXHv,US,38.0,Men,100.0,0.0,0.0,2.0,367.0,1.0,0.45000002
5o6L4ONIkV,DE,40.0,Women,100.0,25.0,0.0,1.0,1688.0,1.0,0.9200001
oxPLQBOKQD,DE,46.0,Women,100.0,75.0,0.0,13.0,5265.0,1.0,5.44
e0B2H3G9Mv,GB,49.0,Women,100.0,100.0,12.5,66.0,55425.0,20.0,3.5299997
w4gOSHuIEb,GB,39.0,Women,50.0,0.0,0.0,1.0,1093.0,1.0,0.1
xlNQmi0s90,US,38.0,Women,100.0,25.0,0.0,6.0,2431.0,1.0,0.8
a3bKYjbqyG,DE,39.0,Men,50.0,0.0,0.0,1.0,1374.0,1.0,0.7
0OR4I8VuE7,US,39.0,Women,100.0,100.0,25.0,145.0,366559.0,678.0,20.800005
sIHLtZMD3e,DE,39.0,Women,100.0,50.0,0.0,4.0,3500.0,13.0,1.0699999
OKmOazSOSd,US,39.0,Men,100.0,25.0,0.0,2.0,1140.0,1.0,0.6
GbkqjW0vBk,US,39.0,Women,100.0,0.0,0.0,5.0,2558.0,1.0,0.45000002
l7vbcblKZL,US,39.0,Men,100.0,25.0,0.0,3.0,1774.0,1.0,0.8
IasypOGHOh,US,22.0,Women,100.0,50.0,0.0,34.0,14936.0,1.0,5.6
TXOpA7OZiE,GB,39.0,Women,50.0,0.0,0.0,1.0,439.0,1.0,0.25
BHhe1QvWED,DE,29.0,Women,100.0,100.0,50.0,165.0,178093.0,62.0,9.210001
k4wt4wp5Du,US,57.0,Men,100.0,0.0,0.0,1.0,1895.0,1.0,0.55
kGOQflBEuf,US,48.0,Women,100.0,50.0,0.0,13.0,12029.0,33.0,2.4
nurynNcRvJ,DE,41.0,Women,100.0,75.0,0.0,8.0,7295.0,6.0,5.24
6VPPEIxK17,GB,39.0,Women,100.0,100.0,12.5,27.0,84962.0,328.0,3.4299998
CCqgIzRYSO,US,26.0,Men,100.0,0.0,0.0,5.0,2622.0,1.0,0.55
9hU115A6Pl,US,48.0,Women,100.0,0.0,0.0,1.0,1314.0,1.0,0.55
cU933wsDk4,DE,23.0,Men,100.0,50.0,0.0,6.0,2460.0,1.0,1.07
TjekCmKnwD,US,39.0,Men,100.0,25.0,0.0,3.0,2238.0,1.0,0.8000001
NrXJdI2yjL,US,56.0,Men,100.0,100.0,75.0,191.0,676154.0,1117.0,119.74994
DtA93cjGCJ,DE,34.0,Men,100.0,50.0,0.0,5.0,1419.0,1.0,0.97
qOU9BcYSoc,GB,30.0,Women,100.0,50.0,0.0,2.0,5612.0,2.0,0.88
KNvW9IpSgM,DE,39.0,Women,100.0,75.0,0.0,4.0,11219.0,1.0,1.24
Pxf3S1AQdV,GB,74.0,Women,100.0,50.0,0.0,3.0,5073.0,5.0,17.68
QCWSMHRLRi,DE,55.0,Women,100.0,100.0,0.0,12.0,38106.0,33.0,2.0900002
OHt3Hr4D1V,US,44.0,Women,100.0,0.0,0.0,2.0,1420.0,5.0,0.55
sHCZIHtSxs,US,32.0,Men,50.0,0.0,0.0,17.0,48799.0,1.0,0.65000004
YS5e4eyeiO,DE,36.0,Men,100.0,75.0,0.0,15.0,17406.0,28.0,1.5400001
OFHaWf3HHi,GB,47.0,Men,100.0,25.0,0.0,2.0,1302.0,1.0,0.58
m7HvWwaEOA,GB,48.0,Men,100.0,100.0,0.0,27.0,9997.0,4.0,1.4300001
KJMsg1Kyoe,US,59.0,Men,100.0,100.0,37.5,125.0,60609.0,28.0,9.849999
OtdCVUZy1y,DE,28.0,Men,100.0,25.0,0.0,35.0,48445.0,1.0,2.1200001
HswGn7zCqY,US,29.0,Women,100.0,50.0,0.0,8.0,3391.0,1.0,1.6
yM4rize5NE,DE,45.0,Men,100.0,100.0,50.0,200.0,321086.0,231.0,17.210007
yFruM0X3fO,GB,30.0,Men,100.0,75.0,0.0,27.0,29611.0,12.0,16.03
tA8ZzbuNwI,GB,43.0,Men,100.0,100.0,50.0,107.0,401748.0,404.0,6.529998
gnBKMoZwrR,GB,39.0,Men,100.0,50.0,0.0,3.0,3781.0,4.0,0.78000003
p9UyHTPBhK,GB,47.0,Men,100.0,100.0,75.0,181.0,265023.0,526.0,11.330002
F36a6HRboS,DE,39.0,Women,100.0,25.0,0.0,6.0,3528.0,22.0,0.9200001
OwRu3721IN,DE,39.0,Women,100.0,50.0,0.0,5.0,3654.0,2.0,1.07
x6xu8GzpQp,US,30.0,Women,100.0,25.0,0.0,5.0,5156.0,1.0,0.8000001
R3lYfWmXAj,JP,39.0,Women,100.0,75.0,0.0,24.0,36578.0,56.0,4.36
GqtnBvo3P3,GB,40.0,Women,100.0,50.0,0.0,7.0,12655.0,3.0,8.08
2x70va0UGV,GB,59.0,Men,100.0,0.0,0.0,1.0,1218.0,1.0,0.42999998
3WpfaokEa3,US,33.0,Men,100.0,25.0,0.0,14.0,11291.0,1.0,5.2
knMyzQ0ZxT,DE,41.0,Women,100.0,75.0,0.0,4.0,5740.0,1.0,1.24
JbbSvwfecv,US,57.0,Men,100.0,100.0,12.5,33.0,125665.0,6.0,15.200002
xWxlrQnAFC,DE,25.0,Men,100.0,75.0,0.0,5.0,6479.0,1.0,1.44
gFWdeaG7Xf,DE,33.0,Men,100.0,75.0,0.0,14.0,19621.0,42.0,1.9900001
PGLlRBfa7G,DE,44.0,Women,100.0,100.0,0.0,25.0,73591.0,42.0,1.59
6KHlngomjr,DE,41.0,Men,100.0,100.0,25.0,77.0,76550.0,48.0,3.9399996
58d1jZpPbj,GB,39.0,Women,100.0,100.0,12.5,68.0,45778.0,2.0,3.8299994
7sbgSp08aW,GB,45.0,Women,100.0,75.0,0.0,47.0,22657.0,11.0,5.082
Se8CRuSCt4,US,67.0,Men,100.0,75.0,0.0,12.0,21385.0,44.0,3.0499997
loPrU4Rn2V,DE,39.0,Men,100.0,100.0,0.0,21.0,19144.0,12.0,1.7400002
FR02Poq4Ip,GB,39.0,Men,100.0,0.0,0.0,2.0,890.0,1.0,0.32999998
ZMiRCqCuRO,DE,29.0,Men,100.0,75.0,0.0,45.0,38895.0,7.0,1.4399999
osuzFFRYVQ,GB,45.0,Men,100.0,100.0,62.5,4.0,5991.0,801.0,6.13
Td1rlwTO9n,GB,53.0,Women,100.0,50.0,0.0,69.0,160139.0,301.0,3.1999996
ubTxw5r74v,DE,39.0,Women,100.0,75.0,0.0,12.0,48104.0,86.0,1.7900001
fA5mInVThT,US,39.0,Women,100.0,25.0,0.0,4.0,11028.0,25.0,1.9
0sZJ2wWn9l,GB,39.0,Women,100.0,100.0,50.0,161.0,106400.0,52.0,6.4299994
afr7jvbkF0,US,39.0,Women,50.0,0.0,0.0,2.0,467.0,5.0,0.25
MmRzWvLjr0,GB,39.0,Men,100.0,75.0,0.0,11.0,19923.0,139.0,1.03
1ct8xbb7Mr,US,18.0,Women,100.0,25.0,0.0,10.0,2956.0,7.0,0.9
bfo7XhpIpv,GB,26.0,Women,100.0,100.0,0.0,18.0,5967.0,1.0,1.4300001
7KNpGRHNPY,DE,48.0,Women,100.0,50.0,0.0,8.0,7777.0,18.0,1.1700001
1L4da9OI5v,US,35.0,Men,100.0,25.0,0.0,5.0,3922.0,1.0,0.90000004
Lw8NBYVbHX,GB,30.0,Men,100.0,100.0,37.5,127.0,66225.0,113.0,11.102001
b5rwprkH8R,DE,25.0,Women,100.0,75.0,0.0,15.0,11306.0,9.0,11.54
3ynHTykg1f,DE,39.0,Women,100.0,75.0,0.0,3.0,2598.0,6.0,1.07
x3uuE04fTE,DE,39.0,Men,100.0,25.0,0.0,1.0,1292.0,1.0,0.9200001
zvd1W92EWE,GB,47.0,Women,100.0,100.0,50.0,141.0,259542.0,410.0,11.430002
PB1r2kLKc4,GB,42.0,Men,50.0,0.0,0.0,28.0,57108.0,1.0,15.650001
eqUDBCtRP3,US,43.0,Men,100.0,25.0,0.0,9.0,16248.0,6.0,5.6
8SzS5dv57I,US,39.0,Men,100.0,75.0,0.0,11.0,28806.0,1.0,6.5499997
GVZ6ywCabT,GB,49.0,Men,100.0,50.0,0.0,7.0,9709.0,1.0,0.78000003
Ez9ks8Fodd,JP,40.0,Women,100.0,100.0,50.0,61.0,22682.0,15.0,17.0
tvU9HVG4rQ,GB,36.0,Men,100.0,100.0,25.0,41.0,149966.0,219.0,3.9799998
PyHDt2BRAk,DE,39.0,Men,50.0,0.0,0.0,1.0,166.0,5.0,0.6
o8pAEGF4eF,DE,39.0,Women,100.0,75.0,0.0,24.0,36544.0,6.0,2.0400002
oLrIr3hmnA,GB,36.0,Men,100.0,75.0,0.0,9.0,12800.0,1.0,3.83
pj02v9itT2,GB,53.0,Men,100.0,75.0,0.0,2.0,8247.0,5.0,1.03
c4i68CYBoB,DE,34.0,Men,100.0,75.0,0.0,15.0,20950.0,2.0,1.74
LtkTbRcnL2,GB,47.0,Women,100.0,100.0,62.5,332.0,454325.0,243.0,9.630001
HfUvYblRMJ,GB,54.0,Men,100.0,75.0,0.0,19.0,32532.0,1.0,1.9300001
2qupa2EJr7,DE,36.0,Men,100.0,75.0,0.0,11.0,12725.0,48.0,1.79
LixsfCGVDG,US,39.0,Men,100.0,75.0,0.0,10.0,21199.0,1.0,6.549999
jxNWxmNwLp,US,39.0,Women,100.0,50.0,0.0,8.0,10883.0,3.0,5.5499997
UlSbKDpVKg,US,39.0,Men,100.0,0.0,0.0,1.0,1433.0,1.0,0.55
GklOCWSODK,GB,44.0,Men,100.0,100.0,12.5,60.0,79099.0,93.0,3.1299999
Sf429BEmBP,GB,51.0,Men,100.0,100.0,37.5,126.0,206692.0,56.0,20.63001
qPQTC6mJFB,DE,42.0,Women,50.0,0.0,0.0,48.0,69705.0,112.0,3.6799994
jIOgKB14mJ,DE,58.0,Men,100.0,75.0,0.0,12.0,52950.0,80.0,2.09
TQOZKkASUC,GB,30.0,Men,100.0,50.0,0.0,8.0,10038.0,1.0,0.8800001
z99Fwh2E5X,GB,41.0,Men,100.0,75.0,0.0,12.0,28113.0,4.0,1.33
YyRhCWAoGv,US,40.0,Women,100.0,75.0,0.0,18.0,22838.0,5.0,6.55
dEQZyA6BnP,US,41.0,Women,100.0,100.0,12.5,90.0,60620.0,317.0,33.800003
iQDy8AAZDy,US,56.0,Women,100.0,25.0,0.0,5.0,8643.0,1.0,1.0
cu2gibCcmS,GB,42.0,Women,50.0,0.0,0.0,1.0,626.0,1.0,0.2
0vQm7t0fRf,DE,28.0,Men,100.0,75.0,0.0,19.0,8683.0,12.0,1.44
32U0lqYrrr,US,39.0,Men,100.0,50.0,0.0,1.0,3026.0,1.0,1.1
uJLThSIuTx,US,56.0,Men,100.0,50.0,0.0,1.0,86.0,1.0,5.0
1yF5f8KyMJ,DE,42.0,Women,100.0,0.0,0.0,1.0,629.0,1.0,0.7
OJVpGykjtU,DE,39.0,Men,100.0,50.0,0.0,2.0,1218.0,1.0,0.97
2Fm8EklHOu,DE,39.0,Men,100.0,100.0,0.0,29.0,35524.0,36.0,28.590006
MeFEYOmGCR,US,39.0,Men,100.0,25.0,0.0,1.0,733.0,1.0,0.70000005
dgwMy78mez,DE,39.0,Women,100.0,50.0,0.0,8.0,4765.0,1.0,1.17
o6QQkTRU3W,DE,48.0,Men,100.0,75.0,0.0,8.0,2657.0,23.0,1.24
3P0ICdhXTh,DE,55.0,Men,100.0,100.0,0.0,24.0,54095.0,118.0,6.5899997
O9aECGEu59,GB,50.0,Women,100.0,75.0,0.0,46.0,72783.0,28.0,2.7299998
qy4DwmV0im,JP,51.0,Women,100.0,25.0,0.0,6.0,3853.0,3.0,5.8
wJSq82oeTC,US,45.0,Men,50.0,0.0,0.0,6.0,11952.0,4.0,0.85
h0ioiV8hNy,DE,39.0,Men,50.0,0.0,0.0,2.0,1619.0,1.0,0.37
1wDq9xDzvf,DE,39.0,Women,100.0,100.0,0.0,116.0,354060.0,746.0,6.189997
uCTfIuptlm,GB,38.0,Men,100.0,100.0,12.5,128.0,126357.0,107.0,8.45
4YVBfWehhl,US,49.0,Men,100.0,0.0,0.0,2.0,2343.0,1.0,0.55
Z4VhWmZqMG,DE,39.0,Men,100.0,75.0,0.0,4.0,9764.0,29.0,1.07
cxZyGfj240,US,38.0,Men,100.0,25.0,0.0,37.0,181132.0,1.0,7.6199985
xSNLRL0z91,US,54.0,Men,100.0,100.0,12.5,125.0,161880.0,615.0,6.599998
XpjMME2BeK,US,57.0,Women,50.0,0.0,0.0,19.0,39844.0,5.0,1.8000001
nncdJjnRbG,GB,27.0,Men,100.0,50.0,0.0,5.0,8586.0,10.0,0.78000003
qUjk4sJuYI,DE,33.0,Women,100.0,50.0,0.0,15.0,14868.0,16.0,1.2700001
yazc5jORG6,DE,39.0,Women,100.0,50.0,0.0,4.0,8073.0,6.0,1.07
mTpPiUIflu,US,46.0,Men,100.0,25.0,0.0,2.0,2203.0,1.0,0.8000001
zlYTp1m8BG,DE,39.0,Women,100.0,100.0,25.0,65.0,139763.0,216.0,4.4399986
Q6uEfOUhmy,DE,55.0,Women,100.0,75.0,0.0,5.0,15201.0,60.0,1.59
YumBj8AzZm,DE,39.0,Men,100.0,25.0,0.0,3.0,1118.0,1.0,0.82000005
ufb6Pz1c4c,DE,53.0,Women,100.0,75.0,0.0,5.0,19623.0,25.0,21.34
lV72eysTu1,DE,39.0,Women,100.0,75.0,0.0,33.0,50369.0,10.0,2.14
AO5g6or38Z,US,31.0,Men,100.0,25.0,0.0,6.0,4732.0,1.0,0.90000004
XIFcCa801U,GB,68.0,Men,100.0,100.0,62.5,165.0,361450.0,874.0,23.130005
q9i3Yfvqiy,DE,39.0,Men,100.0,75.0,0.0,6.0,8905.0,7.0,42.239998
uG6tPo2g21,GB,31.0,Women,100.0,75.0,0.0,9.0,13182.0,21.0,1.13
I91nrIHXIj,DE,34.0,Women,100.0,100.0,0.0,16.0,21879.0,127.0,2.0900002
AQxVLHqCCY,US,47.0,Women,100.0,100.0,0.0,13.0,68954.0,67.0,54.000004
BTjP48T2Ue,DE,38.0,Women,100.0,75.0,0.0,1.0,6983.0,23.0,1.2400001
OHZEIianWe,JP,42.0,Women,100.0,25.0,0.0,4.0,2261.0,12.0,0.79999995
gp7XLFpqmi,US,39.0,Men,100.0,100.0,25.0,136.0,251334.0,55.0,16.950003
kBId6nBWMx,DE,33.0,Men,100.0,50.0,0.0,4.0,7511.0,1.0,1.27
nj7SZcmVh8,DE,36.0,Women,100.0,50.0,0.0,8.0,9557.0,1.0,1.37
1XyG5xS3qL,JP,43.0,Men,100.0,100.0,12.5,84.0,86692.0,186.0,5.8699994
o6tC55mGAz,DE,36.0,Men,100.0,100.0,25.0,71.0,82046.0,48.0,13.640005
bgfo2SeaVP,GB,37.0,Women,100.0,100.0,50.0,61.0,98809.0,1.0,10.930005
ggbO7riBNg,DE,39.0,Women,100.0,50.0,0.0,6.0,8563.0,1.0,5.1699996
CiRyWulbUr,GB,35.0,Men,100.0,100.0,37.5,89.0,127232.0,431.0,4.2799993
UxEUwwMkgm,GB,53.0,Women,100.0,100.0,12.5,46.0,105899.0,316.0,2.83
rPvlG59hlF,DE,37.0,Men,50.0,0.0,0.0,2.0,233.0,2.0,0.6
qFFvMkNANE,DE,25.0,Women,100.0,50.0,0.0,6.0,3703.0,1.0,1.1700001
Vof1jApYcE,DE,42.0,Women,100.0,75.0,0.0,27.0,60953.0,1.0,1.9900001
Ae9jEPNk86,DE,39.0,Men,100.0,100.0,12.5,34.0,30398.0,1.0,2.4399998
w6qRhGlxhL,US,26.0,Men,100.0,25.0,0.0,6.0,2134.0,1.0,4.8
flhRo6XbwD,US,34.0,Women,50.0,0.0,0.0,27.0,32961.0,1.0,0.70000005
hi1KtpOgGQ,GB,52.0,Women,100.0,100.0,0.0,23.0,13642.0,3.0,1.7300001
Nfw9vBwlS1,US,39.0,Men,50.0,0.0,0.0,1.0,1113.0,1.0,0.25
JSsTMFvLR3,GB,38.0,Women,100.0,75.0,0.0,17.0,23128.0,1.0,1.9300001
YqhblF0o9k,DE,28.0,Men,100.0,100.0,0.0,20.0,63621.0,206.0,1.9900001
A9UukxWw4h,JP,39.0,Men,50.0,0.0,0.0,3.0,17031.0,23.0,0.82000005
EtthZYPpCC,US,47.0,Women,100.0,25.0,0.0,7.0,7583.0,1.0,0.9
7qzUgR1OiB,GB,39.0,Women,100.0,100.0,0.0,6.0,5316.0,61.0,2.0300002
GtAtBMmUCQ,GB,39.0,Men,100.0,100.0,0.0,28.0,69730.0,10.0,2.23
OasRG3cLbj,DE,40.0,Men,100.0,100.0,0.0,22.0,15416.0,1.0,1.8400002
rt0RTBuFBG,US,53.0,Women,100.0,100.0,0.0,81.0,81043.0,114.0,4.499999
JPKv2DpKVW,US,31.0,Men,100.0,75.0,0.0,4.0,2085.0,1.0,5.55
b5lDb709sQ,JP,34.0,Women,100.0,25.0,0.0,25.0,9172.0,1.0,2.8999999
n0V8NXD4SQ,GB,41.0,Men,100.0,100.0,25.0,46.0,81917.0,84.0,3.979999
LFGd6Nrt0G,DE,32.0,Women,100.0,25.0,0.0,3.0,1368.0,1.0,0.92
gNkhQ5ew8i,GB,39.0,Men,100.0,100.0,37.5,238.0,65225.0,62.0,5.6299987
Bkr1Lemhvl,DE,20.0,Men,100.0,100.0,0.0,84.0,55419.0,1.0,1.9900002
k4TnHqinFF,GB,45.0,Men,100.0,100.0,12.5,50.0,104491.0,2.0,5.83
fwVgfPkuPb,GB,45.0,Women,100.0,50.0,0.0,1.0,392.0,1.0,14.68
pssAzJtSSx,DE,39.0,Women,100.0,100.0,0.0,19.0,22606.0,105.0,6.389999
Vo5ctwQrGv,US,39.0,Men,100.0,75.0,0.0,19.0,22771.0,22.0,5.95
IsbzxzbnVE,DE,61.0,Women,100.0,25.0,0.0,526.0,846680.0,1109.0,42.35996
IlFDCMOVX1,US,25.0,Women,100.0,100.0,0.0,74.0,29780.0,73.0,23.050003
WOdAdNbk6x,GB,41.0,Men,100.0,100.0,0.0,47.0,30146.0,16.0,9.630003
2GFwlCpOSv,GB,37.0,Women,100.0,50.0,0.0,7.0,13493.0,1.0,0.98000014
eVyrw0g4sm,GB,53.0,Women,100.0,100.0,0.0,4.0,51899.0,120.0,8.93
mWr776mfiR,US,39.0,Men,100.0,25.0,0.0,3.0,2825.0,1.0,0.9000001
ZgfDxuKuGp,DE,38.0,Men,100.0,100.0,0.0,29.0,24687.0,76.0,2.29
M6rTqiX7gr,JP,32.0,Women,100.0,100.0,37.5,47.0,7555.0,346.0,9.45
VpeDPg2gh9,DE,39.0,Women,100.0,100.0,25.0,78.0,70735.0,266.0,7.539999
7lItZrJQIV,DE,36.0,Women,100.0,100.0,12.5,57.0,100236.0,198.0,3.5399995
SvdRUNQubm,DE,39.0,Men,100.0,50.0,0.0,3.0,3718.0,1.0,1.07
JjyKYoeubL,US,39.0,Women,100.0,0.0,0.0,54.0,98965.0,1.0,2.25
r8lPv6hJ11,US,44.0,Women,100.0,0.0,0.0,1.0,763.0,6.0,0.45
EBvTDhJjLe,US,36.0,Women,100.0,75.0,0.0,5.0,11635.0,9.0,6.7499995
7IKCLolb2r,US,63.0,Men,100.0,25.0,0.0,23.0,25897.0,6.0,1.3000002
5dZZeGrgzt,DE,39.0,Men,100.0,50.0,0.0,3.0,5552.0,1.0,0.84000003
GgbrcjIkAi,GB,26.0,Men,100.0,0.0,0.0,12.0,19435.0,11.0,4.45
N4K37sxRET,DE,39.0,Women,100.0,100.0,75.0,226.0,670803.0,218.0,29.750008
1Eed6O57kz,US,49.0,Men,50.0,0.0,0.0,1.0,548.0,1.0,0.25
4j4tZh4VJ2,DE,58.0,Men,50.0,0.0,0.0,140.0,90250.0,96.0,4.6099977
Bqiass0H3o,DE,39.0,Men,100.0,100.0,12.5,63.0,39265.0,31.0,13.640004
Qx5Lq3dxoE,JP,33.0,Men,100.0,75.0,0.0,29.0,30455.0,62.0,6.2199993
EGqOgPyL2p,US,51.0,Women,100.0,75.0,0.0,50.0,115722.0,3.0,7.629998
woiwVRr3Xg,US,40.0,Women,100.0,25.0,0.0,4.0,5914.0,8.0,0.8
xtXs1DO2AJ,GB,32.0,Women,100.0,75.0,0.0,15.0,20494.0,1.0,4.8019996
Pt9UPvPmaX,US,50.0,Men,100.0,100.0,0.0,26.0,73190.0,23.0,7.6
RXyPm5krRW,JP,24.0,Women,100.0,0.0,0.0,3.0,2368.0,1.0,0.55
XObE9VeRo7,DE,53.0,Men,100.0,100.0,0.0,26.0,43101.0,100.0,6.5899997
6GxhJTE3Cs,GB,63.0,Women,100.0,100.0,37.5,99.0,129674.0,24.0,4.5299993
aAtizzwxbX,DE,26.0,Men,100.0,25.0,0.0,2.0,2647.0,1.0,0.91999996
nmzr264Rwh,US,39.0,Men,100.0,0.0,0.0,3.0,889.0,1.0,0.45000002
HbL16r9Kn7,US,45.0,Women,100.0,25.0,0.0,5.0,5118.0,12.0,0.90000004
OclGjRmKYm,US,39.0,Men,100.0,100.0,12.5,77.0,797616.0,1.0,9.300001
j4rDd8FEGl,DE,38.0,Women,100.0,0.0,0.0,42.0,57211.0,198.0,11.560001
ddA1hXaX26,US,50.0,Women,100.0,25.0,0.0,8.0,13858.0,1.0,0.90000004
Mu35g3wMz0,GB,51.0,Men,100.0,100.0,0.0,72.0,167132.0,139.0,19.050005
hNzSDG7Nma,DE,43.0,Men,100.0,100.0,12.5,54.0,71458.0,1.0,2.49
kKHrcKZXoq,US,36.0,Men,100.0,100.0,0.0,30.0,62577.0,1.0,3.4999995
CDMl6fGsuz,DE,36.0,Men,100.0,100.0,25.0,81.0,100811.0,536.0,3.4999995
zuSu1qlePq,GB,46.0,Men,100.0,100.0,0.0,27.0,37955.0,1.0,1.5300001
oULwRou1eY,DE,25.0,Men,100.0,50.0,0.0,7.0,4953.0,1.0,1.2700001
GVvVsM6gMQ,DE,56.0,Women,100.0,100.0,0.0,8.0,32394.0,19.0,1.6400001
yOYgU4SCr3,US,39.0,Women,100.0,50.0,0.0,7.0,12069.0,1.0,1.7
ZvJQR45xR4,GB,39.0,Men,100.0,50.0,0.0,2.0,898.0,1.0,0.68000007
5RlGzirPcA,US,32.0,Women,100.0,25.0,0.0,3.0,9013.0,1.0,0.8000001
BLajvemOwk,US,60.0,Women,100.0,25.0,0.0,3.0,1401.0,6.0,0.8
RZxN828QlL,US,34.0,Women,100.0,0.0,0.0,2.0,1043.0,1.0,0.45000002
8gWSRUvByk,GB,39.0,Women,100.0,50.0,0.0,2.0,7656.0,8.0,0.78000003
l4aaH75Wo6,US,39.0,Men,100.0,100.0,25.0,89.0,79708.0,10.0,10.95
uKXRbtN321,GB,34.0,Women,100.0,25.0,0.0,3.0,2241.0,1.0,0.58
lCTXe4reC6,DE,48.0,Women,100.0,100.0,37.5,15.0,19115.0,85.0,37.999992
mFH4XRU7h5,DE,26.0,Women,100.0,50.0,0.0,4.0,8533.0,5.0,1.27
eW0Nv2JOKA,DE,55.0,Women,100.0,100.0,0.0,49.0,76470.0,355.0,3.4399993
bJCS1fj0P6,GB,50.0,Women,100.0,75.0,0.0,227.0,78838.0,1.0,3.4299989
Ji1bZrESIs,DE,22.0,Men,100.0,100.0,0.0,22.0,6976.0,7.0,1.5400001
33ECvai27X,DE,52.0,Men,100.0,100.0,12.5,41.0,76352.0,12.0,7.539998
N7NwphWIvC,DE,39.0,Men,100.0,100.0,62.5,171.0,162392.0,126.0,7.589998
AVgV4NQo2k,US,46.0,Men,100.0,50.0,0.0,5.0,10602.0,1.0,1.2
1ghCDYuZLm,GB,32.0,Women,100.0,75.0,0.0,7.0,12712.0,28.0,1.03
QZ4yWU4l9f,DE,39.0,Women,100.0,100.0,0.0,33.0,60663.0,18.0,6.5899987
OLAA64UMts,DE,39.0,Women,100.0,25.0,0.0,4.0,4949.0,1.0,0.9200001
p89K63G3Iq,GB,36.0,Men,100.0,75.0,0.0,7.0,14414.0,1.0,1.4300002
IIe57Q9c0b,DE,39.0,Women,100.0,75.0,0.0,2.0,6038.0,15.0,1.4900001
ZZbcDnAgU5,DE,37.0,Women,100.0,50.0,0.0,13.0,12887.0,1.0,5.17
nue94sBGzm,DE,39.0,Men,100.0,100.0,0.0,28.0,41751.0,177.0,2.1899998
0HHtRiQZsz,GB,47.0,Women,100.0,50.0,0.0,22.0,28449.0,38.0,16.1
Oq0ns012Bp,US,27.0,Women,100.0,75.0,0.0,11.0,49209.0,155.0,6.2499995
HzMBexwXVN,DE,29.0,Men,100.0,100.0,0.0,29.0,34851.0,45.0,2.19
pwNgIjJPhe,DE,56.0,Women,100.0,100.0,62.5,164.0,128581.0,586.0,29.590004
5B2K2upzZT,DE,38.0,Men,100.0,75.0,0.0,37.0,40322.0,29.0,2.4200003
k12po9ygpN,GB,39.0,Men,100.0,100.0,0.0,18.0,22830.0,37.0,2.83
oEcXzT3Uz7,GB,40.0,Men,100.0,75.0,0.0,38.0,54659.0,43.0,16.130001
PWztiaFfRc,JP,19.0,Women,100.0,50.0,0.0,12.0,12272.0,16.0,2.91
AgzjGhT4Q9,US,52.0,Women,100.0,0.0,0.0,3.0,2181.0,1.0,0.45
XWcogN2Mo0,DE,34.0,Women,100.0,100.0,0.0,12.0,50091.0,88.0,1.99
a6z3bzVQau,US,44.0,Men,100.0,75.0,0.0,37.0,67474.0,1.0,3.4499993
gAg1uYtwjF,GB,45.0,Women,100.0,100.0,37.5,173.0,350898.0,115.0,39.739986
uYJOoQJ0jl,DE,39.0,Men,100.0,75.0,0.0,13.0,25042.0,1.0,27.740004
OCzKHL8745,US,39.0,Women,100.0,50.0,0.0,12.0,24143.0,1.0,5.0
2oraoPheZn,US,48.0,Women,100.0,25.0,0.0,1.0,2672.0,1.0,0.8
AlMgDNbUB7,DE,53.0,Women,100.0,50.0,0.0,4.0,3491.0,1.0,1.07
UHGIDPpKzT,US,42.0,Men,100.0,100.0,0.0,28.0,62802.0,1.0,7.399999
mp9tRNgbwn,GB,29.0,Women,100.0,100.0,37.5,92.0,53250.0,90.0,8.029999
wekBYErXmM,US,44.0,Men,100.0,50.0,0.0,8.0,10401.0,1.0,1.1000001
gbhUXfHtI3,DE,39.0,Women,50.0,0.0,0.0,1.0,371.0,1.0,0.22
gzXstSSmpc,GB,30.0,Men,100.0,100.0,12.5,45.0,120354.0,252.0,16.93
2VWWQara1v,US,18.0,Women,100.0,100.0,50.0,375.0,162918.0,30.0,21.550013
sfVBVUFqEH,GB,26.0,Women,100.0,50.0,0.0,3.0,4672.0,1.0,0.78
u7RHVyiZG9,GB,19.0,Women,100.0,50.0,0.0,7.0,12319.0,6.0,0.78
PUnXOemlv7,US,34.0,Women,100.0,50.0,0.0,9.0,6716.0,1.0,5.1
jnXPGyCnzr,US,44.0,Women,100.0,100.0,50.0,61.0,247521.0,310.0,9.550002
jKc3Qxpctm,DE,36.0,Women,100.0,50.0,0.0,16.0,10773.0,1.0,0.94
uoxF9l713E,DE,39.0,Men,100.0,75.0,0.0,10.0,6293.0,2.0,1.34
AThEXj79Oc,GB,66.0,Women,100.0,100.0,37.5,139.0,191702.0,457.0,31.730005
0WyG6PB4sW,DE,34.0,Women,100.0,100.0,0.0,17.0,12944.0,1.0,5.6399994
AQfYe1hh9h,DE,66.0,Women,100.0,100.0,12.5,4.0,1254.0,301.0,5.8399997
HVlo0v4q7t,DE,32.0,Men,100.0,75.0,0.0,10.0,31050.0,32.0,1.8900001
o5Deg4o4K8,US,24.0,Women,100.0,25.0,0.0,5.0,5099.0,1.0,5.38
ocJAtH7iEL,US,39.0,Men,100.0,0.0,0.0,1.0,898.0,1.0,0.45000002
ILgHSC5jAN,US,33.0,Women,100.0,75.0,0.0,3.0,1995.0,65.0,2.55
rqRgZBnMfc,US,39.0,Women,100.0,100.0,12.5,48.0,102012.0,164.0,5.399999
gHQ08yRiDw,US,35.0,Men,100.0,50.0,0.0,16.0,8643.0,1.0,5.6600003
9ega7Vpl1e,DE,46.0,Women,100.0,100.0,12.5,68.0,72698.0,232.0,7.7399983
FztPXfFyWn,DE,40.0,Women,100.0,100.0,0.0,23.0,38636.0,118.0,42.99
ydCN7rPjrE,US,60.0,Women,100.0,0.0,0.0,1.0,270.0,1.0,0.45000002
YajBm0w9Hq,US,43.0,Women,100.0,25.0,0.0,2.0,2444.0,6.0,0.8000001
7ukFpIlnDH,US,72.0,Men,50.0,0.0,0.0,26.0,43082.0,23.0,5.15
rwyG1cw7O4,US,37.0,Women,100.0,50.0,0.0,10.0,8786.0,1.0,1.2
y6nGHs4Qsl,DE,46.0,Women,100.0,100.0,12.5,32.0,74244.0,139.0,3.2399993
xwhCriNxoU,DE,33.0,Women,100.0,50.0,0.0,14.0,9371.0,31.0,1.1700001
7kysewaMB1,US,41.0,Women,100.0,100.0,0.0,20.0,40690.0,72.0,7.5999994
hPNNijipBl,US,39.0,Women,100.0,100.0,0.0,25.0,45032.0,9.0,3.9999998
ZvXucX127K,DE,39.0,Men,100.0,50.0,0.0,1.0,1909.0,8.0,1.07
v2FuQuUNfl,US,45.0,Men,100.0,100.0,62.5,57.0,30028.0,185.0,34.149998
lE8WFSHZxh,DE,39.0,Women,100.0,25.0,0.0,4.0,1683.0,1.0,0.9200001
dSn1lhAP9q,DE,39.0,Men,50.0,0.0,0.0,8.0,17340.0,6.0,0.55
klDVL1sMGV,DE,39.0,Women,50.0,0.0,0.0,1.0,522.0,8.0,0.6
9nxCHO8nUs,DE,25.0,Men,100.0,75.0,0.0,5.0,3605.0,2.0,24.34
aPksWNakwQ,GB,40.0,Men,100.0,50.0,0.0,7.0,13178.0,13.0,0.98
0O94YqunoV,JP,39.0,Men,100.0,100.0,0.0,58.0,78197.0,142.0,4.069999
010IzufCfQ,DE,45.0,Women,100.0,100.0,0.0,23.0,73541.0,33.0,2.19
c4P8cLu3qV,US,39.0,Women,100.0,25.0,0.0,2.0,3675.0,1.0,0.8000001
MQstWiIMpf,DE,41.0,Men,100.0,100.0,12.5,60.0,145298.0,38.0,4.139999
Gr8RqNkWG2,US,39.0,Women,100.0,0.0,0.0,1.0,1820.0,1.0,0.55
8fmJgWEAwJ,US,61.0,Men,100.0,25.0,0.0,3.0,132.0,1.0,0.70000005
z4j7sLOzs3,US,41.0,Men,100.0,75.0,0.0,45.0,46648.0,9.0,2.6499999
YkV7ojIgjj,US,37.0,Men,100.0,100.0,12.5,56.0,46861.0,1.0,5.0999994
tmCqloSmkk,US,38.0,Men,100.0,50.0,0.0,6.0,15336.0,1.0,1.1
8nduLq3n70,GB,43.0,Women,100.0,100.0,37.5,88.0,194177.0,429.0,4.579999
3rjE2dcKQM,DE,53.0,Men,100.0,100.0,0.0,112.0,289202.0,921.0,4.4999986
tN2NTtRXz7,US,39.0,Women,100.0,75.0,0.0,23.0,31577.0,17.0,2.2500002
luzufkoUEW,DE,38.0,Men,100.0,100.0,37.5,114.0,78332.0,34.0,4.099999
bZ6fX4dgmQ,US,39.0,Women,100.0,100.0,0.0,52.0,36494.0,1.0,3.2000003
zYncGqwpWu,DE,39.0,Men,100.0,100.0,12.5,12.0,64024.0,120.0,2.09
ofCaa0xzuU,US,49.0,Women,100.0,25.0,0.0,21.0,36273.0,1.0,6.25
mQxKYSe0xe,US,35.0,Men,100.0,25.0,0.0,4.0,4330.0,6.0,0.9000001
8nDKi5NT65,JP,39.0,Women,100.0,100.0,50.0,181.0,143239.0,771.0,16.950005
0VmxY6LBHl,JP,38.0,Women,100.0,25.0,0.0,2.0,584.0,8.0,0.70000005
oaOSH5C2ed,US,48.0,Women,100.0,25.0,0.0,6.0,4237.0,1.0,0.8
CuwrKVjDno,US,39.0,Men,100.0,50.0,0.0,19.0,23067.0,1.0,1.7
wGNBY3hyLl,DE,36.0,Women,50.0,0.0,0.0,22.0,14386.0,2.0,26.570002
ZTf8YuEndI,US,42.0,Women,100.0,50.0,0.0,13.0,26199.0,1.0,1.3000001
ZpfeFgD8eU,DE,29.0,Men,100.0,75.0,0.0,12.0,16109.0,1.0,1.74
qfQGrY73TZ,DE,42.0,Men,100.0,100.0,37.5,77.0,70064.0,7.0,77.749985
Ul2VKUu8Iv,US,24.0,Men,100.0,25.0,0.0,14.0,5841.0,6.0,20.800001
Q13Y80ISwx,DE,44.0,Women,100.0,0.0,0.0,3.0,141.0,1.0,0.7
OBxwd4vU0M,DE,44.0,Women,100.0,75.0,0.0,6.0,5987.0,14.0,1.44
AYNw9ugZE4,DE,39.0,Men,100.0,50.0,0.0,6.0,7770.0,5.0,1.37
Eler8nsFpF,US,35.0,Women,100.0,0.0,0.0,2.0,1192.0,2.0,0.45000002
YAUKHNLOUZ,GB,49.0,Men,100.0,100.0,12.5,28.0,30030.0,16.0,51.670006
YhWXvzlCcL,DE,33.0,Women,100.0,75.0,0.0,35.0,58052.0,231.0,6.5899982
dE39INbvHi,GB,47.0,Men,100.0,100.0,50.0,108.0,236351.0,205.0,7.829997
pnppvVuwYK,GB,49.0,Women,100.0,100.0,25.0,63.0,113082.0,258.0,23.979998
VxYzbSw6h0,US,66.0,Women,100.0,100.0,12.5,9.0,24534.0,165.0,30.7
eIgsc1hXUC,DE,37.0,Men,100.0,25.0,0.0,4.0,3584.0,1.0,0.9200001
R6GbtsgqYw,DE,39.0,Men,100.0,75.0,0.0,10.0,14428.0,4.0,1.64
QT3GDFcKup,GB,58.0,Women,100.0,100.0,75.0,141.0,209073.0,721.0,29.930008
yZIVNov2bC,DE,48.0,Women,100.0,25.0,0.0,2.0,4215.0,1.0,0.9200001
LU9RCJmyxK,DE,39.0,Men,100.0,100.0,37.5,44.0,126685.0,444.0,4.2999997
8Twccw0Nic,GB,39.0,Women,100.0,75.0,0.0,18.0,30955.0,14.0,1.3300002
MsNcelv9g7,US,69.0,Women,50.0,0.0,0.0,1.0,262.0,1.0,0.25
vNKIuYa4L9,US,42.0,Men,100.0,0.0,0.0,4.0,6069.0,4.0,0.55
hJk0wpqnPL,DE,39.0,Men,100.0,50.0,0.0,8.0,18897.0,44.0,1.5200001
bDAanw74he,US,39.0,Women,100.0,50.0,0.0,11.0,18242.0,1.0,1.2
xKCtytEKmW,DE,39.0,Men,100.0,25.0,0.0,51.0,79226.0,5.0,2.27
wtiA8V5AmU,US,44.0,Women,100.0,75.0,0.0,10.0,21901.0,10.0,7.5299997
gybxBeUmVb,GB,42.0,Women,100.0,100.0,37.5,75.0,217737.0,261.0,8.229999
BtJdCMOOlu,GB,36.0,Women,100.0,75.0,0.0,10.0,9821.0,2.0,4.43
s9Iw2xnd5M,DE,29.0,Men,100.0,0.0,0.0,23.0,18809.0,13.0,0.9200001
RtsQkXNTfX,DE,19.0,Women,100.0,100.0,25.0,87.0,30491.0,60.0,2.8399994
Atfataa1hg,US,35.0,Women,100.0,25.0,0.0,1.0,4924.0,1.0,0.8
0I9fmOU6Z0,US,39.0,Women,100.0,25.0,0.0,4.0,1978.0,19.0,0.8
zF5BGWwpuO,GB,51.0,Men,100.0,0.0,0.0,2.0,2508.0,1.0,0.43
Zshmz15t6S,GB,43.0,Women,100.0,0.0,0.0,1.0,1240.0,2.0,0.43
64kGplUriZ,US,27.0,Women,100.0,25.0,0.0,2.0,3088.0,1.0,0.8
1iBndmgKSU,GB,37.0,Women,100.0,0.0,0.0,1.0,805.0,1.0,0.32999998
TubhM8f3sJ,US,31.0,Women,100.0,25.0,0.0,7.0,6140.0,1.0,0.90000004
WnnOK0Gpgg,US,36.0,Men,100.0,50.0,0.0,18.0,25376.0,1.0,2.8999994
S7EZNSrqam,US,64.0,Men,100.0,0.0,0.0,4.0,1859.0,1.0,0.45000002
3YzTMKinYo,GB,33.0,Men,100.0,100.0,37.5,74.0,251503.0,286.0,24.929998
lVqTvOxbVq,US,59.0,Men,100.0,0.0,0.0,182.0,223192.0,394.0,13.200001
N2ltQrASZW,DE,39.0,Men,50.0,0.0,0.0,2.0,701.0,1.0,0.6
dwKwbAmhDB,GB,44.0,Women,100.0,75.0,0.0,3.0,3408.0,9.0,15.13
xAVlz8IWye,US,29.0,Men,100.0,75.0,0.0,18.0,31285.0,1.0,2.5499997
CJi0tuFH0j,US,39.0,Men,100.0,100.0,25.0,136.0,393896.0,531.0,18.55001
xdi8MnCBZF,DE,40.0,Women,50.0,0.0,0.0,313.0,483665.0,160.0,7.5239997
WYpXxGtaJ3,JP,32.0,Women,100.0,100.0,25.0,33.0,27870.0,78.0,10.929999
4TJ8cuvLKM,DE,48.0,Women,100.0,100.0,0.0,14.0,40244.0,73.0,2.0900002
IGZf3csOTg,JP,27.0,Women,100.0,75.0,0.0,17.0,27085.0,109.0,2.62
dLY1bfWGyY,GB,39.0,Men,100.0,75.0,0.0,38.0,19777.0,26.0,1.33
9VRiK5IuzN,DE,52.0,Men,100.0,0.0,0.0,38.0,28703.0,66.0,1.9000002
WzR4uCBM9L,GB,22.0,Men,100.0,100.0,0.0,12.0,32840.0,1.0,4.73
tKQcoiZQPX,US,39.0,Women,100.0,50.0,0.0,8.0,17039.0,1.0,1.7
psrezRHz56,US,30.0,Women,100.0,50.0,0.0,6.0,10530.0,31.0,2.2
CGKWooygzz,GB,47.0,Women,100.0,100.0,62.5,189.0,252837.0,625.0,12.930006
F0jjsQ3XfJ,DE,39.0,Men,100.0,100.0,25.0,55.0,64484.0,101.0,8.239999
TFlBGmMkFA,US,39.0,Men,100.0,0.0,0.0,2.0,3786.0,1.0,0.55
kbY7YO3vsX,GB,35.0,Men,100.0,100.0,25.0,63.0,119698.0,14.0,4.5799985
bLhNmBrDsr,US,33.0,Women,100.0,25.0,0.0,6.0,2278.0,1.0,0.79999995
GiP0iwUacj,DE,33.0,Women,100.0,100.0,0.0,31.0,59307.0,213.0,2.9699996
rsRBVyet7S,US,39.0,Men,100.0,25.0,0.0,7.0,11794.0,2.0,1.2
Vvm5X5SoxB,US,46.0,Women,100.0,50.0,0.0,29.0,33075.0,128.0,25.6
3kEgYnqLNv,US,45.0,Women,100.0,100.0,0.0,56.0,30470.0,1.0,7.799999
bZxVDLrikr,DE,52.0,Men,100.0,100.0,37.5,96.0,137528.0,227.0,4.799999
CYUusqpyFB,US,37.0,Men,100.0,50.0,0.0,3.0,12017.0,1.0,5.1
i3pEH8UGVP,GB,42.0,Women,100.0,100.0,12.5,55.0,44084.0,69.0,3.0299997
s5FfGUkQTc,DE,46.0,Men,100.0,75.0,0.0,8.0,7018.0,69.0,1.69
GdY95GFdkU,GB,52.0,Men,100.0,75.0,0.0,21.0,48444.0,109.0,2.13
Zd7cBjWLVD,US,49.0,Men,100.0,100.0,25.0,99.0,140898.0,285.0,8.449999
SKffivGjBV,US,39.0,Women,100.0,100.0,0.0,55.0,73754.0,67.0,8.600001
gpTcrw5PSp,US,46.0,Men,100.0,25.0,0.0,13.0,11010.0,1.0,5.4
1vC4mbbWZI,DE,25.0,Men,100.0,100.0,50.0,84.0,61711.0,75.0,9.410002
ZvgDP0Wjj0,GB,45.0,Men,100.0,100.0,0.0,26.0,30465.0,5.0,1.9300001
2lDFuqeGwc,DE,48.0,Men,100.0,100.0,25.0,48.0,198238.0,343.0,23.640005
tJikbw3I2y,DE,39.0,Men,100.0,100.0,0.0,14.0,28078.0,1.0,2.0900002
hfWc38o1vP,GB,32.0,Men,100.0,75.0,0.0,22.0,14720.0,2.0,4.2299995
kMwMrh2o0N,US,29.0,Women,100.0,25.0,0.0,1.0,0.0,1.0,4.7
m4O7DKqTGf,GB,39.0,Men,100.0,75.0,0.0,12.0,6542.0,1.0,3.93
P12sT96Ljr,DE,49.0,Women,100.0,50.0,0.0,7.0,16373.0,127.0,1.19
upLduvZRWH,DE,42.0,Men,100.0,75.0,0.0,15.0,7610.0,1.0,1.34
zOvxF04Pha,JP,40.0,Men,100.0,75.0,0.0,26.0,27713.0,107.0,3.9599996
oF7cS1c9bM,DE,29.0,Women,100.0,25.0,0.0,4.0,2518.0,1.0,4.9199996
GvON2wp2kn,US,55.0,Women,100.0,0.0,0.0,11.0,4731.0,1.0,23.550001
cwrRb1U3N8,GB,22.0,Men,100.0,50.0,0.0,11.0,8303.0,1.0,0.88000005
qbdJfSW57l,US,42.0,Women,100.0,0.0,0.0,1.0,408.0,9.0,0.45000002
4lHAcBiI2a,DE,39.0,Men,100.0,100.0,0.0,9.0,14771.0,23.0,1.6400001
qy1xO7GKap,DE,39.0,Men,100.0,50.0,0.0,4.0,4044.0,1.0,1.07
rt42UBkKlG,DE,41.0,Men,100.0,100.0,12.5,41.0,49351.0,13.0,6.5899997
9OlQ5Ygvpj,US,20.0,Women,100.0,100.0,12.5,34.0,118107.0,8.0,89.24001
8VXPtoHydZ,US,41.0,Women,100.0,50.0,0.0,10.0,57045.0,5.0,1.5
OAK7yhFviL,DE,34.0,Women,100.0,100.0,0.0,42.0,47239.0,41.0,2.49
FJylGmNzlq,DE,39.0,Men,50.0,0.0,0.0,2.0,466.0,1.0,0.6
0aYzbIIm8U,GB,44.0,Women,100.0,100.0,37.5,143.0,103572.0,255.0,5.229999
4GoX8Q7VZF,US,39.0,Women,100.0,25.0,0.0,1.0,1084.0,1.0,0.6
mksOlRlVic,DE,37.0,Men,100.0,50.0,0.0,9.0,5289.0,6.0,1.1700001
sfrXCda0zE,DE,29.0,Men,100.0,100.0,12.5,99.0,117191.0,6.0,5.5899982
iH082z52Fy,US,46.0,Men,100.0,75.0,0.0,13.0,16854.0,23.0,1.8500001
xkt0x3Eu9L,GB,54.0,Men,50.0,0.0,0.0,2.0,4967.0,2.0,0.45
c4PAc2pa6l,US,39.0,Women,100.0,0.0,0.0,1.0,1543.0,70.0,0.55
xofYQxn4Rj,GB,20.0,Men,100.0,75.0,0.0,13.0,28351.0,90.0,8.93
wOUba8ybQP,US,38.0,Women,100.0,50.0,0.0,4.0,5502.0,5.0,1.1
3WcN5KBxGx,JP,39.0,Women,100.0,25.0,0.0,11.0,31867.0,10.0,1.3000002
TwJmhm9P9k,JP,39.0,Women,100.0,75.0,0.0,17.0,28598.0,50.0,2.46
hZ492yCEwZ,US,25.0,Men,100.0,50.0,0.0,6.0,8027.0,1.0,1.2
3YUKLMEfZj,DE,39.0,Men,100.0,100.0,0.0,59.0,41870.0,1.0,6.289999
YOF2qfz1bG,GB,43.0,Women,100.0,75.0,0.0,3.0,1874.0,1.0,0.93
CIVBYuIWnB,GB,31.0,Women,100.0,100.0,25.0,69.0,155579.0,139.0,4.7799993
f6O6Es8qsj,GB,39.0,Women,100.0,50.0,0.0,6.0,7223.0,1.0,0.98
2BVMdghjsN,DE,39.0,Men,100.0,100.0,37.5,88.0,78068.0,334.0,3.9999993
haRisDrijf,US,39.0,Women,100.0,100.0,25.0,87.0,240918.0,168.0,8.15
ZvtGeefGQF,DE,39.0,Men,100.0,100.0,0.0,40.0,44399.0,2.0,2.64
yLO0u3n7pa,DE,34.0,Men,100.0,100.0,0.0,48.0,42730.0,58.0,3.0899997
mMHycl5CxB,GB,45.0,Women,100.0,50.0,0.0,10.0,23996.0,10.0,0.9800001
p3XXPpwewR,DE,36.0,Men,100.0,50.0,0.0,2.0,1467.0,2.0,1.0699999
ZC7EEzy83e,DE,39.0,Women,100.0,50.0,0.0,8.0,3974.0,5.0,1.07
D3XZQ28qbB,US,58.0,Men,100.0,100.0,25.0,146.0,138280.0,478.0,27.850006
JVwbXRgYLL,US,25.0,Women,100.0,75.0,0.0,50.0,71300.0,1.0,3.7499988
3Oz2CmNFi3,DE,39.0,Women,100.0,25.0,0.0,2.0,3374.0,8.0,0.9200001
09I2Wsze20,GB,51.0,Men,100.0,75.0,0.0,8.0,6921.0,35.0,8.73
V6niiqR4jh,DE,40.0,Women,100.0,100.0,25.0,59.0,136932.0,225.0,3.439999
XCt1GSu2n7,US,52.0,Men,100.0,50.0,0.0,1.0,3621.0,1.0,1.1
Xe4H4iIukz,GB,39.0,Men,100.0,50.0,0.0,6.0,4904.0,1.0,0.98
Ylsc2DJgZR,DE,46.0,Women,50.0,0.0,0.0,8.0,4559.0,1.0,4.778
qe77NIKOiO,GB,32.0,Men,100.0,50.0,0.0,15.0,10812.0,1.0,0.98
sRnMKn9N4g,US,39.0,Women,100.0,25.0,0.0,1.0,124.0,1.0,0.6
OoZ7GGIYV0,DE,18.0,Women,100.0,100.0,37.5,53.0,87191.0,236.0,23.7
cWeII6W2mx,US,65.0,Women,100.0,25.0,0.0,2.0,5029.0,1.0,0.8
xzztLu2lIl,US,41.0,Men,50.0,0.0,0.0,1.0,1223.0,1.0,0.35
YT0zlrVvYa,US,41.0,Men,100.0,0.0,0.0,3.0,3964.0,1.0,0.55
ZtCoM4SFzN,DE,28.0,Men,100.0,100.0,0.0,34.0,46609.0,59.0,23.290007
6nSgEQLwbX,DE,37.0,Men,100.0,100.0,37.5,20.0,47453.0,81.0,7.4999995
uKyfcGdgFc,DE,31.0,Women,100.0,75.0,0.0,12.0,22037.0,57.0,1.7900001
tH2EUvBK2R,GB,52.0,Women,100.0,50.0,0.0,3.0,5088.0,1.0,0.78
j4CGNuaZ9q,DE,34.0,Men,100.0,100.0,12.5,41.0,46780.0,176.0,6.8399997
pJnmpJTAUh,GB,34.0,Men,100.0,100.0,12.5,80.0,101923.0,4.0,17.370005
oJhTqcQHGv,GB,47.0,Men,100.0,100.0,75.0,287.0,202078.0,518.0,34.629997
kzbaRGlR5A,DE,39.0,Women,100.0,75.0,0.0,7.0,17024.0,26.0,1.5400001
ega6wSaArR,DE,36.0,Men,100.0,100.0,0.0,145.0,113474.0,1.0,3.2299995
yUHzOziT7E,US,27.0,Men,100.0,50.0,0.0,16.0,20298.0,1.0,2.0000002
2osjJwGz9g,DE,26.0,Women,100.0,25.0,0.0,7.0,4185.0,3.0,0.57000005
cZJgjiIDcD,DE,35.0,Women,100.0,100.0,50.0,55.0,237151.0,265.0,20.393997
TKZGPUXYQ2,DE,39.0,Men,100.0,100.0,25.0,146.0,59557.0,165.0,3.739999
w3Aqk1ofJ6,US,39.0,Men,100.0,0.0,0.0,1.0,681.0,1.0,0.45000002
BGUHW3tC1F,DE,45.0,Men,100.0,25.0,0.0,5.0,2701.0,1.0,0.82000005
H7C6CcyoOZ,US,42.0,Women,100.0,100.0,25.0,102.0,266394.0,712.0,7.649999
sohnS7g7rs,DE,40.0,Women,100.0,100.0,37.5,68.0,49589.0,158.0,38.843998
KLoY7sDCt0,US,26.0,Men,100.0,50.0,0.0,9.0,2524.0,1.0,1.1000001
vJK7csizg1,US,39.0,Men,100.0,25.0,0.0,3.0,7228.0,2.0,0.90000004
1InHpfeTVC,GB,39.0,Men,100.0,100.0,12.5,32.0,154866.0,1.0,6.761999
jXQYxyQDfv,US,76.0,Men,100.0,75.0,0.0,7.0,17117.0,1.0,2.15
MRzLeLW85U,DE,39.0,Women,100.0,75.0,0.0,11.0,24498.0,31.0,1.7900001
3oQ884do51,DE,38.0,Women,100.0,100.0,62.5,148.0,283720.0,914.0,34.790005
KhCvQ0OR7j,DE,35.0,Women,100.0,75.0,0.0,40.0,106611.0,125.0,21.79
vnEcIViney,GB,39.0,Men,100.0,50.0,0.0,8.0,11698.0,16.0,0.88
K5QfRDXc9C,US,39.0,Women,100.0,75.0,0.0,14.0,39635.0,6.0,3.4499998
kTHeMYBZgC,GB,36.0,Men,100.0,25.0,0.0,7.0,5724.0,1.0,0.88000005
3yfvc7hNr8,GB,37.0,Men,100.0,75.0,0.0,7.0,4899.0,7.0,1.03
U1yg0QNixM,US,35.0,Men,100.0,0.0,0.0,3.0,458.0,1.0,0.45000002
3ZSiL1hcPh,GB,39.0,Women,100.0,75.0,0.0,9.0,17553.0,1.0,1.1300001
j3rMFShI3Z,DE,26.0,Women,100.0,50.0,0.0,5.0,5794.0,14.0,1.17
pUAZoRfmtl,DE,30.0,Women,100.0,50.0,0.0,33.0,8591.0,16.0,0.94000006
P8X1VujdqZ,DE,39.0,Men,100.0,50.0,0.0,4.0,5826.0,2.0,1.2700001
n5TkZCebCv,DE,39.0,Women,100.0,50.0,0.0,5.0,13949.0,11.0,1.2700001
RBbt4rCDnn,GB,35.0,Men,100.0,75.0,0.0,12.0,15869.0,17.0,1.33
S8QTPWg0AK,US,39.0,Women,100.0,25.0,0.0,8.0,11422.0,1.0,1.0
8Y5yTlRnUI,DE,48.0,Women,100.0,100.0,12.5,48.0,124829.0,573.0,3.6399992
BjDRqsXGsu,US,37.0,Women,100.0,25.0,0.0,3.0,2555.0,1.0,0.8000001
jT5P37U6YA,DE,39.0,Men,100.0,100.0,37.5,68.0,84303.0,170.0,3.6999998
uHG0TWB9TV,US,39.0,Women,100.0,100.0,0.0,21.0,31596.0,1.0,3.3
ykI0uu8Exg,DE,39.0,Men,100.0,75.0,0.0,12.0,9302.0,64.0,1.69
rZO2D2XhLC,DE,39.0,Men,100.0,100.0,25.0,78.0,88768.0,234.0,3.7399993
hWRlrdeWuQ,DE,45.0,Women,100.0,100.0,0.0,44.0,46522.0,45.0,2.19
LnMGZsTSVq,DE,48.0,Women,100.0,75.0,0.0,2.0,2393.0,1.0,1.14
jdkxg80ffc,US,60.0,Men,100.0,100.0,25.0,141.0,349484.0,158.0,8.949999
Ha3r81up8y,DE,39.0,Women,100.0,50.0,0.0,1.0,5815.0,1.0,1.07
0MaXwykqKY,GB,39.0,Men,100.0,75.0,0.0,22.0,25954.0,1.0,1.5300001
lVQHdZ9045,GB,20.0,Men,100.0,50.0,0.0,3.0,7747.0,1.0,0.78
N39hExRMKB,US,57.0,Women,100.0,25.0,0.0,13.0,1606.0,1.0,4.84
lWh8eiUKmK,GB,38.0,Men,100.0,25.0,0.0,2.0,4996.0,1.0,0.58
ZhYIAFDTTH,US,54.0,Women,100.0,25.0,0.0,83.0,92267.0,1.0,2.8999994
FbQU2dPT1j,GB,39.0,Women,100.0,100.0,25.0,57.0,107456.0,303.0,3.78
kVTs0E8NYf,GB,39.0,Men,100.0,0.0,0.0,10.0,12000.0,16.0,1.45
jImOqUcqAd,DE,35.0,Women,100.0,0.0,0.0,3.0,4684.0,3.0,0.52000004
CxdChPzond,GB,32.0,Men,100.0,100.0,0.0,27.0,19461.0,9.0,1.7300001
9xSIrGeJwy,US,47.0,Women,100.0,50.0,0.0,14.0,18440.0,8.0,6.3999996
ekxBfEhpkx,JP,18.0,Women,100.0,25.0,0.0,28.0,11388.0,1.0,3.2300003
elwYnmzE7E,JP,38.0,Women,100.0,50.0,0.0,4.0,4775.0,7.0,1.11
5TEj966d5I,DE,42.0,Women,100.0,100.0,25.0,80.0,50261.0,6.0,23.390005
nG8VvteDpb,GB,33.0,Men,100.0,25.0,0.0,3.0,2631.0,3.0,0.58
20DSddISuC,US,58.0,Men,100.0,25.0,0.0,5.0,3229.0,9.0,0.79999995
YNh4DxfVWH,DE,35.0,Men,100.0,50.0,0.0,6.0,11637.0,4.0,1.37
q4DAuYeyhM,GB,39.0,Women,100.0,100.0,50.0,133.0,232181.0,621.0,8.129999
LrkzFKVJpz,US,39.0,Men,100.0,0.0,0.0,1.0,1219.0,1.0,0.45
PoqpEXnr2g,DE,39.0,Women,100.0,100.0,25.0,112.0,264222.0,6.0,3.09
I4fGKKRNSB,DE,39.0,Women,100.0,50.0,0.0,10.0,7066.0,11.0,1.0699999
B2QbJCb1x1,US,39.0,Men,100.0,0.0,0.0,13.0,6797.0,10.0,1.15
qMsKbm2XiG,US,35.0,Women,100.0,100.0,25.0,203.0,396098.0,905.0,12.950006
iEHty5GsVi,US,39.0,Women,50.0,0.0,0.0,1.0,613.0,1.0,0.25
bIdDNdRjKp,US,34.0,Women,100.0,50.0,0.0,31.0,9208.0,1.0,1.7
Rk36fWz30w,GB,41.0,Men,100.0,75.0,0.0,22.0,44296.0,7.0,2.2300003
Ib71qARRgn,GB,49.0,Men,100.0,100.0,0.0,38.0,42008.0,7.0,1.8300002
zm2kTuyCaQ,US,39.0,Men,100.0,25.0,0.0,1.0,106.0,1.0,0.7
RK9MXrfgej,US,48.0,Men,100.0,25.0,0.0,4.0,3625.0,1.0,0.9000001
RtcxMwlq2P,GB,28.0,Men,100.0,75.0,0.0,10.0,6368.0,1.0,3.93
LYwOtJJixY,GB,47.0,Women,100.0,100.0,87.5,560.0,571491.0,1539.0,30.030008
KuXTKstnHr,DE,39.0,Men,100.0,50.0,0.0,4.0,5607.0,1.0,1.4200001
blilWgr5eJ,GB,50.0,Men,100.0,100.0,0.0,63.0,119167.0,158.0,3.2299998
SouYEzorO8,US,39.0,Women,50.0,0.0,0.0,1.0,2103.0,1.0,0.35
xQiJkgYZI1,US,33.0,Women,100.0,100.0,0.0,65.0,103231.0,90.0,36.399998
aumdiB1uQd,GB,33.0,Women,100.0,0.0,0.0,2.0,2053.0,1.0,0.42999998
DF0abFn3pI,GB,32.0,Men,100.0,100.0,0.0,43.0,11735.0,10.0,8.53
yKgcLnkyNf,US,22.0,Men,100.0,100.0,12.5,52.0,148581.0,27.0,4.7
0MAuzDCTX3,US,36.0,Women,100.0,100.0,25.0,79.0,161287.0,15.0,6.649999
hLGLG35zda,DE,39.0,Women,100.0,75.0,0.0,53.0,30728.0,23.0,21.340002
MHZoQAGZbJ,GB,39.0,Women,100.0,100.0,37.5,256.0,337839.0,391.0,8.029996
aqn15pcD6o,US,39.0,Women,100.0,25.0,0.0,1.0,2301.0,1.0,0.79999995
JBoQuZtWs0,DE,37.0,Men,50.0,0.0,0.0,1.0,673.0,1.0,0.6
W7oV8R74Si,US,28.0,Women,100.0,100.0,12.5,128.0,121400.0,130.0,6.2999983
vizoReYbJv,GB,40.0,Women,100.0,100.0,12.5,22.0,68612.0,25.0,3.5299995
bZD3OB0pPj,DE,44.0,Women,100.0,75.0,0.0,7.0,9396.0,4.0,1.44
6alg9Xjt2F,US,39.0,Women,100.0,100.0,12.5,69.0,83527.0,18.0,5.6999993
5KP5ZQXfNu,DE,36.0,Women,100.0,50.0,0.0,7.0,1366.0,1.0,4.97
UJdAzv8LK1,DE,58.0,Women,100.0,100.0,12.5,67.0,87665.0,75.0,2.94
6RJIqM1d2q,GB,47.0,Men,100.0,100.0,25.0,48.0,193237.0,1.0,17.779999
Szk6MYNLhx,DE,38.0,Women,100.0,75.0,0.0,9.0,14403.0,7.0,11.440001
BBy8VJ0uy1,DE,26.0,Men,100.0,25.0,0.0,2.0,2037.0,2.0,0.9200001
FttS2nIERI,GB,39.0,Women,100.0,25.0,0.0,5.0,2843.0,2.0,0.58
SxLDg7BX4F,US,27.0,Men,100.0,25.0,0.0,5.0,8915.0,1.0,4.7999997
575IedKxh4,GB,57.0,Men,100.0,100.0,50.0,166.0,230085.0,14.0,9.129998
gjSjVsXZdm,DE,39.0,Women,100.0,100.0,0.0,25.0,68703.0,63.0,2.69
FDLHy7b1I6,DE,37.0,Men,100.0,100.0,0.0,3.0,3859.0,1.0,1.44
78IXH4uqPD,DE,39.0,Women,100.0,100.0,37.5,52.0,71851.0,19.0,26.150002
wH5FGxPGgw,DE,52.0,Men,100.0,75.0,0.0,70.0,83736.0,62.0,13.22
7Ws70MWPl6,DE,39.0,Women,100.0,100.0,0.0,48.0,38932.0,1.0,2.6899998
vCkvUgKAPm,DE,33.0,Women,100.0,75.0,0.0,7.0,14951.0,7.0,5.44
cBTucwnhb7,GB,32.0,Women,100.0,50.0,0.0,3.0,5306.0,4.0,0.78
cwtWYaUPde,US,50.0,Women,100.0,0.0,0.0,37.0,131708.0,73.0,4.1499996
6K1kj6FNmZ,DE,39.0,Women,100.0,25.0,0.0,2.0,2871.0,1.0,4.92
6cymTyx7FB,DE,43.0,Women,100.0,50.0,0.0,2.0,4750.0,1.0,1.1700001
vH488rvqTR,GB,18.0,Women,100.0,100.0,12.5,59.0,26671.0,43.0,3.0299997
sBz9S8tg6w,US,51.0,Women,100.0,50.0,0.0,14.0,6471.0,3.0,5.7
sD09jqJ9cT,DE,35.0,Men,100.0,100.0,25.0,110.0,68775.0,12.0,3.9399996
X2CIeG1Jas,DE,38.0,Women,100.0,75.0,0.0,16.0,17483.0,19.0,1.7400001
VBcLhIRuPS,GB,39.0,Women,100.0,25.0,0.0,1.0,5.0,1.0,0.48
y1ULF7guup,GB,33.0,Men,100.0,50.0,0.0,57.0,157441.0,1.0,8.119998
FmgjuJoSyw,DE,37.0,Men,100.0,0.0,0.0,1.0,1160.0,1.0,0.7
nilKcht9QW,US,38.0,Men,100.0,0.0,0.0,5.0,2765.0,1.0,0.63
DVV8Tbpru8,US,49.0,Men,100.0,100.0,0.0,105.0,161311.0,163.0,10.650002
KLKEPMLSsg,JP,33.0,Women,100.0,75.0,0.0,19.0,28058.0,29.0,3.4199994
Z5Pzejz9ke,DE,39.0,Women,100.0,75.0,0.0,165.0,203089.0,630.0,5.069999
k3JVCHWPKe,GB,60.0,Women,50.0,0.0,0.0,2.0,126.0,1.0,0.13
4oGGnQuit0,DE,39.0,Men,100.0,25.0,0.0,5.0,4755.0,9.0,0.91999996
EmJAy8L4GJ,GB,50.0,Men,100.0,100.0,62.5,201.0,321831.0,179.0,9.530001
qmlAT1WOI4,GB,45.0,Men,100.0,25.0,0.0,7.0,15598.0,11.0,0.68000007
ZFq6t5XrTJ,US,35.0,Men,100.0,25.0,0.0,1.0,2684.0,1.0,0.8000001
QpRzHfLoya,US,51.0,Women,50.0,0.0,0.0,18.0,25803.0,11.0,5.8999996
jimJmMFfuS,US,28.0,Men,100.0,25.0,0.0,19.0,7215.0,1.0,1.2
1x0vr11TpD,DE,22.0,Women,100.0,75.0,0.0,7.0,8539.0,3.0,36.44
LTJ6JY6AbW,GB,43.0,Men,100.0,100.0,25.0,12.0,5875.0,7.0,36.479992
d41ySP7FkL,GB,47.0,Women,100.0,100.0,12.5,56.0,59550.0,368.0,5.029999
hrZ6fmrlTV,GB,30.0,Women,100.0,100.0,25.0,14.0,11954.0,1.0,5.68
H0q1XI1ZGj,DE,36.0,Women,100.0,50.0,0.0,5.0,8129.0,1.0,0.74
i7NYO8SbNj,US,28.0,Women,50.0,0.0,0.0,1.0,427.0,1.0,0.25
F5TlG3bszz,DE,37.0,Women,100.0,100.0,0.0,26.0,33869.0,48.0,2.3899999
42XngIeLut,US,37.0,Men,100.0,25.0,0.0,14.0,11338.0,1.0,5.9399996
AG5C92DReC,GB,34.0,Men,100.0,100.0,12.5,39.0,67588.0,5.0,2.8299997
ErSn2c8kyh,GB,33.0,Men,50.0,0.0,0.0,3.0,723.0,2.0,0.2
HkBBUQDCD3,US,39.0,Women,100.0,0.0,0.0,1.0,1382.0,1.0,0.45000002
JcAfTNMWKb,DE,39.0,Men,100.0,100.0,0.0,14.0,11494.0,1.0,1.6400001
MJWlrqpgqV,DE,36.0,Women,100.0,0.0,0.0,14.0,1944.0,1.0,0.8000001
Hyn67kfODt,US,40.0,Men,100.0,50.0,0.0,10.0,24677.0,1.0,2.1999998
EX5kz0d0yC,US,39.0,Women,100.0,25.0,0.0,5.0,11876.0,1.0,1.0000001
Ejp2lBpEW5,DE,39.0,Men,100.0,100.0,37.5,178.0,548043.0,104.0,5.699999
13xKVJFNNk,DE,39.0,Women,100.0,50.0,0.0,3.0,2538.0,7.0,1.07
SQO7KubM3C,US,38.0,Men,100.0,100.0,0.0,48.0,38344.0,1.0,9.580002
eDmUuTfGDn,DE,36.0,Women,100.0,25.0,0.0,3.0,919.0,11.0,0.82000005
RC8AlaSGp0,GB,49.0,Men,100.0,100.0,25.0,105.0,197915.0,247.0,3.58
wss7qgAhTy,US,39.0,Women,50.0,0.0,0.0,9.0,4739.0,1.0,0.5
hdwVRHzLt5,US,39.0,Men,50.0,0.0,0.0,1.0,435.0,1.0,0.25
figIRTOATY,GB,39.0,Women,100.0,75.0,0.0,2.0,1910.0,5.0,1.1300001
g7CK5AaGrH,GB,50.0,Women,100.0,100.0,25.0,84.0,137730.0,50.0,4.479999
FJ6WY5qDyE,DE,53.0,Men,100.0,100.0,12.5,21.0,62585.0,79.0,6.539999
qVUH6IEW7P,JP,39.0,Women,100.0,50.0,0.0,36.0,68878.0,21.0,10.800001
GDA5kJNaaA,DE,39.0,Women,100.0,50.0,0.0,25.0,12010.0,20.0,5.27
7pE8cLZxdn,DE,34.0,Women,100.0,100.0,25.0,59.0,238196.0,361.0,3.4399996
DrjmA6kSFs,DE,39.0,Women,100.0,50.0,0.0,2.0,1389.0,1.0,1.07
yvnAXF03yX,JP,30.0,Women,100.0,75.0,0.0,16.0,30463.0,72.0,8.659999
5R8cPsstT3,GB,44.0,Women,100.0,100.0,50.0,146.0,196983.0,245.0,14.430009
kfJhg3ptdw,US,39.0,Men,100.0,25.0,0.0,6.0,6608.0,21.0,0.9000001
YcRixIkmZb,US,39.0,Women,100.0,0.0,0.0,1.0,733.0,1.0,0.45000002
tXrxRy6Cby,US,39.0,Women,100.0,25.0,0.0,4.0,464.0,1.0,0.70000005
ropTDnHLGS,DE,50.0,Women,100.0,50.0,0.0,52.0,52253.0,1.0,6.2699995
t33udrikVO,US,39.0,Men,100.0,25.0,0.0,3.0,4175.0,5.0,0.90000004
FJRQKlZB7l,DE,39.0,Women,100.0,100.0,37.5,51.0,169846.0,462.0,24.000002
qB7cY8UUZH,US,45.0,Men,100.0,25.0,0.0,2.0,3569.0,1.0,0.90000004
qdlsqbIl2b,GB,42.0,Men,100.0,50.0,0.0,3.0,4539.0,12.0,0.88000005
yzA9TWHDqL,US,52.0,Men,100.0,100.0,25.0,35.0,47150.0,1.0,9.049999
idVvTIdatr,GB,30.0,Women,100.0,50.0,0.0,5.0,514.0,1.0,0.68
VOY8oI1niD,GB,39.0,Women,100.0,25.0,0.0,4.0,3541.0,2.0,0.58
fEYZ6DhSvp,JP,39.0,Men,100.0,75.0,0.0,15.0,69903.0,1.0,2.7499998
Lfqjj9SAoq,US,44.0,Men,100.0,25.0,0.0,6.0,11164.0,1.0,0.8
PIEA9X1hD6,GB,36.0,Women,100.0,75.0,0.0,14.0,17089.0,11.0,1.8300002
yUvYmY4aiw,US,39.0,Men,100.0,25.0,0.0,2.0,2936.0,2.0,0.8000001
CdVpKKpeQ5,GB,39.0,Men,50.0,0.0,0.0,1.0,2192.0,1.0,0.35
F9tKgdSMNC,GB,43.0,Women,100.0,100.0,0.0,51.0,95175.0,12.0,3.1299994
VLjWbW3tkg,GB,39.0,Women,100.0,75.0,0.0,6.0,11717.0,1.0,1.63
i5JKtqNJFw,DE,34.0,Women,100.0,25.0,0.0,1.0,382.0,1.0,0.82000005
Y3x7zq71zh,DE,39.0,Women,100.0,100.0,0.0,32.0,7051.0,2.0,21.440002
h5l0MmJfrQ,GB,39.0,Women,100.0,0.0,0.0,3.0,1542.0,1.0,0.42999998
cKmXvfHEUm,US,40.0,Women,100.0,50.0,0.0,13.0,11576.0,1.0,5.7
2mFLeI4j8Q,DE,39.0,Women,100.0,50.0,0.0,12.0,15078.0,35.0,0.99000007
ILmPbNrtaO,DE,39.0,Men,100.0,75.0,0.0,14.0,48955.0,1.0,11.440001
4idFHKVohh,DE,29.0,Men,100.0,100.0,0.0,19.0,22022.0,15.0,1.39
HOUVeHnCRP,US,39.0,Men,100.0,75.0,0.0,14.0,22628.0,1.0,6.3500004
AIzTw9qZGK,DE,44.0,Men,100.0,100.0,0.0,79.0,220238.0,58.0,1.9900001
TJYG6CWW1j,US,38.0,Women,100.0,100.0,12.5,103.0,109748.0,151.0,24.600002
6p7BJumuXM,US,49.0,Men,100.0,25.0,0.0,17.0,17132.0,1.0,5.1
MaPufV15WJ,US,35.0,Men,100.0,75.0,0.0,35.0,32231.0,1.0,6.549999
IS3C1mJoua,GB,39.0,Men,100.0,100.0,0.0,22.0,29379.0,1.0,2.0300002
84u1BEeyAS,DE,39.0,Men,100.0,25.0,0.0,3.0,3170.0,1.0,0.92
HWHqUAv1Bt,DE,60.0,Women,100.0,25.0,0.0,1.0,1842.0,10.0,0.92
aIqFYs2fwv,GB,25.0,Women,100.0,100.0,25.0,44.0,55276.0,64.0,10.03
Q6debvvoAI,US,35.0,Men,100.0,75.0,0.0,86.0,65816.0,1.0,7.5499983
rpQbVCPvOh,DE,34.0,Women,100.0,100.0,12.5,52.0,45300.0,161.0,2.4399996
rDefgowkbH,GB,48.0,Men,100.0,100.0,12.5,69.0,113288.0,60.0,3.6299987
idie6dtrqp,DE,39.0,Women,100.0,100.0,50.0,91.0,182855.0,625.0,4.809999
SYIQmqJMUd,GB,43.0,Women,100.0,75.0,0.0,11.0,46710.0,43.0,2.13
jeGVGkOFsB,GB,45.0,Women,100.0,50.0,0.0,5.0,4534.0,1.0,0.88
ADnr2vxAJM,US,54.0,Men,100.0,50.0,0.0,4.0,6119.0,14.0,1.1
ALbOvnUcv4,DE,39.0,Men,100.0,100.0,0.0,42.0,127182.0,1.0,2.0900002
NtYtKMvC9Q,DE,49.0,Men,100.0,100.0,0.0,45.0,45888.0,1.0,4.4399986
8i9ZGuOIJn,DE,39.0,Women,100.0,100.0,50.0,137.0,78389.0,112.0,4.5799994
tbuksCquuk,US,55.0,Women,50.0,0.0,0.0,2.0,2113.0,2.0,0.35000002
moa9HvDG5x,GB,35.0,Women,100.0,100.0,0.0,18.0,10349.0,1.0,1.53
yW845yUgUr,DE,20.0,Women,100.0,0.0,0.0,22.0,35109.0,28.0,1.1700001
ShORh5gJ7H,GB,37.0,Women,100.0,50.0,0.0,9.0,5440.0,2.0,0.88
vZehH4b1j7,JP,25.0,Women,100.0,50.0,0.0,72.0,52057.0,1.0,2.0
GXoBu9WC7i,DE,42.0,Men,100.0,100.0,12.5,37.0,111357.0,40.0,13.140001
BN24Bjh8sf,DE,30.0,Women,100.0,100.0,0.0,23.0,11467.0,9.0,5.4399996
ttW8TYCnKx,DE,53.0,Women,100.0,25.0,0.0,8.0,5587.0,2.0,0.91999996
LEVaLcGmts,DE,37.0,Men,100.0,75.0,0.0,12.0,15368.0,24.0,1.54
2c6K66Mo2C,US,39.0,Men,100.0,50.0,0.0,11.0,12937.0,1.0,1.3000001
oknDHTEUCf,DE,30.0,Women,100.0,100.0,12.5,19.0,41826.0,9.0,82.53999
Cf8bRWlYlW,US,63.0,Men,100.0,100.0,0.0,52.0,52577.0,230.0,45.6
skJgOtuU9P,US,39.0,Women,100.0,50.0,0.0,7.0,14244.0,1.0,1.3000001
xIT2EcUAwl,US,39.0,Men,100.0,25.0,0.0,4.0,6288.0,1.0,0.8
DRfn7xEett,DE,39.0,Men,100.0,50.0,0.0,4.0,12127.0,8.0,1.2700001
239mtPpj1w,US,30.0,Men,100.0,25.0,0.0,168.0,290228.0,396.0,0.7
js8xxOy21x,JP,35.0,Men,100.0,100.0,0.0,11.0,4628.0,142.0,2.5800002
IUDeg4TP6f,DE,36.0,Women,100.0,100.0,12.5,41.0,67448.0,12.0,23.140003
wPcC71XvNh,GB,39.0,Women,100.0,50.0,0.0,1.0,3089.0,9.0,0.7800001
LmiVSgqQol,US,36.0,Women,100.0,25.0,0.0,6.0,13845.0,1.0,0.8000001
5RO5jVeu6m,DE,37.0,Men,100.0,100.0,0.0,21.0,18506.0,25.0,1.8400002
VW3YpGJP95,US,50.0,Men,100.0,0.0,0.0,24.0,29738.0,86.0,2.25
jvjxRmsOuI,DE,57.0,Women,100.0,100.0,50.0,207.0,566403.0,1081.0,5.309999
NAo43lSh5l,DE,39.0,Men,100.0,75.0,0.0,9.0,18471.0,20.0,1.2400001
onzrgEDVm4,US,39.0,Men,100.0,25.0,0.0,4.0,8973.0,1.0,0.90000004
jTuTFLlRyl,DE,35.0,Men,100.0,75.0,0.0,16.0,25647.0,1.0,1.44
0lf6218gVo,DE,33.0,Men,100.0,0.0,0.0,2.0,1108.0,1.0,0.70000005
6lmT7bG69n,GB,32.0,Women,50.0,0.0,0.0,3.0,493.0,1.0,0.2
KMY5t5k8Zt,DE,35.0,Women,100.0,75.0,0.0,1.0,1376.0,1.0,1.07
vsh7cMNUth,DE,39.0,Men,100.0,0.0,0.0,26.0,29036.0,25.0,1.6500002
485bueZcyU,DE,58.0,Women,100.0,100.0,62.5,138.0,595698.0,266.0,28.290007
xZdb9KnL1R,GB,55.0,Men,100.0,100.0,12.5,10.0,19118.0,51.0,24.729998
nqz6bDTUDl,GB,30.0,Men,100.0,75.0,0.0,15.0,31812.0,90.0,1.83
KFNp8AoNL0,GB,45.0,Women,100.0,100.0,37.5,143.0,266585.0,278.0,6.229998
avcHlDSCHD,GB,23.0,Men,100.0,100.0,0.0,34.0,32757.0,19.0,9.030002
ktygk2YKt2,US,39.0,Women,50.0,0.0,0.0,1.0,100.0,1.0,0.25
64DguSUI7s,DE,39.0,Women,100.0,100.0,12.5,72.0,62376.0,11.0,5.589998
XbtV4zEuhb,DE,37.0,Men,100.0,50.0,0.0,2.0,116.0,1.0,23.970001
6NKKT2rq9a,DE,37.0,Men,100.0,75.0,0.0,12.0,28752.0,5.0,1.5400001
B20EMwbwwA,DE,39.0,Women,50.0,0.0,0.0,2.0,922.0,1.0,0.6
AlgS8tTT1j,GB,38.0,Men,100.0,50.0,0.0,2.0,1906.0,2.0,0.68
8wBLyOyuBZ,GB,37.0,Women,100.0,75.0,0.0,10.0,24298.0,1.0,1.13
ZbytdCOBAZ,DE,50.0,Women,50.0,0.0,0.0,2.0,3764.0,1.0,0.7
odGGLp9hkf,US,37.0,Men,100.0,100.0,12.5,66.0,79229.0,1.0,9.200001
ZIgSfLHVyQ,DE,40.0,Women,50.0,0.0,0.0,13.0,7580.0,2.0,0.45000002
4vpLPOhqja,US,39.0,Women,100.0,25.0,0.0,8.0,8310.0,1.0,0.90000004
crn1Kll2U3,US,46.0,Women,100.0,50.0,0.0,7.0,44894.0,218.0,1.1
Q4buTMP78R,DE,39.0,Women,100.0,50.0,0.0,1.0,225.0,19.0,0.97
MC567UgoOC,US,39.0,Women,100.0,100.0,0.0,25.0,18391.0,12.0,2.7999997
onXq3TQk1b,US,31.0,Men,100.0,25.0,0.0,2.0,3392.0,2.0,0.8
Y1Mi7V9Uou,GB,44.0,Men,100.0,100.0,0.0,26.0,44130.0,12.0,16.130003
96kP6CrMpa,DE,53.0,Women,100.0,100.0,87.5,470.0,874420.0,800.0,16.750011
F0r5FdRt5M,US,39.0,Men,100.0,25.0,0.0,1.0,943.0,1.0,0.70000005
bqGdwdMJ0u,DE,29.0,Men,100.0,50.0,0.0,5.0,8182.0,9.0,1.1700001
wcWPuzufKK,US,40.0,Women,100.0,75.0,0.0,31.0,75051.0,153.0,3.6499991
stPVD2ykUv,US,49.0,Men,100.0,25.0,0.0,2.0,4674.0,1.0,0.8
ctOSdK5dpn,US,39.0,Men,100.0,0.0,0.0,1.0,1221.0,1.0,0.45000002
3VAexZ8pxy,DE,43.0,Men,100.0,100.0,62.5,233.0,567591.0,1195.0,7.989998
GFOUP9YIFm,US,39.0,Women,100.0,100.0,62.5,3.0,4308.0,796.0,20.15
mLVzlAAfLM,DE,29.0,Men,100.0,75.0,0.0,1.0,1741.0,10.0,11.34
Yhbbp2nGZU,DE,46.0,Men,100.0,100.0,0.0,19.0,23426.0,66.0,2.1399999
9Bun2ThGtY,US,39.0,Women,100.0,25.0,0.0,1.0,747.0,1.0,0.70000005
ayug16Twgj,US,68.0,Women,100.0,75.0,0.0,17.0,31811.0,158.0,3.0499997
QKZ0Sq6ek5,DE,28.0,Men,100.0,100.0,25.0,22.0,12899.0,24.0,2.39
rZmfZXrXdw,US,34.0,Women,100.0,50.0,0.0,6.0,10089.0,1.0,5.1
xBgKvYNfPr,US,39.0,Women,100.0,25.0,0.0,5.0,3022.0,10.0,0.8000001
PzcRjrKZaR,US,37.0,Men,100.0,100.0,25.0,44.0,167585.0,1.0,13.810001
b5PBEAi8k5,US,43.0,Women,100.0,25.0,0.0,4.0,8335.0,1.0,1.0
jqxfLD2z9Q,DE,36.0,Women,50.0,0.0,0.0,15.0,7181.0,8.0,0.6
RD8dHfnhNm,US,39.0,Men,100.0,75.0,0.0,21.0,16063.0,1.0,1.5500001
3qTMoXo80V,DE,49.0,Women,100.0,100.0,87.5,444.0,804367.0,1144.0,19.650005
CSLUPX9kmC,DE,30.0,Men,100.0,100.0,25.0,29.0,42642.0,105.0,8.095999
nrnGjtXODA,US,37.0,Women,100.0,0.0,0.0,1.0,490.0,1.0,0.45
cJ6ivUi2q3,DE,33.0,Women,100.0,50.0,0.0,9.0,7217.0,11.0,1.27
nDEzbIVLph,GB,60.0,Women,100.0,100.0,50.0,188.0,531012.0,418.0,7.229998
TKGfummMmu,US,42.0,Men,100.0,100.0,0.0,27.0,25593.0,1.0,2.8000002
rQ4lVkMbuG,JP,28.0,Men,100.0,50.0,0.0,6.0,8370.0,1.0,1.2
OyXaZ4D9XA,DE,39.0,Women,100.0,50.0,0.0,3.0,3499.0,3.0,1.0699999
D7W4t2L3Pu,DE,38.0,Men,100.0,75.0,0.0,61.0,47308.0,1.0,8.016
g5YCRHUGJN,US,39.0,Women,50.0,0.0,0.0,1.0,7.0,4.0,0.25
k7Yd10Uk7u,DE,39.0,Men,100.0,100.0,0.0,22.0,37548.0,38.0,6.3899994
nbGm0o8UF3,DE,39.0,Men,100.0,75.0,0.0,18.0,8105.0,7.0,1.3400002
pa085GwNtY,US,39.0,Men,100.0,50.0,0.0,11.0,13456.0,1.0,5.2999997
0zNMocELTN,GB,39.0,Men,100.0,75.0,0.0,25.0,32723.0,1.0,1.33
i0s3iQQD7j,GB,39.0,Women,100.0,100.0,0.0,18.0,25325.0,21.0,2.0300002
oubhK1rfRH,DE,22.0,Women,100.0,75.0,0.0,21.0,36765.0,30.0,5.6899996
BWAQvpnngr,DE,42.0,Men,100.0,0.0,0.0,2.0,2614.0,1.0,0.8
GAmP08gOcw,GB,39.0,Women,100.0,50.0,0.0,3.0,1151.0,4.0,0.73
LDjONs7iw4,GB,36.0,Men,100.0,100.0,12.5,27.0,58071.0,10.0,3.2299995
mTqaK6CXF1,GB,39.0,Men,100.0,75.0,0.0,22.0,36419.0,5.0,1.4300002
vb0rVdZXEJ,US,21.0,Women,100.0,25.0,0.0,22.0,6592.0,1.0,5.8
j6YRJ0TT8A,US,34.0,Men,100.0,25.0,0.0,1.0,2081.0,1.0,0.8
ix49QAZLdN,DE,52.0,Men,50.0,0.0,0.0,2.0,722.0,1.0,0.6
lv0jRxzujf,GB,39.0,Women,100.0,100.0,0.0,41.0,64171.0,2.0,1.9300001
PpY7tFAu4d,US,53.0,Men,100.0,50.0,0.0,21.0,35365.0,1.0,2.7999997
B9WZhPfv4R,GB,62.0,Women,100.0,100.0,25.0,20.0,42788.0,41.0,3.0800002
VkYqQ4b5wM,US,42.0,Women,100.0,50.0,0.0,7.0,2607.0,1.0,1.1
ClicQPTrws,GB,26.0,Men,100.0,100.0,75.0,223.0,200606.0,206.0,20.930006
zlGJTV90HC,US,45.0,Women,100.0,75.0,0.0,19.0,30874.0,116.0,7.0499997
lKFGEzkE7P,US,35.0,Men,100.0,25.0,0.0,17.0,20480.0,1.0,6.5499997
a5NOuro1Km,US,39.0,Men,100.0,75.0,0.0,23.0,31952.0,1.0,6.45
09wgO3Axah,US,39.0,Men,100.0,50.0,0.0,22.0,29943.0,1.0,2.1000001
a9mIVB6moz,DE,39.0,Men,100.0,50.0,0.0,4.0,1799.0,1.0,1.07
DM36HQRBt9,JP,35.0,Men,100.0,100.0,25.0,128.0,45374.0,42.0,6.5499988
jAOzmaRQS2,US,47.0,Women,100.0,25.0,0.0,4.0,991.0,1.0,0.70000005
IGOMtdFpk5,DE,46.0,Women,100.0,100.0,50.0,83.0,107286.0,1.0,25.810007
DMEzPZT4s6,US,46.0,Men,100.0,25.0,0.0,1.0,127.0,1.0,20.7
S460g8Dnoz,JP,39.0,Women,100.0,100.0,25.0,6.0,11548.0,764.0,4.13
a8a6bFYYGh,DE,33.0,Men,100.0,25.0,0.0,4.0,2521.0,1.0,0.9200001
niecOzGJGh,JP,25.0,Women,100.0,25.0,0.0,3.0,5346.0,1.0,0.8000001
XvAaSrvXgM,US,34.0,Women,100.0,25.0,0.0,12.0,6137.0,1.0,0.9000001
4FKWoGbDN0,GB,39.0,Men,100.0,100.0,12.5,37.0,62016.0,1.0,3.1299996
Tymvod9TJk,US,40.0,Men,100.0,0.0,0.0,2.0,3044.0,1.0,1.75
oDHjsM4fHj,DE,39.0,Women,100.0,50.0,0.0,1.0,1227.0,6.0,1.1700001
tTwcWKfBep,GB,39.0,Men,100.0,100.0,37.5,50.0,113472.0,336.0,4.3299994
9MV2du6QRJ,US,36.0,Men,100.0,25.0,0.0,2.0,2059.0,1.0,0.8000001
I7LwvfhQeX,DE,34.0,Men,100.0,100.0,50.0,252.0,569680.0,206.0,16.530003
uj53viJGM8,DE,39.0,Women,100.0,100.0,0.0,23.0,17696.0,34.0,2.19
JvwXKhWjWK,DE,39.0,Men,100.0,100.0,0.0,69.0,1699008.0,2.0,13.59
1b6028drKU,DE,18.0,Men,100.0,75.0,0.0,25.0,11436.0,13.0,1.44
OGXLPKK5RC,US,47.0,Men,100.0,100.0,50.0,332.0,697703.0,1094.0,16.250006
r7NCUCNuKx,US,35.0,Men,100.0,50.0,0.0,1.0,2364.0,10.0,11.099999
4c5orMlwiu,GB,31.0,Women,100.0,25.0,0.0,6.0,3074.0,1.0,0.48
O6FyvCsBGq,DE,39.0,Women,100.0,50.0,0.0,4.0,8998.0,4.0,1.1700001
VlFvBrNDfz,DE,44.0,Women,100.0,0.0,0.0,2.0,1815.0,1.0,0.42
LWfJdhXgrL,DE,36.0,Men,100.0,100.0,50.0,89.0,158639.0,1.0,32.560013
V8fQmW5Tvg,US,41.0,Men,100.0,25.0,0.0,11.0,3632.0,1.0,0.8000001
BD61TmsPoZ,US,38.0,Men,100.0,25.0,0.0,3.0,6572.0,1.0,0.90000004
P8iNojYUVw,US,42.0,Men,100.0,25.0,0.0,1.0,172.0,1.0,0.7
KU2El3h0is,US,34.0,Women,100.0,75.0,0.0,19.0,7678.0,1.0,1.45
YBfQLeGSa9,GB,20.0,Men,100.0,100.0,0.0,20.0,23438.0,1.0,2.03
HimYjFTTMr,GB,38.0,Women,100.0,100.0,0.0,28.0,64265.0,279.0,3.7299988
EhlBABhZJR,US,39.0,Men,100.0,50.0,0.0,4.0,8263.0,1.0,1.9000001
Rt2UM7HrOQ,DE,28.0,Women,100.0,100.0,12.5,55.0,67483.0,47.0,6.639999
2LT4sysItX,DE,34.0,Men,100.0,75.0,0.0,5.0,5658.0,1.0,1.3399999
ar6h64kC3X,US,32.0,Men,100.0,25.0,0.0,8.0,8099.0,1.0,0.9000001
a9AEPVB7ef,GB,47.0,Women,50.0,0.0,0.0,30.0,68109.0,1.0,0.70000005
ET6O1kU9DT,US,49.0,Women,100.0,50.0,0.0,8.0,809.0,1.0,1.0
8HQzB6LIX8,US,56.0,Women,100.0,100.0,0.0,46.0,59042.0,101.0,25.700008
Wx0B3PoUtb,DE,42.0,Men,100.0,100.0,0.0,28.0,45047.0,1.0,2.7899997
OZg16YXLoI,GB,39.0,Women,100.0,50.0,0.0,3.0,13115.0,1.0,0.88
t4FaZesHkx,US,32.0,Women,50.0,0.0,0.0,9.0,2544.0,1.0,0.4
nfnTx0NyTM,US,49.0,Women,100.0,100.0,0.0,24.0,22642.0,188.0,13.7
IQ26h1fmZ1,DE,39.0,Women,100.0,50.0,0.0,2.0,2261.0,1.0,1.09
FdocLdEuuj,US,38.0,Men,100.0,75.0,0.0,33.0,34792.0,1.0,3.05
misSKgKxaM,DE,25.0,Women,100.0,75.0,0.0,19.0,32951.0,2.0,11.84
2yfSzxsZW9,GB,39.0,Women,100.0,50.0,0.0,4.0,5353.0,2.0,0.78000003
U0gh2oHnvq,GB,35.0,Men,100.0,100.0,0.0,20.0,20665.0,27.0,15.7300005
a4uqJFz5BK,GB,57.0,Women,100.0,75.0,0.0,21.0,90192.0,1.0,4.5299997
3gK3aw2jEn,GB,39.0,Men,100.0,100.0,37.5,57.0,72931.0,254.0,5.4299984
CJueFQJmCn,DE,46.0,Women,100.0,75.0,0.0,5.0,5380.0,23.0,1.3400002
l1pDeJnhbN,DE,21.0,Men,100.0,50.0,0.0,25.0,18504.0,1.0,1.1700001
oyHkkkHf0T,US,49.0,Men,100.0,75.0,0.0,28.0,20773.0,9.0,7.1499996
JZ4FO559Xd,US,28.0,Women,100.0,50.0,0.0,7.0,10337.0,1.0,1.2
6WiR7hfHZI,DE,18.0,Women,100.0,25.0,0.0,4.0,2826.0,1.0,0.92
eDEfDMus4i,DE,36.0,Women,100.0,50.0,0.0,5.0,16671.0,1.0,1.0699999
i7h7r3jrmB,DE,39.0,Men,100.0,0.0,0.0,3.0,3058.0,17.0,0.8000001
VVCFtedFIo,GB,38.0,Men,100.0,75.0,0.0,13.0,7157.0,1.0,1.0300001
pNtoBm6jdF,DE,26.0,Men,100.0,75.0,0.0,11.0,12648.0,6.0,1.44
EcaRV5em7X,GB,30.0,Women,100.0,75.0,0.0,17.0,13356.0,39.0,1.6300001
Lx9CD1WLq8,GB,47.0,Women,100.0,100.0,0.0,22.0,50129.0,213.0,2.4299998
q1SQIMofFA,US,39.0,Men,50.0,0.0,0.0,1.0,197.0,1.0,0.25
ePcv2hWBIN,DE,34.0,Men,100.0,50.0,0.0,2.0,2032.0,1.0,5.07
HM9QiI8Ql4,DE,45.0,Men,100.0,100.0,12.5,78.0,132858.0,1.0,2.3400002
c1X4iyWW0k,DE,65.0,Women,100.0,25.0,0.0,3.0,3259.0,9.0,0.92
6tvlxFr82Y,GB,50.0,Men,100.0,0.0,0.0,2.0,270.0,3.0,0.32999998
1w4GTEdUnb,US,39.0,Women,100.0,100.0,25.0,51.0,39264.0,15.0,9.950001
5HMvYP801X,US,39.0,Men,100.0,75.0,0.0,15.0,11109.0,1.0,2.1499999
sEjvF9TkhZ,DE,45.0,Men,100.0,100.0,0.0,18.0,40661.0,7.0,2.29
YkVLk9EGKf,DE,31.0,Men,100.0,50.0,0.0,3.0,3854.0,2.0,1.07
wb1HWOFEAZ,US,42.0,Women,100.0,25.0,0.0,1.0,4733.0,1.0,0.8
ZlPnjzr1iV,DE,36.0,Women,100.0,50.0,0.0,9.0,12757.0,4.0,1.3700001
W9i0WUrHUz,GB,37.0,Women,100.0,50.0,0.0,8.0,6561.0,1.0,0.88
hDfiT921jq,JP,41.0,Men,100.0,0.0,0.0,3.0,2185.0,1.0,0.45000002
l1EOaX5zxU,DE,45.0,Men,100.0,50.0,0.0,8.0,17526.0,19.0,1.17
FZ1M4THgxT,GB,58.0,Men,100.0,100.0,12.5,53.0,74393.0,257.0,19.000004
2Qt8H3fywg,US,35.0,Women,100.0,100.0,12.5,6.0,6885.0,1.0,3.7999997
pnHtCwghJB,US,22.0,Women,100.0,50.0,0.0,5.0,2213.0,1.0,1.1
XGpRDr8DfL,GB,46.0,Women,100.0,50.0,0.0,2.0,6315.0,7.0,14.880001
LUCwTI6fZ7,GB,36.0,Women,100.0,100.0,50.0,148.0,294684.0,582.0,23.830008
ivvapxYZX2,US,39.0,Women,100.0,0.0,0.0,3.0,1352.0,2.0,0.45000002
uVpsN3eUzn,GB,46.0,Men,100.0,100.0,25.0,49.0,136309.0,67.0,6.679999
TB2GQa8aa2,US,64.0,Women,50.0,0.0,0.0,2.0,1150.0,22.0,5.35
u4etAMNkmA,US,39.0,Men,50.0,0.0,0.0,1.0,913.0,1.0,0.25
ehYO1cAOLT,US,21.0,Women,100.0,75.0,0.0,13.0,21187.0,1.0,1.75
YX2X8V9Obl,US,36.0,Men,100.0,25.0,0.0,13.0,13602.0,2.0,1.1
TBhYdr7NqM,DE,58.0,Women,100.0,100.0,50.0,187.0,163714.0,420.0,5.9099984
ELLzaPnizV,DE,64.0,Women,100.0,75.0,0.0,21.0,36462.0,50.0,30.69
fpo2cFhNVb,DE,42.0,Men,100.0,75.0,0.0,10.0,14516.0,2.0,1.44
HTa4UwY26I,DE,41.0,Women,50.0,0.0,0.0,5.0,1567.0,1.0,0.7
EDi72ciwka,DE,38.0,Men,50.0,0.0,0.0,12.0,7472.0,2.0,0.47
8VGcQN5zeP,DE,44.0,Women,100.0,100.0,0.0,28.0,60705.0,1.0,6.539999
DD8AlMBRBI,GB,49.0,Men,100.0,100.0,12.5,50.0,68916.0,145.0,5.5299993
ZEOGxycNsn,US,35.0,Men,100.0,0.0,0.0,5.0,3882.0,22.0,0.55
7mx9HM4saU,US,39.0,Women,50.0,0.0,0.0,2.0,2993.0,1.0,0.35
h0soQ9B6pG,US,26.0,Men,100.0,50.0,0.0,21.0,30484.0,25.0,1.7000002
Inc497zq49,GB,38.0,Women,100.0,50.0,0.0,9.0,7220.0,7.0,1.0300001
gyFdSS7iyh,GB,26.0,Men,100.0,50.0,0.0,3.0,4003.0,1.0,0.88000005
RIMoZj4XYI,DE,42.0,Women,100.0,0.0,0.0,8.0,6436.0,12.0,29.52
pL3cCzY7xc,GB,41.0,Women,100.0,100.0,37.5,91.0,95504.0,382.0,7.629999
Wu9rwL6ych,US,51.0,Women,100.0,0.0,0.0,14.0,16260.0,30.0,1.95
YMNwUTbdfG,US,41.0,Women,100.0,25.0,0.0,5.0,4227.0,1.0,0.8
ayIN6A6QWu,DE,54.0,Women,100.0,100.0,37.5,151.0,330661.0,344.0,15.210002
QifwLu3Tbz,US,34.0,Women,100.0,25.0,0.0,1.0,311.0,1.0,0.70000005
ckPFKfULpy,GB,37.0,Men,100.0,0.0,0.0,31.0,58803.0,5.0,1.5000002
Iavpa44tsU,GB,39.0,Men,100.0,0.0,0.0,23.0,34312.0,1.0,1.2300001
RhvVAhQ7ua,DE,42.0,Men,100.0,50.0,0.0,20.0,22171.0,2.0,1.57
fx3hrdLHps,US,62.0,Women,100.0,75.0,0.0,71.0,93725.0,1.0,4.1499996
Ta5P4XjRfJ,DE,39.0,Men,100.0,75.0,0.0,7.0,10897.0,1.0,5.5899997
X68cRoGd83,DE,42.0,Men,100.0,100.0,12.5,28.0,85156.0,37.0,65.15999
Ls3Kn3txxW,US,39.0,Women,100.0,25.0,0.0,7.0,1395.0,1.0,0.8
PAuf6mY8BS,US,24.0,Women,100.0,100.0,0.0,52.0,20859.0,9.0,35.679993
zxYHDXobx5,DE,39.0,Women,100.0,100.0,12.5,34.0,30875.0,17.0,12.040001
ROOcSHGQWu,US,45.0,Men,100.0,25.0,0.0,10.0,13767.0,19.0,6.0999994
uyyEzioQkl,DE,52.0,Women,50.0,0.0,0.0,2.0,1746.0,2.0,0.7
APDXzGReel,DE,32.0,Men,100.0,0.0,0.0,1.0,905.0,1.0,0.32
6RqiOENJWh,GB,51.0,Women,100.0,100.0,0.0,62.0,219729.0,1.0,2.2299998
ukTji0Bso8,US,58.0,Women,50.0,0.0,0.0,3.0,684.0,1.0,0.25
y5nNiGsnuJ,US,39.0,Men,50.0,0.0,0.0,1.0,1045.0,1.0,0.25
QVKAhy1cOZ,US,39.0,Men,100.0,50.0,0.0,5.0,6614.0,26.0,2.1
O6Vi1VZrI5,DE,39.0,Women,100.0,50.0,0.0,3.0,5417.0,2.0,1.0699999
I0cVtD1ZZA,US,56.0,Women,100.0,25.0,0.0,2.0,3457.0,1.0,0.8
SvRn9NytNm,GB,57.0,Men,100.0,100.0,87.5,26.0,33714.0,282.0,45.829998
Xj54yYYYV0,DE,43.0,Men,50.0,0.0,0.0,68.0,105247.0,348.0,2.18
KDQobXbJJI,GB,39.0,Women,100.0,0.0,0.0,1.0,1629.0,1.0,0.42999998
Zh7ZMmK66k,GB,39.0,Women,100.0,25.0,0.0,5.0,2732.0,1.0,0.58
dUNT3kDwo9,DE,25.0,Women,100.0,25.0,0.0,9.0,2784.0,1.0,1.0200001
QkX0CB29RH,DE,41.0,Men,100.0,100.0,25.0,25.0,30863.0,79.0,2.7399998
GMfXlyphKK,US,40.0,Women,100.0,100.0,0.0,25.0,26094.0,1.0,3.1999998
v4DHyreXLS,DE,39.0,Women,100.0,100.0,0.0,40.0,43743.0,21.0,6.039999
6KNwVTS7Ce,DE,44.0,Women,100.0,75.0,0.0,12.0,13341.0,53.0,1.7900001
svZApc7XHU,DE,39.0,Men,100.0,75.0,0.0,13.0,32638.0,1.0,1.99
XYNwkdlsoZ,GB,25.0,Men,100.0,75.0,0.0,20.0,11808.0,1.0,20.93
603Jl4mKjM,DE,36.0,Women,100.0,100.0,12.5,40.0,74025.0,522.0,26.440002
AEst4D382d,US,51.0,Men,100.0,100.0,0.0,64.0,79467.0,104.0,5.199999
SxvS1uxydM,JP,39.0,Men,100.0,25.0,0.0,1.0,1864.0,1.0,0.8
7aL5TCAv38,DE,46.0,Men,100.0,100.0,37.5,139.0,226199.0,593.0,4.349999
FTrjnt4Co4,US,49.0,Men,100.0,50.0,0.0,29.0,79637.0,11.0,3.6499996
rDA7oyHnBY,GB,34.0,Men,100.0,75.0,0.0,13.0,24524.0,3.0,1.8300003
KpSM9iYjjX,US,51.0,Women,100.0,25.0,0.0,7.0,11971.0,17.0,20.900002
bYjFIopGvQ,GB,41.0,Men,100.0,50.0,0.0,4.0,6901.0,1.0,0.78000003
b8pfcSwxb8,US,39.0,Men,100.0,25.0,0.0,5.0,974.0,1.0,0.6
nkJa4NpJ2C,US,39.0,Women,100.0,50.0,0.0,10.0,5478.0,3.0,1.0999999
WwiCK54yQT,DE,53.0,Men,100.0,100.0,50.0,35.0,203691.0,517.0,4.209999
CAwqGhTI4n,US,39.0,Women,100.0,25.0,0.0,5.0,7352.0,1.0,1.0
thjHqznbMy,DE,39.0,Men,100.0,100.0,37.5,32.0,83426.0,240.0,3.1
l4AT2kZgVF,GB,28.0,Men,100.0,50.0,0.0,2.0,8767.0,1.0,0.78000003
DHDJMpakRE,DE,40.0,Men,100.0,100.0,12.5,16.0,67384.0,198.0,2.44
aE7bIaFZM1,US,39.0,Men,100.0,25.0,0.0,4.0,1573.0,6.0,0.8
e6XioiiGhk,JP,21.0,Women,100.0,100.0,12.5,26.0,41087.0,1.0,4.9999995
ih5t2UlDBR,GB,39.0,Women,100.0,25.0,0.0,1.0,950.0,2.0,0.48
n2iADoolIL,US,36.0,Men,100.0,100.0,12.5,26.0,25697.0,2.0,9.580001
qYmOaz579c,US,39.0,Women,100.0,50.0,0.0,6.0,10560.0,2.0,1.3000002
Oq7RyVs4r1,GB,35.0,Men,100.0,100.0,37.5,200.0,126166.0,1.0,7.7299986
HfmlyerkzC,DE,39.0,Men,100.0,100.0,0.0,34.0,55981.0,129.0,2.79
oMLtqeMmax,DE,39.0,Women,100.0,100.0,62.5,87.0,224549.0,272.0,11.090006
Bva9kl4VoS,DE,36.0,Men,100.0,100.0,25.0,209.0,183860.0,1.0,10.04
9qRSXgrWmB,US,42.0,Men,100.0,75.0,0.0,7.0,18975.0,1.0,2.85
m1iZxK9xZx,DE,39.0,Men,100.0,100.0,50.0,122.0,156231.0,283.0,10.109999
Tlor2AHvND,US,39.0,Women,100.0,25.0,0.0,15.0,13825.0,13.0,2.1
atfXknVEwJ,US,52.0,Men,100.0,75.0,0.0,11.0,29288.0,33.0,6.65
UI4Pa8bNPI,DE,40.0,Men,100.0,100.0,50.0,175.0,311902.0,607.0,6.439998
30p0hBV9oB,GB,40.0,Men,100.0,50.0,0.0,4.0,19438.0,1.0,3.5799997
mgz5CWSepT,US,28.0,Men,100.0,25.0,0.0,3.0,3773.0,3.0,0.70000005
rn84IN1vL2,DE,49.0,Women,100.0,100.0,50.0,147.0,208270.0,2.0,12.1100025
law2lBm7Sc,DE,32.0,Men,100.0,100.0,25.0,75.0,128067.0,206.0,9.836
zqWVjpjscJ,DE,26.0,Women,100.0,100.0,0.0,26.0,34855.0,30.0,1.6400001
ELzkZQwP50,US,39.0,Women,100.0,100.0,12.5,72.0,122478.0,47.0,6.099999
FAZQDCKYsH,DE,39.0,Men,100.0,100.0,50.0,211.0,228490.0,582.0,5.509999
vtHH8Urdy9,US,42.0,Men,100.0,50.0,0.0,19.0,18756.0,65.0,2.3999999
m5IQW7xOrX,GB,53.0,Women,100.0,100.0,12.5,63.0,147085.0,139.0,3.5299995
jnLwfNzk6o,DE,33.0,Women,100.0,100.0,0.0,84.0,79428.0,68.0,6.4900002
qJZM6InWpG,US,39.0,Men,100.0,25.0,0.0,5.0,4940.0,1.0,0.9000001
cpNtGJYCR2,DE,47.0,Women,100.0,100.0,50.0,34.0,242640.0,252.0,4.909999
RBueckB36X,DE,39.0,Men,100.0,25.0,0.0,1.0,2502.0,5.0,0.9200001
d7SLv3VnV6,DE,42.0,Women,100.0,100.0,0.0,21.0,51349.0,130.0,12.590002
54WiABiHCL,US,51.0,Men,100.0,50.0,0.0,13.0,31183.0,27.0,2.4999998
zr2f005zbm,GB,39.0,Women,100.0,75.0,0.0,5.0,6315.0,46.0,1.53
jtNqlfFRHG,GB,37.0,Men,100.0,100.0,0.0,6.0,2302.0,1.0,1.03
awwEHNnENX,US,46.0,Men,100.0,100.0,12.5,456.0,1450164.0,1709.0,57.89994
HqXbJDFcPY,GB,49.0,Men,100.0,100.0,0.0,30.0,49546.0,34.0,10.03
DRswPKXGfl,GB,33.0,Women,100.0,50.0,0.0,3.0,6160.0,1.0,0.78
4rRaiq6Cw2,GB,52.0,Men,100.0,100.0,25.0,19.0,54244.0,261.0,2.9799998
0j7jYhqHoE,DE,39.0,Men,100.0,75.0,0.0,7.0,5781.0,3.0,1.2400001
3eCDBWMQde,DE,45.0,Men,100.0,100.0,0.0,94.0,158725.0,39.0,30.540003
Qr0d3bhkML,DE,39.0,Men,100.0,50.0,0.0,10.0,5840.0,2.0,1.1700001
p8WcFQUINI,JP,18.0,Women,100.0,75.0,0.0,25.0,27694.0,104.0,2.2599998
57aGHGF6ON,DE,42.0,Women,100.0,50.0,0.0,7.0,10682.0,1.0,0.94000006
iD8LlhcIHh,DE,39.0,Women,100.0,100.0,37.5,243.0,355701.0,176.0,5.6099977
68ucxolc8v,DE,24.0,Women,100.0,100.0,25.0,106.0,25684.0,2.0,6.839999
G6gDGSbuGW,DE,37.0,Women,100.0,100.0,37.5,194.0,220742.0,144.0,5.699999
0SncqMj4F8,DE,42.0,Men,100.0,100.0,0.0,1.0,24.0,1.0,1.34
zjrbmPNs2x,GB,46.0,Women,100.0,100.0,0.0,21.0,64367.0,1.0,2.0300002
ilZy07EgFD,DE,39.0,Women,100.0,75.0,0.0,7.0,10506.0,8.0,1.5400001
8XbWghYRA3,GB,42.0,Women,100.0,75.0,0.0,6.0,20052.0,18.0,3.83
t085i0B6M0,US,39.0,Men,100.0,100.0,37.5,140.0,257197.0,123.0,52.149998
fAIsDy85ln,US,39.0,Women,100.0,50.0,0.0,3.0,366.0,1.0,5.0
x5e7BHD1aB,US,44.0,Men,100.0,50.0,0.0,15.0,5935.0,1.0,5.1
dgAXLjDn0S,US,26.0,Men,100.0,75.0,0.0,4.0,659.0,1.0,5.45
ee60Eq52KZ,US,40.0,Men,100.0,100.0,0.0,134.0,776209.0,95.0,9.249999
gBpBQRLvYb,US,39.0,Women,100.0,25.0,0.0,2.0,2847.0,1.0,0.8
HUYVTEmk6C,US,39.0,Men,100.0,50.0,0.0,6.0,2064.0,3.0,1.0
q0zE5D3VjQ,DE,39.0,Women,100.0,100.0,50.0,24.0,15985.0,188.0,7.609999
O3ocWJ83zG,DE,35.0,Men,100.0,0.0,0.0,56.0,166344.0,1.0,2.0500002
7PRu6pfTRg,DE,18.0,Women,100.0,50.0,0.0,10.0,6046.0,1.0,5.1699996
j9kNsUGyJo,US,39.0,Women,100.0,50.0,0.0,9.0,4362.0,1.0,5.1
4aNZNaSgX6,US,47.0,Women,100.0,0.0,0.0,3.0,2655.0,1.0,0.55
Fc9lbOdUM9,DE,39.0,Men,100.0,75.0,0.0,9.0,23041.0,1.0,1.44
PISBVOzUM0,DE,55.0,Men,100.0,75.0,0.0,16.0,28603.0,32.0,1.8400002
sSgeSJBA9T,GB,36.0,Women,100.0,75.0,0.0,9.0,10062.0,5.0,1.33
2VEa7Kvsva,GB,34.0,Men,100.0,100.0,12.5,52.0,85129.0,19.0,3.9299994
o7lwyvJnid,US,39.0,Women,100.0,0.0,0.0,1.0,814.0,1.0,0.45000002
JVIHVcoF4k,US,58.0,Men,100.0,75.0,0.0,40.0,70246.0,129.0,16.81
KkSK7HHD2K,DE,39.0,Men,100.0,75.0,0.0,12.0,7229.0,3.0,1.24
4ujY3DzNkE,GB,34.0,Men,100.0,75.0,0.0,14.0,15834.0,17.0,1.23
qoQnniTUE6,JP,39.0,Men,100.0,75.0,0.0,33.0,23814.0,1.0,4.75
gw4ZZqzm8c,US,74.0,Women,100.0,0.0,0.0,2.0,1048.0,1.0,0.35000002
03rUuSNzdM,GB,25.0,Men,50.0,0.0,0.0,7.0,1335.0,1.0,0.22999999
IRKVG0dGYw,US,50.0,Men,100.0,75.0,0.0,17.0,45747.0,51.0,3.0499997
ByjO4u3nxH,DE,42.0,Men,100.0,75.0,0.0,11.0,25105.0,48.0,11.79
av9S2LBhA2,DE,39.0,Women,50.0,0.0,0.0,2.0,593.0,3.0,0.6
554lxq8Mce,US,39.0,Men,100.0,50.0,0.0,4.0,6476.0,27.0,1.2
z16EGmeyD7,DE,39.0,Women,100.0,100.0,37.5,140.0,392760.0,645.0,4.4999995
9pE08Mx5zo,JP,39.0,Men,100.0,25.0,0.0,6.0,3543.0,10.0,0.63000005
MrNs3e0CYK,DE,33.0,Men,100.0,100.0,12.5,68.0,60470.0,73.0,7.239999
6USEFBDL05,GB,39.0,Women,100.0,25.0,0.0,12.0,26026.0,8.0,0.68
JrlVLjWTOK,US,29.0,Women,100.0,50.0,0.0,19.0,34528.0,22.0,21.900002
2ofsilRSU9,DE,25.0,Men,100.0,50.0,0.0,35.0,73838.0,45.0,25.620003
WccvnEr3TO,GB,44.0,Women,100.0,25.0,0.0,5.0,5555.0,1.0,0.58
YueUBGBswO,US,60.0,Women,100.0,75.0,0.0,5.0,15101.0,223.0,2.5500002
DiEiHEbGR2,DE,93.0,Women,100.0,50.0,0.0,8.0,9281.0,1.0,1.07
SJ5d64E26c,US,32.0,Women,100.0,50.0,0.0,3.0,9536.0,1.0,1.1
deKZ3v0zBm,DE,39.0,Women,100.0,75.0,0.0,9.0,9707.0,58.0,1.59
WC8PFeNa6h,GB,38.0,Men,100.0,100.0,25.0,119.0,83359.0,118.0,7.979997
iwOyR5tLbM,GB,52.0,Men,100.0,100.0,50.0,109.0,403893.0,549.0,8.83
H0ZEnNjjUl,US,39.0,Women,100.0,50.0,0.0,6.0,6644.0,1.0,1.2
dvL29Sx4kY,DE,39.0,Women,100.0,75.0,0.0,13.0,11215.0,1.0,1.69
4GzzafXPnI,GB,38.0,Women,100.0,100.0,50.0,90.0,149603.0,56.0,21.710003
y7qUMGawKf,GB,35.0,Women,100.0,25.0,0.0,18.0,8447.0,1.0,3.6799998
Oi5GFkXy7d,DE,43.0,Women,100.0,100.0,0.0,29.0,63639.0,59.0,25.19
ZMsJKgbVM1,GB,40.0,Women,100.0,100.0,0.0,27.0,36872.0,10.0,5.5299983
4btnOxbJTk,DE,43.0,Men,100.0,100.0,0.0,22.0,45754.0,166.0,2.6899998
BriyNkDjnH,US,29.0,Women,100.0,100.0,25.0,94.0,133770.0,2.0,10.949999
TO3MhmLdoX,US,72.0,Men,100.0,25.0,0.0,4.0,4054.0,1.0,4.8
KIKhelW3Nj,DE,39.0,Women,100.0,100.0,62.5,118.0,109897.0,1.0,50.139984
WWORvxlvph,DE,28.0,Men,100.0,50.0,0.0,71.0,96219.0,248.0,2.47
4ogr32dj9F,JP,30.0,Women,100.0,100.0,12.5,50.0,93675.0,147.0,8.599998
uwWuNUThbn,DE,39.0,Women,100.0,100.0,0.0,51.0,71945.0,1.0,2.19
smiuefTT75,US,39.0,Men,50.0,0.0,0.0,1.0,1572.0,1.0,0.35000002
99ScUjKAKg,US,43.0,Women,100.0,0.0,0.0,18.0,42134.0,40.0,1.3500001
iDGDz4J04V,US,23.0,Men,100.0,25.0,0.0,6.0,7485.0,1.0,0.90000004
aSFb7es6eP,US,58.0,Men,100.0,0.0,0.0,3.0,1777.0,1.0,0.55
SBic6RJQqO,US,57.0,Women,100.0,100.0,12.5,86.0,110862.0,15.0,10.200003
3i0M31oRXW,DE,40.0,Men,100.0,100.0,62.5,179.0,178643.0,64.0,6.4099975
rTGVXXPNsW,US,99.0,Men,100.0,25.0,0.0,1.0,169.0,1.0,0.70000005
AuwZuDlbQi,US,36.0,Women,50.0,0.0,0.0,1.0,789.0,1.0,4.25
GMmKnoi7Gj,DE,49.0,Women,100.0,100.0,12.5,89.0,93049.0,59.0,4.039999
zZMdGOw4KA,US,34.0,Women,100.0,50.0,0.0,5.0,6230.0,1.0,1.1
ZqnDjkgt88,JP,33.0,Women,100.0,0.0,0.0,4.0,6412.0,4.0,0.49
bggrH8TaEc,US,63.0,Women,100.0,50.0,0.0,23.0,12152.0,1.0,1.8000001
AzSAh19onX,GB,35.0,Men,50.0,0.0,0.0,11.0,19999.0,25.0,1.5500002
PX6UArmVM7,JP,51.0,Women,100.0,100.0,37.5,130.0,73481.0,122.0,10.55
EO3GszUxQA,US,37.0,Men,100.0,50.0,0.0,11.0,14515.0,17.0,2.3999999
tMeOET7Bd6,US,39.0,Men,100.0,0.0,0.0,1.0,79.0,1.0,0.45000002
LrelEqZTwj,US,29.0,Women,100.0,25.0,0.0,5.0,5214.0,4.0,0.9
WovZjAplQK,US,44.0,Men,100.0,100.0,12.5,73.0,90994.0,1.0,9.099999
SePKl6jaYh,US,39.0,Men,100.0,0.0,0.0,2.0,1838.0,1.0,0.55
AlouTv8vMu,JP,44.0,Women,100.0,50.0,0.0,36.0,80615.0,31.0,2.3999996
BBOtFBMvtu,US,41.0,Men,100.0,75.0,0.0,28.0,156977.0,1.0,25.250002
OV5d91ndBJ,DE,37.0,Men,100.0,100.0,37.5,74.0,109922.0,285.0,4.899998
LPXu38dZ28,US,58.0,Women,100.0,100.0,0.0,10.0,32988.0,380.0,3.5
NaeTQHHtY1,GB,37.0,Women,100.0,75.0,0.0,18.0,13537.0,9.0,21.230001
jKjX260rPG,US,50.0,Women,100.0,25.0,0.0,3.0,1919.0,2.0,0.70000005
Nc1D1krOrW,DE,39.0,Men,100.0,100.0,75.0,340.0,405253.0,424.0,40.749985
VdQtbTxSbH,US,42.0,Women,100.0,100.0,0.0,78.0,202591.0,1.0,8.599999
fBBUGiS5A8,GB,29.0,Women,100.0,75.0,0.0,5.0,17628.0,12.0,1.13
U1k4oiRnxR,GB,39.0,Women,100.0,75.0,0.0,13.0,19649.0,1.0,1.83
kOirXk211S,DE,21.0,Men,100.0,75.0,0.0,18.0,17469.0,1.0,1.54
3F80yurGfP,DE,20.0,Men,100.0,75.0,0.0,5.0,3884.0,2.0,1.34
XxLVQPnT7r,DE,37.0,Women,100.0,75.0,0.0,6.0,8707.0,13.0,1.34
egtAZqEmv1,DE,28.0,Women,50.0,0.0,0.0,4.0,3270.0,6.0,0.25
3g3J1mplDx,GB,36.0,Men,100.0,50.0,0.0,1.0,4404.0,1.0,0.78000003
Fv673MgvlQ,US,54.0,Women,100.0,100.0,62.5,614.0,642239.0,1.0,29.050014
dLanvwEmeD,US,39.0,Women,100.0,75.0,0.0,27.0,35868.0,120.0,3.0499997
OzEXAMW239,DE,39.0,Men,100.0,100.0,0.0,45.0,38226.0,77.0,2.3899999
gsW52zwSe5,DE,35.0,Men,100.0,100.0,12.5,85.0,115927.0,7.0,7.7399993
DpTqUuFoZk,DE,50.0,Men,100.0,50.0,0.0,5.0,3483.0,9.0,0.97
Cm9oAPRhTQ,DE,25.0,Women,100.0,75.0,0.0,10.0,9312.0,1.0,1.34
AlPdEp5X3V,US,46.0,Women,100.0,50.0,0.0,1.0,2948.0,1.0,1.1
iK4Xy8l59R,DE,65.0,Women,100.0,50.0,0.0,2.0,498.0,1.0,0.97
NvJ9ig2L23,US,39.0,Men,100.0,75.0,0.0,14.0,17169.0,96.0,22.75
autkW6KQjv,DE,49.0,Women,100.0,0.0,0.0,16.0,11930.0,14.0,0.82000005
EAoDbadhEO,US,41.0,Men,100.0,50.0,0.0,18.0,19221.0,5.0,5.3999996
jVa0gADAav,GB,55.0,Women,100.0,100.0,12.5,37.0,86821.0,62.0,6.0299997
mO30KoRHwQ,US,49.0,Men,50.0,0.0,0.0,1.0,221.0,1.0,0.25
pY8qr4Fw4b,DE,39.0,Men,100.0,100.0,12.5,63.0,66092.0,140.0,3.6399992
2EFRMmsUiv,US,39.0,Men,100.0,25.0,0.0,30.0,60532.0,1.0,1.7000002
eFRNZrSu3x,US,50.0,Women,100.0,50.0,0.0,5.0,5560.0,1.0,1.1
NAOYwmdM2W,GB,50.0,Men,100.0,100.0,0.0,33.0,36365.0,59.0,3.529999
cgKAySpBUw,GB,50.0,Women,100.0,25.0,0.0,7.0,12048.0,1.0,0.78000003
j7FsMCKSpg,US,39.0,Men,50.0,0.0,0.0,1.0,7.0,2.0,0.25
cURnedKhpV,GB,45.0,Women,100.0,50.0,0.0,109.0,297719.0,94.0,4.7999988
JUP8R2cHWn,DE,42.0,Men,100.0,75.0,0.0,6.0,8960.0,17.0,1.6400001
uzxVOAV19b,DE,46.0,Men,100.0,100.0,12.5,54.0,167003.0,111.0,3.7399993
MjED2RQeUC,US,39.0,Women,100.0,25.0,0.0,21.0,24718.0,1.0,5.4
xM8fprtvM9,GB,36.0,Women,100.0,100.0,0.0,42.0,13548.0,4.0,1.4300001
rc8V9fObkD,DE,39.0,Men,100.0,100.0,12.5,56.0,1302017.0,1.0,7.5399995
xAvYHwEX9D,DE,35.0,Men,100.0,100.0,0.0,29.0,32499.0,14.0,2.0400002
ulZ6dTe0ZU,JP,45.0,Women,100.0,100.0,62.5,370.0,174457.0,146.0,20.67
bbHPaa1Cc6,DE,32.0,Men,100.0,100.0,0.0,10.0,11071.0,10.0,5.3399997
9FJ3B9BHO2,US,39.0,Men,100.0,75.0,0.0,12.0,21132.0,1.0,6.8499994
uCAveekaCT,US,29.0,Men,50.0,0.0,0.0,12.0,13295.0,1.0,4.7999997
sjaCFMufkv,US,62.0,Women,100.0,75.0,0.0,11.0,28501.0,51.0,28.95
IRQUhRktTI,DE,30.0,Women,50.0,0.0,0.0,10.0,12327.0,1.0,5.1899996
QlrnBO3SZs,GB,39.0,Women,100.0,100.0,0.0,13.0,24611.0,141.0,4.9300003
TPNw3n6bpk,GB,34.0,Men,50.0,0.0,0.0,25.0,39123.0,1.0,3.6
d9HvvitQQD,US,58.0,Men,50.0,0.0,0.0,2.0,1203.0,1.0,0.35
8aMIDzcVGk,DE,46.0,Men,100.0,75.0,0.0,10.0,9870.0,13.0,1.3399999
BNLaobl4mV,US,37.0,Women,100.0,50.0,0.0,29.0,18322.0,20.0,22.400002
p7IlNkirFt,US,41.0,Men,100.0,25.0,0.0,9.0,4455.0,1.0,4.7
3SI2rWAVAi,GB,31.0,Men,50.0,0.0,0.0,15.0,29942.0,36.0,1.15
PDzZFtxoYj,GB,31.0,Men,100.0,75.0,0.0,6.0,13204.0,8.0,1.4300001
cssjfmgF04,GB,39.0,Men,100.0,0.0,0.0,2.0,536.0,4.0,0.32999998
GIwCZikHnz,US,39.0,Women,100.0,50.0,0.0,6.0,17760.0,1.0,1.2
VQGCnq7XaP,DE,41.0,Women,100.0,75.0,0.0,8.0,11602.0,21.0,1.5400001
7hv51JIZdE,GB,48.0,Women,100.0,50.0,0.0,12.0,8335.0,2.0,0.97999996
oRApU5JADi,DE,39.0,Men,100.0,100.0,0.0,12.0,24121.0,67.0,21.89
SHne8htLnE,US,39.0,Women,100.0,25.0,0.0,3.0,1109.0,1.0,0.7
zK7ZNFmmnk,GB,48.0,Men,100.0,100.0,0.0,32.0,100525.0,203.0,9.329999
owvHCGOFPc,DE,20.0,Women,100.0,50.0,0.0,15.0,4699.0,1.0,1.07
69JNKuqhgX,GB,36.0,Men,100.0,100.0,0.0,61.0,44645.0,6.0,2.7299998
OetWqBUaL9,US,54.0,Men,100.0,25.0,0.0,2.0,1136.0,1.0,0.70000005
zQyoSxzcgT,DE,39.0,Men,100.0,75.0,0.0,25.0,20877.0,1.0,1.9900001
Wh6PmueUWL,DE,39.0,Women,100.0,75.0,0.0,14.0,33304.0,67.0,2.29
7Lbph4c1HT,DE,39.0,Men,50.0,0.0,0.0,11.0,41585.0,17.0,1.1000001
SJ0SefxQGn,US,39.0,Men,100.0,50.0,0.0,24.0,24117.0,58.0,2.2000003
TzkI8yF2m2,DE,39.0,Men,100.0,100.0,0.0,9.0,25260.0,1.0,5.89
JeBAO56Ddj,US,39.0,Women,100.0,25.0,0.0,6.0,2127.0,1.0,0.8000001
8Zo5btDgLv,GB,47.0,Men,100.0,100.0,37.5,123.0,375127.0,182.0,7.329997
cI4lWvrueO,US,34.0,Men,100.0,0.0,0.0,5.0,2418.0,1.0,0.55
IdoDJRMaKV,DE,36.0,Women,100.0,100.0,37.5,159.0,104787.0,1.0,4.2499995
8Y2VawwEas,DE,19.0,Women,100.0,75.0,0.0,3.0,6993.0,1.0,1.34
TYQXvxWiY2,DE,39.0,Women,100.0,100.0,0.0,118.0,434191.0,257.0,15.89001
IQeyyoOIyf,US,21.0,Men,100.0,25.0,0.0,9.0,68145.0,1.0,1.0
chcjTrmd9l,DE,40.0,Women,100.0,100.0,12.5,33.0,37497.0,40.0,2.9399996
NDjxpFhdTC,DE,39.0,Men,100.0,75.0,0.0,13.0,12777.0,3.0,1.37
aBDrkvXNjS,US,24.0,Men,100.0,50.0,0.0,9.0,28891.0,1.0,1.2
qeescrLAiB,DE,49.0,Women,100.0,100.0,37.5,80.0,565277.0,1064.0,8.5
7Ffm61bL4r,DE,39.0,Women,100.0,50.0,0.0,7.0,12656.0,7.0,1.4700001
mYBaaelqzE,US,39.0,Women,50.0,0.0,0.0,9.0,5111.0,1.0,0.35000002
PsDxfbItta,US,39.0,Women,100.0,0.0,0.0,3.0,343.0,1.0,0.45
eyQ7PgsMm6,JP,46.0,Women,100.0,100.0,0.0,48.0,58269.0,203.0,4.949999
TD4F2mNCGn,DE,39.0,Men,100.0,50.0,0.0,2.0,2490.0,4.0,1.1700001
lZ0lmSnvIn,GB,37.0,Men,100.0,100.0,37.5,57.0,160386.0,4.0,8.7300005
f2zWOnTIas,GB,21.0,Men,100.0,100.0,37.5,168.0,135094.0,1.0,7.429999
yZfE9fnRML,DE,39.0,Women,100.0,100.0,25.0,29.0,189225.0,1.0,2.9399996
uAU84oMbl1,GB,34.0,Men,100.0,100.0,37.5,103.0,153505.0,407.0,9.730001
u2X7kc2zgk,DE,39.0,Men,50.0,0.0,0.0,41.0,7009.0,1.0,0.86
uJVFveMEZk,DE,39.0,Women,100.0,75.0,0.0,10.0,24275.0,8.0,1.64
XvzostByiB,DE,22.0,Men,100.0,100.0,25.0,65.0,59818.0,5.0,7.74
scAD4hsKxH,DE,39.0,Women,100.0,100.0,0.0,26.0,83904.0,226.0,2.69
MnNbSxFFO8,US,42.0,Men,100.0,25.0,0.0,2.0,4366.0,4.0,0.9000001
LYtshhJA38,US,43.0,Men,100.0,75.0,0.0,2.0,751.0,1.0,5.45
JKG4EQxMCu,GB,41.0,Men,100.0,75.0,0.0,20.0,31863.0,31.0,1.4300002
m5WlbMae2a,US,42.0,Men,50.0,0.0,0.0,2.0,5172.0,1.0,0.25
Mr3NS0GAK3,GB,47.0,Men,100.0,100.0,0.0,18.0,20423.0,3.0,18.530003
0nPfi39JGe,GB,57.0,Men,100.0,50.0,0.0,3.0,8153.0,1.0,3.58
CHlt0YtxeK,GB,43.0,Men,100.0,0.0,0.0,4.0,6476.0,3.0,0.42999998
P5DLtSpYxP,US,39.0,Men,100.0,75.0,0.0,16.0,27904.0,1.0,1.95
giyNdmZogi,GB,40.0,Women,50.0,0.0,0.0,1.0,210.0,2.0,0.2
d3Tdy3ww3y,JP,39.0,Men,100.0,100.0,25.0,1.0,2.0,186.0,9.05
4LHUD9sESo,US,62.0,Men,100.0,25.0,0.0,7.0,8372.0,33.0,1.0
0wvm2w6O7h,US,42.0,Men,100.0,25.0,0.0,7.0,11503.0,3.0,1.0000001
mpH9NPrNb5,DE,18.0,Women,100.0,100.0,12.5,25.0,79581.0,165.0,6.3399997
maH73A68OH,US,27.0,Women,100.0,50.0,0.0,15.0,14732.0,1.0,2.3999996
KkoZ3T5s27,US,32.0,Men,100.0,75.0,0.0,12.0,55213.0,1.0,2.9500003
RaVJxE5Q5p,DE,29.0,Women,100.0,50.0,0.0,25.0,35848.0,1.0,2.87
SqPROtu3t6,GB,46.0,Women,100.0,100.0,0.0,40.0,61528.0,8.0,3.9299996
K9b2Cb6EO6,GB,32.0,Women,100.0,100.0,0.0,20.0,30268.0,56.0,4.93
RlJHYbEqGH,DE,27.0,Men,100.0,50.0,0.0,22.0,18670.0,21.0,1.2700001
efUmzLJjOE,US,39.0,Men,100.0,75.0,0.0,15.0,22063.0,25.0,1.8500001
PGj3j382ym,DE,45.0,Women,100.0,100.0,62.5,149.0,116919.0,337.0,35.189995
rEuvYSOSUx,US,39.0,Women,100.0,50.0,0.0,43.0,27482.0,1.0,5.7499995
4B51n2AYep,US,54.0,Women,100.0,25.0,0.0,1.0,4604.0,1.0,0.70000005
m4B0fCQo0A,US,39.0,Men,100.0,25.0,0.0,3.0,320.0,1.0,0.70000005
3N9mLiV0uH,JP,39.0,Men,100.0,75.0,0.0,41.0,43004.0,20.0,3.1499999
KD0EwA3swB,DE,53.0,Men,100.0,25.0,0.0,1.0,3703.0,2.0,0.92
IQulWw0ihQ,US,55.0,Women,100.0,50.0,0.0,16.0,26947.0,1.0,6.5
PFsyQGiVFH,GB,39.0,Women,100.0,50.0,0.0,5.0,6821.0,1.0,0.88
635WNk6vGF,DE,36.0,Women,100.0,100.0,25.0,117.0,64834.0,90.0,4.039999
iU6TvKSPWb,GB,33.0,Men,50.0,0.0,0.0,17.0,6575.0,5.0,0.65000004
3yDXAv6Rre,GB,46.0,Men,100.0,100.0,62.5,260.0,679701.0,1209.0,26.930004
IyJPqQo7Y4,US,54.0,Women,100.0,100.0,12.5,407.0,915508.0,1633.0,60.44997
Sk0EI4yNdn,US,35.0,Men,100.0,75.0,0.0,47.0,26509.0,9.0,2.15
qcLIdRpIR2,DE,33.0,Women,100.0,100.0,25.0,106.0,29096.0,2.0,12.99
09CmfWWy0r,US,51.0,Men,100.0,25.0,0.0,5.0,11369.0,7.0,0.90000004
oNf7vTsuu0,JP,44.0,Women,100.0,25.0,0.0,4.0,4957.0,7.0,0.63
7UMjbtz3Gh,US,39.0,Men,50.0,0.0,0.0,1.0,665.0,1.0,0.25
QKqAckBDCL,US,39.0,Women,100.0,25.0,0.0,2.0,1588.0,1.0,5.38
0cCCJVy6JG,GB,39.0,Men,50.0,0.0,0.0,3.0,2206.0,1.0,0.3
rMtmbq0BGS,US,58.0,Men,100.0,100.0,0.0,47.0,122804.0,1.0,35.94999
HJMBFRgQW4,US,64.0,Men,100.0,25.0,0.0,9.0,15257.0,1.0,0.90000004
oZgoulG1Zv,GB,39.0,Women,100.0,100.0,0.0,38.0,48901.0,4.0,9.530001
I4At3hOMuC,GB,46.0,Men,100.0,25.0,0.0,5.0,7306.0,1.0,0.58
VerPgDtClr,DE,35.0,Men,100.0,50.0,0.0,7.0,6287.0,1.0,5.17
OissxMuSg9,US,43.0,Men,100.0,0.0,0.0,2.0,2419.0,1.0,0.55
fnAXZqSoNw,JP,39.0,Women,50.0,0.0,0.0,21.0,12393.0,103.0,1.6500001
p0oacgqw0e,GB,46.0,Women,100.0,75.0,0.0,1.0,8800.0,1.0,1.03
TLEMCX6dDT,DE,32.0,Women,100.0,50.0,0.0,6.0,4234.0,7.0,1.07
a0ZzNfP7DL,US,38.0,Women,50.0,0.0,0.0,11.0,15206.0,1.0,1.2
W9dKyfq5RS,US,18.0,Men,100.0,0.0,0.0,2.0,1625.0,1.0,0.55
kBnjGigpgd,GB,57.0,Men,100.0,100.0,37.5,123.0,106357.0,129.0,6.1299987
0SgiRJJF9E,GB,43.0,Men,100.0,100.0,50.0,178.0,86976.0,24.0,28.041996
bJLlSKjPNR,US,57.0,Women,50.0,0.0,0.0,1.0,656.0,1.0,0.25
o7JaRX81FE,DE,23.0,Women,100.0,75.0,0.0,20.0,20384.0,31.0,1.44
c2BnW41WmM,US,42.0,Men,100.0,100.0,0.0,14.0,20793.0,8.0,7.899999
llonJucNSw,US,39.0,Men,100.0,25.0,0.0,7.0,5946.0,1.0,0.90000004
DPlq94A1hZ,US,47.0,Men,50.0,0.0,0.0,2.0,1661.0,1.0,0.25
RsJuVGGqdz,GB,52.0,Women,100.0,25.0,0.0,4.0,3515.0,6.0,0.68
9nszblYjB0,GB,36.0,Men,100.0,100.0,37.5,30.0,83781.0,55.0,5.33
CwFq5jD4Pf,DE,25.0,Women,100.0,100.0,0.0,50.0,54384.0,9.0,1.94
hmSsOnusA4,DE,39.0,Women,100.0,25.0,0.0,2.0,9674.0,6.0,0.92
ywt3JNeFTA,GB,46.0,Men,100.0,100.0,0.0,1.0,29.0,26.0,1.1300001
gyTXtme7H0,DE,29.0,Women,100.0,100.0,50.0,151.0,217858.0,639.0,8.909999
oOO6TcTzWO,DE,39.0,Women,100.0,50.0,0.0,7.0,28091.0,14.0,1.47
jOn1RWmwua,JP,22.0,Men,100.0,75.0,0.0,32.0,45219.0,51.0,3.3499997
CRzWPb9wWr,US,35.0,Men,100.0,25.0,0.0,29.0,69914.0,71.0,30.76
a41Sf9htWq,DE,41.0,Women,100.0,25.0,0.0,1.0,939.0,1.0,0.82000005
Q4vxnyGvko,US,29.0,Men,100.0,25.0,0.0,3.0,4266.0,5.0,0.8
BlejticgDV,DE,39.0,Men,100.0,25.0,0.0,27.0,102107.0,1.0,1.22
9e7voKBIbF,JP,39.0,Men,100.0,75.0,0.0,22.0,24244.0,46.0,2.7499998
kxJj9yWuuk,DE,36.0,Men,100.0,100.0,25.0,78.0,272886.0,53.0,13.640003
19eiEa8RhO,DE,36.0,Women,100.0,0.0,0.0,58.0,84375.0,1.0,4.6999984
10WWlEAj3X,GB,39.0,Women,100.0,100.0,62.5,197.0,185287.0,30.0,10.830001
zQtjuQ2jUc,US,41.0,Women,100.0,75.0,0.0,28.0,10531.0,1.0,2.7500002
i0Zk3r8Inb,DE,39.0,Men,100.0,75.0,0.0,13.0,23958.0,36.0,2.1899998
S34PRgdcJu,GB,39.0,Women,100.0,50.0,0.0,11.0,5355.0,1.0,3.73
6G9hj2ZbdL,DE,53.0,Women,100.0,50.0,0.0,4.0,22640.0,1.0,1.498
E6H8eQiCIx,US,39.0,Men,100.0,100.0,0.0,72.0,86731.0,44.0,6.1999984
gIospreDaq,DE,42.0,Women,100.0,50.0,0.0,4.0,5347.0,4.0,1.1700001
g4IRku4yni,DE,41.0,Women,100.0,100.0,0.0,11.0,7653.0,1.0,5.89
1ZAvmdOtDo,DE,35.0,Men,100.0,100.0,0.0,26.0,53561.0,171.0,2.09
RV3iCqyEYe,US,38.0,Men,100.0,100.0,0.0,24.0,41038.0,15.0,39.13999
J3Uu9cA77h,DE,31.0,Women,100.0,100.0,0.0,29.0,30195.0,1.0,2.29
t3MQMJLdCa,US,45.0,Women,100.0,25.0,0.0,1.0,609.0,1.0,0.70000005
y3snbDNYAP,JP,39.0,Women,100.0,50.0,0.0,15.0,5720.0,5.0,10.3
l5dIkwL416,DE,45.0,Women,100.0,25.0,0.0,1.0,602.0,11.0,0.82000005
XFXhJnd7jM,DE,39.0,Men,100.0,50.0,0.0,5.0,2735.0,1.0,5.0699997
wk9RsvOLSJ,DE,29.0,Women,100.0,75.0,0.0,4.0,15969.0,1.0,1.59
adv4VqSJbs,US,40.0,Men,100.0,100.0,25.0,114.0,345558.0,33.0,11.650002
4WBCV7NDY1,US,21.0,Men,100.0,25.0,0.0,3.0,2150.0,1.0,0.79999995
NrIXAAzhEo,DE,56.0,Men,100.0,25.0,0.0,230.0,1007224.0,235.0,41.95997
dZELRur4bP,DE,38.0,Women,100.0,100.0,37.5,88.0,159716.0,181.0,4.9999986
KbPvYip0dx,US,32.0,Men,100.0,25.0,0.0,76.0,117688.0,181.0,4.1999993
LwNkVM7t2h,GB,33.0,Men,100.0,0.0,0.0,2.0,845.0,1.0,0.32999998
qti5Jui6Ga,DE,51.0,Men,100.0,100.0,25.0,74.0,160139.0,7.0,8.139998
DtgYYOXDSl,GB,42.0,Men,50.0,0.0,0.0,6.0,5731.0,5.0,0.45
Kb2pbaZl6o,US,50.0,Men,100.0,50.0,0.0,16.0,5930.0,1.0,2.2400002
W21yvAD9d0,US,39.0,Women,100.0,50.0,0.0,26.0,25959.0,1.0,2.1
7f03vM2BNb,DE,43.0,Men,100.0,100.0,37.5,115.0,149285.0,191.0,6.899997
CJZo7ECBbV,GB,40.0,Women,100.0,100.0,0.0,75.0,61772.0,108.0,3.329999
AVDqMcfI7a,DE,39.0,Women,100.0,25.0,0.0,20.0,42215.0,32.0,1.2900001
DXDHVQVB8h,DE,32.0,Men,100.0,75.0,0.0,2.0,15122.0,1.0,1.34
nqVCpPu5gx,GB,47.0,Men,100.0,75.0,0.0,21.0,13802.0,3.0,1.4300001
T1SLcI1jDQ,GB,42.0,Women,100.0,50.0,0.0,4.0,4926.0,2.0,0.78000003
tGNPSDmaey,DE,63.0,Women,100.0,75.0,0.0,21.0,43825.0,1.0,6.5559998
sMK4X2uTAS,GB,39.0,Women,100.0,0.0,0.0,6.0,8984.0,1.0,0.42999998
J6KEFaPceB,US,42.0,Men,100.0,75.0,0.0,18.0,12175.0,1.0,6.8499994
jrx6DNkFH4,GB,25.0,Men,100.0,75.0,0.0,10.0,3545.0,4.0,23.43
TYmWVMvkkY,DE,39.0,Men,100.0,100.0,0.0,37.0,56885.0,132.0,2.1900003
tWW1id3v1R,GB,61.0,Women,100.0,100.0,25.0,57.0,63223.0,50.0,4.2799993
sTqZ5QnCF2,US,26.0,Men,100.0,25.0,0.0,7.0,3197.0,1.0,10.799999
bqnP5b8Wm3,GB,58.0,Women,100.0,75.0,0.0,79.0,63523.0,62.0,3.5999994
fD8l9rja27,GB,26.0,Women,100.0,100.0,12.5,32.0,28319.0,1.0,5.0299997
v4vgUSYkHW,US,39.0,Men,100.0,75.0,0.0,41.0,38458.0,70.0,3.6499994
3Gs1n0Dqag,GB,33.0,Men,100.0,75.0,0.0,6.0,9789.0,1.0,1.23
2iBYq5vU6A,DE,39.0,Men,100.0,0.0,0.0,2.0,1317.0,1.0,0.8
l1L6zwHWh3,GB,38.0,Women,100.0,100.0,12.5,37.0,58079.0,347.0,3.0299995
qBEXzA1w7m,DE,37.0,Men,100.0,100.0,12.5,28.0,42092.0,1.0,2.8899994
z4d7rlV75V,US,39.0,Women,100.0,50.0,0.0,4.0,1602.0,1.0,1.1
wRNfaHi55V,US,40.0,Women,50.0,0.0,0.0,3.0,2308.0,1.0,0.35
r3W8FklFEU,US,31.0,Women,100.0,25.0,0.0,2.0,3030.0,1.0,0.8
mhjotBdyuO,US,20.0,Men,100.0,0.0,0.0,3.0,3966.0,1.0,0.6
a2cBDzCFe4,GB,39.0,Men,100.0,50.0,0.0,8.0,4898.0,2.0,0.78
EBxIgpqxmw,DE,39.0,Women,100.0,25.0,0.0,2.0,2672.0,1.0,0.91999996
RyDbeKsVUU,US,59.0,Women,100.0,50.0,0.0,7.0,11598.0,1.0,1.2
9p8t9AQpEb,DE,33.0,Men,100.0,75.0,0.0,10.0,13445.0,8.0,1.5400001
ICE86euFFX,DE,30.0,Men,100.0,100.0,0.0,29.0,37861.0,12.0,6.1400003
eFeF7ElqcT,GB,37.0,Men,100.0,75.0,0.0,4.0,18170.0,1.0,1.23
YTTrUOciOr,DE,39.0,Women,100.0,50.0,0.0,5.0,3945.0,6.0,5.0699997
dPouW9XItT,US,29.0,Men,100.0,50.0,0.0,12.0,14761.0,1.0,1.4000001
PwrdCKC5za,DE,49.0,Women,100.0,75.0,0.0,11.0,45478.0,88.0,27.790003
Wf3cYpO0kW,DE,43.0,Women,100.0,100.0,62.5,125.0,287310.0,1.0,11.090003
kSUj9LUB27,US,39.0,Men,100.0,25.0,0.0,5.0,3942.0,1.0,0.8
efyNPdDjON,US,49.0,Women,100.0,75.0,0.0,17.0,26857.0,1.0,6.0499997
AwtTtkpYNF,US,45.0,Men,100.0,50.0,0.0,3.0,1357.0,1.0,1.1
iPwhloR4d9,US,55.0,Men,100.0,100.0,37.5,164.0,266785.0,106.0,16.650007
ur8MnAh6OE,DE,39.0,Men,100.0,50.0,0.0,2.0,4213.0,1.0,1.0699999
A41sy24h9r,DE,32.0,Women,100.0,0.0,0.0,14.0,32489.0,43.0,1.1700001
W8EktnDKpW,DE,39.0,Women,100.0,50.0,0.0,4.0,6093.0,19.0,1.17
oOcIESa2a3,US,59.0,Women,100.0,25.0,0.0,80.0,89446.0,7.0,7.3799973
0ffo4Vixk3,DE,47.0,Women,100.0,100.0,50.0,142.0,269317.0,402.0,6.4099984
q6TRssCdnM,GB,20.0,Men,100.0,50.0,0.0,5.0,6808.0,1.0,0.9800001
LCD1G2o9p9,US,34.0,Women,100.0,50.0,0.0,9.0,5551.0,2.0,1.3000001
mehA8AVBQ1,US,39.0,Men,100.0,25.0,0.0,4.0,167.0,1.0,0.6
I29UPXaC2i,US,39.0,Men,100.0,25.0,0.0,7.0,4217.0,1.0,0.8
QhstPolg8E,DE,39.0,Women,100.0,100.0,0.0,18.0,87937.0,28.0,1.9400002
PQUcK2n2m5,US,38.0,Men,50.0,0.0,0.0,4.0,3799.0,5.0,20.75
0UHr7WF6ir,US,58.0,Men,100.0,100.0,62.5,567.0,181428.0,472.0,23.850014
5KdW2RcisH,US,39.0,Men,100.0,25.0,0.0,3.0,2234.0,1.0,0.8000001
y70rFdMzjQ,DE,39.0,Women,100.0,100.0,12.5,60.0,1252152.0,1.0,7.64
qV4g3ZvWud,US,39.0,Men,100.0,25.0,0.0,1.0,77.0,1.0,0.70000005
FjGuYJfZFj,DE,53.0,Men,100.0,75.0,0.0,12.0,25699.0,90.0,1.49
qP7G8iR2gq,US,36.0,Men,100.0,25.0,0.0,2.0,1484.0,1.0,0.8
pBas0HSewB,US,43.0,Women,50.0,0.0,0.0,15.0,21366.0,1.0,1.3000001
yzzZDQEQMZ,DE,39.0,Women,100.0,50.0,0.0,5.0,1672.0,1.0,0.97
9JU9nyXWo7,US,39.0,Women,100.0,75.0,0.0,33.0,35649.0,1.0,2.75
30MqOv8wx3,DE,39.0,Men,100.0,75.0,0.0,14.0,14420.0,1.0,1.44
psSMOiFEbt,GB,39.0,Men,100.0,50.0,0.0,8.0,5811.0,4.0,3.5799997
W2m2wVEl7u,DE,33.0,Men,100.0,75.0,0.0,5.0,2893.0,1.0,1.24
mfRuihY5vB,JP,39.0,Men,50.0,0.0,0.0,54.0,166777.0,142.0,8.0
UoqySdIMLr,GB,39.0,Women,100.0,50.0,0.0,25.0,9797.0,1.0,0.98
rYuT3l2DpE,US,45.0,Women,100.0,100.0,50.0,44.0,474348.0,905.0,14.750003
iFgcTKG6lf,DE,33.0,Women,100.0,100.0,0.0,26.0,24741.0,34.0,1.8900001
lqrzw8cIfc,GB,53.0,Women,100.0,75.0,0.0,15.0,32599.0,1.0,4.1299996
WewzEacSNE,DE,32.0,Men,100.0,75.0,0.0,7.0,9634.0,4.0,1.44
jWhlCK4WoN,DE,54.0,Men,100.0,0.0,0.0,1.0,316.0,3.0,0.7
fPyUDdAhLP,US,39.0,Women,100.0,100.0,50.0,79.0,347606.0,1098.0,15.4500065
6KnuiAVhg9,US,55.0,Women,100.0,100.0,25.0,73.0,129262.0,107.0,27.950005
4SOjVAhs6h,US,40.0,Women,100.0,25.0,0.0,1.0,2591.0,1.0,0.8000001
nRl6nABTuk,DE,39.0,Men,50.0,0.0,0.0,1.0,532.0,1.0,0.6
02MTMGmnOL,US,30.0,Men,100.0,25.0,0.0,3.0,9544.0,1.0,0.90000004
Ng2PDDSEBE,US,39.0,Men,100.0,25.0,0.0,4.0,3170.0,1.0,0.8
TlIQtDD4sc,DE,39.0,Women,100.0,75.0,0.0,2.0,4.0,19.0,1.14
mEmLgjlgAO,DE,35.0,Women,100.0,0.0,0.0,2.0,6816.0,5.0,20.62
BYFo89t6L0,US,39.0,Men,100.0,25.0,0.0,1.0,722.0,4.0,0.70000005
mpjcAKrepz,DE,41.0,Women,100.0,50.0,0.0,3.0,11336.0,13.0,1.07
CadnYGvQnV,US,39.0,Women,100.0,100.0,0.0,34.0,136666.0,1.0,3.6
yQtHv2Gmzs,US,42.0,Women,100.0,25.0,0.0,5.0,8579.0,1.0,0.8
zCzPX5IOgr,US,47.0,Women,100.0,100.0,12.5,64.0,83323.0,68.0,29.399994
RGZ7PNDQaO,US,39.0,Women,100.0,0.0,0.0,3.0,1663.0,1.0,0.55
OFH2R9t9Qg,US,39.0,Women,100.0,25.0,0.0,2.0,2876.0,1.0,4.7999997
ZuW93548oC,GB,39.0,Men,100.0,0.0,0.0,2.0,1034.0,1.0,0.32999998
WTssgfIR7N,DE,39.0,Men,100.0,100.0,12.5,42.0,29444.0,13.0,25.490005
LW0alGwH02,GB,46.0,Men,100.0,50.0,0.0,10.0,4389.0,1.0,3.48
JNgIZngNNo,DE,56.0,Men,100.0,100.0,0.0,29.0,23404.0,64.0,1.99
JvjwG2phZS,DE,99.0,Women,100.0,25.0,0.0,3.0,2979.0,1.0,0.8000001
bGyrxpURnU,US,37.0,Men,100.0,50.0,0.0,11.0,12057.0,21.0,12.5
gx38zb5zxy,DE,44.0,Men,100.0,25.0,0.0,149.0,150898.0,132.0,36.61799
KdUw4FMqpN,US,46.0,Men,100.0,0.0,0.0,1.0,951.0,1.0,0.45000002
oXBxHK5X6L,DE,36.0,Men,100.0,100.0,12.5,57.0,38035.0,1.0,7.1399994
cpSOWVyp8M,US,42.0,Women,100.0,100.0,25.0,54.0,153775.0,543.0,6.7499986
pplfYtO3BZ,GB,47.0,Men,100.0,25.0,0.0,44.0,115663.0,222.0,17.550005
Vs5Hma3lx7,US,34.0,Men,100.0,25.0,0.0,4.0,7941.0,13.0,4.9
5nc3fdSZdR,US,43.0,Men,100.0,50.0,0.0,4.0,5784.0,1.0,1.2
7caALDMaox,US,28.0,Women,100.0,25.0,0.0,11.0,8576.0,1.0,0.9000001
SOiOL7kHnw,GB,42.0,Men,100.0,100.0,37.5,54.0,72605.0,1.0,4.7299995
Lt81qAkmLa,GB,45.0,Women,100.0,100.0,37.5,50.0,59305.0,14.0,27.33
RzcFXtUjXq,GB,39.0,Women,100.0,100.0,0.0,25.0,66636.0,189.0,10.330001
5VKFjfcqMw,DE,39.0,Women,100.0,100.0,12.5,43.0,61112.0,1.0,2.2399998
Hf6QMzjQDV,JP,43.0,Women,100.0,25.0,0.0,2.0,1559.0,4.0,5.7999997
uyYIwl3DAI,US,24.0,Women,100.0,100.0,0.0,21.0,32886.0,20.0,39.2
UWYOvPJuF5,US,45.0,Women,100.0,50.0,0.0,10.0,10089.0,1.0,2.2
3WOKe5tjE1,GB,40.0,Women,100.0,100.0,12.5,76.0,94085.0,160.0,7.1299996
sFTvNNRexM,GB,29.0,Women,100.0,100.0,0.0,23.0,12600.0,17.0,1.5300001
rgIky1F2m4,US,46.0,Women,100.0,50.0,0.0,44.0,26434.0,1.0,1.4000001
qlmKQZRLBp,GB,39.0,Women,100.0,100.0,0.0,6.0,9189.0,40.0,9.030001
4PmzMJWVOU,GB,39.0,Women,100.0,100.0,50.0,69.0,295069.0,222.0,7.329998
OVPGRauqod,DE,20.0,Men,50.0,0.0,0.0,19.0,42944.0,1.0,2.0000002
AhLkq7hKH8,JP,26.0,Women,100.0,100.0,37.5,97.0,78248.0,269.0,7.829999
mpttIse60m,GB,41.0,Men,100.0,0.0,0.0,19.0,30915.0,2.0,4.249999
9B9IiwfE5r,US,41.0,Men,100.0,50.0,0.0,64.0,57798.0,185.0,9.300001
UA7DPSlNi2,US,53.0,Men,100.0,100.0,0.0,81.0,68959.0,53.0,4.899999
E2J0cBGt4i,US,41.0,Men,100.0,100.0,0.0,18.0,106901.0,1.0,7.0999994
r4BCWTzddX,DE,25.0,Women,100.0,50.0,0.0,2.0,9745.0,9.0,1.07
orpsWl5oMK,GB,33.0,Men,100.0,100.0,37.5,80.0,171639.0,416.0,5.529999
BzVSsYGQNS,GB,55.0,Men,100.0,100.0,25.0,66.0,137461.0,38.0,4.979999
HMy9CcgUvV,DE,49.0,Women,100.0,100.0,0.0,3.0,7122.0,3.0,1.69
KbJ5CcTMpI,US,39.0,Men,100.0,50.0,0.0,5.0,4937.0,3.0,1.1
tl5mc9xOEx,US,42.0,Men,100.0,25.0,0.0,13.0,6316.0,20.0,0.8000001
KXgbJVuXKC,DE,36.0,Women,100.0,100.0,62.5,203.0,637567.0,1075.0,8.089998
1yOql9lv8g,US,46.0,Women,100.0,50.0,0.0,2.0,5359.0,17.0,2.1
ArQNiYSaco,GB,54.0,Women,100.0,50.0,0.0,2.0,3606.0,1.0,0.7800001
aNqrYfM8Bw,DE,40.0,Men,100.0,100.0,12.5,42.0,110916.0,181.0,3.1399999
feRBNTnUsa,US,39.0,Men,100.0,50.0,0.0,5.0,8297.0,1.0,1.7
dSZWKsrBqn,DE,36.0,Women,100.0,100.0,12.5,3.0,3916.0,669.0,1.94
WPqJ5DQkhP,GB,34.0,Men,100.0,100.0,0.0,18.0,24922.0,19.0,2.03
Ki5Fc67McV,US,39.0,Men,100.0,50.0,0.0,1.0,673.0,1.0,1.0
OXAJ9099O5,US,50.0,Men,100.0,25.0,0.0,4.0,11617.0,11.0,0.8000001
QdCUEyBos9,DE,35.0,Men,100.0,100.0,12.5,15.0,30040.0,6.0,1.7900001
JDVOqnppid,DE,41.0,Women,100.0,100.0,25.0,109.0,90011.0,17.0,14.239999
z6dsuTGImj,US,40.0,Men,100.0,25.0,0.0,5.0,2624.0,1.0,0.8
1wCSwJjOvV,US,39.0,Men,50.0,0.0,0.0,1.0,530.0,1.0,0.15
Rzg6kRYtso,GB,21.0,Women,100.0,100.0,12.5,56.0,33601.0,26.0,3.0299997
Z5UFhBAhS7,US,33.0,Men,100.0,25.0,0.0,1.0,3937.0,1.0,0.8
MehMnXNEI5,DE,29.0,Men,100.0,100.0,0.0,21.0,72372.0,1.0,2.19
irDgH5K7QM,US,48.0,Men,100.0,0.0,0.0,13.0,2645.0,2.0,4.95
uLcZtcsyh6,DE,40.0,Men,50.0,0.0,0.0,2.0,431.0,1.0,4.22
Nt4yNLteie,US,39.0,Women,100.0,75.0,0.0,18.0,27888.0,26.0,3.0499997
JTBJqJH0S7,JP,31.0,Women,100.0,100.0,0.0,49.0,101332.0,87.0,6.5999994
XkWM3p0VA3,GB,35.0,Men,100.0,50.0,0.0,11.0,8116.0,1.0,4.5920005
LjMaq9IpCx,GB,51.0,Women,100.0,0.0,0.0,1.0,1792.0,1.0,0.42999998
lbMDvu0aSI,GB,39.0,Women,100.0,75.0,0.0,7.0,6395.0,1.0,1.1300001
ouOanZj8Ut,JP,26.0,Women,100.0,100.0,12.5,83.0,83881.0,314.0,8.579999
8sTqQxUtOk,GB,42.0,Men,100.0,50.0,0.0,2.0,5890.0,2.0,0.88
tIFYo43wDD,DE,45.0,Women,100.0,50.0,0.0,5.0,3203.0,8.0,1.17
ZdIWIMhqYP,US,50.0,Women,100.0,25.0,0.0,8.0,15840.0,21.0,1.1
FRkMJbj9lo,US,38.0,Men,100.0,100.0,12.5,71.0,115615.0,282.0,26.300001
eCKNtet5hh,GB,28.0,Women,100.0,100.0,12.5,81.0,102922.0,9.0,5.9300003
683r2BK2E0,US,36.0,Women,100.0,75.0,0.0,6.0,5726.0,1.0,1.6499999
yLOsfbXwym,US,37.0,Men,100.0,100.0,0.0,44.0,83719.0,47.0,4.2
u3RhMaNS1e,GB,44.0,Men,100.0,50.0,0.0,3.0,10210.0,2.0,0.78
a5HNHHzrfk,DE,32.0,Men,100.0,100.0,37.5,37.0,84902.0,289.0,29.400002
gTigHfQjKc,DE,39.0,Men,50.0,0.0,0.0,14.0,4787.0,5.0,0.45
DwsrgRftoK,DE,39.0,Women,100.0,25.0,0.0,3.0,1394.0,5.0,0.8000001
GGN9DaQZVm,US,39.0,Women,100.0,100.0,12.5,170.0,204485.0,1.0,9.000001
VHxv0sbaVZ,DE,33.0,Women,100.0,100.0,0.0,61.0,38638.0,71.0,22.040005
sxGZLGOHYA,GB,60.0,Men,100.0,25.0,0.0,1.0,87.0,1.0,0.48
Jk9qMjDIGt,DE,40.0,Women,100.0,100.0,50.0,170.0,188863.0,155.0,5.8099985
pnpDdq7Bf6,GB,53.0,Men,100.0,0.0,0.0,1.0,1767.0,2.0,0.42999998
SkQjleIXSQ,US,68.0,Women,100.0,100.0,12.5,62.0,48484.0,134.0,34.3
BdiPSHAwQO,DE,39.0,Men,50.0,0.0,0.0,8.0,27508.0,1.0,0.72
j70M9iRVeJ,DE,39.0,Women,100.0,100.0,12.5,126.0,71556.0,1.0,2.6899998
rUGc5OEvUY,DE,39.0,Women,100.0,100.0,0.0,28.0,27147.0,40.0,27.640001
BoxJ1XYb3h,DE,28.0,Men,100.0,100.0,12.5,49.0,65977.0,29.0,3.7399995
aEErojpXgz,US,43.0,Men,50.0,0.0,0.0,2.0,254.0,1.0,0.25
hggUUVHbPB,GB,35.0,Women,100.0,50.0,0.0,2.0,1484.0,2.0,0.78
XxyeFc4tNh,GB,42.0,Women,100.0,50.0,0.0,5.0,5423.0,9.0,0.78000003
8uFSernqK7,US,19.0,Women,100.0,0.0,0.0,1.0,89.0,3.0,4.45
3hPRo8l4gJ,JP,20.0,Women,100.0,0.0,0.0,1.0,1218.0,1.0,0.55
FqcifUOJfX,DE,42.0,Women,100.0,100.0,12.5,27.0,39950.0,1.0,7.3399997
xXGmreWtRG,DE,39.0,Men,50.0,0.0,0.0,1.0,599.0,1.0,0.2
3kox6Ka35d,GB,31.0,Women,50.0,0.0,0.0,17.0,28205.0,1.0,0.95000005
hHsk9jpLvh,GB,44.0,Men,100.0,50.0,0.0,2.0,7295.0,1.0,0.88
2uTKz52ane,DE,46.0,Men,100.0,100.0,12.5,26.0,50576.0,173.0,2.7399998
KeCCtQAyNA,DE,39.0,Women,100.0,50.0,0.0,3.0,1071.0,1.0,0.97
NtTHhh2hDy,DE,37.0,Men,100.0,100.0,12.5,41.0,41369.0,1.0,3.0899994
u7lwgCAKWC,GB,35.0,Men,100.0,100.0,0.0,40.0,38786.0,31.0,2.7299998
SX6btSMJsQ,US,39.0,Men,100.0,0.0,0.0,2.0,1835.0,3.0,0.45
lFiMdAdxmf,US,35.0,Women,100.0,50.0,0.0,16.0,33670.0,1.0,2.1000001
e8UiVyiwut,DE,51.0,Men,100.0,100.0,0.0,9.0,22506.0,3.0,25.24
aCTyZWEW7k,DE,39.0,Men,100.0,100.0,0.0,31.0,69887.0,25.0,2.3899999
sIYbuNtsDe,US,31.0,Men,100.0,50.0,0.0,18.0,37552.0,21.0,6.7999997
h1Z9yshgk4,US,39.0,Men,50.0,0.0,0.0,5.0,7410.0,1.0,0.25
Zz6YNzEaPQ,GB,41.0,Men,100.0,100.0,62.5,324.0,482393.0,41.0,10.630002
JfxZK3zVmU,US,38.0,Men,100.0,75.0,0.0,23.0,15072.0,1.0,1.95
MnwWRtb4iV,DE,42.0,Women,100.0,100.0,0.0,40.0,26265.0,36.0,2.4899995
fwyAfXex5S,US,64.0,Men,100.0,50.0,0.0,7.0,9387.0,1.0,1.4000001
1r1Cb3BeA0,DE,35.0,Women,100.0,75.0,0.0,19.0,7772.0,24.0,21.440002
xd5KrItLMm,US,29.0,Men,100.0,25.0,0.0,7.0,7029.0,1.0,1.1000001
e7jBf1ZT7X,DE,26.0,Women,100.0,50.0,0.0,4.0,12270.0,7.0,1.07
km7yPRYUcH,GB,37.0,Women,100.0,100.0,0.0,124.0,23365.0,1.0,1.7300003
G4CE5Mdtvr,DE,87.0,Men,100.0,100.0,37.5,58.0,165976.0,36.0,4.999999
6bMQwzQ4rx,US,29.0,Women,100.0,0.0,0.0,2.0,1746.0,1.0,0.55
EmeHpFGYew,US,39.0,Men,100.0,25.0,0.0,4.0,1950.0,1.0,0.8000001
izKmRfkyiS,GB,38.0,Men,100.0,100.0,0.0,35.0,60215.0,164.0,2.0900002
fjQb7wY8yK,US,40.0,Women,100.0,50.0,0.0,15.0,11731.0,14.0,5.2
9tSlO6w3MI,DE,42.0,Women,100.0,75.0,0.0,3.0,2043.0,2.0,1.14
n0IhF74yay,US,56.0,Women,100.0,25.0,0.0,2.0,72.0,24.0,0.7
vJIZvQM67t,US,39.0,Men,100.0,75.0,0.0,51.0,58945.0,96.0,23.55
aaSQ4ioFob,GB,37.0,Women,100.0,75.0,0.0,20.0,26025.0,79.0,2.2299998
ZQneQGEigJ,US,43.0,Men,100.0,100.0,12.5,57.0,51393.0,10.0,47.25999
F8AYvUfvES,DE,46.0,Men,100.0,100.0,0.0,21.0,32420.0,8.0,6.29
qjBzmmLvcT,GB,39.0,Men,100.0,100.0,12.5,83.0,87858.0,32.0,7.4299984
lgjLnJmro8,GB,52.0,Men,100.0,100.0,12.5,175.0,300381.0,774.0,7.999998
xbDbnQhKVF,US,25.0,Women,100.0,25.0,0.0,2.0,3449.0,1.0,0.8
p05g05wdP8,GB,51.0,Men,100.0,75.0,0.0,9.0,30175.0,3.0,1.0300001
GFQDjHuoUJ,US,40.0,Women,100.0,25.0,0.0,6.0,4884.0,1.0,0.8000001
HbaqxdRR1Q,GB,37.0,Women,50.0,0.0,0.0,3.0,1080.0,1.0,0.2
9nCUDpWVBm,US,39.0,Men,50.0,0.0,0.0,1.0,671.0,1.0,0.35
8ABBiiW1lo,US,51.0,Men,100.0,25.0,0.0,6.0,998.0,1.0,5.38
6csdiPHtjU,DE,25.0,Men,100.0,75.0,0.0,7.0,11623.0,1.0,5.24
UsWaRFT0Fb,DE,39.0,Men,100.0,25.0,0.0,5.0,2657.0,1.0,0.82000005
xPydxiDqno,DE,45.0,Women,100.0,50.0,0.0,5.0,10612.0,1.0,1.07
PzdoTH9mk3,DE,44.0,Women,100.0,100.0,12.5,3.0,9310.0,54.0,52.039997
dPd2iNw5jS,GB,38.0,Men,100.0,50.0,0.0,31.0,22323.0,8.0,1.8800002
wW5obgzRX8,DE,44.0,Women,100.0,100.0,12.5,70.0,94547.0,222.0,25.640001
gPbzTz5b6Z,GB,39.0,Women,100.0,100.0,0.0,57.0,38331.0,15.0,5.8299985
EU11W0AoaG,DE,49.0,Women,100.0,100.0,12.5,28.0,58683.0,107.0,2.9399996
dkpCpn9BRX,DE,43.0,Women,100.0,100.0,0.0,15.0,49806.0,87.0,2.786
aRSIoHiCiq,US,58.0,Men,100.0,100.0,25.0,135.0,272462.0,383.0,18.250008
luf6WlG8xC,GB,37.0,Men,100.0,50.0,0.0,4.0,4395.0,1.0,0.88
5upof1xd0t,GB,55.0,Men,100.0,100.0,37.5,111.0,91474.0,17.0,5.929999
E7h3e3jSoZ,US,36.0,Men,100.0,25.0,0.0,2.0,375.0,1.0,0.70000005
SeBXV3aHo4,GB,42.0,Men,100.0,50.0,0.0,2.0,1258.0,2.0,0.78000003
YNYPT3tQ1p,US,32.0,Women,100.0,50.0,0.0,15.0,17589.0,16.0,1.3
vpLScXOM37,DE,39.0,Men,100.0,75.0,0.0,1.0,6161.0,2.0,1.24
ZXBdLtA3Ec,GB,29.0,Women,100.0,100.0,0.0,33.0,57009.0,7.0,5.029999
8rtDyJBtU1,US,42.0,Women,100.0,50.0,0.0,10.0,15334.0,1.0,1.6000001
nWNDYRBwzV,DE,63.0,Men,100.0,0.0,0.0,10.0,32171.0,90.0,1.5200001
AkZsyl9gI9,GB,27.0,Men,100.0,100.0,0.0,23.0,28274.0,9.0,1.9300001
SnRdq6qlln,US,42.0,Men,50.0,0.0,0.0,1.0,1997.0,1.0,0.35
QPbbhKMR8J,DE,25.0,Men,100.0,100.0,0.0,23.0,17673.0,9.0,1.8400002
YUOy8gY4JD,DE,37.0,Women,100.0,100.0,12.5,54.0,139109.0,25.0,6.5899987
YYeC0ZBW9F,US,45.0,Men,100.0,0.0,0.0,13.0,3583.0,4.0,23.75
wK2J11KWCa,US,39.0,Men,100.0,50.0,0.0,22.0,30137.0,80.0,2.2999997
SKlm48797i,DE,39.0,Women,50.0,0.0,0.0,21.0,38116.0,313.0,3.46
OMMN8KHQ3p,US,39.0,Men,100.0,25.0,0.0,2.0,4220.0,4.0,0.8
0AHy9w3Eea,US,38.0,Women,100.0,75.0,0.0,25.0,77177.0,16.0,3.15
OFnEjDCwf2,US,31.0,Men,100.0,50.0,0.0,37.0,23720.0,1.0,1.6000001
umg7mI9KAt,DE,30.0,Men,100.0,100.0,25.0,117.0,96074.0,178.0,8.14
ku5lN61tdM,DE,36.0,Women,100.0,100.0,12.5,23.0,55049.0,92.0,2.84
QA1hLxPott,DE,41.0,Women,50.0,0.0,0.0,2.0,1510.0,1.0,0.70000005
2ST6ftcbnl,JP,55.0,Women,100.0,25.0,0.0,1.0,1998.0,4.0,0.63
3qFv1bwATh,GB,39.0,Women,100.0,75.0,0.0,16.0,16907.0,1.0,1.4300001
SeNejkyY5Y,GB,46.0,Women,100.0,75.0,0.0,14.0,12344.0,21.0,1.33
zH0AeLKZQ3,DE,39.0,Women,100.0,25.0,0.0,3.0,4348.0,3.0,0.9200001
PQvMoAA4g0,US,62.0,Women,50.0,0.0,0.0,7.0,1651.0,1.0,0.35000002
CVgUMJeD0C,GB,49.0,Men,100.0,100.0,0.0,7.0,4679.0,4.0,1.0300001
H3Qs9Y7jfx,DE,35.0,Women,50.0,0.0,0.0,3.0,1670.0,6.0,0.12
eSYXMETmQP,DE,47.0,Women,100.0,25.0,0.0,13.0,21608.0,27.0,1.6700002
b2n5JAm8Gw,JP,18.0,Men,100.0,50.0,0.0,19.0,24436.0,1.0,1.3000002
v9sEN9SrZc,DE,40.0,Men,100.0,75.0,0.0,14.0,36163.0,9.0,1.9900001
GdoMebpsw9,GB,53.0,Women,100.0,100.0,0.0,36.0,57448.0,102.0,10.53
x0gh4oqpe4,DE,40.0,Women,100.0,100.0,0.0,17.0,45655.0,1.0,2.19
JJnufIKjYS,DE,47.0,Men,100.0,100.0,25.0,49.0,51558.0,97.0,7.339999
80AHiGtbcy,US,39.0,Women,100.0,50.0,0.0,15.0,4103.0,1.0,5.2
WEesd8j89o,DE,39.0,Men,100.0,100.0,37.5,27.0,95081.0,256.0,3.5999997
AMPyOWL2Wt,DE,41.0,Men,100.0,100.0,25.0,48.0,29073.0,36.0,7.039999
pg1L8iEe24,GB,18.0,Women,100.0,100.0,0.0,21.0,31124.0,7.0,4.4299994
3NLmSq4oFN,GB,27.0,Women,100.0,50.0,0.0,1.0,3582.0,5.0,3.48
MDn19RThC9,GB,39.0,Women,100.0,100.0,0.0,31.0,3952.0,1.0,1.23
e5PU0Uilw1,DE,27.0,Men,100.0,100.0,12.5,31.0,63107.0,27.0,3.0899997
IIqpHx7NoF,US,50.0,Men,100.0,25.0,0.0,7.0,4769.0,2.0,0.8000001
hIXZh0m6Bk,US,27.0,Women,100.0,50.0,0.0,35.0,6444.0,1.0,6.08
3mkME0h6Hn,US,45.0,Women,100.0,0.0,0.0,1.0,1485.0,1.0,0.55
4EJIpGYq3A,DE,22.0,Women,100.0,75.0,0.0,7.0,1319.0,8.0,1.24
OZg0Cv8yhV,DE,30.0,Women,100.0,25.0,0.0,17.0,51084.0,111.0,1.5500001
0yndEhVNUH,DE,37.0,Men,100.0,100.0,12.5,102.0,35319.0,1.0,6.34
Aclr2QeHCE,US,39.0,Men,50.0,0.0,0.0,1.0,1.0,1.0,0.25
WEr0gbLDpo,JP,18.0,Women,100.0,25.0,0.0,11.0,3078.0,1.0,2.03
rdmzCHS7G7,US,39.0,Women,50.0,0.0,0.0,2.0,893.0,1.0,0.25
KWo7BrBWuH,GB,62.0,Women,100.0,100.0,0.0,27.0,26616.0,17.0,2.13
4NJCOlQ0py,DE,34.0,Men,100.0,100.0,12.5,49.0,65538.0,4.0,2.9399998
vjLHswQ3zc,DE,61.0,Men,100.0,50.0,0.0,1.0,8643.0,1.0,1.07
8lY2jCTj3S,GB,32.0,Men,100.0,100.0,0.0,26.0,47313.0,5.0,1.9300002
IgIMcUO9t8,DE,31.0,Women,100.0,75.0,0.0,9.0,13146.0,2.0,1.34
7H21zp8Ito,US,39.0,Women,100.0,50.0,0.0,4.0,5675.0,24.0,1.1
icXiS3j7iF,GB,42.0,Men,100.0,100.0,0.0,48.0,37139.0,1.0,19.461998
NvURReIWMg,US,47.0,Women,100.0,100.0,0.0,46.0,40762.0,5.0,7.7999997
8BIwR4yqsR,GB,39.0,Women,100.0,75.0,0.0,2.0,2120.0,1.0,3.8300002
wOZoP0TOOy,GB,46.0,Men,100.0,100.0,0.0,78.0,75679.0,19.0,9.830002
pq44dQs7m7,JP,18.0,Women,100.0,100.0,37.5,179.0,116071.0,431.0,5.429999
Hb9sooIjCU,DE,39.0,Men,100.0,50.0,0.0,3.0,3414.0,1.0,1.07
foxUcByLuS,GB,43.0,Men,100.0,100.0,62.5,274.0,294234.0,687.0,27.430008
Ifa8j8SZ3o,US,37.0,Women,100.0,50.0,0.0,6.0,20109.0,1.0,1.4000001
P6YDiYJ0Vm,GB,37.0,Men,100.0,50.0,0.0,3.0,2872.0,1.0,0.78000003
CDsPhtAhbq,US,36.0,Women,100.0,50.0,0.0,8.0,10096.0,1.0,5.8
UYw1oB0Pxc,GB,39.0,Men,50.0,0.0,0.0,4.0,4401.0,1.0,0.55
Z62yN5uew5,GB,41.0,Men,100.0,75.0,0.0,24.0,24085.0,58.0,2.4000003
w4x8amV7pC,US,36.0,Women,100.0,100.0,0.0,36.0,18291.0,3.0,6.799999
Geqpbnisgi,DE,27.0,Men,100.0,100.0,0.0,29.0,27204.0,1.0,2.2400002
VFtMesV3yM,DE,39.0,Men,100.0,100.0,0.0,21.0,20108.0,20.0,2.24
whOBmpXAub,DE,31.0,Women,100.0,100.0,50.0,172.0,98481.0,290.0,5.4099994
qc0dcrgPKG,DE,34.0,Women,100.0,50.0,0.0,4.0,10557.0,7.0,1.07
RvTTEWOEnv,US,39.0,Women,100.0,100.0,25.0,180.0,190047.0,565.0,8.650001
sZ0e6Isvq6,GB,39.0,Men,100.0,0.0,0.0,9.0,23011.0,2.0,0.85
tjKNEJnjs2,GB,30.0,Women,100.0,100.0,0.0,15.0,25766.0,64.0,2.2299998
M3JHtnmTkW,DE,34.0,Women,100.0,100.0,50.0,112.0,269940.0,467.0,7.809997
jJDUUupCGu,US,39.0,Men,100.0,25.0,0.0,8.0,13720.0,1.0,1.4000001
XYwp4vSXtc,DE,38.0,Women,100.0,75.0,0.0,7.0,22535.0,62.0,1.69
7mCSa0Z40g,GB,39.0,Women,100.0,50.0,0.0,1.0,1372.0,1.0,0.78000003
sn6PmLABu6,GB,27.0,Women,100.0,50.0,0.0,14.0,7313.0,16.0,0.7800001
OVPKZCxUHy,DE,44.0,Men,100.0,100.0,75.0,226.0,343438.0,688.0,21.050001
nnKFgolNLt,US,51.0,Women,100.0,75.0,0.0,20.0,56587.0,2.0,7.25
pkPKTocxA0,DE,39.0,Men,100.0,100.0,37.5,129.0,288459.0,127.0,5.399998
6aEUJvd7y3,JP,46.0,Women,100.0,100.0,50.0,56.0,113464.0,1100.0,14.820004
JmtbKzDW5a,DE,38.0,Men,100.0,75.0,0.0,10.0,20899.0,11.0,1.64
N2yOPQ03t6,GB,39.0,Men,100.0,75.0,0.0,16.0,8855.0,13.0,1.1300001
uLoLjMRDfF,GB,58.0,Women,50.0,0.0,0.0,247.0,647973.0,614.0,11.800001
Juv6huiaiS,US,39.0,Men,100.0,25.0,0.0,2.0,2009.0,1.0,0.8
sPvQR9UdI0,US,64.0,Men,50.0,0.0,0.0,1.0,930.0,1.0,0.25
Zl29gdGSd9,US,36.0,Men,100.0,25.0,0.0,9.0,4599.0,8.0,23.9
v9I8b12doe,JP,39.0,Women,100.0,75.0,0.0,13.0,40770.0,166.0,2.86
BFYgvHuFK2,JP,39.0,Women,100.0,100.0,37.5,66.0,128271.0,273.0,8.55
AXGQLjocBe,GB,31.0,Women,100.0,100.0,25.0,17.0,7818.0,98.0,16.88
Jqe1TBFWab,US,31.0,Women,100.0,100.0,12.5,85.0,77953.0,63.0,6.199998
VkRo1dIDNm,DE,39.0,Women,100.0,100.0,0.0,12.0,20626.0,1.0,2.24
JbpbEotaue,JP,46.0,Women,100.0,100.0,0.0,36.0,70427.0,142.0,4.5
rKZW1lAoV9,GB,35.0,Women,100.0,100.0,0.0,20.0,27676.0,11.0,1.7300003
0FlIsN0A04,JP,31.0,Women,100.0,100.0,12.5,72.0,91462.0,523.0,4.2799997
ovxWmUedHp,DE,56.0,Women,100.0,25.0,0.0,12.0,9612.0,1.0,5.12
vAQ3alKGXi,GB,44.0,Women,100.0,75.0,0.0,13.0,20938.0,44.0,1.83
Ol9IcJkEot,JP,22.0,Women,100.0,50.0,0.0,12.0,18011.0,13.0,1.3000001
FbfiLw05ST,GB,28.0,Men,100.0,100.0,0.0,27.0,110704.0,96.0,6.229999
qXL96e5m3i,GB,45.0,Men,100.0,100.0,12.5,21.0,24247.0,16.0,2.63
a5EZOfTXaQ,DE,27.0,Men,100.0,100.0,12.5,20.0,70951.0,1.0,2.6399999
bsQQmm6mKV,US,43.0,Men,100.0,100.0,12.5,74.0,133421.0,1.0,32.63999
LgLDDAk4Yh,US,46.0,Women,100.0,75.0,0.0,30.0,28436.0,42.0,7.25
9tZvsUzAU8,DE,40.0,Women,50.0,0.0,0.0,1.0,592.0,1.0,0.25
TNrLF7PRsV,DE,39.0,Men,100.0,100.0,0.0,21.0,26650.0,23.0,2.49
SHBtf9avai,GB,27.0,Women,50.0,0.0,0.0,1.0,106.0,1.0,0.22999999
HfOWX6hD8K,US,44.0,Women,100.0,25.0,0.0,1.0,1713.0,1.0,0.8000001
OYxmRu03kI,DE,34.0,Men,100.0,0.0,0.0,1.0,1216.0,1.0,0.8
y3xP97IsRg,US,39.0,Women,100.0,75.0,0.0,52.0,44063.0,14.0,2.9499998
NLmBsH2wCa,US,43.0,Men,100.0,50.0,0.0,6.0,7720.0,2.0,1.2
IUUURAQGZu,DE,39.0,Men,100.0,100.0,25.0,245.0,309488.0,1.0,31.180002
XGodiMQVSV,GB,39.0,Women,100.0,50.0,0.0,1.0,730.0,1.0,0.83000004
9lU53o0Yhf,GB,39.0,Men,100.0,100.0,12.5,66.0,135350.0,69.0,7.8819995
FtluahtquW,GB,49.0,Men,100.0,25.0,0.0,1.0,517.0,1.0,0.48
9LbTFMZype,JP,42.0,Men,100.0,75.0,0.0,9.0,41273.0,98.0,5.46
RrEgNE0pwr,US,35.0,Women,100.0,25.0,0.0,12.0,19995.0,1.0,5.299999
Iop5Nd1Xgf,DE,39.0,Women,100.0,50.0,0.0,2.0,5388.0,4.0,1.07
FBgP5jESEZ,GB,39.0,Women,100.0,75.0,0.0,16.0,19992.0,21.0,1.23
xGd7XAY98r,US,63.0,Women,100.0,50.0,0.0,27.0,23746.0,1.0,2.2
wRHB6DOOKM,US,24.0,Women,100.0,50.0,0.0,9.0,23385.0,1.0,2.2
iNf02yTWpl,GB,33.0,Men,100.0,100.0,50.0,187.0,291845.0,13.0,15.130006
RO90nSzchL,DE,35.0,Women,100.0,100.0,0.0,26.0,39080.0,65.0,6.6899996
8mBXSzG8ZA,DE,36.0,Women,100.0,50.0,0.0,3.0,3044.0,1.0,1.1700001
nxlruhBwG3,US,40.0,Men,100.0,100.0,0.0,59.0,89123.0,1.0,14.0
E50pc1aCYL,US,39.0,Women,50.0,0.0,0.0,1.0,872.0,1.0,0.8
JNHJzKyCPJ,US,31.0,Women,100.0,25.0,0.0,8.0,4533.0,1.0,0.8
SgfNMETcL7,GB,33.0,Women,100.0,75.0,0.0,20.0,24866.0,1.0,1.93
cmfYYtPrlt,GB,45.0,Men,100.0,100.0,62.5,368.0,590459.0,1482.0,27.330008
NbWNGjWAjD,US,42.0,Women,100.0,0.0,0.0,6.0,1868.0,1.0,0.45000002
9KGpA1jZGz,DE,22.0,Women,100.0,100.0,0.0,25.0,54945.0,1.0,7.3259997
R5DCibVomi,US,30.0,Men,100.0,100.0,0.0,32.0,37280.0,17.0,24.100004
7f07qwXbn8,US,40.0,Women,100.0,100.0,0.0,73.0,55477.0,183.0,4.0999994
SfgWLS0DWX,DE,43.0,Women,100.0,100.0,0.0,75.0,100650.0,137.0,3.8899992
pPKhUJYXzd,GB,44.0,Men,100.0,100.0,0.0,37.0,112463.0,9.0,2.53
FhP1HnDL4V,GB,53.0,Men,100.0,100.0,75.0,77.0,619363.0,1435.0,78.22998
Ts4FL3Eu6V,DE,33.0,Women,100.0,50.0,0.0,3.0,656.0,2.0,0.97
XZ2plNIxfh,US,43.0,Men,100.0,25.0,0.0,9.0,5479.0,8.0,0.90000004
Z4Z61aBOsa,GB,36.0,Men,100.0,0.0,0.0,74.0,83320.0,1.0,7.749998
E4ncEDRU1V,GB,43.0,Men,100.0,50.0,0.0,8.0,8136.0,2.0,0.92999995
9tyIdlmetN,DE,35.0,Women,100.0,75.0,0.0,10.0,18224.0,34.0,1.5899999
MO72tUnGBz,DE,39.0,Men,100.0,100.0,50.0,244.0,57682.0,161.0,4.9099994
YvvIeLhFI2,DE,39.0,Men,100.0,100.0,62.5,42.0,8956.0,327.0,4.3900003
IqpLZpfJS2,US,32.0,Women,100.0,50.0,0.0,4.0,8316.0,1.0,5.1
X0Decw93Cc,DE,22.0,Women,100.0,75.0,0.0,10.0,7101.0,4.0,1.24
VZ48bu6Do8,US,46.0,Women,100.0,100.0,25.0,42.0,225884.0,270.0,6.2499995
TnlESe2Ikh,DE,39.0,Men,100.0,50.0,0.0,2.0,1656.0,2.0,1.07
kwtKEEeLDn,DE,42.0,Men,100.0,100.0,12.5,54.0,58327.0,48.0,2.84
BAvAGuT6t3,JP,41.0,Women,100.0,25.0,0.0,5.0,6482.0,8.0,3.0
RKmCbEgY4M,DE,38.0,Women,100.0,75.0,0.0,9.0,8752.0,2.0,1.34
d0bPNcrvzr,GB,50.0,Men,100.0,0.0,0.0,3.0,2687.0,3.0,0.42999998
aBvOBsDf0q,GB,37.0,Men,100.0,75.0,0.0,15.0,28663.0,16.0,4.1299996
gJ9XpKGgMw,US,39.0,Men,100.0,50.0,0.0,3.0,1712.0,1.0,1.3
OD2hATFp2L,DE,34.0,Men,100.0,50.0,0.0,26.0,21598.0,122.0,5.39
nX7XydpuH1,DE,37.0,Men,100.0,100.0,0.0,23.0,58637.0,83.0,1.8900001
hOIbMdeXdR,GB,45.0,Women,100.0,0.0,0.0,33.0,32660.0,1.0,1.0500001
rjH14w6x3T,DE,37.0,Women,100.0,100.0,12.5,40.0,48529.0,144.0,6.8899994
bfG0KCh5LH,DE,22.0,Men,100.0,50.0,0.0,2.0,4570.0,2.0,1.1700001
FceWEt0TFW,GB,39.0,Women,100.0,25.0,0.0,3.0,1824.0,1.0,0.58
EGpKl5VdOD,DE,39.0,Women,100.0,100.0,62.5,301.0,212263.0,112.0,8.189998
OLgBz95i2T,JP,51.0,Women,50.0,0.0,0.0,2.0,1836.0,2.0,0.35
wLo7HkLwtE,US,39.0,Men,100.0,25.0,0.0,4.0,5498.0,1.0,0.8
fFs1REa1iF,US,44.0,Men,100.0,100.0,12.5,80.0,126130.0,9.0,16.2
jwu0t257Kh,DE,39.0,Women,50.0,0.0,0.0,4.0,1997.0,1.0,0.25
rDLpHQrytm,DE,39.0,Men,100.0,100.0,0.0,17.0,27834.0,147.0,21.99
L8y7UugBbc,US,45.0,Men,100.0,0.0,0.0,3.0,3307.0,1.0,0.55
3YzjJyFnxQ,GB,41.0,Men,100.0,50.0,0.0,2.0,4288.0,1.0,0.78
O6AUQVKTwo,US,31.0,Men,100.0,50.0,0.0,10.0,15095.0,1.0,1.3000001
gRzHrsMU1i,US,43.0,Men,100.0,100.0,37.5,90.0,229771.0,154.0,20.450008
Az664p3UHf,DE,21.0,Women,100.0,100.0,0.0,22.0,29753.0,43.0,22.490005
bn21jY7Ake,US,60.0,Men,50.0,0.0,0.0,4.0,3134.0,4.0,0.35
WQ5NSU6lnx,GB,42.0,Women,100.0,100.0,12.5,29.0,32639.0,63.0,3.03
MAdORHCo8J,GB,39.0,Men,100.0,0.0,0.0,7.0,12570.0,1.0,0.75000006
RrTTuwdx1M,GB,54.0,Women,100.0,75.0,0.0,3.0,9253.0,11.0,15.13
yoUHKUWW3g,US,51.0,Men,100.0,100.0,0.0,46.0,77193.0,40.0,8.2
pYBMvKevuS,DE,32.0,Men,100.0,75.0,0.0,17.0,31380.0,5.0,5.6400003
J22MKQphVb,GB,42.0,Men,100.0,100.0,37.5,101.0,245692.0,107.0,23.83
JMxhq4hGVT,DE,42.0,Women,50.0,0.0,0.0,13.0,18317.0,1.0,0.8500001
lKLgU4yJxE,US,39.0,Women,100.0,25.0,0.0,4.0,2144.0,17.0,0.7
5bwGXU4YhA,DE,36.0,Men,100.0,25.0,0.0,14.0,17922.0,13.0,23.94
xvBNVfDHPc,DE,39.0,Women,50.0,0.0,0.0,1.0,452.0,1.0,0.6
9ZyxYUCN5g,GB,54.0,Women,100.0,100.0,12.5,4.0,11694.0,242.0,2.33
ObPpGVVTva,US,27.0,Men,100.0,50.0,0.0,38.0,33438.0,1.0,5.5
A7ci7Wbesp,DE,18.0,Women,100.0,0.0,0.0,2.0,2290.0,4.0,0.47
yeHiEjX0yO,DE,21.0,Men,100.0,75.0,0.0,15.0,3279.0,2.0,21.240002
J8R4nN7LoT,GB,25.0,Women,100.0,75.0,0.0,8.0,11296.0,1.0,1.0300001
N3QYBWlWm0,DE,52.0,Men,100.0,50.0,0.0,4.0,2643.0,1.0,1.07
PhxhrSffLt,GB,39.0,Women,50.0,0.0,0.0,1.0,1770.0,2.0,0.55
yd6ynOOiiV,US,18.0,Women,100.0,100.0,0.0,166.0,200493.0,1.0,9.2
p5JhY0awoC,GB,39.0,Women,100.0,50.0,0.0,7.0,4817.0,1.0,0.78
CBhLQg9QLu,US,46.0,Women,100.0,100.0,62.5,364.0,238219.0,1277.0,22.95
6JEmEzziqc,GB,28.0,Men,100.0,75.0,0.0,12.0,12653.0,12.0,1.4300001
EocsQbBycx,DE,39.0,Men,100.0,75.0,0.0,6.0,15233.0,1.0,1.79
iDFumYPv96,GB,39.0,Women,100.0,75.0,0.0,13.0,12575.0,18.0,1.4300001
vd7cjUylxN,DE,25.0,Men,100.0,25.0,0.0,92.0,72411.0,223.0,2.2000003
3XCgJtnJEf,US,39.0,Men,100.0,25.0,0.0,4.0,1984.0,1.0,4.8
osuuimYhsT,GB,39.0,Men,100.0,100.0,0.0,23.0,65194.0,112.0,16.53
6hN3iicwBH,GB,40.0,Women,100.0,50.0,0.0,4.0,2216.0,2.0,0.78000003
LRec0kbQUf,US,44.0,Women,100.0,25.0,0.0,3.0,1538.0,1.0,0.8000001
fskEwsr8Rt,US,45.0,Women,100.0,25.0,0.0,1.0,446.0,1.0,0.70000005
N7b6XkDU5i,DE,40.0,Women,100.0,100.0,12.5,100.0,141611.0,175.0,25.940004
EhfNE6lKqm,US,39.0,Women,100.0,75.0,0.0,53.0,59572.0,1.0,6.65
UX5wdEJJUT,DE,44.0,Men,100.0,50.0,0.0,6.0,10616.0,11.0,1.27
7ApQxquPfq,GB,39.0,Women,50.0,0.0,0.0,1.0,541.0,1.0,0.2
oHRTfp0aDy,GB,28.0,Women,100.0,50.0,0.0,6.0,6923.0,1.0,0.88000005
SMrFBdhoAO,US,43.0,Men,100.0,50.0,0.0,19.0,8098.0,2.0,5.3
O26AOXviNS,DE,36.0,Men,100.0,100.0,0.0,18.0,25207.0,92.0,2.0900002
r3vdoG23am,DE,48.0,Women,100.0,100.0,0.0,37.0,29334.0,34.0,25.390003
Kkx52PHoAW,DE,19.0,Women,100.0,75.0,0.0,10.0,832.0,4.0,21.140001
ymPnLUyJzz,DE,46.0,Men,50.0,0.0,0.0,11.0,31377.0,34.0,21.020002
G1MTIjqLn3,US,45.0,Women,100.0,25.0,0.0,8.0,4024.0,1.0,4.9
h4Y4SQaaeR,GB,37.0,Women,100.0,75.0,0.0,17.0,15985.0,5.0,15.030001
EXbQ5UmmLz,DE,39.0,Women,50.0,0.0,0.0,2.0,65.0,1.0,0.22
qeFbEhGR4O,US,43.0,Women,100.0,0.0,0.0,14.0,24641.0,99.0,2.05
6OFpcEtM9Q,DE,31.0,Men,100.0,25.0,0.0,3.0,2244.0,1.0,0.91999996
A742Ll10LA,DE,50.0,Men,100.0,75.0,0.0,53.0,111379.0,627.0,22.540005
3LALJqkwOp,GB,57.0,Men,100.0,0.0,0.0,8.0,12932.0,45.0,1.5500001
tbSoY86HeB,US,18.0,Men,100.0,50.0,0.0,9.0,10815.0,1.0,5.2999997
Aj6CZKjUNY,DE,39.0,Men,100.0,25.0,0.0,3.0,4876.0,9.0,0.9200001
zb564GzoCT,US,37.0,Women,100.0,25.0,0.0,5.0,5040.0,15.0,20.800001
z8T45Lq2Il,DE,27.0,Men,100.0,100.0,12.5,52.0,115043.0,445.0,7.3399982
kg0MOTdRzu,DE,66.0,Men,100.0,0.0,0.0,5.0,6830.0,32.0,0.82
iF7qnnQQB2,GB,48.0,Men,100.0,75.0,0.0,14.0,12257.0,31.0,1.7300001
l24nodedA7,US,43.0,Women,100.0,25.0,0.0,3.0,4144.0,12.0,0.8
ZHv19TtUvG,GB,39.0,Men,100.0,50.0,0.0,3.0,2737.0,1.0,3.58
4fOKt4vB1P,DE,44.0,Men,100.0,100.0,37.5,107.0,141350.0,111.0,6.3999977
6bNsjBruGr,DE,36.0,Women,100.0,100.0,37.5,41.0,73307.0,128.0,24.300003
T1Cr1lJVaL,DE,60.0,Men,100.0,50.0,0.0,53.0,117627.0,113.0,3.6699994
wNK0pCUWdK,US,52.0,Men,100.0,100.0,0.0,83.0,94347.0,224.0,5.6999984
M1cBAq1Fl8,DE,55.0,Men,100.0,100.0,0.0,81.0,195960.0,298.0,4.1899986
oweTs47bIX,US,39.0,Women,50.0,0.0,0.0,1.0,183.0,1.0,0.25
ShnEPk6AiZ,US,33.0,Men,100.0,100.0,0.0,44.0,55798.0,4.0,3.1999993
Sy9YQidPsE,DE,53.0,Women,100.0,75.0,0.0,19.0,21433.0,48.0,1.9900001
Cku0oB2N4s,US,59.0,Men,100.0,50.0,0.0,19.0,39012.0,1.0,2.1000001
QdThl5Q04k,GB,33.0,Women,100.0,100.0,0.0,24.0,113747.0,116.0,2.23
9t5Rt4SLPj,GB,35.0,Women,100.0,50.0,0.0,2.0,3180.0,6.0,0.78000003
Di3j3bt7y4,GB,39.0,Men,100.0,50.0,0.0,3.0,6490.0,16.0,0.88
ZBw3knigwN,GB,51.0,Men,100.0,50.0,0.0,6.0,9305.0,1.0,0.98
p0MbekDBuw,DE,27.0,Men,100.0,100.0,0.0,39.0,29209.0,20.0,1.94
R1SNKAMRng,US,34.0,Men,100.0,50.0,0.0,24.0,42424.0,1.0,6.4
dVkx5oQ9ww,US,39.0,Women,100.0,75.0,0.0,19.0,18292.0,4.0,2.9499998
CWK58liEut,US,46.0,Men,100.0,100.0,50.0,272.0,1093944.0,1078.0,64.10997
rr5V8leNvY,DE,46.0,Women,100.0,100.0,0.0,27.0,63050.0,31.0,6.0399995
LOYW8Y28dS,US,33.0,Men,100.0,25.0,0.0,5.0,3280.0,1.0,0.8
OOHUHgo1Gk,US,39.0,Women,100.0,25.0,0.0,3.0,315.0,1.0,0.7
nrMLoPIGpp,GB,36.0,Men,100.0,75.0,0.0,9.0,5781.0,1.0,3.9299996
EpbiqdepDa,JP,29.0,Women,100.0,25.0,0.0,2.0,6197.0,10.0,0.9000001
U13Wlh0dXI,GB,57.0,Men,100.0,0.0,0.0,26.0,16897.0,1.0,0.75000006
nZSkLmQjY6,US,39.0,Women,50.0,0.0,0.0,3.0,1087.0,1.0,0.25
kZeb9RGEA4,DE,39.0,Men,100.0,50.0,0.0,2.0,12649.0,8.0,1.1700001
suS8cCvC4d,DE,22.0,Women,100.0,50.0,0.0,1.0,2322.0,1.0,1.07
lglN8BEb3Y,GB,18.0,Men,100.0,100.0,12.5,97.0,214168.0,1.0,2.83
GeYdUeAap5,US,42.0,Women,100.0,50.0,0.0,6.0,6270.0,47.0,2.2
YqkRNepSjK,US,52.0,Women,100.0,50.0,0.0,10.0,5912.0,1.0,1.2
HlTq85uixO,US,43.0,Men,100.0,25.0,0.0,5.0,6594.0,1.0,0.8000001
o2WNH9kcoV,DE,56.0,Women,100.0,100.0,25.0,97.0,143251.0,37.0,7.999998
Y5BBPvfNbr,US,32.0,Men,100.0,50.0,0.0,1.0,184.0,1.0,1.0
bxGZGlkfLf,US,61.0,Women,100.0,100.0,0.0,42.0,86292.0,189.0,4.2
8XymeRwJgK,US,39.0,Men,100.0,50.0,0.0,13.0,23653.0,1.0,1.0
kG773IRT7h,US,35.0,Women,100.0,0.0,0.0,5.0,4087.0,1.0,0.65
ZSYq5r5inJ,DE,36.0,Women,100.0,75.0,0.0,12.0,23678.0,1.0,1.59
7IpHeSL8XE,US,39.0,Women,100.0,25.0,0.0,2.0,5473.0,5.0,0.9
wvNGr9vT7F,US,44.0,Men,100.0,25.0,0.0,3.0,1375.0,1.0,0.70000005
CzcMNvLu3H,US,39.0,Women,100.0,25.0,0.0,3.0,1253.0,12.0,11.98
ZQeR5fyYbR,US,23.0,Women,100.0,100.0,25.0,128.0,136209.0,164.0,17.950005
nQNfQbsWql,GB,43.0,Women,100.0,25.0,0.0,2.0,2633.0,1.0,0.58
9gV1vVBHCd,US,39.0,Women,100.0,25.0,0.0,2.0,3984.0,1.0,0.8000001
SjWUpNwwpw,DE,39.0,Men,100.0,75.0,0.0,1.0,2346.0,2.0,1.24
xzmPVA0yCs,GB,43.0,Men,100.0,100.0,50.0,140.0,265217.0,233.0,7.729997
H9Uot8CIgZ,US,58.0,Women,100.0,0.0,0.0,8.0,5689.0,2.0,20.750002
INsTMQPDv9,US,40.0,Women,100.0,100.0,75.0,244.0,143197.0,824.0,47.850002
mdE0z62YCd,DE,37.0,Men,100.0,100.0,0.0,12.0,18315.0,41.0,5.8899994
uclVq0tKK7,DE,23.0,Women,100.0,75.0,0.0,6.0,10609.0,7.0,1.34
ShEbATdFTT,GB,44.0,Women,50.0,0.0,0.0,1.0,206.0,2.0,0.1
nXBIsQobc5,US,59.0,Men,100.0,50.0,0.0,20.0,35776.0,9.0,6.3999996
jAi3dzbaXv,US,31.0,Men,100.0,25.0,0.0,7.0,5895.0,1.0,5.52
ge0EyIDogp,DE,40.0,Men,100.0,100.0,0.0,28.0,24487.0,1.0,2.4899998
dkI9wOMAqT,US,39.0,Men,100.0,100.0,0.0,50.0,113750.0,157.0,8.4
TXeJOIVqqs,GB,47.0,Women,100.0,75.0,0.0,6.0,15089.0,7.0,1.9300001
ly5DrRXGGk,US,60.0,Women,100.0,75.0,0.0,23.0,74296.0,196.0,3.3500001
PLg9mRgmRA,DE,36.0,Women,100.0,0.0,0.0,2.0,1837.0,1.0,4.7999997
1PkqEU2XKT,JP,28.0,Women,100.0,100.0,25.0,74.0,109106.0,337.0,7.8499975
HNApW805NM,GB,39.0,Men,100.0,75.0,0.0,15.0,30453.0,97.0,2.1299999
UNj8QMOyir,JP,33.0,Men,100.0,75.0,0.0,20.0,21189.0,121.0,3.8199992
lqot1qzZUk,DE,39.0,Men,100.0,0.0,0.0,2.0,1854.0,10.0,0.70000005
UTaJjZDPTG,US,35.0,Women,100.0,50.0,0.0,6.0,11389.0,1.0,5.2000003
hUXzyYaXHu,US,24.0,Men,100.0,25.0,0.0,3.0,2351.0,1.0,0.8
6D9EPYNuSL,US,45.0,Men,100.0,100.0,0.0,54.0,99120.0,269.0,4.8
u9VUmh11uZ,DE,49.0,Men,100.0,100.0,62.5,18.0,6273.0,979.0,4.39
FUBANkSsDA,DE,28.0,Men,100.0,100.0,25.0,39.0,158392.0,4.0,3.6399992
CA3xuU39vU,JP,40.0,Men,100.0,100.0,12.5,12.0,5587.0,160.0,4.75
JfdV9dpbL2,US,39.0,Women,100.0,25.0,0.0,4.0,1504.0,1.0,0.70000005
NIV0ZoXHFy,JP,25.0,Women,100.0,50.0,0.0,12.0,15838.0,1.0,3.1
UIrDb0qaRh,GB,40.0,Women,100.0,25.0,0.0,4.0,5609.0,12.0,1.0
rPs9Fc0gbr,DE,27.0,Women,100.0,75.0,0.0,13.0,7338.0,1.0,5.4399996
LjE330sqTz,GB,37.0,Men,100.0,100.0,75.0,370.0,400353.0,665.0,9.7300005
IS3cjK5WYJ,DE,32.0,Men,100.0,100.0,37.5,77.0,97891.0,57.0,3.7399995
K6qYvfTpkl,DE,36.0,Women,100.0,75.0,0.0,20.0,18769.0,64.0,5.8899994
vqU31SlZu7,US,39.0,Men,100.0,0.0,0.0,5.0,7948.0,1.0,4.6
phsl18d3jU,US,35.0,Women,100.0,50.0,0.0,3.0,2972.0,1.0,5.94
kCHICgn984,US,23.0,Men,100.0,75.0,0.0,39.0,44251.0,42.0,26.550005
6VfShcfj0m,US,30.0,Men,100.0,50.0,0.0,29.0,124728.0,23.0,2.0000002
hwBCK3e8SQ,US,38.0,Men,100.0,25.0,0.0,9.0,5572.0,1.0,0.9
MYRpTlRBbD,DE,45.0,Men,100.0,75.0,0.0,33.0,39540.0,110.0,2.19
fdUhnGVa5B,DE,41.0,Women,100.0,100.0,0.0,1.0,35.0,9.0,24.34
CtAxySn7XU,GB,50.0,Men,50.0,0.0,0.0,3.0,1324.0,1.0,0.3
Ofe8NED9tp,US,39.0,Women,50.0,0.0,0.0,1.0,365.0,1.0,0.25
cE9jeVWn6K,US,67.0,Women,100.0,100.0,0.0,3.0,790.0,33.0,3.2
pxz7W7bHPP,GB,47.0,Women,100.0,100.0,37.5,123.0,238763.0,679.0,8.23
m4V23BZni6,DE,39.0,Women,100.0,75.0,0.0,1.0,8640.0,8.0,1.34
J7ajHkEaUb,US,62.0,Men,100.0,50.0,0.0,5.0,7720.0,1.0,1.1
M0LYrr3qa1,GB,37.0,Women,100.0,100.0,12.5,95.0,57727.0,1.0,7.321999
WPtki9te9z,DE,24.0,Men,100.0,75.0,0.0,14.0,13010.0,2.0,12.626
PDN0aFibIs,GB,36.0,Men,100.0,100.0,0.0,23.0,41262.0,1.0,1.8300003
WDxfDOKivU,US,40.0,Women,100.0,25.0,0.0,4.0,6215.0,1.0,1.0
7WznUvwkPW,DE,39.0,Men,50.0,0.0,0.0,46.0,50574.0,77.0,1.0000001
OCVKtZfc7Q,US,65.0,Men,50.0,0.0,0.0,2.0,1255.0,1.0,0.35000002
IMceYBR1DO,US,39.0,Men,100.0,0.0,0.0,1.0,1261.0,1.0,0.55
IQVR22RE7y,GB,30.0,Women,100.0,100.0,0.0,44.0,41953.0,54.0,2.3300002
IijuQq32qP,US,39.0,Women,50.0,0.0,0.0,16.0,4095.0,28.0,4.35
PwQDVr5ZLr,DE,39.0,Women,50.0,0.0,0.0,1.0,472.0,1.0,0.6
xs8zJ7XtDL,GB,39.0,Men,100.0,100.0,0.0,15.0,7838.0,1.0,1.4300001
UC8yZNeytD,GB,56.0,Women,100.0,100.0,37.5,37.0,472866.0,1.0,27.130005
OebWcBjovv,DE,30.0,Women,100.0,75.0,0.0,14.0,8731.0,47.0,11.49
O0qugppxJ8,GB,30.0,Men,100.0,100.0,12.5,64.0,62740.0,18.0,2.8300002
b4K2NGtdBY,GB,37.0,Men,100.0,100.0,0.0,33.0,22447.0,1.0,4.5299997
jHT5WoxwiW,DE,39.0,Men,100.0,75.0,0.0,5.0,5728.0,38.0,1.4899999
10WjaE7dYX,US,36.0,Women,100.0,25.0,0.0,2.0,270.0,1.0,0.70000005
jN6sKrz3wN,GB,39.0,Women,100.0,75.0,0.0,22.0,21083.0,16.0,1.43
9BafFMiqIF,DE,22.0,Women,100.0,100.0,0.0,17.0,52046.0,1.0,1.89
0DSCbYBzmm,GB,37.0,Men,100.0,100.0,0.0,51.0,62992.0,42.0,22.529999
caMgh0s9T6,DE,39.0,Women,100.0,100.0,0.0,23.0,36422.0,60.0,12.190001
gLutazxzMj,DE,39.0,Women,100.0,25.0,0.0,3.0,1456.0,1.0,0.91999996
rnFVyLmXkN,GB,34.0,Men,100.0,75.0,0.0,11.0,7410.0,4.0,1.2300001
UZgzZWT2Nk,DE,28.0,Men,100.0,75.0,0.0,11.0,3742.0,2.0,1.2400001
8q21JBwPq5,GB,34.0,Women,100.0,0.0,0.0,1.0,465.0,15.0,1.3
UTDpHcP1Ob,US,45.0,Women,100.0,50.0,0.0,3.0,4720.0,1.0,1.6000001
8QDwwC7llm,GB,43.0,Women,100.0,100.0,12.5,62.0,93202.0,31.0,3.3299997
fhPqHAKksp,GB,37.0,Men,100.0,50.0,0.0,2.0,223.0,10.0,0.68000007
4WkCV1y97E,GB,36.0,Men,100.0,75.0,0.0,7.0,12384.0,1.0,1.13
WoLHAALaWi,DE,40.0,Men,100.0,25.0,0.0,1.0,0.0,1.0,0.82000005
O4rtDgFv6Y,US,35.0,Men,100.0,100.0,25.0,68.0,86590.0,204.0,7.8499985
FvSoLzsjH5,DE,61.0,Women,100.0,0.0,0.0,2.0,1955.0,2.0,0.70000005
KwrIsLRt3X,DE,51.0,Women,100.0,100.0,25.0,102.0,370390.0,226.0,2.74
0F9mtcfEGC,US,37.0,Women,100.0,25.0,0.0,2.0,513.0,1.0,0.7
vDLruYjx0N,DE,39.0,Men,50.0,0.0,0.0,17.0,28418.0,28.0,29.460003
d22onCcEWx,US,38.0,Men,100.0,50.0,0.0,23.0,18599.0,1.0,1.6000001
hsBfNx7dMi,DE,34.0,Women,100.0,100.0,37.5,103.0,52760.0,15.0,8.700001
GDiVbgjfnf,DE,41.0,Men,100.0,50.0,0.0,6.0,6746.0,15.0,1.0699999
JC4x3GUY7b,DE,30.0,Women,100.0,100.0,12.5,67.0,35089.0,1.0,2.8899999
HklPpyfyUE,GB,38.0,Men,100.0,50.0,0.0,10.0,9142.0,10.0,0.7800001
pkDXF4OqUs,US,31.0,Women,50.0,0.0,0.0,1.0,485.0,1.0,0.25
KkaUiWGmhl,US,39.0,Women,100.0,25.0,0.0,2.0,4595.0,1.0,0.8000001
8r0Ntdl84w,US,37.0,Women,100.0,0.0,0.0,1.0,787.0,1.0,0.45
WfV8wTiAe8,DE,38.0,Men,100.0,75.0,0.0,5.0,12888.0,14.0,1.24
SQSbm1V7tx,DE,30.0,Women,100.0,50.0,0.0,4.0,10914.0,1.0,1.1700001
d2hSg1WQk9,DE,39.0,Men,100.0,75.0,0.0,33.0,60746.0,19.0,5.919999
CP92BatjxT,US,32.0,Men,100.0,75.0,0.0,17.0,31779.0,101.0,3.3500001
I0YtMNUyPU,JP,49.0,Women,100.0,75.0,0.0,25.0,71197.0,218.0,4.2199993
RZ6zLfUPMJ,US,48.0,Men,100.0,50.0,0.0,3.0,600.0,12.0,1.0
cDQNMWohug,GB,29.0,Men,100.0,100.0,12.5,3.0,15660.0,140.0,2.23
4V5sRvahbi,GB,39.0,Men,100.0,100.0,0.0,39.0,67320.0,3.0,2.7299995
FZC4ttcAPJ,DE,46.0,Men,100.0,25.0,0.0,2.0,4765.0,9.0,0.57
VOWsxozKrG,DE,39.0,Men,100.0,25.0,0.0,2.0,3386.0,1.0,0.92
ULINlUo8G3,GB,44.0,Men,100.0,100.0,25.0,178.0,248972.0,157.0,5.079999
hCMD94XIRw,DE,39.0,Women,100.0,100.0,25.0,21.0,72833.0,268.0,6.9399996
OLVL3z1MUF,DE,39.0,Men,100.0,0.0,0.0,2.0,3611.0,2.0,0.8
vALXsexEk8,DE,39.0,Women,100.0,75.0,0.0,11.0,7981.0,15.0,1.34
nQ9Hfk8TMW,US,63.0,Men,100.0,100.0,12.5,25.0,72162.0,173.0,8.900001
BMsXuDlxWq,GB,39.0,Men,100.0,50.0,0.0,7.0,5928.0,1.0,0.78
JpCzsBXAgS,US,39.0,Women,100.0,75.0,0.0,17.0,20671.0,1.0,2.1499999
7hJZL9FauB,GB,56.0,Men,100.0,100.0,25.0,39.0,162237.0,1.0,6.38
uwIa1KDbUE,GB,49.0,Women,100.0,100.0,0.0,27.0,44385.0,1.0,2.53
vyyGDaWU63,DE,24.0,Men,100.0,50.0,0.0,18.0,22328.0,1.0,1.6700002
24vrZI0Vwr,DE,37.0,Men,100.0,50.0,0.0,7.0,4707.0,1.0,11.17
otsycwPWba,GB,19.0,Men,100.0,50.0,0.0,2.0,2707.0,1.0,0.78000003
EooVBVs8TV,DE,39.0,Women,100.0,50.0,0.0,1.0,3074.0,2.0,1.0699999
xrT9YdIZnS,DE,51.0,Women,100.0,100.0,37.5,66.0,138162.0,287.0,4.799999
Cspz20JSjO,US,49.0,Men,100.0,75.0,0.0,21.0,18385.0,2.0,1.95
xlTIOGoUxi,US,39.0,Men,100.0,25.0,0.0,6.0,4769.0,1.0,1.0000001
NYm2Gm6WYc,GB,39.0,Men,50.0,0.0,0.0,7.0,13991.0,19.0,0.70000005
LBksEQWgmF,JP,39.0,Men,100.0,25.0,0.0,1.0,1676.0,1.0,0.63
fhcPLYv1Eb,US,44.0,Men,100.0,0.0,0.0,2.0,3536.0,1.0,0.55
wQMpkJzL1k,GB,18.0,Men,100.0,50.0,0.0,3.0,10708.0,3.0,0.78000003
c1lhDjGxYs,GB,44.0,Men,100.0,75.0,0.0,5.0,24623.0,1.0,1.23
t8MPwIZtVA,US,51.0,Women,50.0,0.0,0.0,1.0,161.0,1.0,0.85
ssnsuUiZyl,US,62.0,Women,100.0,100.0,12.5,55.0,114071.0,266.0,32.000004
z0DH6QQSgf,US,51.0,Women,100.0,25.0,0.0,3.0,3009.0,10.0,2.0000002
khMOsNUbfu,US,39.0,Men,100.0,100.0,0.0,58.0,399170.0,1.0,8.299999
v627gyum42,DE,23.0,Men,100.0,50.0,0.0,2.0,1453.0,5.0,1.07
0P2mgEKgrt,US,34.0,Women,50.0,0.0,0.0,2.0,1610.0,1.0,0.35
Z9tciEc7r1,GB,39.0,Men,100.0,100.0,0.0,24.0,35856.0,37.0,9.43
coWxFbkL5d,US,43.0,Men,100.0,75.0,0.0,21.0,29030.0,94.0,3.2499995
uRiLPui13D,US,49.0,Women,100.0,75.0,0.0,16.0,11759.0,9.0,1.6500001
Qd7pg2xJpT,DE,37.0,Men,100.0,100.0,12.5,87.0,84009.0,1.0,2.84
8kQzsOwNrh,JP,39.0,Women,100.0,50.0,0.0,12.0,13100.0,22.0,1.1400001
LYvJaP9X2o,DE,28.0,Men,100.0,100.0,0.0,26.0,41388.0,6.0,1.94
ax9GgSbKzI,GB,45.0,Women,100.0,50.0,0.0,131.0,122537.0,97.0,6.2999997
Vr4b2BHuZ7,US,38.0,Women,100.0,25.0,0.0,2.0,4029.0,1.0,0.8
ttzNkSK5Mm,DE,50.0,Men,100.0,0.0,0.0,2.0,797.0,3.0,0.42000002
gf0dV8lqVn,DE,25.0,Men,100.0,100.0,0.0,22.0,17569.0,4.0,1.9400002
GVtpJqGBv2,US,40.0,Women,100.0,100.0,0.0,13.0,18375.0,39.0,22.650002
lGbSmbOa6F,JP,39.0,Men,100.0,100.0,0.0,40.0,31247.0,108.0,3.3799994
Q0XI26wSt4,DE,39.0,Women,100.0,100.0,0.0,2.0,91.0,43.0,1.5899999
FlUCLdpZb5,DE,37.0,Women,100.0,100.0,12.5,60.0,156583.0,160.0,3.2399993
MZdZPNrqhB,US,39.0,Men,100.0,50.0,0.0,6.0,17216.0,9.0,25.300001
hZcqwi42pS,GB,39.0,Men,100.0,100.0,37.5,29.0,38233.0,25.0,3.33
qhBcyfKXtl,DE,39.0,Men,100.0,0.0,0.0,27.0,44852.0,11.0,5.7000003
u3bFRinssj,DE,51.0,Women,100.0,100.0,50.0,72.0,227895.0,217.0,5.1999984
OYumBwETCX,US,44.0,Women,100.0,25.0,0.0,5.0,10632.0,1.0,5.0
egMRgu5r2j,DE,42.0,Men,100.0,0.0,0.0,2.0,1807.0,1.0,0.8
8M52GF3Zte,GB,35.0,Men,50.0,0.0,0.0,2.0,19.0,1.0,0.3
En0J93OFYO,JP,38.0,Women,50.0,0.0,0.0,8.0,17275.0,1.0,0.75000006
kVBNFBx3gO,DE,51.0,Men,100.0,0.0,0.0,22.0,5673.0,1.0,4.47
FlGVtd24qe,US,51.0,Men,100.0,100.0,25.0,60.0,172785.0,482.0,18.450008
ixgpkA6Mlw,GB,39.0,Men,100.0,0.0,0.0,21.0,75085.0,171.0,1.1
cqrG70n5dC,US,30.0,Men,100.0,50.0,0.0,8.0,16736.0,14.0,11.5
iYTzIcgTDT,GB,37.0,Women,100.0,0.0,0.0,6.0,5556.0,1.0,0.42999998
WOCCgwkMdG,DE,41.0,Men,100.0,100.0,0.0,9.0,25707.0,37.0,2.19
FrXTu1DPMf,US,25.0,Men,100.0,50.0,0.0,10.0,6366.0,3.0,1.3000001
poQO03o0hO,US,39.0,Women,100.0,0.0,0.0,1.0,633.0,1.0,0.45000002
R8dlp5KpsN,US,55.0,Men,50.0,0.0,0.0,3.0,35.0,1.0,0.25
dHCluh9RoI,GB,43.0,Men,100.0,50.0,0.0,26.0,18337.0,1.0,1.08
9do4gp5oT0,US,49.0,Women,100.0,25.0,0.0,11.0,10331.0,1.0,4.9999995
Lg1pBTUeOd,DE,25.0,Women,100.0,100.0,0.0,12.0,8763.0,3.0,1.5400001
GXSdjvVdu5,DE,33.0,Women,100.0,0.0,0.0,1.0,1391.0,1.0,0.8
YBdDXrLOHG,US,39.0,Men,100.0,100.0,0.0,30.0,24593.0,1.0,3.6
3bOhTD4qBv,US,55.0,Men,100.0,25.0,0.0,3.0,7715.0,1.0,0.8
k4nx6kzY8A,GB,48.0,Men,100.0,100.0,12.5,24.0,11438.0,1.0,2.5299997
PHirsj3TPN,DE,39.0,Men,100.0,0.0,0.0,40.0,13403.0,3.0,0.87
8y29wk7WTY,US,39.0,Women,50.0,0.0,0.0,2.0,1.0,1.0,0.25
2KoZAhSKLW,DE,49.0,Women,100.0,50.0,0.0,23.0,37393.0,1.0,5.589999
C3rFtW63Vq,DE,39.0,Women,100.0,100.0,0.0,10.0,11570.0,1.0,5.64
coT2120wj6,GB,32.0,Men,100.0,100.0,0.0,15.0,20377.0,3.0,3.9299998
ixT2FbvPYJ,DE,44.0,Men,100.0,75.0,0.0,3.0,7765.0,1.0,1.59
kvDb6OuANF,GB,27.0,Men,100.0,100.0,0.0,30.0,34803.0,1.0,2.1300004
8SXUqItCLU,DE,37.0,Men,100.0,100.0,0.0,52.0,23195.0,1.0,12.040001
N5UZsgGAWH,JP,39.0,Women,100.0,75.0,0.0,30.0,36169.0,35.0,3.1599996
yrzdmQw0hZ,GB,61.0,Men,100.0,100.0,12.5,33.0,106316.0,25.0,6.33
aEzkyOMzax,US,23.0,Men,100.0,75.0,0.0,22.0,41637.0,47.0,22.950003
Saxtv9n7IM,GB,39.0,Men,100.0,75.0,0.0,15.0,9410.0,1.0,1.33
09i4Mv7Wnh,US,39.0,Women,100.0,25.0,0.0,1.0,4169.0,1.0,0.8000001
w3NqZdhsbj,DE,47.0,Men,100.0,0.0,0.0,4.0,2241.0,1.0,0.70000005
sGqQEZWS9p,US,39.0,Women,100.0,0.0,0.0,3.0,1276.0,1.0,0.45000002
GXb8lbY1cG,DE,24.0,Men,100.0,50.0,0.0,4.0,4584.0,1.0,1.07
u4pz1IeDwn,US,41.0,Women,100.0,50.0,0.0,7.0,14446.0,1.0,1.7
eIhsImWCj2,US,54.0,Men,100.0,100.0,37.5,236.0,197154.0,736.0,10.950003
3lajeGWph5,US,62.0,Men,100.0,25.0,0.0,5.0,10221.0,4.0,1.0
ORTLPpsD2S,US,32.0,Men,100.0,0.0,0.0,9.0,2037.0,1.0,4.45
xZCFsG2z3I,DE,39.0,Men,100.0,100.0,0.0,29.0,116313.0,101.0,1.8900001
hTfLHRaisc,DE,39.0,Men,100.0,50.0,0.0,1.0,8334.0,50.0,1.07
UuOdfXyosz,DE,39.0,Women,100.0,50.0,0.0,10.0,8799.0,1.0,1.1700001
DIfHZLzwdt,DE,39.0,Men,100.0,100.0,37.5,68.0,232101.0,383.0,27.600008
bGZ4McpVnG,DE,35.0,Women,100.0,50.0,0.0,6.0,5004.0,1.0,1.1700001
DkfBOtdBse,DE,38.0,Women,100.0,75.0,0.0,65.0,94163.0,71.0,46.889996
1qsqOL0xYb,US,34.0,Men,100.0,25.0,0.0,2.0,2066.0,1.0,0.70000005
lLtQDbRnKW,US,39.0,Men,100.0,50.0,0.0,8.0,10576.0,1.0,1.4000001
DBXhxvcv6N,DE,39.0,Men,100.0,75.0,0.0,9.0,14997.0,1.0,5.59
hHGvpBCq0r,JP,39.0,Men,100.0,25.0,0.0,1.0,6348.0,1.0,0.8
JK7aemRm7K,JP,39.0,Men,100.0,75.0,0.0,17.0,36989.0,17.0,2.55
AkzuohF5xN,DE,54.0,Men,100.0,75.0,0.0,46.0,39211.0,12.0,1.84
UUY17egjIP,US,41.0,Men,100.0,0.0,0.0,1.0,978.0,1.0,0.45000002
8GifAvgbh8,US,48.0,Women,100.0,50.0,0.0,19.0,33560.0,1.0,2.6000001
tyrscxNQZ9,US,46.0,Women,100.0,100.0,37.5,91.0,265732.0,631.0,10.850003
FOoX1BVDi3,DE,28.0,Men,100.0,75.0,0.0,10.0,7935.0,1.0,1.34
m1bWSI9xHK,GB,39.0,Women,100.0,100.0,37.5,81.0,86160.0,113.0,4.1799994
9b60KRYVp1,DE,30.0,Women,100.0,75.0,0.0,4.0,10606.0,26.0,1.44
qHtF09bDyq,GB,39.0,Women,100.0,50.0,0.0,4.0,7075.0,1.0,0.88
8WlD1fiLPx,US,44.0,Men,100.0,100.0,0.0,60.0,45591.0,27.0,3.6999996
KnUcIT1frr,GB,39.0,Women,50.0,0.0,0.0,1.0,388.0,1.0,0.22999999
Fnhj1zw3vG,US,44.0,Men,50.0,0.0,0.0,2.0,2442.0,1.0,0.5
WZLjQuRMBw,GB,43.0,Men,100.0,100.0,0.0,17.0,36604.0,15.0,2.33
kuUwYlkpr9,GB,42.0,Men,100.0,100.0,100.0,298.0,622865.0,732.0,65.32999
4kCn8G11iF,GB,39.0,Women,100.0,100.0,12.5,31.0,80071.0,73.0,3.2299998
vHTfR5RMt7,US,52.0,Women,100.0,25.0,0.0,2.0,5717.0,1.0,0.90000004
15YHXnEeFF,US,40.0,Men,100.0,25.0,0.0,2.0,2864.0,1.0,0.9000001
MNt5wc06ej,DE,56.0,Women,100.0,100.0,0.0,27.0,78278.0,32.0,12.49
TX4SusXL5j,GB,54.0,Men,100.0,100.0,87.5,164.0,195688.0,1.0,96.66997
gKQbOlBSft,DE,39.0,Women,100.0,100.0,0.0,2.0,278.0,22.0,1.34
RXMN969Z5h,US,39.0,Women,100.0,50.0,0.0,7.0,22184.0,1.0,1.4000001
FKcjCA59v7,DE,45.0,Men,100.0,75.0,0.0,3.0,952.0,1.0,5.14
wFpILUskT1,US,41.0,Women,100.0,50.0,0.0,3.0,2650.0,1.0,1.2
LgOktGCbhO,DE,23.0,Men,100.0,100.0,0.0,15.0,11958.0,4.0,5.54
biMY0yvzBt,US,30.0,Women,100.0,25.0,0.0,6.0,6773.0,1.0,0.8000001
8AoA5mkCT5,US,37.0,Men,100.0,100.0,12.5,86.0,192918.0,231.0,6.7999973
JVAiR6p1A0,DE,51.0,Men,100.0,75.0,0.0,28.0,26964.0,2.0,1.7400001
2lIsdamk22,GB,59.0,Men,100.0,50.0,0.0,3.0,3088.0,10.0,0.8800001
DfTaginrDZ,GB,53.0,Men,100.0,50.0,0.0,3.0,6694.0,1.0,0.88
6Ij6P4CCfh,GB,49.0,Women,100.0,50.0,0.0,25.0,25439.0,9.0,2.0000002
YrfDIRV0ur,US,44.0,Men,100.0,0.0,0.0,4.0,2902.0,11.0,0.55
CRbg3VqDVY,DE,31.0,Men,100.0,100.0,12.5,65.0,38452.0,10.0,2.69
MK77NuPn47,US,39.0,Men,100.0,25.0,0.0,3.0,7434.0,1.0,0.7
AEOHaIRqfe,US,30.0,Women,100.0,50.0,0.0,16.0,10763.0,12.0,1.1999999
3LULUv6Uiv,DE,34.0,Men,100.0,75.0,0.0,14.0,14950.0,1.0,1.54
36czWaQ9yD,GB,41.0,Women,100.0,100.0,0.0,54.0,63574.0,35.0,5.2299995
NaerIr28hL,DE,21.0,Women,100.0,100.0,12.5,60.0,47100.0,79.0,2.8399997
nPolgbwXKJ,DE,39.0,Men,100.0,50.0,0.0,1.0,1731.0,4.0,1.07
RMAYaYRPog,GB,39.0,Men,100.0,100.0,0.0,66.0,37966.0,1.0,2.53
tdD4J0uvWZ,DE,41.0,Women,100.0,100.0,0.0,23.0,55772.0,198.0,12.490002
wTSblqkxvr,GB,39.0,Women,100.0,75.0,0.0,44.0,29917.0,1.0,1.6300002
8FPe4kUD96,GB,39.0,Women,100.0,100.0,12.5,36.0,83112.0,1.0,3.1299999
eZNhYr82lP,US,39.0,Women,50.0,0.0,0.0,1.0,1540.0,1.0,0.35
gcZgt637Nx,GB,64.0,Women,100.0,100.0,50.0,90.0,137037.0,387.0,7.4299984
lB6XCROsC2,DE,44.0,Women,100.0,75.0,0.0,2.0,5520.0,10.0,1.17
CiybSwFUXn,GB,39.0,Women,100.0,100.0,12.5,81.0,141056.0,39.0,23.580006
uJnImd47Vh,US,43.0,Women,100.0,75.0,0.0,72.0,81090.0,119.0,38.550003
T5A4dp9MLl,GB,32.0,Women,100.0,100.0,25.0,67.0,123311.0,338.0,6.7799997
4zPrCG85NM,US,45.0,Women,100.0,50.0,0.0,6.0,33034.0,1.0,2.2
RG94W9gKVW,DE,39.0,Women,100.0,100.0,25.0,46.0,142303.0,322.0,8.240001
iYwIt2RwNx,US,39.0,Women,50.0,0.0,0.0,3.0,5530.0,1.0,0.35
0dqFY2Xbw2,DE,37.0,Women,100.0,100.0,12.5,50.0,115084.0,142.0,3.2399995
9N0KOL94rt,DE,31.0,Women,100.0,75.0,0.0,3.0,11767.0,50.0,1.59
wauuSZALuV,US,39.0,Women,100.0,0.0,0.0,3.0,2591.0,1.0,0.55
3HobxqCzhQ,US,33.0,Men,100.0,75.0,0.0,24.0,18170.0,5.0,6.5499997
0figpaFBUh,US,52.0,Men,100.0,25.0,0.0,11.0,9260.0,1.0,4.9
NW8JaN5k1C,US,65.0,Women,50.0,0.0,0.0,63.0,133256.0,315.0,9.400002
KsyAUssbch,DE,45.0,Women,100.0,100.0,75.0,169.0,268668.0,595.0,12.29001
mmi7kWmaZY,GB,35.0,Men,100.0,75.0,0.0,8.0,8619.0,3.0,1.13
xtxuy09ZPp,US,39.0,Women,100.0,25.0,0.0,7.0,9177.0,2.0,0.8
lxQsMDJzO0,DE,47.0,Men,100.0,100.0,50.0,95.0,261863.0,38.0,10.510001
xFH8xRMNiS,US,47.0,Women,100.0,75.0,0.0,5.0,11199.0,1.0,1.7500001
LACy9WhcyG,GB,39.0,Men,100.0,75.0,0.0,18.0,11402.0,9.0,1.23
HmvFQpVGWr,US,42.0,Women,100.0,0.0,0.0,2.0,2001.0,2.0,5.73
wmemYSnfUc,DE,49.0,Women,100.0,100.0,37.5,51.0,71913.0,277.0,6.8399997
DMEV9r1FQt,DE,39.0,Women,100.0,100.0,12.5,42.0,53108.0,108.0,2.6399999
1vDYREI0G3,US,32.0,Women,100.0,25.0,0.0,4.0,4850.0,1.0,4.8
pWRcv0ZX68,GB,39.0,Men,100.0,0.0,0.0,2.0,3244.0,1.0,0.48
TjmBAvhiqK,US,63.0,Men,100.0,25.0,0.0,6.0,7060.0,1.0,4.9399996
cVM4Lr8VJh,GB,56.0,Women,100.0,100.0,0.0,16.0,47719.0,41.0,2.7299998
OLbeAOrlfA,GB,45.0,Men,100.0,75.0,0.0,2.0,2840.0,1.0,1.03
Lem6P4WA2H,US,25.0,Women,100.0,25.0,0.0,10.0,3699.0,1.0,0.8000001
ESWMdlFqMT,GB,32.0,Men,100.0,25.0,0.0,1.0,1196.0,7.0,0.48
RqYvNMnMUd,GB,39.0,Women,100.0,100.0,0.0,30.0,18317.0,1.0,4.93
DdBaWLXjbV,US,48.0,Women,100.0,25.0,0.0,10.0,66250.0,1.0,1.1
SVxMa90QVf,GB,39.0,Men,100.0,50.0,0.0,2.0,6868.0,12.0,0.88
81mnF8l275,US,34.0,Women,100.0,25.0,0.0,3.0,4346.0,1.0,0.8
6wtHEMus5s,US,20.0,Women,100.0,25.0,0.0,2.0,162.0,1.0,0.70000005
5ZoTXWoEof,US,36.0,Women,100.0,75.0,0.0,50.0,184939.0,2.0,10.05
GW3cLRAtUL,DE,39.0,Men,100.0,100.0,37.5,89.0,166920.0,168.0,3.3399997
jyqHFa5T3b,DE,39.0,Men,100.0,100.0,0.0,21.0,19771.0,61.0,2.39
j5OCbxN2UH,US,39.0,Women,100.0,25.0,0.0,2.0,9432.0,1.0,0.79999995
0sepsStleK,DE,24.0,Women,100.0,100.0,0.0,9.0,14716.0,6.0,1.6399999
74jfiv1Ebr,US,39.0,Men,100.0,100.0,37.5,110.0,257920.0,102.0,10.050001
rX9a4TLi16,JP,99.0,Men,100.0,75.0,0.0,18.0,38050.0,112.0,8.46
SHnrgA9vpJ,GB,44.0,Women,100.0,100.0,0.0,20.0,33480.0,30.0,5.5299993
KEIM3l8PX8,DE,37.0,Women,100.0,100.0,0.0,14.0,46133.0,19.0,1.84
AvhSsEVNgc,US,43.0,Men,50.0,0.0,0.0,2.0,1227.0,1.0,0.25
wewfbLJYSs,US,40.0,Men,100.0,25.0,0.0,13.0,16981.0,1.0,1.2000002
Iww4JYGbHQ,DE,40.0,Women,100.0,0.0,0.0,2.0,1438.0,1.0,0.42
XAVF4t6VdF,GB,41.0,Men,100.0,75.0,0.0,247.0,342467.0,631.0,6.1999984
WdHikIPv4r,GB,33.0,Women,100.0,75.0,0.0,4.0,5032.0,5.0,0.7800001
XCu2EnAUi5,GB,45.0,Women,100.0,75.0,0.0,191.0,82641.0,30.0,5.199999
zL7CdiH5Z4,DE,39.0,Men,100.0,100.0,0.0,14.0,27426.0,5.0,2.19
DT0y3jWCGQ,US,29.0,Men,100.0,50.0,0.0,15.0,22902.0,1.0,5.9999995
9Z1ECO8cgu,US,39.0,Men,100.0,50.0,0.0,8.0,22068.0,1.0,5.4
t0KlBvIzFy,US,51.0,Men,100.0,100.0,0.0,33.0,16437.0,232.0,4.3499994
dpFHcS3Ik2,GB,46.0,Men,100.0,100.0,25.0,41.0,107868.0,1.0,3.28
26XN4KoirV,US,36.0,Women,100.0,50.0,0.0,9.0,18767.0,1.0,1.3
GJSA1zZNLl,US,38.0,Men,50.0,0.0,0.0,9.0,9955.0,1.0,0.5
KRaxwPcztW,DE,39.0,Men,100.0,100.0,37.5,99.0,147624.0,346.0,6.4999976
Lrdks5itU6,DE,25.0,Women,100.0,50.0,0.0,15.0,53380.0,1.0,1.0400001
fiEE2wzOqh,DE,42.0,Men,100.0,25.0,0.0,7.0,2099.0,5.0,0.9200001
fZVpjbCCSQ,US,73.0,Women,50.0,0.0,0.0,3.0,1162.0,1.0,0.15
sRjSwZr45M,DE,32.0,Men,100.0,100.0,62.5,203.0,260210.0,73.0,11.290003
CwgodX0EvJ,US,48.0,Men,100.0,25.0,0.0,3.0,3729.0,1.0,0.8000001
lF1iVx4can,DE,43.0,Women,100.0,50.0,0.0,1.0,2837.0,7.0,1.07
zdWA7NlCzO,DE,47.0,Men,100.0,100.0,0.0,23.0,21188.0,1.0,5.7400002
7ZRm7KPr5x,GB,37.0,Men,100.0,25.0,0.0,4.0,3176.0,1.0,0.58
9wornJMpkP,US,40.0,Women,100.0,25.0,0.0,18.0,4612.0,1.0,4.7999997
uCCM28gdsS,GB,56.0,Women,100.0,75.0,0.0,4.0,1449.0,38.0,15.629999
MZYiazriGX,GB,34.0,Men,100.0,0.0,0.0,1.0,492.0,1.0,0.32999998
8waXkwTwCg,US,39.0,Women,100.0,25.0,0.0,6.0,5147.0,1.0,0.70000005
fdtHKa98cl,GB,39.0,Women,100.0,100.0,50.0,129.0,300611.0,222.0,8.029998
B4AldiQA2R,DE,39.0,Men,100.0,100.0,0.0,13.0,16594.0,94.0,1.8900001
qYmkM04GlQ,US,39.0,Men,100.0,25.0,0.0,7.0,22981.0,12.0,1.3
S3FzXsSef5,GB,42.0,Men,100.0,100.0,0.0,26.0,63029.0,4.0,1.6300002
yExDtzLwAv,DE,35.0,Women,100.0,100.0,12.5,269.0,243579.0,1.0,26.770012
xB7FR2Xq7K,DE,39.0,Men,100.0,100.0,0.0,37.0,30855.0,112.0,2.0900002
wZ7VyU3Tcg,US,31.0,Men,100.0,25.0,0.0,10.0,8029.0,8.0,0.9000001
GJnHP6Mgbd,DE,58.0,Men,100.0,75.0,0.0,10.0,12697.0,46.0,5.29
1Avo5XzKn2,DE,32.0,Men,100.0,100.0,0.0,34.0,70284.0,39.0,6.489999
fdKPDeSP39,DE,39.0,Women,100.0,25.0,0.0,3.0,2927.0,1.0,0.92
l4qDyLQkIt,US,34.0,Men,100.0,75.0,0.0,45.0,59049.0,20.0,2.55
eMYwbEPCcO,GB,37.0,Men,100.0,50.0,0.0,7.0,2402.0,1.0,0.78
kWosiFLKEm,US,53.0,Men,100.0,100.0,37.5,147.0,142150.0,272.0,39.44999
r2JF7YIPoS,GB,39.0,Women,100.0,100.0,25.0,70.0,11588.0,1.0,4.98
HOXnz1vSsK,GB,40.0,Men,100.0,50.0,0.0,15.0,15758.0,5.0,23.18
gyzvbHRmfr,US,39.0,Women,100.0,75.0,0.0,21.0,25079.0,26.0,2.35
aswsWlTW2I,US,46.0,Women,100.0,100.0,37.5,80.0,91028.0,31.0,9.85
O7WJXktUHx,US,40.0,Men,100.0,50.0,0.0,14.0,34191.0,1.0,5.1
mR7XUGYYC8,DE,37.0,Men,100.0,100.0,12.5,59.0,48210.0,171.0,2.9399998
ZnRXttRsno,US,39.0,Women,100.0,25.0,0.0,14.0,11537.0,1.0,4.9999995
OLjBVy8E56,DE,58.0,Men,50.0,0.0,0.0,4.0,5159.0,1.0,0.4
309v0fEGnQ,DE,41.0,Women,100.0,100.0,25.0,6.0,4580.0,70.0,2.24
8k8FmLnHVh,DE,34.0,Women,100.0,100.0,50.0,152.0,105367.0,135.0,11.410008
K9ZyQDhqmW,DE,30.0,Men,100.0,100.0,12.5,55.0,38503.0,47.0,3.04
0BSe8ph3Pv,US,34.0,Men,100.0,50.0,0.0,18.0,23104.0,12.0,1.4000001
3c4NmMsZ32,US,40.0,Women,100.0,0.0,0.0,144.0,146872.0,317.0,30.30001
1WzL6QoV1j,DE,38.0,Women,50.0,0.0,0.0,19.0,5505.0,17.0,0.45
HUTDiycYoN,US,24.0,Women,100.0,50.0,0.0,10.0,8669.0,1.0,11.299999
nHDei1OPHV,DE,39.0,Women,100.0,100.0,50.0,36.0,103830.0,284.0,5.009999
coovq8ppJk,US,39.0,Women,100.0,100.0,25.0,69.0,32992.0,364.0,32.15
8aFC1avyUm,GB,42.0,Women,100.0,100.0,0.0,7.0,5719.0,27.0,1.6300001
jnNyTmA8L5,US,47.0,Women,100.0,25.0,0.0,2.0,1304.0,1.0,0.8
XyCp1rG1Zv,US,45.0,Men,100.0,50.0,0.0,5.0,5905.0,1.0,1.0999999
OBVsytq9dd,DE,74.0,Men,100.0,100.0,25.0,78.0,84411.0,72.0,5.8399973
9x8M5FdzKb,US,47.0,Women,100.0,50.0,0.0,3.0,49.0,36.0,6.0
3mZQDH66Nr,DE,23.0,Women,100.0,50.0,0.0,8.0,15140.0,9.0,1.3700001
KIYo8UQBYP,DE,33.0,Men,100.0,50.0,0.0,4.0,3114.0,1.0,1.07
iyW54qS7uL,GB,38.0,Men,100.0,25.0,0.0,45.0,103431.0,9.0,2.8499994
VluYLnXXW2,DE,21.0,Women,100.0,100.0,12.5,91.0,93610.0,179.0,2.49
pv3eI6tDvS,US,49.0,Women,100.0,25.0,0.0,2.0,470.0,1.0,0.7
VBjbmnjcEs,GB,58.0,Men,100.0,75.0,0.0,11.0,19575.0,1.0,1.23
EuvRgjawMG,GB,48.0,Women,100.0,100.0,37.5,87.0,140871.0,490.0,4.4299994
R8VuXMF9pr,GB,34.0,Men,100.0,75.0,0.0,9.0,15328.0,1.0,1.73
7HnMBv4Adn,DE,39.0,Women,100.0,75.0,0.0,7.0,9446.0,31.0,1.7900001
em1dn5Fyo6,DE,29.0,Women,100.0,100.0,0.0,25.0,36000.0,1.0,6.289999
NyK9k6q3IX,US,44.0,Men,100.0,75.0,0.0,8.0,26385.0,1.0,2.0500002
lUhLmyDDjv,US,39.0,Women,100.0,50.0,0.0,11.0,3814.0,1.0,1.1
CpmrzibomC,US,27.0,Men,100.0,50.0,0.0,9.0,9971.0,17.0,1.2
BpfyfaLvpW,JP,29.0,Women,100.0,50.0,0.0,19.0,17886.0,3.0,4.6
YM9iw25wbM,US,23.0,Men,100.0,50.0,0.0,28.0,16137.0,1.0,1.1
97i3Cnwitz,JP,37.0,Men,100.0,75.0,0.0,16.0,77536.0,45.0,3.1199996
LpeF5KvlmC,GB,55.0,Women,100.0,100.0,0.0,53.0,77335.0,1.0,7.2299976
yesU4TUrUC,DE,41.0,Women,100.0,100.0,37.5,90.0,246037.0,422.0,27.800007
AZ9lvz8qlp,US,29.0,Men,100.0,25.0,0.0,8.0,15711.0,1.0,1.4
tvkdRnZyO5,GB,43.0,Men,100.0,75.0,0.0,24.0,17033.0,4.0,20.93
VxNb07YJKU,US,31.0,Men,100.0,50.0,0.0,17.0,10603.0,2.0,6.6400003
vDmM3S1PNK,JP,39.0,Men,100.0,25.0,0.0,2.0,6243.0,7.0,0.63
n6HCXDXlFo,DE,33.0,Women,100.0,25.0,0.0,3.0,1449.0,1.0,0.82000005
K72o7aGDj3,DE,39.0,Women,100.0,50.0,0.0,11.0,10543.0,1.0,1.1400001
FYx5vqQ2lk,GB,46.0,Women,100.0,0.0,0.0,15.0,19480.0,47.0,1.7500001
vTI1viBB1f,GB,34.0,Men,100.0,25.0,0.0,2.0,3251.0,1.0,3.3799996
ijlJGJV5fl,JP,18.0,Women,100.0,25.0,0.0,4.0,9587.0,1.0,0.70000005
fHASfPRi9h,DE,37.0,Women,100.0,50.0,0.0,6.0,9963.0,26.0,0.94000006
JzHmk6MqKk,US,32.0,Men,100.0,50.0,0.0,7.0,5506.0,1.0,1.2
LxSNwgVCgt,DE,36.0,Men,50.0,0.0,0.0,5.0,4298.0,1.0,0.35
32oI12zE7l,GB,49.0,Men,100.0,50.0,0.0,4.0,6387.0,7.0,3.68
pLvoWBVPWF,US,52.0,Men,100.0,25.0,0.0,1.0,3168.0,1.0,0.8
FTLvhkzsPU,US,50.0,Women,100.0,0.0,0.0,1.0,696.0,1.0,0.45000002
mnJeshhT1B,GB,32.0,Women,100.0,75.0,0.0,5.0,11804.0,1.0,8.13
LrqM4qfnfH,DE,39.0,Men,100.0,50.0,0.0,8.0,8643.0,17.0,1.07
NJSCJbxu3y,DE,52.0,Women,100.0,100.0,25.0,50.0,58177.0,252.0,3.2399995
AYrTQOnfOh,DE,43.0,Men,100.0,75.0,0.0,7.0,28825.0,15.0,1.1700001
YqWwhOY5J8,US,51.0,Men,100.0,100.0,12.5,20.0,28114.0,1.0,8.400001
IyTvsTivMm,US,48.0,Women,100.0,50.0,0.0,17.0,28590.0,1.0,5.4999995
wZTwynnxPw,US,39.0,Women,100.0,100.0,50.0,164.0,286688.0,134.0,18.15001
7Hj6UaUuGR,GB,33.0,Men,100.0,75.0,0.0,19.0,4541.0,1.0,1.03
7oTdnHFg71,DE,39.0,Men,100.0,100.0,50.0,122.0,128534.0,431.0,5.0099998
C8Q6SaZork,JP,39.0,Women,100.0,25.0,0.0,4.0,5521.0,7.0,6.9299994
nV1HuiS9yk,GB,45.0,Women,100.0,100.0,50.0,165.0,421821.0,270.0,8.329999
EyPMNU8ME8,GB,38.0,Women,100.0,25.0,0.0,106.0,137739.0,279.0,5.9999995
gUrHpjeYyV,US,22.0,Women,100.0,25.0,0.0,1.0,233.0,1.0,0.7
k39pNZJEF6,DE,49.0,Men,50.0,0.0,0.0,1.0,1487.0,1.0,0.70000005
BR4EdGd83K,US,39.0,Men,100.0,25.0,0.0,6.0,9101.0,1.0,0.9000001
7hbzJ8TwIl,US,41.0,Women,100.0,75.0,0.0,12.0,22470.0,64.0,26.150002
ILEuoh4iuf,GB,39.0,Women,100.0,100.0,0.0,21.0,41163.0,37.0,2.33
8fKcrnJgWt,US,61.0,Men,100.0,75.0,0.0,22.0,20503.0,32.0,3.0499997
t9DzCbCgO8,US,39.0,Women,100.0,50.0,0.0,12.0,5479.0,1.0,5.1
WHFFu79WY0,US,58.0,Men,100.0,100.0,12.5,110.0,155147.0,31.0,6.7999988
AG10WwmvUS,DE,53.0,Men,100.0,50.0,0.0,7.0,6507.0,9.0,1.1700001
VYFIE5prWP,GB,48.0,Men,100.0,100.0,25.0,100.0,60828.0,49.0,24.480005
SoaeuGDvi7,US,34.0,Men,100.0,100.0,0.0,66.0,57847.0,36.0,5.2999988
SnLIxSmSEG,DE,37.0,Men,100.0,50.0,0.0,7.0,11360.0,32.0,1.4200001
nk9NINJ88x,GB,56.0,Women,100.0,50.0,0.0,4.0,7391.0,11.0,0.78000003
0kSoSxsPHj,US,23.0,Women,100.0,75.0,0.0,19.0,21736.0,57.0,37.85
Gaw5K9ngpW,GB,39.0,Men,100.0,100.0,62.5,150.0,405501.0,461.0,29.330011
HacI2HyeHC,GB,31.0,Women,100.0,100.0,0.0,23.0,27686.0,19.0,2.33
LqGLlK02XG,US,41.0,Men,100.0,50.0,0.0,5.0,9468.0,57.0,1.8000001
JiUQ3dRvaR,US,39.0,Women,100.0,25.0,0.0,2.0,4037.0,2.0,0.8
Xp0PQHQTMF,US,39.0,Women,100.0,50.0,0.0,5.0,1657.0,2.0,1.0
ku9IpZhz3s,DE,34.0,Women,100.0,100.0,37.5,139.0,146131.0,112.0,6.0959992
vTys1NTdwY,US,39.0,Men,100.0,25.0,0.0,2.0,3726.0,1.0,0.6
rMZAewRBji,GB,50.0,Men,50.0,0.0,0.0,16.0,13936.0,14.0,0.70000005
08zP6xnqxR,US,46.0,Women,100.0,25.0,0.0,10.0,18020.0,10.0,0.9000001
UB5I4qr7Dl,DE,39.0,Men,100.0,100.0,0.0,58.0,138293.0,21.0,3.6899989
SBi2QXll0g,US,39.0,Women,100.0,0.0,0.0,2.0,1502.0,1.0,0.55
GteiIGCwR3,DE,39.0,Men,100.0,100.0,25.0,67.0,84736.0,286.0,4.2399993
pg0CbXSfJt,JP,27.0,Women,100.0,25.0,0.0,3.0,1404.0,1.0,0.70000005
tBUJ4IIP0z,GB,31.0,Men,100.0,50.0,0.0,3.0,5336.0,29.0,0.78000003
ctgqWgd1Xx,US,37.0,Women,100.0,25.0,0.0,1.0,3344.0,1.0,0.8
0KupOV7jwy,DE,30.0,Women,100.0,100.0,25.0,79.0,75113.0,195.0,30.040009
NnrrANalDe,GB,51.0,Men,50.0,0.0,0.0,1.0,373.0,1.0,0.2
kOgA5qAuVP,US,39.0,Women,50.0,0.0,0.0,1.0,1360.0,1.0,0.35
nGG5ujuaX7,GB,39.0,Men,50.0,0.0,0.0,4.0,1039.0,4.0,0.2
9qteUFWE6w,US,39.0,Men,100.0,25.0,0.0,5.0,13889.0,12.0,0.79999995
LGa1d3aD7A,DE,21.0,Women,100.0,50.0,0.0,11.0,9908.0,41.0,1.44
3MSTSTNOC9,GB,64.0,Women,100.0,100.0,12.5,41.0,110994.0,100.0,3.3299997
RwEzQL50Ep,GB,45.0,Women,100.0,50.0,0.0,6.0,4900.0,1.0,1.38
b9ymoEXZsY,GB,26.0,Men,50.0,0.0,0.0,14.0,6897.0,3.0,14.45
eYmgxBt6kM,GB,48.0,Men,50.0,0.0,0.0,4.0,16137.0,6.0,0.55
6CyvBWvg9P,DE,36.0,Men,100.0,100.0,12.5,76.0,77948.0,112.0,8.039998
Q9RqAXri3B,GB,39.0,Women,100.0,50.0,0.0,7.0,9934.0,18.0,0.9800001
P4K7QRlDnB,DE,56.0,Men,100.0,50.0,0.0,4.0,10349.0,1.0,1.07
TnmHTEqPaU,US,34.0,Men,100.0,0.0,0.0,53.0,57952.0,5.0,1.6500001
YGytOJbGWV,GB,62.0,Women,100.0,100.0,62.5,320.0,1210418.0,8.0,9.429998
EvNtdacscS,US,45.0,Men,100.0,100.0,12.5,19.0,103667.0,99.0,4.2
BM3wagSi7J,DE,18.0,Women,100.0,50.0,0.0,10.0,5485.0,1.0,1.1700001
JEv0EjRtm2,GB,43.0,Men,100.0,75.0,0.0,17.0,32832.0,110.0,4.73
p02J2v6a48,DE,66.0,Women,100.0,75.0,0.0,6.0,17016.0,46.0,1.34
iBzh0aWA2i,US,39.0,Women,100.0,100.0,37.5,15.0,81466.0,504.0,12.349999
xAWYXdYgeS,US,38.0,Women,100.0,100.0,25.0,74.0,101465.0,217.0,11.449999
F7nHFHge1u,GB,22.0,Men,100.0,50.0,0.0,3.0,18061.0,8.0,0.78
09tt18nXrd,DE,57.0,Men,100.0,100.0,37.5,172.0,257992.0,20.0,9.700003
KYpQMEZRui,DE,32.0,Men,100.0,25.0,0.0,8.0,6631.0,1.0,5.73
MRPSEeBJ5l,US,42.0,Men,100.0,50.0,0.0,11.0,22863.0,1.0,1.4000001
jG7x9zrEVx,US,51.0,Women,100.0,100.0,0.0,9.0,5763.0,26.0,7.4
idyVdET0hM,DE,39.0,Women,50.0,0.0,0.0,2.0,153.0,3.0,0.6
535a8cGHnu,DE,34.0,Men,100.0,100.0,50.0,182.0,172296.0,418.0,5.409999
NFTSq9dbFB,US,39.0,Women,100.0,25.0,0.0,6.0,43.0,1.0,0.70000005
LP4zky6JDU,US,49.0,Men,100.0,100.0,37.5,81.0,173588.0,43.0,9.750004
BJbyxnye9C,GB,50.0,Women,100.0,100.0,12.5,57.0,106252.0,29.0,3.83
5khZ1syAZQ,JP,31.0,Women,100.0,25.0,0.0,13.0,9345.0,1.0,1.0000001
Y1laRnTVFu,DE,40.0,Women,100.0,100.0,75.0,161.0,298056.0,546.0,30.450014
aGNgPiZHBe,US,34.0,Men,100.0,75.0,0.0,54.0,37247.0,89.0,26.250002
oOtAspejjh,DE,39.0,Women,100.0,100.0,0.0,25.0,23716.0,5.0,2.19
BP1ZKc07PK,DE,45.0,Women,100.0,75.0,0.0,14.0,8403.0,54.0,11.6900015
OtXtEceZtj,DE,52.0,Men,100.0,25.0,0.0,2.0,1651.0,7.0,0.9200001
XrkfKuS4GF,US,22.0,Men,100.0,25.0,0.0,3.0,3682.0,1.0,0.70000005
eHOmHaOhyX,US,52.0,Women,50.0,0.0,0.0,1.0,141.0,1.0,0.25
gfB5D8x9Vz,US,41.0,Men,100.0,0.0,0.0,5.0,7953.0,1.0,0.65
HcIHKxtTIl,GB,54.0,Men,100.0,50.0,0.0,1.0,1756.0,1.0,0.78000003
dONpRSSEwz,US,44.0,Men,50.0,0.0,0.0,1.0,1044.0,1.0,0.25
nS5scQBkQE,DE,39.0,Men,100.0,50.0,0.0,5.0,8824.0,20.0,1.1700001
FLy2xa86o5,DE,36.0,Men,100.0,75.0,0.0,8.0,7053.0,45.0,11.790002
bQOiFd5UcR,DE,56.0,Men,100.0,0.0,0.0,3.0,1678.0,1.0,0.8000001
zMjmFj4xT7,DE,48.0,Men,100.0,100.0,0.0,15.0,112947.0,1.0,2.3400002
vvogX0JryW,GB,32.0,Women,100.0,75.0,0.0,17.0,15258.0,2.0,1.5300002
D6uYqrv6qN,DE,26.0,Men,100.0,75.0,0.0,8.0,7607.0,10.0,21.24
d3r2pk4nr5,GB,39.0,Women,100.0,25.0,0.0,3.0,1958.0,1.0,0.58
daXZidSSkh,DE,39.0,Men,50.0,0.0,0.0,32.0,38571.0,4.0,1.6500001
BzR1apgPiy,GB,39.0,Women,100.0,100.0,0.0,18.0,66280.0,14.0,2.4299998
5GhOuPxa5n,JP,40.0,Women,100.0,100.0,50.0,64.0,13562.0,677.0,7.649999
jZUZ14FeCO,DE,32.0,Women,100.0,100.0,12.5,23.0,120201.0,134.0,3.2399998
yI99PI0wPb,DE,38.0,Men,100.0,100.0,25.0,131.0,71065.0,48.0,3.4399996
Ne2Knwomb3,US,45.0,Men,100.0,100.0,37.5,243.0,135707.0,111.0,24.709997
UF6QU4vXhO,DE,41.0,Men,100.0,100.0,25.0,4.0,5013.0,286.0,2.24
f9hGJqy8ve,US,41.0,Women,100.0,50.0,0.0,41.0,42202.0,1.0,23.300005
E2NyaEVT2g,US,39.0,Men,100.0,0.0,0.0,5.0,3325.0,1.0,0.45
X4u6cMAtkr,DE,33.0,Men,100.0,50.0,0.0,5.0,5099.0,4.0,1.07
6netMgE2CP,DE,56.0,Men,100.0,100.0,37.5,34.0,66103.0,157.0,14.300003
shmK5D3pMh,DE,38.0,Women,100.0,100.0,12.5,64.0,56327.0,8.0,6.9399986
fSFTjDBUCO,US,44.0,Men,100.0,75.0,0.0,39.0,40871.0,95.0,3.6499994
ResmH2aMi0,DE,39.0,Men,100.0,100.0,37.5,87.0,145182.0,40.0,5.7999983
ghUyWIAEds,GB,39.0,Men,100.0,25.0,0.0,6.0,4078.0,9.0,0.7800001
Nq0kPyo7GT,DE,34.0,Women,100.0,100.0,0.0,39.0,21756.0,1.0,2.0900002
w3T91Gpk2X,GB,26.0,Men,100.0,100.0,25.0,88.0,201886.0,270.0,3.979999
veY69Wmehx,DE,35.0,Men,100.0,0.0,0.0,1.0,311.0,1.0,0.7
MSDBxKngA7,US,39.0,Women,100.0,25.0,0.0,4.0,2106.0,1.0,0.79999995
oDN1tezeZ8,US,39.0,Men,100.0,25.0,0.0,2.0,2575.0,1.0,0.8000001
E1HJfKtTmr,DE,27.0,Men,100.0,50.0,0.0,11.0,14160.0,4.0,1.14
aNENTnjYph,US,51.0,Men,100.0,100.0,0.0,20.0,855.0,1.0,12.2
38Uq9GEQSd,DE,39.0,Men,100.0,100.0,0.0,25.0,51522.0,1.0,6.6899986
GDESMEjfL7,GB,36.0,Women,100.0,100.0,0.0,22.0,30637.0,1.0,4.8300004
dlyQxNEydP,GB,39.0,Women,100.0,75.0,0.0,83.0,318955.0,335.0,5.649999
ppgPdFXU5m,US,39.0,Women,50.0,0.0,0.0,2.0,973.0,2.0,0.25
LdjoRaBpk6,DE,32.0,Men,100.0,100.0,37.5,162.0,210809.0,223.0,2.9399996
qwIwtEtKWa,US,42.0,Men,100.0,0.0,0.0,1.0,1396.0,1.0,0.55
2Ks4lZ2quF,DE,61.0,Women,100.0,100.0,0.0,31.0,82363.0,127.0,31.690004
69ZD1AMNXh,DE,43.0,Women,100.0,100.0,12.5,47.0,38458.0,9.0,4.326
i80URiJYng,JP,39.0,Women,100.0,100.0,50.0,1.0,326.0,888.0,11.72
rEEZOi0meZ,GB,39.0,Women,100.0,50.0,0.0,6.0,3411.0,6.0,0.78
bHmXpMrCyF,GB,56.0,Women,100.0,50.0,0.0,2.0,5483.0,1.0,0.78000003
xZpACx96UO,DE,39.0,Women,100.0,0.0,0.0,3.0,811.0,1.0,0.7
P7Q1uPcwgG,US,19.0,Men,100.0,50.0,0.0,11.0,15269.0,2.0,1.3
5SdNB5d3J7,DE,51.0,Women,50.0,0.0,0.0,26.0,35792.0,58.0,1.6800001
mpbQGqcd3P,DE,39.0,Men,100.0,100.0,12.5,45.0,41517.0,42.0,6.9399996
iqgp05SDQu,GB,38.0,Men,100.0,50.0,0.0,27.0,43181.0,23.0,1.9000002
us6TN5hREH,US,40.0,Women,100.0,75.0,0.0,21.0,33213.0,10.0,79.149994
SwabQ5pJYg,DE,41.0,Women,100.0,100.0,0.0,13.0,26828.0,16.0,1.7400001
ZoWvOnVxQS,DE,50.0,Women,100.0,75.0,0.0,9.0,30946.0,8.0,1.44
bMjymkL1Pp,DE,25.0,Women,100.0,25.0,0.0,2.0,2878.0,1.0,0.92
SKSwyfkSn7,US,39.0,Men,100.0,0.0,0.0,2.0,598.0,1.0,0.45000002
kE7GouVMKN,DE,48.0,Men,50.0,0.0,0.0,11.0,14385.0,26.0,0.82000005
tc1BVR3Y4i,GB,39.0,Men,100.0,100.0,62.5,325.0,235673.0,532.0,9.43
4mkXGLQwGk,US,46.0,Men,100.0,100.0,25.0,97.0,144394.0,289.0,28.75001
fnVt7adxeo,US,39.0,Women,50.0,0.0,0.0,1.0,1674.0,1.0,0.35
7OpCt9Jlsv,DE,39.0,Men,100.0,75.0,0.0,24.0,10954.0,1.0,1.69
TQ0ldvSahe,US,39.0,Men,100.0,25.0,0.0,2.0,1135.0,1.0,0.7
F9uReoLFfE,US,42.0,Women,100.0,25.0,0.0,2.0,1930.0,3.0,0.8000001
HIURPlF0lo,GB,53.0,Men,100.0,100.0,12.5,54.0,100729.0,17.0,3.33
O57JintlCo,DE,37.0,Women,100.0,75.0,0.0,5.0,10138.0,48.0,11.690001
FJLdSFG5B8,GB,31.0,Men,100.0,100.0,25.0,78.0,119261.0,211.0,4.2799997
fyrNY8St8k,DE,35.0,Women,100.0,75.0,0.0,16.0,20975.0,16.0,1.6400001
fJElDQYV9w,GB,43.0,Men,100.0,100.0,25.0,103.0,116415.0,876.0,7.5799994
V31vbSS9ap,DE,39.0,Men,100.0,100.0,62.5,27.0,75910.0,300.0,5.2899995
pYYfgKf2Sg,GB,39.0,Men,50.0,0.0,0.0,1.0,1212.0,1.0,0.3
F9QS5DlSAa,US,18.0,Men,100.0,50.0,0.0,9.0,13522.0,1.0,6.08
2VH9WsspVJ,US,39.0,Women,50.0,0.0,0.0,1.0,743.0,1.0,0.25
GonJ9L9fmy,GB,37.0,Women,100.0,100.0,0.0,22.0,35370.0,91.0,18.929998
hHwSblXx8n,DE,52.0,Men,100.0,75.0,0.0,11.0,22936.0,8.0,1.89
ZtwZAuuMgW,GB,39.0,Men,100.0,100.0,25.0,167.0,429464.0,152.0,6.899998
Q8OzBDQ3WQ,GB,50.0,Women,100.0,100.0,37.5,62.0,152324.0,128.0,20.330002
drj4K3wubQ,GB,47.0,Women,50.0,0.0,0.0,4.0,1265.0,1.0,0.45
1tbI1s7ycW,US,41.0,Women,100.0,75.0,0.0,2.0,133.0,6.0,1.45
goyaLa5xeu,GB,34.0,Men,100.0,50.0,0.0,3.0,2290.0,3.0,0.78000003
t5nhQBJp1a,DE,44.0,Women,100.0,100.0,12.5,81.0,76841.0,73.0,5.639998
sBn1kvkukx,DE,39.0,Men,100.0,75.0,0.0,14.0,10109.0,12.0,1.5400001
NwHgpNpRSq,DE,31.0,Men,100.0,50.0,0.0,4.0,3482.0,1.0,1.07
sY4iGu1OYo,DE,30.0,Men,100.0,100.0,0.0,27.0,58905.0,85.0,6.5899997
IHBdyPXXSs,DE,18.0,Men,100.0,100.0,0.0,43.0,29668.0,12.0,2.8399997
Cng0wjRPUf,DE,43.0,Men,100.0,100.0,12.5,23.0,49029.0,1.0,2.49
L67uyRV4XX,US,42.0,Men,100.0,25.0,0.0,12.0,3722.0,1.0,4.9
hKxXZ0ifNi,DE,39.0,Women,100.0,75.0,0.0,1.0,2708.0,1.0,1.24
cvEGpbQyCa,US,36.0,Women,100.0,75.0,0.0,33.0,30106.0,23.0,22.85
cCxWVrHEQA,DE,28.0,Women,100.0,75.0,0.0,4.0,3177.0,3.0,1.34
KkTkvovBTk,GB,40.0,Men,100.0,100.0,0.0,9.0,10396.0,42.0,1.5300001
iZMACZcFPA,GB,59.0,Men,100.0,100.0,12.5,44.0,65975.0,1.0,6.0299997
cTmXZd67oQ,US,59.0,Men,100.0,100.0,0.0,18.0,48510.0,1.0,7.4999995
O4NXoqHyhE,US,39.0,Men,100.0,25.0,0.0,15.0,16093.0,1.0,0.9
oflPkDhMGd,DE,49.0,Men,100.0,100.0,12.5,63.0,73399.0,77.0,2.7399998
mKvIE9EUkZ,DE,39.0,Men,100.0,100.0,0.0,45.0,56284.0,121.0,2.3899999
OUzEIUotFd,DE,39.0,Men,100.0,75.0,0.0,12.0,22517.0,1.0,1.6900002
7231u0mVXZ,DE,37.0,Men,100.0,100.0,12.5,38.0,42608.0,10.0,6.939999
Zt7OjNjHBg,DE,49.0,Men,100.0,50.0,0.0,2.0,6535.0,1.0,1.1700001
f18XEjQ96u,DE,39.0,Women,100.0,50.0,0.0,2.0,4560.0,3.0,0.7800001
x13Pp1njl7,GB,39.0,Men,100.0,100.0,37.5,64.0,109321.0,72.0,6.5299983
wSHfIDF3Cj,GB,39.0,Men,100.0,50.0,0.0,5.0,6056.0,1.0,0.88
Qq7ByJvLBc,US,38.0,Men,100.0,100.0,0.0,231.0,205343.0,1.0,8.9000025
do4z2HXXIj,DE,42.0,Men,100.0,0.0,0.0,22.0,45189.0,5.0,1.7600002
KMu8mP2Nfl,DE,28.0,Women,100.0,75.0,0.0,12.0,23591.0,31.0,1.44
b4J9ubZurL,GB,42.0,Men,100.0,100.0,50.0,128.0,165235.0,47.0,14.742003
F5Yphxg1B8,GB,44.0,Men,100.0,50.0,0.0,8.0,7473.0,6.0,1.0300001
TcfDKhBONJ,JP,51.0,Women,100.0,100.0,12.5,53.0,45749.0,95.0,6.879999
LqVOkijWMf,GB,39.0,Women,100.0,25.0,0.0,3.0,1617.0,1.0,3.3799999
3UiBQC3Nqj,US,39.0,Men,50.0,0.0,0.0,1.0,3785.0,1.0,0.25
cAEb4iLjaP,DE,46.0,Men,100.0,100.0,0.0,22.0,30653.0,16.0,2.34
ECRJZqii58,US,42.0,Women,100.0,25.0,0.0,5.0,10411.0,25.0,0.9000001
v6yZIRl3fb,US,27.0,Men,100.0,50.0,0.0,19.0,22081.0,1.0,5.7
pikx7Ayz1W,US,28.0,Men,100.0,75.0,0.0,30.0,34632.0,17.0,3.05
pkHu3n31CY,US,34.0,Women,100.0,100.0,0.0,31.0,89845.0,165.0,4.4
xfxFsm9IWJ,US,32.0,Women,100.0,75.0,0.0,25.0,125150.0,12.0,4.549999
p7IIldDZSt,GB,58.0,Men,100.0,100.0,75.0,204.0,424841.0,745.0,28.130013
ADCxI3qEvg,DE,39.0,Men,100.0,25.0,0.0,2.0,3292.0,1.0,1.0200001
28eaBkZ7it,DE,39.0,Men,100.0,25.0,0.0,2.0,3395.0,1.0,0.57
AGAzFs6IT8,GB,39.0,Women,100.0,75.0,0.0,64.0,85885.0,69.0,2.23
cUbAA7XlBM,US,39.0,Men,100.0,25.0,0.0,1.0,4116.0,1.0,0.8
fT9M0Lx41z,DE,39.0,Women,100.0,100.0,12.5,37.0,74479.0,90.0,2.64
L0EjIzXmzv,DE,39.0,Men,100.0,75.0,0.0,13.0,15278.0,1.0,1.24
AOMb2BxOVu,JP,46.0,Women,100.0,25.0,0.0,3.0,2382.0,1.0,0.8
tN6BOWTPjL,US,40.0,Men,100.0,25.0,0.0,4.0,5519.0,9.0,0.79999995
swjKADOwpW,GB,39.0,Women,100.0,100.0,12.5,52.0,66249.0,399.0,3.1299999
rO3LW6RbZG,US,39.0,Men,100.0,0.0,0.0,11.0,14075.0,1.0,1.9500002
BGn3pJQbCe,DE,44.0,Women,100.0,75.0,0.0,13.0,19053.0,6.0,1.54
tRwa6QdsxO,US,32.0,Men,100.0,50.0,0.0,43.0,62291.0,1.0,5.3999996
D8HLLw0Soo,DE,39.0,Men,100.0,50.0,0.0,2.0,4299.0,1.0,1.07
WrDUhe8Vr2,DE,45.0,Men,100.0,50.0,0.0,8.0,13367.0,7.0,0.94
0KKv9dCcZE,GB,35.0,Men,100.0,75.0,0.0,4.0,15661.0,1.0,1.1300001
l4jeuyvDyI,GB,57.0,Women,100.0,100.0,25.0,312.0,779477.0,1160.0,9.249998
qgCiUtgb63,US,39.0,Men,50.0,0.0,0.0,1.0,242.0,1.0,0.25
y3HRoqzwu4,DE,50.0,Women,100.0,100.0,0.0,11.0,13989.0,47.0,21.890003
ZSkjG0GkyY,DE,27.0,Women,50.0,0.0,0.0,4.0,1234.0,2.0,0.6
WREMFw09iv,DE,55.0,Women,100.0,75.0,0.0,3.0,5092.0,4.0,1.49
EOfHIDBker,DE,41.0,Women,100.0,75.0,0.0,22.0,22284.0,38.0,1.8900001
OUcm0jB764,GB,39.0,Women,100.0,75.0,0.0,5.0,3983.0,1.0,0.93000007
TgokgNryTN,US,55.0,Women,100.0,25.0,0.0,6.0,5632.0,1.0,5.2999997
OfFG2u161p,US,47.0,Women,100.0,50.0,0.0,16.0,20913.0,1.0,5.4999995
I2KttkTuCR,GB,39.0,Women,100.0,100.0,50.0,199.0,439666.0,199.0,9.229998
3NnrQHDSPZ,GB,32.0,Men,100.0,100.0,25.0,86.0,137849.0,231.0,11.980002
Tp8ambEQQu,DE,43.0,Men,100.0,0.0,0.0,1.0,1724.0,1.0,0.8000001
FsBri6jWS1,US,39.0,Women,100.0,100.0,0.0,26.0,40141.0,41.0,3.9999995
U3r6mivP9a,GB,40.0,Men,100.0,100.0,12.5,106.0,48600.0,133.0,3.1299996
9WZYDshrh5,DE,49.0,Men,100.0,100.0,0.0,15.0,33287.0,53.0,1.99
HOZThjv5Kh,US,39.0,Men,100.0,100.0,12.5,35.0,66223.0,66.0,4.8999996
jj0c2q4yyL,DE,39.0,Men,50.0,0.0,0.0,3.0,1532.0,1.0,0.6
8LwIoBUqYG,DE,35.0,Men,100.0,75.0,0.0,17.0,31995.0,9.0,2.24
LjJsmX1h0L,US,50.0,Men,100.0,75.0,0.0,19.0,34132.0,51.0,3.5499992
H3MVQXc1GB,GB,47.0,Men,100.0,75.0,0.0,17.0,12115.0,16.0,1.1300001
VkCHvib00I,DE,32.0,Women,100.0,100.0,12.5,71.0,43488.0,43.0,2.44
Q2bdEbtthi,GB,44.0,Men,100.0,75.0,0.0,14.0,9228.0,8.0,24.150002
eqliqSkuhz,US,46.0,Men,100.0,75.0,0.0,1.0,0.0,2.0,1.45
L3SuYaGhIF,DE,39.0,Women,50.0,0.0,0.0,1.0,423.0,1.0,0.6
TQss3xwH2C,DE,36.0,Men,100.0,100.0,25.0,52.0,40310.0,34.0,3.3399997
uC3HiX9YGV,JP,65.0,Men,100.0,50.0,0.0,10.0,12345.0,1.0,4.2
nZOmKrdagk,DE,56.0,Men,100.0,100.0,25.0,66.0,151709.0,146.0,5.539997
vNCAMt3FUM,DE,39.0,Men,100.0,0.0,0.0,2.0,1152.0,1.0,0.32
ews0hw3BRr,GB,39.0,Women,100.0,75.0,0.0,52.0,103401.0,118.0,2.23
fp3aptM2gU,DE,18.0,Women,100.0,75.0,0.0,5.0,12436.0,1.0,1.24
CdPVmDsfKh,US,39.0,Men,50.0,0.0,0.0,6.0,9876.0,1.0,0.6
DmUW4WZkgF,DE,39.0,Men,100.0,75.0,0.0,18.0,9070.0,2.0,1.3400002
jtL4bZhYPH,GB,54.0,Women,100.0,75.0,0.0,14.0,16590.0,1.0,1.6300001
iBPOg7KD6r,US,39.0,Women,100.0,25.0,0.0,3.0,2008.0,1.0,0.8
dLG6ROxL4q,GB,53.0,Men,100.0,100.0,0.0,44.0,43668.0,104.0,2.7299995
RSFk61rDOH,GB,31.0,Women,100.0,50.0,0.0,4.0,6559.0,1.0,3.58
5a38CdkVkb,GB,59.0,Men,100.0,100.0,37.5,73.0,193439.0,143.0,51.929993
XbTP2QFQOU,DE,46.0,Women,100.0,50.0,0.0,7.0,22003.0,66.0,1.9200002
5Dk7UltEf2,DE,41.0,Men,100.0,100.0,0.0,26.0,34676.0,6.0,2.09
nYDr4McADR,US,38.0,Men,100.0,0.0,0.0,2.0,1030.0,6.0,0.45
UZFFk6WDIA,DE,44.0,Men,50.0,0.0,0.0,1.0,848.0,1.0,0.6
Vpb6KQ28kn,DE,39.0,Women,100.0,50.0,0.0,4.0,5522.0,21.0,1.1700001
qU1880V7wr,DE,40.0,Men,100.0,100.0,25.0,33.0,21598.0,4.0,2.6899996
WtVmLO5FT3,DE,39.0,Men,100.0,0.0,0.0,3.0,609.0,1.0,0.32
wHvgkS7shK,DE,49.0,Men,100.0,100.0,0.0,30.0,24392.0,38.0,25.190002
jG5f2Hx4oR,US,45.0,Men,100.0,25.0,0.0,9.0,21255.0,14.0,1.1000001
XdE04fmRcU,DE,24.0,Men,100.0,0.0,0.0,6.0,1812.0,1.0,0.8
RTkfMCVY0b,US,51.0,Men,100.0,100.0,0.0,101.0,158278.0,1.0,8.399999
zLZt5KWWWh,DE,39.0,Women,100.0,25.0,0.0,34.0,40734.0,5.0,2.4199998
bJlkOLjlFj,US,39.0,Men,100.0,25.0,0.0,1.0,177.0,1.0,0.7
ZCRufLmJqt,GB,46.0,Men,100.0,100.0,12.5,17.0,52263.0,120.0,3.1299999
gxC459ykcm,GB,35.0,Women,100.0,0.0,0.0,2.0,5770.0,1.0,0.48000002
zkeT4am5zJ,GB,36.0,Men,100.0,75.0,0.0,9.0,15563.0,5.0,1.6300001
NQC5lN298J,US,33.0,Women,100.0,25.0,0.0,1.0,0.0,1.0,4.7
UAI7qeUavh,DE,46.0,Women,100.0,100.0,25.0,90.0,191552.0,583.0,4.639999
NYs5eYQabN,DE,39.0,Men,100.0,75.0,0.0,5.0,6265.0,4.0,1.34
0dFshRecTD,US,39.0,Men,100.0,50.0,0.0,3.0,3677.0,1.0,1.1
wig8vXWPjI,GB,18.0,Women,100.0,100.0,0.0,9.0,3931.0,9.0,1.23
PoqdRCxNQA,US,38.0,Women,100.0,25.0,0.0,6.0,5600.0,1.0,0.9000001
JU8bgI3o6y,DE,44.0,Women,100.0,75.0,0.0,9.0,12962.0,2.0,1.34
3uLGwwtdqq,US,33.0,Women,100.0,0.0,0.0,1.0,2234.0,1.0,0.55
EPE5HwNMPU,DE,39.0,Men,100.0,100.0,25.0,65.0,69124.0,3.0,3.4899998
yJOHhOjnNw,DE,56.0,Men,100.0,75.0,0.0,15.0,25764.0,20.0,1.5400001
f6rSobzyn7,DE,24.0,Women,100.0,25.0,0.0,2.0,2429.0,2.0,0.9200001
L8XgQyxqo8,GB,37.0,Women,100.0,100.0,75.0,102.0,59256.0,792.0,14.230003
lE82JGoIQN,DE,45.0,Men,100.0,50.0,0.0,6.0,5201.0,1.0,5.02
HBzKtNA77C,JP,21.0,Women,100.0,50.0,0.0,13.0,10348.0,1.0,1.1999999
vUmaGCVK1L,US,41.0,Women,100.0,25.0,0.0,5.0,4193.0,1.0,0.90000004
0z2nv0pabr,US,39.0,Men,100.0,25.0,0.0,8.0,5777.0,15.0,0.8000001
0VXWvgGwm4,GB,52.0,Men,50.0,0.0,0.0,2.0,2303.0,3.0,0.3
IbOyAIzez1,DE,36.0,Men,100.0,100.0,0.0,54.0,38277.0,33.0,21.990004
YE542QUKW7,GB,46.0,Women,100.0,50.0,0.0,19.0,13097.0,1.0,0.9800001
8sF1hBfrLV,DE,41.0,Women,100.0,50.0,0.0,30.0,90364.0,111.0,2.7199996
jxEHfQyaIU,GB,36.0,Men,100.0,75.0,0.0,7.0,15761.0,16.0,1.1300001
TV1F3bdIle,US,40.0,Men,100.0,0.0,0.0,1.0,1147.0,1.0,0.45000002
RPDR9UMjSM,DE,39.0,Men,100.0,75.0,0.0,5.0,9908.0,10.0,1.5400001
TWsrb97hqD,US,53.0,Women,100.0,50.0,0.0,17.0,28435.0,20.0,25.500002
2KJZZvyFY3,DE,39.0,Women,100.0,100.0,0.0,41.0,57389.0,3.0,2.0400002
IGq0AWriPk,DE,30.0,Women,100.0,50.0,0.0,1.0,2084.0,1.0,1.07
nBfxeGBpKX,US,47.0,Women,100.0,50.0,0.0,6.0,11038.0,49.0,2.2
Smoq7Oewqt,US,46.0,Men,100.0,50.0,0.0,8.0,9252.0,25.0,1.5000001
THmJnyEGLN,DE,37.0,Men,50.0,0.0,0.0,9.0,23690.0,22.0,0.9000001
z2MQMW1cwq,US,39.0,Men,100.0,100.0,50.0,250.0,93751.0,173.0,25.250008
7jW6ciepxb,DE,41.0,Men,50.0,0.0,0.0,45.0,93735.0,404.0,7.3999996
wreK1BDVDn,DE,56.0,Men,100.0,75.0,0.0,4.0,15085.0,4.0,1.34
IeuPMJcQ4b,DE,47.0,Men,50.0,0.0,0.0,30.0,46753.0,27.0,1.1000001
00LZ9EF7oZ,US,39.0,Women,100.0,100.0,25.0,139.0,63473.0,126.0,9.199999
Xg2MjudlzH,DE,39.0,Men,100.0,100.0,0.0,15.0,63526.0,1.0,1.8400002
4D4J1Xh79y,US,39.0,Men,100.0,100.0,12.5,51.0,66308.0,175.0,9.600001
VFLje4l5jC,GB,39.0,Men,100.0,75.0,0.0,10.0,16840.0,4.0,8.23
l1HEeSZr8n,DE,38.0,Men,100.0,50.0,0.0,15.0,22966.0,35.0,0.99000007
TahGOKYZ2o,US,39.0,Women,100.0,25.0,0.0,2.0,3084.0,1.0,0.8
l5qsSfMCsw,GB,39.0,Women,50.0,0.0,0.0,1.0,1804.0,1.0,0.3
IHeaG5FaJX,DE,42.0,Women,100.0,100.0,25.0,51.0,78401.0,29.0,3.9399989
jPjnzjyrsp,GB,51.0,Women,100.0,100.0,0.0,47.0,50027.0,79.0,2.73
sJdSnJJ2tY,DE,47.0,Men,100.0,75.0,0.0,8.0,5245.0,7.0,27.240002
qXLzs6SSiG,GB,36.0,Women,100.0,25.0,0.0,2.0,2801.0,3.0,0.67999995
i9nvqiwV5z,US,51.0,Men,100.0,100.0,0.0,31.0,70112.0,184.0,9.599999
dFZBN59I3M,GB,31.0,Men,100.0,100.0,12.5,39.0,144779.0,66.0,17.130001
mu96cikyJE,US,30.0,Men,100.0,100.0,0.0,27.0,29669.0,1.0,2.8999996
GZwsrvlUme,DE,39.0,Men,100.0,75.0,0.0,11.0,5621.0,22.0,1.24
CjANHYcj5Z,US,42.0,Women,100.0,25.0,0.0,3.0,3720.0,1.0,0.8
KRTtHgW7tG,US,39.0,Men,100.0,75.0,0.0,21.0,37547.0,15.0,2.8499997
V1CxBkzdY4,GB,45.0,Men,100.0,75.0,0.0,79.0,85721.0,64.0,3.0999997
0Clj6yDxdn,GB,39.0,Men,100.0,25.0,0.0,2.0,1916.0,1.0,0.58
9dFq4A4PHE,US,28.0,Men,100.0,50.0,0.0,20.0,5232.0,1.0,1.1
M1KABKHpep,US,51.0,Women,100.0,100.0,0.0,24.0,79640.0,53.0,3.5
QHCVVhymIG,GB,55.0,Men,50.0,0.0,0.0,3.0,1286.0,1.0,0.3
zw91U0nOiN,GB,21.0,Women,100.0,50.0,0.0,5.0,3404.0,3.0,0.88000005
Y2FvblWuBB,GB,23.0,Women,100.0,75.0,0.0,1.0,635.0,3.0,8.43
7gQdNF2b4y,US,58.0,Men,100.0,100.0,25.0,117.0,57330.0,143.0,30.450005
48r4cL8oEG,US,39.0,Women,50.0,0.0,0.0,1.0,815.0,2.0,0.25
p8qyIC1oyK,JP,48.0,Men,100.0,50.0,0.0,18.0,13568.0,6.0,1.2400001
iuY5P56nyT,US,39.0,Men,100.0,0.0,0.0,6.0,19219.0,1.0,0.65000004
GLFibTjcyx,GB,39.0,Women,100.0,50.0,0.0,2.0,6006.0,1.0,0.78000003
xTAVTr2bvq,US,34.0,Men,100.0,100.0,12.5,42.0,39342.0,222.0,30.800003
TkvmT1fpgO,DE,50.0,Women,100.0,100.0,37.5,71.0,234015.0,112.0,13.700003
u7AiDBmTWy,GB,36.0,Men,50.0,0.0,0.0,2.0,1812.0,1.0,0.32999998
QnYtJFPzLS,GB,61.0,Men,100.0,100.0,0.0,10.0,24056.0,35.0,4.93
OlZ9tppY4X,US,57.0,Women,100.0,100.0,12.5,120.0,179490.0,362.0,31.640003
RzOrY12rC6,US,32.0,Men,100.0,75.0,0.0,4.0,1615.0,11.0,6.45
U1wBr3ytJr,DE,47.0,Men,100.0,75.0,0.0,2.0,792.0,10.0,1.14
iIT9hxpK2A,GB,57.0,Men,100.0,100.0,50.0,121.0,104201.0,228.0,7.4299974
hjH82DznD4,GB,50.0,Women,100.0,100.0,12.5,62.0,96843.0,51.0,22.329998
e4AyppOH9i,GB,38.0,Women,100.0,0.0,0.0,16.0,17769.0,1.0,8.65
AVqpxhAL0b,DE,39.0,Men,100.0,100.0,12.5,32.0,33241.0,2.0,2.94
KXVe9i5Ply,DE,34.0,Women,100.0,50.0,0.0,4.0,4678.0,1.0,1.638
VzSXQpohEg,US,39.0,Women,100.0,0.0,0.0,2.0,1514.0,1.0,0.55
FEblEj3yFQ,GB,39.0,Women,100.0,50.0,0.0,11.0,5878.0,2.0,0.88000005
Ufq16UAO3R,GB,39.0,Men,100.0,75.0,0.0,5.0,9630.0,1.0,1.1300001
6DsU9kWr18,US,30.0,Men,100.0,50.0,0.0,28.0,51676.0,1.0,2.1000001
0UesjX63zR,DE,42.0,Men,100.0,100.0,0.0,15.0,29913.0,159.0,2.2899997
GLHnaOzsOd,DE,33.0,Women,100.0,75.0,0.0,15.0,11870.0,1.0,5.44
n9hPMFsJJg,US,39.0,Men,100.0,0.0,0.0,4.0,1412.0,15.0,0.45
negSINjqKi,US,57.0,Women,100.0,50.0,0.0,18.0,62908.0,1.0,1.3000001
qLQXipGKor,DE,46.0,Men,100.0,75.0,0.0,10.0,18468.0,1.0,1.44
5RKlKj6n0s,DE,42.0,Women,100.0,75.0,0.0,10.0,16307.0,1.0,1.5400002
6mPuMHBo5n,US,39.0,Men,100.0,25.0,0.0,1.0,222.0,1.0,4.7
XeTLc6Rgd8,GB,60.0,Women,50.0,0.0,0.0,25.0,39076.0,30.0,1.7500002
zKgXGuOyT6,GB,63.0,Men,100.0,50.0,0.0,3.0,9355.0,15.0,0.98
QL57O1lZT7,US,39.0,Women,100.0,25.0,0.0,12.0,13884.0,5.0,1.0000001
k2d0sxEDVc,GB,36.0,Men,100.0,100.0,75.0,180.0,231980.0,1.0,22.430004
EDbdHZk3QK,DE,47.0,Women,100.0,75.0,0.0,10.0,25308.0,34.0,11.790001
FRk1M2Mey8,US,41.0,Men,100.0,25.0,0.0,1.0,547.0,1.0,0.70000005
twJIs1V0Ux,DE,28.0,Women,100.0,100.0,12.5,31.0,93632.0,1.0,2.7400002
CplXeyoErR,US,40.0,Women,100.0,25.0,0.0,13.0,29984.0,1.0,1.5000001
WHfIdrDtTg,DE,57.0,Men,100.0,50.0,0.0,21.0,37135.0,1.0,1.5900002
rfSYpWyzHl,US,39.0,Women,100.0,50.0,0.0,11.0,33220.0,31.0,1.4000001
QVWtuqPEyb,US,39.0,Men,100.0,25.0,0.0,13.0,9165.0,1.0,2.3000002
IduJEPPKR2,DE,41.0,Men,100.0,100.0,12.5,29.0,27058.0,51.0,2.8399994
4FbbfCRzS9,GB,39.0,Women,100.0,50.0,0.0,3.0,8754.0,1.0,0.88
GHsov42shM,DE,39.0,Men,50.0,0.0,0.0,1.0,4491.0,4.0,0.7
aGnnroJkX3,US,44.0,Men,100.0,100.0,0.0,54.0,77148.0,96.0,4.599999
jQcj3YhPXs,DE,30.0,Women,100.0,0.0,0.0,1.0,623.0,3.0,0.70000005
zifDEQcB2V,DE,62.0,Men,100.0,25.0,0.0,1.0,1215.0,3.0,0.9200001
l1AxoNjo7d,US,21.0,Men,100.0,50.0,0.0,3.0,8545.0,25.0,1.1000001
kXXCfQ2PWf,US,34.0,Men,100.0,75.0,0.0,29.0,56288.0,96.0,26.550003
9Nc9xP6hUY,US,51.0,Men,100.0,100.0,37.5,209.0,301619.0,531.0,10.349999
lnwzth1RFJ,DE,42.0,Men,100.0,100.0,25.0,141.0,292991.0,1.0,9.41
c50AH0QrRS,US,46.0,Women,100.0,75.0,0.0,20.0,74677.0,186.0,3.6499999
MrQE7pbMrQ,DE,44.0,Women,100.0,100.0,0.0,16.0,50680.0,101.0,2.3899996
f7Z5mDBoGc,US,36.0,Men,100.0,25.0,0.0,2.0,337.0,1.0,0.7
pJUqKWvc2G,GB,43.0,Women,100.0,100.0,12.5,72.0,76769.0,89.0,29.430002
BpnpZWdLmL,GB,39.0,Men,100.0,50.0,0.0,5.0,4026.0,3.0,0.78000003
gS70urS2yi,DE,39.0,Women,100.0,0.0,0.0,24.0,13940.0,50.0,33.149998
Bm52x05rOv,GB,56.0,Men,100.0,100.0,37.5,35.0,58395.0,293.0,7.2299995
17Cu89zQ9I,DE,55.0,Women,100.0,100.0,0.0,14.0,37351.0,52.0,6.3899994
fRi7C9Qadd,US,31.0,Women,100.0,50.0,0.0,21.0,11512.0,6.0,1.4000001
LeVGDOxYYD,DE,39.0,Men,100.0,75.0,0.0,15.0,31201.0,17.0,1.5400001
D4zzCsQHWk,DE,39.0,Women,100.0,100.0,0.0,33.0,33620.0,99.0,2.0900002
gD6hZ3GyxS,DE,41.0,Men,100.0,100.0,62.5,181.0,303697.0,15.0,12.7900095
2lHm3GkNjF,US,40.0,Women,100.0,25.0,0.0,7.0,8959.0,6.0,24.000002
7JUjJueRLU,JP,39.0,Men,100.0,25.0,0.0,8.0,4931.0,1.0,0.9
uajXrDKmvE,DE,25.0,Women,100.0,50.0,0.0,2.0,4345.0,1.0,1.0699999
0oXPS0pBCn,US,52.0,Women,100.0,50.0,0.0,19.0,23149.0,22.0,6.799999
f7jK6WJFVm,US,57.0,Women,100.0,100.0,0.0,79.0,86366.0,19.0,4.2999988
3FpZdeW0Mk,DE,36.0,Women,100.0,100.0,12.5,72.0,37830.0,4.0,2.8899996
MVnITPICnp,GB,51.0,Women,100.0,100.0,75.0,240.0,640791.0,919.0,14.430002
xWjMz1I8Qc,GB,46.0,Men,100.0,100.0,25.0,166.0,268413.0,59.0,7.279997
JDgbA51L49,US,41.0,Women,100.0,100.0,37.5,179.0,311676.0,1.0,12.650002
3YXL7DQZbF,US,55.0,Men,100.0,100.0,0.0,137.0,140698.0,125.0,5.6499987
DIKmzD8dCi,DE,36.0,Women,100.0,75.0,0.0,10.0,8595.0,1.0,5.3399997
ydLYPpCvpn,DE,64.0,Men,100.0,100.0,0.0,36.0,142120.0,66.0,2.5899997
TJ4GPl3KDM,DE,39.0,Women,100.0,75.0,0.0,5.0,11481.0,5.0,1.34
9Y8OPEpZLT,US,42.0,Men,100.0,25.0,0.0,2.0,5880.0,7.0,20.8
nShn4Ltsqb,US,27.0,Women,100.0,100.0,12.5,66.0,68630.0,15.0,9.740003
Aw9pFIWl5u,US,27.0,Men,100.0,25.0,0.0,8.0,4708.0,4.0,0.79999995
Yf8vmUXzim,US,32.0,Women,100.0,50.0,0.0,9.0,7910.0,8.0,11.3
atrmbzrGt4,GB,32.0,Men,100.0,50.0,0.0,2.0,4996.0,4.0,0.88000005
yiCMHLiMNn,DE,21.0,Men,100.0,50.0,0.0,4.0,5513.0,12.0,1.0699999
sfxeGbhq8O,DE,39.0,Women,100.0,100.0,0.0,7.0,14129.0,1.0,5.64
DrgaHmWfKx,US,26.0,Men,100.0,25.0,0.0,5.0,135.0,1.0,0.70000005
HhHZaGBqX3,GB,47.0,Men,100.0,0.0,0.0,58.0,82258.0,4.0,5.499997
SSx2MWgw4C,GB,48.0,Women,50.0,0.0,0.0,12.0,4528.0,41.0,0.5
NguAaz1p8a,US,39.0,Men,100.0,0.0,0.0,5.0,8198.0,10.0,0.65000004
dj3hYAoGpG,DE,26.0,Men,100.0,100.0,25.0,35.0,91937.0,531.0,3.1399999
dsYk06AaIF,DE,39.0,Men,100.0,100.0,25.0,33.0,146858.0,4.0,3.7899997
3vFU3RH6lW,US,51.0,Women,100.0,0.0,0.0,1.0,2455.0,3.0,0.55
OiX8qSonrl,US,27.0,Men,100.0,100.0,12.5,127.0,157861.0,353.0,5.8999987
QAMElRPzjZ,DE,35.0,Women,100.0,50.0,0.0,14.0,8629.0,1.0,1.0699999
9g7PNBWknA,DE,39.0,Men,100.0,50.0,0.0,3.0,2328.0,4.0,1.07
Kqi4MT8rxp,GB,40.0,Men,100.0,75.0,0.0,9.0,33219.0,1.0,1.3300002
w1JRfrWNdu,DE,60.0,Men,100.0,100.0,25.0,49.0,107422.0,486.0,3.8399994
bg8bqt83y8,DE,28.0,Women,100.0,50.0,0.0,17.0,45089.0,1.0,1.17
LHQ2IuvP52,DE,39.0,Women,100.0,100.0,0.0,8.0,17666.0,10.0,11.740001
Xweja2NZyA,DE,32.0,Women,100.0,50.0,0.0,4.0,8187.0,8.0,1.1700001
1GMQmWQ9Re,DE,39.0,Men,100.0,100.0,37.5,128.0,207058.0,54.0,3.8399994
U9SiA3L7zz,US,42.0,Men,100.0,50.0,0.0,2.0,286.0,1.0,5.0
BrnqshvECI,GB,51.0,Men,100.0,75.0,0.0,8.0,17465.0,10.0,1.9300002
8UvNxWbBgT,DE,19.0,Women,100.0,50.0,0.0,5.0,948.0,3.0,0.97
UfZq51aUwI,DE,31.0,Men,100.0,100.0,25.0,103.0,80252.0,82.0,4.1399994
hnON3DSqEa,US,30.0,Women,100.0,100.0,25.0,145.0,268734.0,147.0,11.750004
KTVKJLMYn2,US,39.0,Men,100.0,25.0,0.0,9.0,8041.0,19.0,0.9000001
2engLmfxev,GB,38.0,Women,100.0,50.0,0.0,1.0,667.0,1.0,0.68
5JNmy3Jt0b,US,54.0,Men,50.0,0.0,0.0,2.0,23.0,1.0,0.35
tDDdmIloHP,GB,31.0,Men,100.0,100.0,37.5,168.0,343680.0,120.0,8.629999
65sXbtkLoY,US,39.0,Men,100.0,0.0,0.0,1.0,37.0,1.0,0.45
cZGlyyhqOV,GB,33.0,Women,50.0,0.0,0.0,5.0,64926.0,1.0,0.4
7Q9ApfkJUD,GB,39.0,Women,100.0,25.0,0.0,1.0,660.0,4.0,0.48
eOveH8dsN6,US,56.0,Women,100.0,25.0,0.0,46.0,77689.0,40.0,2.7999995
s01y0ZmnNC,US,30.0,Women,100.0,50.0,0.0,3.0,5698.0,1.0,1.2
hD8w7NNXEu,DE,48.0,Men,50.0,0.0,0.0,1.0,1849.0,2.0,0.70000005
M5iSB6tpel,JP,49.0,Men,100.0,50.0,0.0,23.0,16722.0,2.0,1.9100002
DzmGQAYe7m,US,18.0,Women,100.0,75.0,0.0,32.0,21215.0,1.0,2.15
DGNKHe0zG1,DE,31.0,Men,100.0,100.0,0.0,36.0,19797.0,59.0,22.090004
X8YsZpHpRr,US,35.0,Men,100.0,25.0,0.0,8.0,5920.0,1.0,5.66
1BYtYjNczJ,DE,53.0,Women,100.0,100.0,12.5,26.0,62486.0,3.0,6.84
hTdIERdBUF,DE,39.0,Men,100.0,25.0,0.0,6.0,3407.0,1.0,0.91999996
M9IJSBB003,US,39.0,Men,100.0,50.0,0.0,1.0,33.0,23.0,2.1000001
AhR3gpTcXM,GB,48.0,Women,100.0,100.0,0.0,10.0,4471.0,79.0,1.7300001
W30C26mlmA,US,39.0,Women,50.0,0.0,0.0,1.0,832.0,1.0,0.25
cFuUFVWFn0,JP,39.0,Men,100.0,100.0,0.0,55.0,144588.0,63.0,14.770003
klswZFeK44,GB,49.0,Men,100.0,25.0,0.0,1.0,2318.0,1.0,0.58
dkcY3ehDf5,DE,65.0,Women,100.0,100.0,25.0,104.0,271558.0,342.0,6.8099976
Zl6IBB9U9s,GB,39.0,Women,100.0,100.0,50.0,203.0,813680.0,1118.0,9.229998
8VkX2IE90E,GB,38.0,Men,100.0,75.0,0.0,50.0,70799.0,14.0,2.3999996
5jqwgCsZfC,DE,39.0,Men,100.0,75.0,0.0,8.0,3981.0,5.0,1.34
KpYJRhBtes,GB,44.0,Women,100.0,100.0,0.0,30.0,35701.0,210.0,2.8299997
rDhU60BSWY,US,39.0,Men,50.0,0.0,0.0,4.0,1010.0,1.0,0.25
u5kuLUIRUb,JP,40.0,Women,100.0,100.0,50.0,292.0,459342.0,1005.0,15.300001
jPhCMwHa3T,DE,43.0,Men,100.0,100.0,12.5,15.0,14438.0,119.0,2.2899997
nrx4RrfgXf,GB,37.0,Men,100.0,100.0,0.0,18.0,25036.0,74.0,16.430002
ShlpD3cUiW,GB,39.0,Women,100.0,50.0,0.0,2.0,508.0,1.0,0.68
tVHrswdbf4,DE,42.0,Women,100.0,100.0,25.0,51.0,60838.0,1.0,7.64
8qJDmBDjrV,DE,29.0,Men,100.0,100.0,0.0,8.0,2918.0,97.0,1.6899999
bVieh3kBhn,US,38.0,Women,100.0,25.0,0.0,2.0,1248.0,9.0,0.8
o21IT345HS,GB,34.0,Men,100.0,100.0,12.5,43.0,62215.0,4.0,2.83
dIyCcPjHtK,DE,46.0,Men,100.0,100.0,25.0,115.0,96689.0,467.0,15.040005
izxUGpQ3nR,JP,39.0,Men,100.0,100.0,0.0,26.0,30782.0,171.0,3.2500002
1Sv9e46Dz0,US,34.0,Men,100.0,25.0,0.0,7.0,7527.0,1.0,0.9
ISHBYrVbI5,DE,39.0,Men,100.0,50.0,0.0,4.0,35086.0,20.0,1.1700001
64YXEk7J3k,US,40.0,Men,100.0,25.0,0.0,1.0,1291.0,3.0,0.8000001
Uuf1H710hz,DE,39.0,Men,100.0,100.0,50.0,140.0,234513.0,271.0,5.309999
mP5R5rpfnX,DE,39.0,Men,100.0,75.0,0.0,9.0,18671.0,15.0,1.44
2iMr4ZpCmk,GB,48.0,Men,100.0,75.0,0.0,8.0,37382.0,1.0,1.5300002
iUOadtK4lv,GB,35.0,Men,100.0,100.0,0.0,20.0,17014.0,43.0,4.9299994
CMAsb3LSjk,US,35.0,Men,100.0,50.0,0.0,50.0,68817.0,43.0,8.900001
OvX8qFTdDr,DE,36.0,Women,100.0,75.0,0.0,10.0,6297.0,11.0,1.34
gD5OBiDK5O,DE,46.0,Men,100.0,75.0,0.0,9.0,10488.0,1.0,1.7400001
2IF8LuItiF,US,41.0,Women,100.0,75.0,0.0,35.0,67403.0,9.0,2.6499999
l9IGr68W5S,US,39.0,Women,100.0,100.0,12.5,70.0,114120.0,210.0,9.600001
7NEuntwHcP,US,27.0,Men,100.0,25.0,0.0,9.0,4859.0,1.0,4.9
7fgRlgII1Y,DE,49.0,Women,100.0,25.0,0.0,10.0,6557.0,1.0,0.93799996
3ZPkDSoAaI,DE,20.0,Men,100.0,0.0,0.0,17.0,62141.0,7.0,1.7200001
uBABLAEgJR,US,42.0,Men,100.0,100.0,25.0,49.0,46750.0,141.0,16.45
cvW1eo1TFV,DE,39.0,Men,100.0,100.0,0.0,31.0,63874.0,31.0,2.79
vLKIoDC8br,GB,39.0,Men,100.0,100.0,12.5,87.0,52370.0,52.0,6.8299985
NTH3MknTDS,US,35.0,Men,100.0,75.0,0.0,21.0,38866.0,4.0,2.1499999
J6yfT08nW3,DE,39.0,Women,100.0,75.0,0.0,24.0,41787.0,49.0,1.6400001
FxyWpCcClf,US,41.0,Women,100.0,25.0,0.0,17.0,10099.0,1.0,0.8
vAOIFrHDR3,DE,39.0,Women,100.0,100.0,0.0,33.0,5165.0,1.0,5.5399995
jAgD2f5SAG,US,42.0,Women,100.0,25.0,0.0,3.0,2985.0,10.0,0.8
OeFjsbJUkn,US,37.0,Women,100.0,0.0,0.0,3.0,3028.0,1.0,0.77
N6ULSUVSdW,GB,32.0,Women,100.0,75.0,0.0,20.0,8744.0,4.0,1.0300001
SW4JQnQ6Wr,US,39.0,Men,100.0,50.0,0.0,13.0,89963.0,1.0,1.1
c48qcelEtj,DE,39.0,Men,100.0,100.0,25.0,225.0,575430.0,1249.0,15.610004
9IOjCcqxnq,US,40.0,Men,100.0,100.0,12.5,36.0,55606.0,134.0,4.6999993
TpvilLXIx6,DE,35.0,Women,100.0,100.0,0.0,28.0,11822.0,1.0,1.7400001
QowAk49bqc,DE,18.0,Men,100.0,100.0,62.5,290.0,300798.0,1095.0,10.889999
ofhKcN2zjO,DE,39.0,Men,100.0,100.0,37.5,135.0,327194.0,132.0,7.6999965
KRL1BpeeUf,DE,39.0,Men,100.0,25.0,0.0,4.0,3886.0,3.0,0.92
6JIW0K89YV,US,50.0,Men,100.0,25.0,0.0,1.0,2126.0,11.0,0.8
zcC0pYtvDl,DE,36.0,Women,100.0,100.0,62.5,164.0,391569.0,195.0,11.590007
UCAGSGbUxc,US,43.0,Women,100.0,25.0,0.0,13.0,7134.0,1.0,5.52
i4KjFN8nla,DE,45.0,Men,100.0,50.0,0.0,1.0,558.0,1.0,0.97
4JxSoHXbMM,DE,39.0,Men,100.0,75.0,0.0,17.0,19663.0,33.0,1.79
9xxrpowJE3,GB,39.0,Women,50.0,0.0,0.0,3.0,1815.0,5.0,0.2
A2CmZritJC,JP,93.0,Men,100.0,50.0,0.0,3.0,3905.0,9.0,1.0999999
AihKkm2EXV,GB,20.0,Women,100.0,75.0,0.0,13.0,8942.0,1.0,3.9299998
GgQMXzT5wB,US,39.0,Men,100.0,25.0,0.0,1.0,1652.0,1.0,0.8
kplNQsNfyA,DE,36.0,Women,100.0,75.0,0.0,30.0,19087.0,1.0,1.34
uVFJb2nkWM,GB,42.0,Women,100.0,100.0,0.0,9.0,6598.0,5.0,15.730001
UimwDZoxeo,DE,39.0,Women,100.0,75.0,0.0,29.0,20203.0,13.0,1.34
myv57sCd3h,US,35.0,Men,100.0,75.0,0.0,21.0,40823.0,1.0,3.05
p7fQxXwKiB,DE,39.0,Men,100.0,100.0,0.0,8.0,31467.0,1.0,1.89
NMHbb7q2fy,US,41.0,Men,50.0,0.0,0.0,4.0,3434.0,1.0,0.5
JnS3eZJyLV,DE,36.0,Women,100.0,75.0,0.0,12.0,19477.0,1.0,1.44
Kh73apIHVI,US,39.0,Women,50.0,0.0,0.0,1.0,757.0,1.0,0.25
dbNx4PEleR,US,39.0,Women,100.0,25.0,0.0,1.0,4579.0,1.0,0.8
9Mf7i5qAFp,DE,57.0,Women,100.0,0.0,0.0,160.0,161533.0,515.0,3.789999
SSR2zAuTPu,GB,44.0,Women,100.0,100.0,0.0,60.0,95557.0,124.0,3.6299996
8B9brLPBaO,GB,32.0,Men,100.0,75.0,0.0,4.0,12835.0,1.0,1.1300001
f2BbTLN4w3,US,53.0,Men,50.0,0.0,0.0,1.0,548.0,1.0,0.25
UCZYFAVNTh,DE,41.0,Men,100.0,100.0,0.0,24.0,51385.0,1.0,2.3400002
TAW0zuVNQd,US,31.0,Men,100.0,0.0,0.0,2.0,2559.0,1.0,0.55
k43lgaZuam,US,54.0,Men,100.0,75.0,0.0,21.0,11200.0,1.0,6.05
TvaWxEh3jb,US,51.0,Men,100.0,0.0,0.0,4.0,1596.0,1.0,0.55
gwU28CXz3A,GB,44.0,Women,100.0,50.0,0.0,3.0,3446.0,1.0,0.88
SCjHc8inT7,DE,45.0,Women,100.0,100.0,12.5,24.0,42795.0,94.0,37.539993
fnQlDAAoWC,US,39.0,Women,100.0,50.0,0.0,8.0,7745.0,5.0,1.2
9xQX9vJt1a,GB,48.0,Women,100.0,50.0,0.0,4.0,6377.0,1.0,1.232
FCscuB23Tk,US,39.0,Women,100.0,50.0,0.0,13.0,32363.0,1.0,1.7000002
Hmku9NIjay,GB,56.0,Men,100.0,100.0,37.5,211.0,198155.0,218.0,5.8299985
ltx7ba3EZ0,GB,48.0,Women,100.0,100.0,12.5,64.0,171252.0,596.0,20.6
V5USHQeFLg,DE,39.0,Women,100.0,100.0,12.5,21.0,22426.0,21.0,2.1899998
S0pP4cNIgA,US,40.0,Men,100.0,25.0,0.0,4.0,1165.0,1.0,0.70000005
XppQdQYQ9z,JP,53.0,Women,100.0,50.0,0.0,12.0,17342.0,1.0,2.3999999
jXpGTbLi68,US,45.0,Men,100.0,100.0,0.0,46.0,41312.0,10.0,3.8999996
koMxSbabni,GB,39.0,Women,100.0,100.0,0.0,27.0,129606.0,16.0,2.6299999
Ugcny3aZCU,DE,39.0,Women,100.0,100.0,12.5,37.0,53591.0,42.0,2.9399996
cVmgKl67DP,DE,48.0,Women,100.0,50.0,0.0,1.0,105.0,10.0,0.97
cqydcCWYj7,US,39.0,Men,100.0,50.0,0.0,33.0,15067.0,1.0,1.5000001
FW237bI2BN,GB,22.0,Women,100.0,50.0,0.0,4.0,5288.0,1.0,3.58
ZG5RiaSKW7,US,39.0,Women,100.0,100.0,0.0,52.0,125527.0,161.0,4.6999984
bt9qoJfy8n,DE,32.0,Women,100.0,50.0,0.0,1.0,1.0,1.0,14.97
V4il653S6I,GB,21.0,Women,100.0,50.0,0.0,7.0,7559.0,1.0,0.7800001
QMsmHx3joV,US,36.0,Men,50.0,0.0,0.0,1.0,5848.0,1.0,1.0
vo8nHJ6JU2,GB,62.0,Men,100.0,25.0,0.0,6.0,7108.0,1.0,0.48
07qrTqk13k,US,20.0,Men,100.0,50.0,0.0,9.0,5807.0,7.0,1.2
suE5MkBXQY,US,45.0,Men,100.0,50.0,0.0,18.0,15557.0,8.0,5.3999996
gKW4jYij4g,GB,39.0,Men,50.0,0.0,0.0,31.0,44323.0,6.0,1.2500001
fcMFW0RvwC,US,39.0,Women,100.0,50.0,0.0,3.0,183.0,1.0,1.0
BUN2KI2Lhe,US,52.0,Men,100.0,100.0,0.0,31.0,22846.0,7.0,2.9999998
dZ82i5tWkr,US,39.0,Women,100.0,50.0,0.0,5.0,4043.0,1.0,1.2
GkNiK8chFC,GB,34.0,Men,100.0,100.0,25.0,55.0,79936.0,119.0,18.23
AfmBI7qvSk,DE,39.0,Men,100.0,75.0,0.0,2.0,3494.0,1.0,1.34
QuuIEtE7V0,GB,62.0,Men,100.0,100.0,12.5,91.0,81487.0,233.0,11.029999
KLDxh7PhS6,US,50.0,Women,100.0,50.0,0.0,12.0,16703.0,64.0,2.2
QRUW7CPoIl,US,39.0,Men,100.0,25.0,0.0,2.0,58.0,1.0,0.70000005
pgd3ja1uME,US,53.0,Women,100.0,50.0,0.0,14.0,16109.0,1.0,1.7
Sbzt8ThuPY,US,21.0,Men,100.0,25.0,0.0,2.0,1042.0,1.0,0.70000005
bvt5FyjiUY,DE,34.0,Women,100.0,100.0,50.0,154.0,154124.0,167.0,10.210004
aNqGOOTt1Q,US,45.0,Women,100.0,25.0,0.0,3.0,9368.0,12.0,0.9000001
5TZake1jJb,GB,50.0,Men,100.0,100.0,12.5,17.0,42449.0,69.0,3.5420003
0GMrLU3lqu,DE,34.0,Men,100.0,100.0,25.0,59.0,44941.0,114.0,7.14
Y8BpaYzbXL,DE,39.0,Women,100.0,75.0,0.0,9.0,8855.0,1.0,1.4900001
kpqqmvkFIy,US,34.0,Men,100.0,50.0,0.0,9.0,11795.0,5.0,5.3
FnNB97kNnh,US,38.0,Women,100.0,50.0,0.0,4.0,25108.0,1.0,1.1
sjegATMmSy,US,43.0,Women,100.0,75.0,0.0,18.0,40587.0,40.0,7.2499995
m5Kgx4Ofsh,US,38.0,Men,100.0,25.0,0.0,4.0,16.0,1.0,4.7
kBS0zAa5k0,US,39.0,Men,100.0,25.0,0.0,2.0,2519.0,1.0,0.8000001
ghZFNYkmQk,US,58.0,Men,50.0,0.0,0.0,7.0,9807.0,1.0,1.1
UKj8cuBn6b,DE,21.0,Men,100.0,75.0,0.0,10.0,7513.0,129.0,5.34
pGI6sBSUTD,US,60.0,Men,100.0,100.0,37.5,238.0,362888.0,742.0,10.749999
eUHtpG0yRs,GB,34.0,Men,100.0,100.0,0.0,30.0,46327.0,17.0,2.0300002
tN5yLgOnnY,DE,39.0,Men,100.0,75.0,0.0,8.0,9996.0,6.0,1.4399999
iOuZ30Pkyq,GB,39.0,Men,100.0,100.0,0.0,29.0,24761.0,20.0,2.4299998
OWMMEf7i03,US,39.0,Women,100.0,25.0,0.0,4.0,4376.0,1.0,4.8999996
619IjBphkH,GB,35.0,Men,100.0,100.0,0.0,21.0,18274.0,1.0,2.5300002
7cziqrKw6L,US,34.0,Men,100.0,25.0,0.0,10.0,3352.0,5.0,0.70000005
0SkC2akv0S,US,32.0,Men,100.0,50.0,0.0,15.0,24392.0,49.0,12.7
yAYpQvXU4U,US,54.0,Men,100.0,75.0,0.0,32.0,39433.0,92.0,3.1499999
dQUKlbzTR5,DE,32.0,Men,100.0,100.0,12.5,44.0,42643.0,1.0,2.7399998
kpokyrJdtj,DE,34.0,Men,100.0,75.0,0.0,12.0,12368.0,15.0,6.0899997
RdBoe10sJW,DE,33.0,Men,100.0,100.0,25.0,70.0,74913.0,318.0,3.7399993
E31j4lNBfS,JP,39.0,Women,100.0,100.0,0.0,55.0,76878.0,206.0,3.7799993
0TbVGEiBbU,US,55.0,Men,100.0,75.0,0.0,19.0,52261.0,126.0,26.150003
s7x25uh2uO,DE,37.0,Women,100.0,0.0,0.0,3.0,2545.0,1.0,0.8000001
pQSQWnoatT,GB,39.0,Women,100.0,75.0,0.0,4.0,7759.0,1.0,1.1300001
wlhXLwQS3S,GB,51.0,Men,100.0,100.0,12.5,22.0,67515.0,4.0,3.5300002
EROZ949kFL,JP,31.0,Women,100.0,50.0,0.0,20.0,8012.0,1.0,1.04
XhlDBWgEB9,DE,27.0,Women,100.0,75.0,0.0,19.0,2251.0,1.0,1.24
rimPHVeqjD,GB,39.0,Women,100.0,75.0,0.0,11.0,9435.0,1.0,1.1300001
zI68wshljq,DE,46.0,Men,100.0,0.0,0.0,6.0,612.0,1.0,0.7
sXFyf2NsGf,GB,56.0,Women,100.0,50.0,0.0,2.0,9091.0,1.0,0.78
DfF2UqUXXu,DE,37.0,Women,100.0,100.0,50.0,138.0,175759.0,478.0,10.1100025
CsT3TG9VRE,DE,40.0,Men,50.0,0.0,0.0,19.0,26051.0,1.0,4.9999995
4H6r4PJMXo,DE,39.0,Women,50.0,0.0,0.0,3.0,1704.0,1.0,0.7
Oi1IJV2s2H,GB,34.0,Men,100.0,75.0,0.0,10.0,8176.0,3.0,1.1300001
Qewv4P4nIv,GB,39.0,Women,100.0,0.0,0.0,3.0,2608.0,4.0,0.43
goPG6L1Ibx,GB,39.0,Men,100.0,75.0,0.0,12.0,15273.0,14.0,1.4300001
fDhVwzYhDT,DE,44.0,Women,100.0,100.0,37.5,99.0,132757.0,105.0,4.6999993
SdW7gdMxfk,DE,39.0,Women,100.0,50.0,0.0,2.0,11945.0,55.0,1.07
h5cw5ZWDiO,GB,44.0,Men,100.0,100.0,25.0,57.0,201841.0,360.0,22.330006
OUAj8T2Q2a,GB,39.0,Men,100.0,50.0,0.0,2.0,4321.0,1.0,0.78
XyvuSM9F1l,DE,39.0,Men,100.0,100.0,0.0,31.0,27597.0,16.0,1.8900002
w7oIDpJK3V,DE,39.0,Men,100.0,100.0,12.5,30.0,50246.0,52.0,2.54
v7ZkUdyMnp,GB,65.0,Men,100.0,100.0,12.5,64.0,19506.0,58.0,2.5299997
pZ3O0BYwcj,DE,47.0,Men,100.0,100.0,12.5,27.0,32251.0,63.0,6.74
PbJNBYz5qG,US,28.0,Men,100.0,25.0,0.0,7.0,4955.0,1.0,4.8999996
EoyYBNkQrv,DE,39.0,Women,100.0,75.0,0.0,7.0,27700.0,92.0,1.59
oz7KtGY9iA,DE,48.0,Men,100.0,75.0,0.0,1.0,4350.0,65.0,1.49
UvyHrW8xSY,US,39.0,Men,100.0,25.0,0.0,2.0,3826.0,1.0,0.8
oIIm3vDWUS,GB,39.0,Women,100.0,0.0,0.0,4.0,5235.0,1.0,0.55
Mqpga2UKSP,US,35.0,Men,100.0,25.0,0.0,1.0,339.0,3.0,0.70000005
eKiSKvgau4,DE,39.0,Women,100.0,75.0,0.0,9.0,13790.0,1.0,1.5400001
Hay4PDHl5D,JP,19.0,Women,100.0,75.0,0.0,20.0,14611.0,64.0,4.85
gifvzUO5yQ,GB,32.0,Men,100.0,50.0,0.0,10.0,6812.0,2.0,0.78
syzU2CA4Z3,DE,38.0,Women,100.0,100.0,25.0,44.0,208249.0,33.0,2.74
0CxpwLtdF5,DE,40.0,Men,100.0,75.0,0.0,12.0,7949.0,16.0,1.24
tVgelSPx25,DE,49.0,Men,100.0,50.0,0.0,2.0,1761.0,1.0,1.07
ntRxSDg38Z,DE,56.0,Women,100.0,50.0,0.0,7.0,15712.0,1.0,1.1700001
NyUfJKWcpF,GB,44.0,Women,100.0,100.0,0.0,38.0,91488.0,334.0,3.33
3w8iwIwBrX,US,39.0,Women,100.0,100.0,0.0,33.0,38221.0,102.0,4.299999
mmSiVtcAyC,US,44.0,Men,100.0,25.0,0.0,4.0,3383.0,1.0,0.8000001
CD4SPOagnx,GB,25.0,Men,100.0,100.0,25.0,141.0,83850.0,3.0,5.479999
sUqABjVuEt,GB,36.0,Men,100.0,100.0,62.5,169.0,96247.0,112.0,15.830001
BdmjsCiQtS,US,39.0,Women,100.0,100.0,0.0,56.0,67909.0,25.0,3.7999995
m39E2uXk8o,US,36.0,Women,100.0,25.0,0.0,2.0,3632.0,1.0,0.9000001
P9xh8bJlQY,DE,39.0,Men,100.0,100.0,0.0,43.0,49086.0,53.0,2.5900002
HB8ct97sAr,US,36.0,Women,100.0,25.0,0.0,7.0,8063.0,1.0,0.90000004
QqoRTKV7w0,US,35.0,Women,100.0,100.0,0.0,37.0,60938.0,43.0,23.25
izjGjXOddO,DE,29.0,Women,100.0,100.0,12.5,70.0,54151.0,1.0,2.29
u5jaisrXIf,GB,39.0,Men,100.0,50.0,0.0,3.0,4089.0,1.0,0.88000005
XWc46gqfvH,GB,32.0,Women,100.0,100.0,0.0,25.0,41761.0,90.0,2.5300002
yUVY1A3a7B,DE,39.0,Women,100.0,100.0,12.5,15.0,64618.0,1.0,2.24
ZpKy7f7WYb,DE,41.0,Men,100.0,50.0,0.0,3.0,2279.0,1.0,1.0699999
ZHeD8DABxe,US,52.0,Women,50.0,0.0,0.0,1.0,10.0,1.0,0.25
5vyCzmA7eG,US,48.0,Men,100.0,75.0,0.0,16.0,3531.0,3.0,1.5500001
0Qgds7Iy7e,DE,50.0,Men,100.0,100.0,0.0,50.0,43558.0,138.0,2.59
D5hfDVLJ9n,US,35.0,Men,100.0,100.0,12.5,61.0,59341.0,39.0,5.599999
8HPJ4fIVDk,US,39.0,Women,100.0,25.0,0.0,4.0,1908.0,5.0,0.8
nrjLtAR3U4,US,38.0,Men,100.0,50.0,0.0,6.0,2083.0,1.0,5.1
FN8cUI7n0P,DE,53.0,Men,100.0,0.0,0.0,25.0,56025.0,34.0,6.0199995
19aoeNc3ks,GB,58.0,Men,100.0,75.0,0.0,3.0,10127.0,1.0,1.5300001
PdR1ES1GkR,US,39.0,Men,100.0,100.0,0.0,43.0,52885.0,1.0,3.599999
65ybsjqKFc,US,39.0,Men,100.0,100.0,12.5,66.0,99064.0,35.0,6.0999985
n8p6Bel2aN,DE,39.0,Men,100.0,50.0,0.0,9.0,4735.0,1.0,1.1700001
D4rYN8ryrj,US,34.0,Men,100.0,75.0,0.0,15.0,23872.0,1.0,6.95
5SK1NuznBD,US,53.0,Women,100.0,75.0,0.0,4.0,13179.0,64.0,46.65
BPR7PioxjL,DE,39.0,Women,100.0,25.0,0.0,112.0,427201.0,310.0,4.269999
U9qES2hRba,DE,46.0,Women,100.0,75.0,0.0,22.0,34665.0,169.0,5.29
D0n3zglifb,US,27.0,Women,100.0,75.0,0.0,29.0,24076.0,1.0,6.0499997
KQKe68zb9u,DE,52.0,Women,100.0,50.0,0.0,6.0,13692.0,1.0,5.27
6W0exSWZqs,DE,49.0,Women,50.0,0.0,0.0,1.0,495.0,19.0,0.52
VIFfiqiQsn,DE,34.0,Women,100.0,100.0,12.5,36.0,72659.0,1.0,2.54
DjIBKrk3gy,GB,51.0,Men,100.0,25.0,0.0,1.0,4714.0,1.0,0.58
E6iUuc2TLY,US,32.0,Men,100.0,75.0,0.0,35.0,166943.0,1.0,6.549999
KQu94LjveL,GB,39.0,Men,100.0,25.0,0.0,39.0,63754.0,121.0,33.350002
kxuOFn8FjC,GB,43.0,Men,100.0,50.0,0.0,2.0,4185.0,1.0,0.88
UlzmP5aXJx,GB,46.0,Women,100.0,100.0,25.0,61.0,107787.0,151.0,8.179999
3xmItB4lAo,DE,33.0,Women,100.0,100.0,0.0,19.0,7631.0,1.0,1.5400001
FIlmdOSYaW,US,39.0,Women,100.0,75.0,0.0,16.0,45520.0,1.0,6.649999
xGc1llMVzp,DE,39.0,Women,100.0,100.0,37.5,86.0,78292.0,64.0,3.7999997
EGcl7ollyc,JP,39.0,Men,100.0,100.0,0.0,32.0,30424.0,51.0,3.28
xPRNHEWeqg,DE,39.0,Men,100.0,100.0,12.5,38.0,88150.0,341.0,3.2399998
sBaCQgs6eo,GB,25.0,Men,100.0,75.0,0.0,8.0,22913.0,6.0,1.03
Vc6kkBKCQU,DE,18.0,Women,100.0,100.0,25.0,88.0,151028.0,218.0,24.840012
Mw8C9mxE2A,US,27.0,Men,100.0,50.0,0.0,7.0,17063.0,1.0,1.2
xKJFdOk9Yn,GB,23.0,Women,100.0,100.0,12.5,25.0,53066.0,13.0,5.129999
fJx6UNRcie,GB,60.0,Women,100.0,0.0,0.0,16.0,21179.0,80.0,49.07
Lz84kjBHfX,GB,39.0,Women,100.0,100.0,12.5,22.0,21186.0,1.0,2.7299998
u6xmJh03io,DE,46.0,Men,100.0,75.0,0.0,13.0,22347.0,18.0,1.8900001
HeLydRgPnF,US,44.0,Men,100.0,50.0,0.0,14.0,9051.0,1.0,5.4
4GB8LBIpvz,US,52.0,Men,100.0,75.0,0.0,35.0,38627.0,71.0,29.250002
KqbeNkkEdQ,US,58.0,Men,100.0,50.0,0.0,4.0,9826.0,1.0,2.2
HRGIhUln8Z,GB,50.0,Men,100.0,50.0,0.0,3.0,1050.0,2.0,0.68000007
b237XIVbsu,DE,39.0,Men,100.0,75.0,0.0,5.0,9128.0,235.0,1.34
Q2soKnQnCF,GB,55.0,Women,100.0,25.0,0.0,4.0,3213.0,1.0,0.68
f7RhuI3mjN,US,65.0,Women,50.0,0.0,0.0,2.0,1916.0,1.0,0.35
FnbZY4C1Oj,DE,39.0,Men,100.0,100.0,0.0,35.0,67708.0,164.0,2.19
QVtXOudxYj,US,60.0,Men,50.0,0.0,0.0,17.0,17681.0,1.0,1.2500001
gJBjx2ZRiH,DE,47.0,Men,100.0,100.0,25.0,19.0,40355.0,235.0,2.54
7Q0wu7KQuM,DE,28.0,Men,100.0,50.0,0.0,18.0,18587.0,1.0,1.24
3QBEmNPl2c,DE,39.0,Men,100.0,100.0,25.0,202.0,155340.0,139.0,6.0399985
On8VkrzFbL,DE,48.0,Men,100.0,100.0,0.0,11.0,43120.0,116.0,34.089996
ob6a1UvyZR,GB,32.0,Men,100.0,100.0,25.0,55.0,115287.0,1.0,6.6799994
OtpNOinOXd,DE,40.0,Women,100.0,50.0,0.0,3.0,4558.0,1.0,5.17
umqZkQ9PFd,DE,39.0,Women,100.0,100.0,25.0,88.0,129683.0,483.0,4.3399987
AfiAjMOwJf,US,25.0,Men,100.0,50.0,0.0,6.0,4437.0,1.0,2.1
aibyOAx1aO,US,39.0,Women,100.0,50.0,0.0,6.0,6678.0,18.0,1.2
BwjVw9g9k8,DE,42.0,Men,100.0,100.0,12.5,66.0,60671.0,14.0,24.590014
MHMgP4Hca4,US,43.0,Men,100.0,75.0,0.0,16.0,5832.0,1.0,1.45
zbyodqOwMh,US,39.0,Men,100.0,25.0,0.0,1.0,74.0,1.0,0.6
cF8EJK9BoO,DE,59.0,Women,100.0,50.0,0.0,2.0,2957.0,2.0,21.07
jLE8ZhUY6Y,US,46.0,Women,100.0,100.0,0.0,14.0,18661.0,191.0,35.5
t3X9NZqbEQ,GB,32.0,Men,100.0,100.0,12.5,41.0,77336.0,62.0,3.1299994
ajB79YaNVV,DE,18.0,Men,100.0,100.0,12.5,61.0,56970.0,1.0,3.3460002
cuWCL7qTbv,GB,50.0,Men,100.0,25.0,0.0,39.0,41132.0,19.0,4.732
sU8k9oL0v9,US,50.0,Men,100.0,0.0,0.0,3.0,2564.0,1.0,4.5499997
eidKtjDMTP,DE,39.0,Women,100.0,100.0,0.0,4.0,4211.0,1.0,1.44
PBk40IlEgW,US,50.0,Men,50.0,0.0,0.0,7.0,2133.0,1.0,4.61
iooGoQZ9zr,DE,44.0,Men,100.0,100.0,25.0,60.0,51750.0,1.0,3.3399992
n8hPnoxGMu,GB,47.0,Women,100.0,75.0,0.0,10.0,9250.0,64.0,1.8000001
o8JJ4oZ9YO,GB,39.0,Women,100.0,75.0,0.0,26.0,34436.0,17.0,21.43
6eczCVERMN,DE,29.0,Women,100.0,75.0,0.0,31.0,17057.0,18.0,21.34
3ZVeebtCV6,GB,43.0,Men,100.0,50.0,0.0,9.0,5436.0,1.0,0.78000003
SBgodZ8iCi,GB,39.0,Women,100.0,50.0,0.0,1.0,9063.0,1.0,0.78000003
912JL1jmRp,GB,39.0,Women,100.0,25.0,0.0,5.0,15914.0,1.0,0.90000004
28CMiljjFs,DE,39.0,Men,100.0,50.0,0.0,4.0,2042.0,9.0,1.0699999
rIKKpUVdlx,US,45.0,Men,100.0,100.0,25.0,69.0,106906.0,433.0,27.450003
QxaDYpfBgH,US,24.0,Women,50.0,0.0,0.0,1.0,191.0,1.0,0.25
QS2NjD6APK,US,36.0,Women,100.0,25.0,0.0,1.0,96.0,1.0,0.7
eXL0kfijKE,DE,39.0,Women,100.0,100.0,0.0,32.0,49311.0,102.0,3.0899994
2Jl8AMebYL,DE,39.0,Men,100.0,50.0,0.0,2.0,4761.0,1.0,1.07
zLKbQV33dN,GB,39.0,Men,100.0,100.0,62.5,187.0,333186.0,135.0,38.92999
SXNwnKiIYB,GB,39.0,Men,100.0,50.0,0.0,8.0,9618.0,1.0,0.98
AhvL4bVv68,DE,40.0,Men,100.0,100.0,0.0,28.0,23491.0,13.0,25.240005
cx9ISgMFId,DE,39.0,Women,100.0,50.0,0.0,3.0,5374.0,3.0,1.07
BF4H9b9YNa,DE,40.0,Women,100.0,75.0,0.0,8.0,16710.0,35.0,1.89
pZUL8Y4wUg,US,39.0,Men,100.0,50.0,0.0,6.0,9761.0,21.0,5.94
mukWD0zW5n,DE,39.0,Women,50.0,0.0,0.0,2.0,1925.0,1.0,0.70000005
EoIOIEtYRD,US,30.0,Men,100.0,50.0,0.0,3.0,26227.0,1.0,1.2
ii0jdDYKLk,GB,37.0,Women,100.0,75.0,0.0,5.0,4877.0,3.0,17.83
nsuEtkhI1E,GB,39.0,Women,100.0,0.0,0.0,1.0,862.0,1.0,0.32999998
DYXMsDRMJE,US,42.0,Men,100.0,100.0,12.5,83.0,55423.0,79.0,9.400001
sAH97bkHTZ,DE,53.0,Men,100.0,75.0,0.0,17.0,30675.0,17.0,1.84
Xre0KIesPq,US,35.0,Women,100.0,0.0,0.0,4.0,1968.0,1.0,0.55
4bXYdiGPhM,DE,39.0,Women,50.0,0.0,0.0,5.0,4437.0,1.0,0.35
R12v99jzKt,US,27.0,Women,100.0,25.0,0.0,3.0,2946.0,1.0,0.8
k47O0F1ZEp,US,99.0,Men,100.0,25.0,0.0,8.0,9786.0,1.0,0.90000004
dqVGcH9IkU,JP,24.0,Women,100.0,100.0,12.5,87.0,105031.0,174.0,4.7
lGFjjaZswx,GB,27.0,Men,100.0,50.0,0.0,1.0,1339.0,1.0,0.78
FZJYW2ZrZw,US,32.0,Men,100.0,100.0,12.5,156.0,51889.0,60.0,5.3999996
nJFKN9zcWR,GB,62.0,Women,100.0,100.0,37.5,231.0,163679.0,438.0,5.0299993
KKrB7uRaaW,US,35.0,Women,50.0,0.0,0.0,3.0,465.0,1.0,0.21
E0UsKyRBkt,US,26.0,Men,100.0,25.0,0.0,9.0,2797.0,1.0,0.8
YKWd08J91u,GB,23.0,Men,100.0,50.0,0.0,6.0,8229.0,1.0,0.78
IML4PaJ8dF,GB,40.0,Women,100.0,75.0,0.0,12.0,24478.0,17.0,1.3300002
lgbZFrINcg,US,64.0,Men,50.0,0.0,0.0,1.0,6668.0,1.0,0.35000002
X5AHnH7Rhl,US,45.0,Men,100.0,25.0,0.0,2.0,1199.0,1.0,0.70000005
YDebwAlvO6,US,34.0,Women,100.0,75.0,0.0,24.0,49065.0,141.0,3.5499997
UyjhLJhjXq,GB,37.0,Women,100.0,100.0,37.5,79.0,132738.0,497.0,22.330006
vuRarfO8Oy,DE,22.0,Women,100.0,100.0,0.0,33.0,45889.0,66.0,22.690006
i8l1uMMRC6,DE,39.0,Women,100.0,0.0,0.0,3.0,2147.0,1.0,0.8000001
lhhwBGf58z,US,43.0,Men,100.0,50.0,0.0,2.0,4214.0,1.0,2.1000001
KFfuSPMWgY,US,30.0,Women,100.0,50.0,0.0,6.0,4322.0,1.0,5.2
pJK7bL61vf,GB,39.0,Men,100.0,100.0,0.0,8.0,3411.0,1.0,1.4300001
yy5cWWSMqW,DE,35.0,Women,100.0,100.0,12.5,19.0,26026.0,4.0,6.4400005
yFCHVUeKGO,GB,60.0,Women,100.0,100.0,37.5,6.0,11147.0,136.0,3.43
fqNSBKA3KV,GB,53.0,Men,100.0,100.0,0.0,24.0,72304.0,8.0,1.6300001
IExMUX1oaH,DE,49.0,Men,100.0,100.0,12.5,66.0,109165.0,134.0,4.239999
y8BH1dVtyK,US,22.0,Men,100.0,25.0,0.0,9.0,9370.0,14.0,1.0
GTDFyTNUtw,DE,43.0,Women,100.0,100.0,0.0,3.0,3058.0,119.0,1.79
oLPsU1rZkt,JP,39.0,Women,100.0,50.0,0.0,7.0,15280.0,30.0,2.2
aZoEyg9VVI,DE,49.0,Women,100.0,50.0,0.0,4.0,13793.0,1.0,1.07
nYgQL8sN4y,DE,51.0,Women,100.0,100.0,37.5,112.0,146480.0,326.0,4.5999994
IH7mjUXdZY,DE,42.0,Men,100.0,100.0,37.5,89.0,136016.0,246.0,7.0999975
CvaUOTcPEz,DE,37.0,Men,100.0,100.0,25.0,110.0,143037.0,12.0,24.140007
yLUbquFIzY,DE,36.0,Women,100.0,50.0,0.0,4.0,10342.0,6.0,1.2700001
VH39CToxXF,GB,43.0,Men,100.0,50.0,0.0,8.0,12419.0,1.0,1.08
Pjd4sOy6wT,DE,39.0,Men,100.0,100.0,0.0,43.0,47057.0,83.0,2.7899997
d69ia0L9YC,US,39.0,Men,100.0,25.0,0.0,9.0,14919.0,1.0,0.8000001
rfxt94SNPx,US,39.0,Women,100.0,25.0,0.0,1.0,4337.0,1.0,0.8000001
fanFldmUdI,GB,39.0,Men,100.0,50.0,0.0,7.0,5583.0,1.0,0.8800001
aViO74v6eM,DE,41.0,Women,100.0,100.0,25.0,28.0,78851.0,1.0,2.9399996
oMI9PzMJUd,DE,44.0,Women,100.0,75.0,0.0,20.0,35765.0,49.0,2.2899997
XuNVXxl1UB,DE,20.0,Men,100.0,75.0,0.0,12.0,15009.0,1.0,1.34
fKedxW3mOq,DE,39.0,Men,50.0,0.0,0.0,1.0,803.0,2.0,0.6
BGMMIfByHL,GB,46.0,Men,100.0,50.0,0.0,21.0,5985.0,1.0,0.93
NmRR0bKtTk,DE,39.0,Men,100.0,25.0,0.0,3.0,911.0,2.0,0.82000005
z4FCDw32fq,DE,32.0,Men,100.0,100.0,0.0,45.0,48852.0,9.0,7.4399986
x21vJHJj1p,US,36.0,Men,100.0,100.0,62.5,286.0,468831.0,411.0,44.749996
5ht4iW2xa2,US,52.0,Men,100.0,50.0,0.0,10.0,12919.0,35.0,2.4
QY0ORjy1za,DE,24.0,Women,100.0,100.0,25.0,80.0,40456.0,11.0,2.5899997
ZTuRoVZu2z,US,39.0,Men,100.0,25.0,0.0,3.0,7934.0,1.0,0.90000004
00yxittskM,US,28.0,Women,100.0,75.0,0.0,4.0,6862.0,15.0,6.65
XYfMaweeH5,JP,89.0,Women,100.0,100.0,0.0,49.0,88421.0,104.0,6.6399984
3pwIl7m76Y,DE,38.0,Women,100.0,50.0,0.0,1.0,5934.0,1.0,1.07
8WUZoTkzXM,DE,39.0,Women,100.0,100.0,12.5,55.0,64144.0,196.0,4.8399987
gzZoGGWrvu,JP,46.0,Women,100.0,100.0,0.0,60.0,57866.0,192.0,3.7799995
XXxzhNBAUP,US,39.0,Women,100.0,25.0,0.0,4.0,9120.0,4.0,1.0000001
YYm68EeiZh,GB,44.0,Men,100.0,75.0,0.0,8.0,17856.0,13.0,1.33
IdTtkAFv9v,DE,40.0,Women,100.0,25.0,0.0,54.0,48648.0,30.0,7.069998
xwMDoW2qco,GB,39.0,Men,100.0,50.0,0.0,3.0,6063.0,1.0,0.7800001
77b84y6HOC,GB,55.0,Men,100.0,100.0,0.0,24.0,42781.0,110.0,2.4299998
QxW2DWKAOC,GB,39.0,Women,100.0,25.0,0.0,2.0,3531.0,1.0,0.58000004
fhq2Wzcbqh,JP,39.0,Women,100.0,50.0,0.0,6.0,20313.0,28.0,1.24
rZ5wmTxqjs,DE,41.0,Men,100.0,100.0,12.5,130.0,311678.0,9.0,3.9999993
g8gnOFm7pm,US,39.0,Women,100.0,25.0,0.0,2.0,1751.0,1.0,0.8000001
XWiNy3uPAs,GB,25.0,Women,100.0,25.0,0.0,3.0,2050.0,1.0,0.48
jSOscC7DyU,DE,40.0,Women,100.0,100.0,0.0,24.0,43244.0,13.0,22.740002
3MgPW33jtv,US,30.0,Men,100.0,25.0,0.0,2.0,1316.0,1.0,0.7
PQp6MERmCm,DE,40.0,Women,100.0,100.0,0.0,33.0,35006.0,28.0,2.29
KBOWnsoJCN,DE,42.0,Men,100.0,25.0,0.0,3.0,1569.0,3.0,0.9200001
FHtBJPMRZL,US,33.0,Men,100.0,100.0,12.5,66.0,114063.0,140.0,10.100002
U41PY5ElKt,DE,38.0,Women,100.0,50.0,0.0,2.0,1461.0,1.0,1.07
8M0AncvuRP,DE,31.0,Women,100.0,100.0,12.5,48.0,68566.0,1.0,3.3399992
KDjmsv6BNd,US,26.0,Men,100.0,75.0,0.0,18.0,32857.0,51.0,26.250002
aj7XKI7Y6x,US,63.0,Men,100.0,100.0,0.0,45.0,58747.0,1.0,7.4
uSKV5p0o6I,GB,33.0,Women,100.0,25.0,0.0,2.0,2761.0,1.0,0.58
doUi8c4EZ4,DE,46.0,Women,100.0,75.0,0.0,11.0,27768.0,1.0,6.0899997
Zbh1luTB8j,US,22.0,Women,100.0,25.0,0.0,11.0,18344.0,1.0,1.2
u2qlvy519b,US,54.0,Women,100.0,75.0,0.0,34.0,72859.0,60.0,10.910002
IwVtVX9OHS,DE,43.0,Men,100.0,100.0,0.0,28.0,50121.0,64.0,6.2899995
o5j3Hml3ep,US,35.0,Men,100.0,50.0,0.0,10.0,5881.0,1.0,6.2999997
Qgki6j4rb2,DE,39.0,Women,100.0,100.0,0.0,10.0,14617.0,37.0,5.8899994
rSpgSlVN5X,GB,44.0,Men,100.0,100.0,25.0,64.0,79415.0,59.0,5.179998
bRJel6N5Au,US,38.0,Men,100.0,25.0,0.0,15.0,11884.0,31.0,1.1
3PHAj56kNh,GB,39.0,Men,100.0,100.0,0.0,11.0,21451.0,38.0,9.03
lMdCYMatSW,DE,42.0,Men,100.0,50.0,0.0,7.0,13959.0,1.0,1.1700001
Vni4lxbKnh,DE,40.0,Women,100.0,100.0,12.5,40.0,68085.0,24.0,3.739999
3bSHE0fzKy,GB,40.0,Men,50.0,0.0,0.0,1.0,509.0,1.0,0.2
D65aRtrjJd,GB,26.0,Men,100.0,100.0,0.0,36.0,36930.0,41.0,22.23
n6xWnq3Cu5,US,39.0,Women,100.0,25.0,0.0,20.0,32173.0,1.0,5.8199997
FkJTXUjLUg,GB,50.0,Men,100.0,100.0,50.0,136.0,75348.0,302.0,6.9299984
rvnQGVUS0S,DE,39.0,Women,100.0,50.0,0.0,3.0,4888.0,6.0,1.1700001
QLqBPA9xLE,US,41.0,Women,100.0,75.0,0.0,14.0,56356.0,9.0,7.249999
esHxMl8sNo,GB,43.0,Women,100.0,50.0,0.0,8.0,5107.0,17.0,0.78000003
ELxFqY35OO,DE,46.0,Women,100.0,50.0,0.0,3.0,2244.0,32.0,1.32
bBmhJcdZuc,US,54.0,Men,100.0,75.0,0.0,18.0,34118.0,33.0,2.15
Zb9oW3sxAU,US,44.0,Men,100.0,75.0,0.0,24.0,21508.0,1.0,2.9499996
KKasUMiDCu,US,55.0,Men,50.0,0.0,0.0,4.0,2019.0,5.0,0.45
DE6Sw9HshX,US,57.0,Men,100.0,50.0,0.0,17.0,117595.0,8.0,12.099999
44SREV0Y0M,US,45.0,Men,100.0,50.0,0.0,5.0,7295.0,4.0,1.2
qfmTePAIXp,US,32.0,Men,100.0,25.0,0.0,3.0,614.0,1.0,0.7
UqBJuFO9By,US,42.0,Men,50.0,0.0,0.0,1.0,974.0,1.0,0.25
4sXPLzbuTf,DE,45.0,Women,100.0,100.0,0.0,47.0,60686.0,9.0,6.49
3vVJ5jzAON,GB,39.0,Men,100.0,75.0,0.0,14.0,21095.0,118.0,1.8300002
N4joCpbBi7,GB,34.0,Women,100.0,100.0,37.5,72.0,172843.0,103.0,6.8799996
QeJOiRzw7s,GB,26.0,Men,100.0,75.0,0.0,19.0,6972.0,1.0,1.13
6KicOfunJj,US,36.0,Women,100.0,75.0,0.0,23.0,35563.0,76.0,3.1499996
7lRtQOuDpP,GB,31.0,Men,50.0,0.0,0.0,3.0,1463.0,11.0,0.32999998
HZEt1ScvjL,US,23.0,Men,100.0,50.0,0.0,11.0,20088.0,1.0,1.3000001
bRrq0sC4pQ,DE,44.0,Women,100.0,75.0,0.0,11.0,20899.0,1.0,1.44
KtpsHvAMxo,DE,39.0,Women,100.0,75.0,0.0,16.0,25323.0,82.0,1.8900001
vjy1fVaBW8,GB,39.0,Men,100.0,50.0,0.0,14.0,7824.0,12.0,0.78000003
kvovrachAc,DE,43.0,Men,100.0,100.0,0.0,19.0,89179.0,1.0,2.19
zwAHjN3vel,US,46.0,Women,100.0,25.0,0.0,1.0,2239.0,1.0,0.8
Xid3sMvGfi,JP,46.0,Women,100.0,100.0,0.0,9.0,13406.0,126.0,3.1699998
6NCsLa3waw,DE,41.0,Women,100.0,100.0,0.0,20.0,42155.0,173.0,2.2900002
Hx7dBMvDFz,US,38.0,Women,100.0,0.0,0.0,4.0,2716.0,1.0,0.55
IXQzdrsgPt,GB,39.0,Men,100.0,100.0,0.0,14.0,18123.0,26.0,4.5299993
3qaKiOxoWf,GB,40.0,Women,100.0,0.0,0.0,1.0,1466.0,2.0,0.48
N9riS0UGih,US,29.0,Men,100.0,100.0,37.5,122.0,194167.0,510.0,31.150011
OXMatQVPMB,US,44.0,Women,100.0,100.0,37.5,125.0,791179.0,566.0,10.649998
vLPDbzA4kz,GB,39.0,Men,100.0,25.0,0.0,1.0,3011.0,1.0,0.58000004
T7LkewqtRC,US,39.0,Women,100.0,50.0,0.0,17.0,27865.0,18.0,2.3
Y4MALYxTLd,US,23.0,Men,50.0,0.0,0.0,2.0,856.0,1.0,0.25
NPRoCXzsP9,DE,39.0,Men,100.0,50.0,0.0,3.0,5095.0,1.0,1.07
UfHIEEyE5a,JP,39.0,Women,100.0,100.0,0.0,85.0,85031.0,221.0,4.1399994
psSSxlnwD4,DE,39.0,Women,100.0,100.0,12.5,34.0,61097.0,17.0,22.090004
0CcpX3j8y8,GB,45.0,Women,100.0,100.0,0.0,89.0,63730.0,108.0,2.3300002
osGo7XN0tb,DE,39.0,Women,100.0,100.0,0.0,52.0,1199656.0,3.0,7.189998
pRT8iRob7S,DE,39.0,Men,100.0,25.0,0.0,5.0,1917.0,1.0,0.82000005
xcYgsVxAu4,DE,39.0,Women,100.0,100.0,0.0,21.0,55188.0,5.0,2.0400002
tg2anAQxcC,GB,48.0,Men,100.0,100.0,75.0,167.0,281533.0,1.0,56.629963
oEdSNb2mc6,DE,52.0,Men,100.0,100.0,0.0,11.0,17242.0,15.0,1.5400001
HzPmlWfe8S,DE,39.0,Men,100.0,50.0,0.0,9.0,26744.0,14.0,1.1700001
gCyAE7y7BD,GB,39.0,Women,100.0,100.0,25.0,78.0,150647.0,34.0,9.491999
kY3fXlEW9C,GB,39.0,Women,100.0,50.0,0.0,6.0,4377.0,4.0,0.7800001
yjCkZFVSLm,JP,18.0,Women,100.0,75.0,0.0,20.0,9401.0,39.0,2.72
lspwmllZGb,GB,36.0,Men,100.0,100.0,0.0,37.0,44768.0,7.0,2.5299997
FkQQVP0SQb,DE,49.0,Men,100.0,100.0,0.0,10.0,16038.0,19.0,11.990002
qNP7O5hhOm,US,39.0,Men,100.0,100.0,12.5,67.0,126671.0,1.0,4.5
bHQRBDjSgQ,GB,39.0,Women,100.0,75.0,0.0,7.0,8783.0,8.0,1.6300001
QmyM474Cmp,US,37.0,Women,100.0,75.0,0.0,70.0,81493.0,11.0,12.750003
CgKUlspeqP,US,39.0,Men,100.0,25.0,0.0,5.0,8009.0,8.0,1.8
2YEsGtjcLP,DE,39.0,Women,50.0,0.0,0.0,1.0,15.0,1.0,0.22
eJyeFwVck8,DE,39.0,Women,100.0,0.0,0.0,2.0,357.0,9.0,0.70000005
9xRpLu8zWr,US,39.0,Men,100.0,25.0,0.0,3.0,3313.0,1.0,0.8
hls7KYIrpL,US,39.0,Women,100.0,25.0,0.0,1.0,585.0,1.0,0.6
NJ1zVk5ULH,DE,25.0,Women,100.0,100.0,12.5,38.0,32597.0,1.0,6.3399997
lyeGSO07Bw,DE,32.0,Women,100.0,100.0,25.0,75.0,60246.0,203.0,3.6399994
y0TzfTCJet,US,40.0,Women,100.0,100.0,0.0,12.0,14635.0,60.0,23.400002
vhDEJDSsJ9,US,39.0,Men,100.0,25.0,0.0,1.0,2172.0,1.0,0.8
1AiLFIOJZB,US,45.0,Men,100.0,25.0,0.0,1.0,3103.0,1.0,0.8000001
9WNX5aaMPR,GB,28.0,Men,100.0,100.0,37.5,81.0,175364.0,539.0,26.830002
ZDKceZiH6h,US,51.0,Women,100.0,100.0,25.0,52.0,125818.0,309.0,17.750004
NTvlsdErEO,DE,18.0,Women,100.0,50.0,0.0,11.0,4408.0,1.0,1.1700001
0TR8m8lwdy,US,39.0,Women,100.0,50.0,0.0,8.0,5399.0,1.0,1.1
29qmaywAAi,GB,24.0,Women,100.0,100.0,0.0,33.0,60858.0,16.0,2.7299995
6nfNxI0jfi,GB,34.0,Men,100.0,100.0,25.0,104.0,182990.0,158.0,4.6799994
4IcMJdQbcB,DE,40.0,Men,100.0,75.0,0.0,7.0,7151.0,5.0,1.24
KJOKSjZ8yv,DE,46.0,Men,100.0,100.0,12.5,89.0,58437.0,8.0,2.9399996
OSPhNXPNyL,US,38.0,Women,100.0,50.0,0.0,8.0,8584.0,1.0,5.1
7YqqCmxsOz,US,39.0,Men,100.0,25.0,0.0,8.0,10957.0,1.0,0.99999994
UqjRQKJvu3,GB,34.0,Women,100.0,75.0,0.0,18.0,20976.0,4.0,32.129997
wxSRrwd0fm,US,50.0,Men,100.0,50.0,0.0,8.0,7410.0,46.0,2.1
3lrWeVPuJf,JP,18.0,Men,100.0,100.0,0.0,44.0,41927.0,6.0,9.87
kg1Z9B5fqh,GB,23.0,Men,100.0,75.0,0.0,4.0,7807.0,4.0,1.03
VCXr773xrb,DE,39.0,Women,100.0,75.0,0.0,8.0,9327.0,3.0,1.44
rX9DAi5D5I,US,39.0,Men,100.0,100.0,12.5,57.0,70732.0,45.0,4.899999
0vEivjYyA5,GB,39.0,Men,50.0,0.0,0.0,3.0,1466.0,1.0,0.3
49QYC3asyn,US,33.0,Men,100.0,0.0,0.0,2.0,802.0,2.0,0.45
wn4B4486kp,US,46.0,Women,100.0,50.0,0.0,32.0,67410.0,1.0,2.6999996
qDmKFlZE5m,DE,51.0,Women,100.0,100.0,12.5,38.0,34034.0,88.0,2.14
5G6Rm1AScw,US,29.0,Men,100.0,100.0,0.0,36.0,70880.0,1.0,7.999999
755yh3oF1y,US,72.0,Men,100.0,75.0,0.0,23.0,22310.0,151.0,22.950003
sVKhhrywSZ,DE,36.0,Men,100.0,25.0,0.0,5.0,17918.0,1.0,1.12
uXuQK0sMXJ,DE,61.0,Women,100.0,100.0,25.0,65.0,93340.0,218.0,14.340004
wg7GvQm00h,DE,35.0,Women,100.0,75.0,0.0,6.0,13549.0,1.0,1.5400001
H9BTEN1rO1,US,44.0,Women,50.0,0.0,0.0,1.0,1093.0,1.0,0.25
Zg4tWs1Nqp,GB,50.0,Women,100.0,50.0,0.0,16.0,40150.0,36.0,2.45
I5VNxZEIPu,DE,39.0,Men,100.0,25.0,0.0,4.0,2836.0,7.0,0.91999996
VUcwsCdgfI,US,46.0,Men,100.0,100.0,25.0,76.0,233567.0,37.0,28.350002
gqUCesOkrc,GB,36.0,Women,100.0,100.0,37.5,112.0,194599.0,235.0,6.1299987
Xfzxx3xMFk,US,24.0,Men,50.0,0.0,0.0,2.0,69.0,12.0,0.3
nZhP2mQ6dp,DE,33.0,Women,100.0,50.0,0.0,5.0,13042.0,34.0,1.5200001
DJsiz6AvXS,US,55.0,Women,100.0,75.0,0.0,8.0,18107.0,1.0,1.7500001
eNWYd8rTYA,GB,43.0,Men,100.0,75.0,0.0,16.0,31016.0,1.0,1.4300001
IMxh7qgzoN,DE,42.0,Women,100.0,100.0,25.0,39.0,93684.0,308.0,3.8399994
At24u84yz8,GB,38.0,Women,100.0,75.0,0.0,4.0,5643.0,1.0,3.83
n8vmj6dJay,GB,25.0,Men,100.0,100.0,0.0,8.0,7543.0,1.0,1.33
MuCHTcIjMA,GB,41.0,Women,100.0,100.0,12.5,57.0,61050.0,12.0,22.230001
KwyiOEi5bx,DE,32.0,Men,100.0,100.0,0.0,19.0,34865.0,1.0,1.94
WFQE6XTLbe,DE,23.0,Men,100.0,100.0,12.5,30.0,82256.0,82.0,6.54
ModJQBjKEO,GB,53.0,Men,100.0,100.0,25.0,36.0,51870.0,54.0,71.079994
aH82D8iIAg,DE,60.0,Men,100.0,100.0,75.0,353.0,806455.0,1065.0,11.050002
bweABjO4YX,GB,44.0,Women,100.0,75.0,0.0,7.0,18304.0,6.0,1.13
P4apt8WGAm,JP,31.0,Men,100.0,100.0,12.5,33.0,64687.0,167.0,4.539999
u4FquKZ4KI,DE,58.0,Men,100.0,50.0,0.0,7.0,6312.0,1.0,5.27
zWaesdfH1V,GB,44.0,Men,100.0,100.0,37.5,73.0,175771.0,174.0,4.83
icwes43zRW,GB,46.0,Women,100.0,100.0,50.0,80.0,218084.0,360.0,7.929998
8oH5FUgtgM,GB,49.0,Women,100.0,25.0,0.0,1.0,1107.0,6.0,0.48
eSOJz8rZuL,GB,36.0,Men,100.0,100.0,12.5,14.0,52924.0,67.0,2.73
BVXhs0IDid,DE,39.0,Men,100.0,25.0,0.0,9.0,6872.0,5.0,0.57000005
DXIoGoKBlJ,US,36.0,Women,100.0,75.0,0.0,56.0,118066.0,1.0,3.2499995
7xNzpkw2cp,DE,64.0,Men,100.0,100.0,37.5,64.0,69555.0,43.0,24.600004
1C6UGCv0xs,US,55.0,Women,100.0,50.0,0.0,13.0,18601.0,31.0,21.6
nbSgrA3jj9,DE,55.0,Men,100.0,75.0,0.0,16.0,113065.0,82.0,1.7900001
JfOYgF6LJv,DE,39.0,Women,100.0,75.0,0.0,3.0,192.0,3.0,1.14
h2Esippe3E,US,58.0,Men,50.0,0.0,0.0,1.0,748.0,1.0,0.25
dezpZ8GZAY,US,39.0,Men,50.0,0.0,0.0,1.0,394.0,1.0,0.25
wlA51QVlsb,DE,53.0,Women,100.0,75.0,0.0,6.0,12140.0,1.0,1.24
D9SiV3sBu2,GB,45.0,Men,100.0,75.0,0.0,1.0,3666.0,1.0,3.73
cA89X4wfrP,DE,55.0,Men,100.0,100.0,25.0,23.0,16235.0,9.0,2.3
9KmuWlQbKX,GB,47.0,Women,100.0,50.0,0.0,8.0,16369.0,12.0,1.08
N09hEAOaJ2,US,34.0,Men,100.0,100.0,62.5,256.0,545380.0,239.0,35.350014
9RxtPkDf2l,DE,53.0,Men,100.0,100.0,12.5,27.0,60936.0,139.0,2.4899998
3XeNnGDvsG,US,43.0,Men,100.0,0.0,0.0,2.0,2416.0,1.0,0.45
9QtF0K6R4X,US,34.0,Men,100.0,25.0,0.0,10.0,5087.0,2.0,0.9
YafZXBTTzP,GB,40.0,Men,100.0,100.0,12.5,17.0,37045.0,1.0,4.9299994
efnGqip2dI,DE,48.0,Women,100.0,100.0,0.0,51.0,64419.0,135.0,22.290003
HVpkKdWIwg,DE,32.0,Women,100.0,100.0,37.5,132.0,102009.0,235.0,3.8999996
qBMXR2YCU8,US,63.0,Men,100.0,0.0,0.0,5.0,4630.0,1.0,0.55
BBrH0BgV9C,DE,39.0,Women,100.0,100.0,37.5,18.0,18332.0,129.0,22.900002
gBwiQFCae6,GB,38.0,Women,100.0,75.0,0.0,23.0,44798.0,11.0,2.23
8lcExR6lAP,US,23.0,Men,50.0,0.0,0.0,2.0,660.0,1.0,0.25
GFgeOFuO7u,US,35.0,Men,100.0,75.0,0.0,10.0,25646.0,1.0,2.4500003
439w9DL3Mw,US,46.0,Men,100.0,25.0,0.0,5.0,14046.0,1.0,0.8000001
86ZVFNR8Ck,GB,32.0,Women,100.0,75.0,0.0,19.0,14868.0,15.0,1.03
lofZaFzo3h,DE,60.0,Women,100.0,50.0,0.0,9.0,8171.0,1.0,1.1700001
66ZxidkrZd,GB,39.0,Men,100.0,75.0,0.0,12.0,18708.0,37.0,2.13
H8YqHWi8ga,DE,22.0,Women,100.0,100.0,12.5,30.0,53146.0,5.0,6.9899983
USZZhLzD8h,GB,39.0,Women,100.0,50.0,0.0,5.0,5986.0,1.0,0.98
0CDJGmuXne,US,45.0,Women,100.0,75.0,0.0,5.0,6999.0,3.0,5.75
H6I2r1rsXb,US,51.0,Men,100.0,0.0,0.0,5.0,2476.0,1.0,0.55
kP91jOHiVo,GB,41.0,Men,100.0,25.0,0.0,2.0,2589.0,1.0,0.58
ryM1bvzco3,DE,41.0,Women,100.0,50.0,0.0,1.0,410.0,4.0,23.97
9iPySpWndl,US,39.0,Men,100.0,50.0,0.0,1.0,1301.0,7.0,5.1
SaZT9ULrnw,US,48.0,Women,100.0,100.0,62.5,415.0,361857.0,522.0,25.050013
SkpX4eOPlZ,DE,46.0,Women,100.0,75.0,0.0,16.0,25978.0,66.0,1.6899999
9geMDIQKdB,US,43.0,Men,100.0,0.0,0.0,10.0,5325.0,13.0,0.65000004
vH4uXQ539b,US,57.0,Men,100.0,25.0,0.0,7.0,16502.0,10.0,0.9
QiKGlZRoyg,DE,26.0,Women,100.0,100.0,50.0,155.0,222055.0,595.0,5.409999
cvW79UGEB0,US,39.0,Women,100.0,50.0,0.0,3.0,1995.0,1.0,1.0999999
0R1zUNhBlZ,DE,39.0,Men,100.0,0.0,0.0,1.0,1136.0,7.0,0.70000005
qoLByDRY84,GB,60.0,Men,100.0,75.0,0.0,9.0,23919.0,14.0,4.0299997
CoYKD3YvJg,US,25.0,Men,100.0,50.0,0.0,5.0,9513.0,1.0,5.2
yj0K42M8aE,GB,61.0,Men,100.0,25.0,0.0,2.0,1550.0,8.0,0.58000004
YCh6zR0DFd,GB,61.0,Women,100.0,100.0,25.0,113.0,54594.0,102.0,4.0799994
g1orSInkyU,US,39.0,Men,100.0,50.0,0.0,7.0,25025.0,1.0,5.7999997
TCBp3XpmKU,US,39.0,Men,100.0,0.0,0.0,3.0,1540.0,1.0,0.45000002
LbPvtmOgud,DE,38.0,Women,100.0,100.0,50.0,274.0,253385.0,342.0,7.7099977
mqkVbdyMiL,US,26.0,Men,100.0,25.0,0.0,15.0,8114.0,1.0,0.8000001
6kif8XjXMP,US,34.0,Women,100.0,25.0,0.0,4.0,4643.0,1.0,0.79999995
Q4yatIeUmQ,DE,36.0,Women,100.0,100.0,0.0,50.0,30947.0,24.0,6.49
CpJOcClkAW,US,39.0,Women,100.0,50.0,0.0,11.0,10874.0,1.0,1.8
g84h7393V1,GB,51.0,Men,100.0,50.0,0.0,6.0,6116.0,1.0,0.88
TxBOWWQYH8,US,52.0,Men,100.0,0.0,0.0,2.0,1891.0,1.0,0.49
AW8MzBUYQ6,US,39.0,Women,100.0,75.0,0.0,6.0,27658.0,1.0,6.9499993
J895cPdtLA,US,32.0,Women,100.0,75.0,0.0,37.0,103560.0,30.0,3.3499994
v7hR984sJP,US,39.0,Women,100.0,0.0,0.0,2.0,3254.0,1.0,0.55
1DPkDDj8G0,JP,39.0,Women,100.0,75.0,0.0,41.0,72256.0,33.0,2.2599998
QtJ4fQWX7J,US,39.0,Women,100.0,100.0,12.5,33.0,83197.0,116.0,6.0999985
5UgnXFWFWw,US,64.0,Men,100.0,100.0,0.0,48.0,104134.0,1.0,7.679999
Y1wDy3aQOl,US,48.0,Men,100.0,100.0,12.5,99.0,119332.0,140.0,25.699999
SC3JGZIlkZ,DE,39.0,Women,100.0,75.0,0.0,78.0,164775.0,75.0,2.4899998
1Ea1vTn6c9,DE,39.0,Women,100.0,0.0,0.0,25.0,14075.0,38.0,1.3
1IoQdWkL59,DE,39.0,Men,100.0,75.0,0.0,10.0,11113.0,3.0,1.34
9wgPg3y3Mk,DE,34.0,Women,100.0,100.0,0.0,26.0,38572.0,116.0,2.5899997
rPPzdCtQsW,US,50.0,Women,100.0,75.0,0.0,12.0,29595.0,38.0,7.049999
FEkLyaAVht,DE,58.0,Men,100.0,100.0,0.0,24.0,46202.0,104.0,2.5899994
wIjwytB8wP,US,39.0,Men,100.0,25.0,0.0,5.0,3816.0,1.0,4.7999997
TArsdZfvBu,DE,54.0,Men,100.0,100.0,12.5,33.0,77385.0,31.0,3.0400002
DQjEEGLx88,US,37.0,Men,100.0,0.0,0.0,3.0,941.0,6.0,0.45000002
zJKl3pscVo,GB,44.0,Women,100.0,100.0,62.5,162.0,317723.0,404.0,13.130002
wXhi0wyCIY,US,63.0,Men,100.0,0.0,0.0,2.0,976.0,1.0,0.45000002
ybx4xMWCre,US,53.0,Men,50.0,0.0,0.0,17.0,16809.0,1.0,1.2
pTeHtnBwC6,DE,37.0,Women,100.0,25.0,0.0,28.0,21990.0,1.0,0.84000003
cl49BQXW2i,US,39.0,Men,50.0,0.0,0.0,1.0,569.0,1.0,0.25
MDnfZEwLXq,US,51.0,Men,100.0,25.0,0.0,2.0,556.0,3.0,0.70000005
v20l5B6iVm,DE,39.0,Women,100.0,100.0,75.0,3.0,2388.0,1156.0,10.75
FVhkPEjC3W,GB,39.0,Women,100.0,100.0,0.0,19.0,43171.0,120.0,1.9300002
Tr31qF6b5d,GB,36.0,Men,100.0,50.0,0.0,18.0,17689.0,1.0,0.8800001
HiSfdgf72K,DE,37.0,Women,100.0,100.0,37.5,195.0,50570.0,113.0,4.299999
mRrhq3fU4A,GB,39.0,Men,100.0,0.0,0.0,2.0,2845.0,2.0,0.42999998
Utmfva7sjl,DE,34.0,Women,100.0,75.0,0.0,4.0,12955.0,108.0,1.59
G44KxV26BR,DE,34.0,Men,100.0,100.0,12.5,11.0,13535.0,1.0,6.3399997
Vp0wC1sb7j,DE,18.0,Women,100.0,50.0,0.0,2.0,4717.0,1.0,1.1700001
HKsxX2qIKw,US,45.0,Women,100.0,100.0,50.0,253.0,469436.0,450.0,17.150003
NnWZyJWp7T,DE,48.0,Women,100.0,100.0,87.5,384.0,543560.0,1393.0,20.150013
5gD06grQii,US,39.0,Men,100.0,100.0,50.0,143.0,378407.0,217.0,16.150003
irh78eSKJg,DE,39.0,Women,100.0,100.0,0.0,24.0,31882.0,9.0,2.6399994
VEJWJa8K01,GB,38.0,Men,100.0,100.0,25.0,84.0,88356.0,109.0,4.2799997
ABzuJndpaO,US,38.0,Men,100.0,75.0,0.0,13.0,13298.0,1.0,5.8499994
FBt3krzbXx,GB,39.0,Women,100.0,100.0,50.0,122.0,293862.0,619.0,8.629999
Smag1yTcvr,JP,18.0,Women,100.0,25.0,0.0,92.0,89622.0,749.0,4.0399985
cxp1QCeRIi,GB,39.0,Women,100.0,75.0,0.0,14.0,25800.0,17.0,1.4300001
GRNyjM4q9n,GB,32.0,Men,100.0,100.0,12.5,113.0,84700.0,166.0,6.829999
np7eS3gTsn,US,33.0,Men,100.0,25.0,0.0,6.0,12790.0,1.0,5.6
AY3E1Ay0FU,US,18.0,Women,100.0,25.0,0.0,2.0,3563.0,1.0,0.8000001
MLfptB8xqV,GB,33.0,Women,100.0,100.0,12.5,42.0,40778.0,51.0,17.13
XAeJhUPjtc,GB,39.0,Men,100.0,100.0,0.0,22.0,23427.0,1.0,1.6300001
uUVBf40XwT,US,71.0,Women,100.0,75.0,0.0,98.0,352922.0,1.0,5.1499996
bOgiJPdvKW,DE,39.0,Men,100.0,75.0,0.0,14.0,14130.0,2.0,1.74
HYFLJH636C,US,39.0,Men,100.0,50.0,0.0,21.0,11149.0,3.0,1.3000002
3i8oKH12GX,US,39.0,Men,100.0,0.0,0.0,11.0,2129.0,1.0,0.55
JLszBywLCf,DE,24.0,Women,100.0,100.0,25.0,78.0,510941.0,166.0,7.2399993
cOkywBn1le,DE,39.0,Women,100.0,100.0,12.5,33.0,72985.0,47.0,22.740005
p9DZg8HPPp,GB,42.0,Men,100.0,100.0,37.5,98.0,228105.0,26.0,9.73
LkCAkUfWBg,US,50.0,Men,50.0,0.0,0.0,12.0,122155.0,17.0,1.45
L88ynIoIwk,US,26.0,Men,100.0,50.0,0.0,5.0,6367.0,1.0,5.1
1Q79H7JQDK,GB,39.0,Men,100.0,100.0,12.5,83.0,86646.0,248.0,3.7299998
BigapXCBh4,US,39.0,Women,100.0,25.0,0.0,6.0,7942.0,1.0,1.0
GEFADYHt63,US,39.0,Women,100.0,75.0,0.0,24.0,27685.0,1.0,6.15
8aNMUgpCaw,DE,42.0,Men,100.0,100.0,0.0,27.0,36561.0,139.0,2.7899997
VxvjPzbYDt,DE,39.0,Men,100.0,50.0,0.0,21.0,12531.0,1.0,1.1400001
7ztR22H4Ox,US,62.0,Men,100.0,100.0,25.0,103.0,151052.0,1.0,13.990005
qcCwVwnQTl,US,28.0,Women,100.0,25.0,0.0,1.0,366.0,1.0,0.70000005
RCHQeSAd0L,US,47.0,Men,100.0,25.0,0.0,12.0,10263.0,6.0,4.8
MfymSMyNzH,US,25.0,Men,50.0,0.0,0.0,2.0,233.0,1.0,0.25
0uSrP1BJBJ,DE,39.0,Men,100.0,75.0,0.0,10.0,13510.0,1.0,1.34
IQ3L3lzvLW,US,39.0,Women,100.0,50.0,0.0,8.0,9012.0,1.0,1.1000001
3dz6VNdCI7,DE,57.0,Men,100.0,100.0,0.0,14.0,28002.0,16.0,22.190002
F3wdnC0hiK,GB,39.0,Women,100.0,0.0,0.0,1.0,3675.0,1.0,0.42999998
wX2iDhZQOy,GB,58.0,Women,50.0,0.0,0.0,1.0,17.0,1.0,0.2
37ntOHMKhn,DE,39.0,Women,50.0,0.0,0.0,3.0,1376.0,1.0,0.6
ZDfPrzBuVk,US,35.0,Men,100.0,25.0,0.0,2.0,2311.0,1.0,0.79999995
EeH5R0RSJf,DE,29.0,Men,100.0,75.0,0.0,13.0,27897.0,70.0,2.0900002
g7eugWonPF,DE,42.0,Men,100.0,100.0,12.5,18.0,21215.0,11.0,2.2900002
XeFnM48Yew,DE,25.0,Women,100.0,0.0,0.0,1.0,20.0,1.0,0.70000005
ot8wOxmLmw,DE,57.0,Men,100.0,75.0,0.0,11.0,11801.0,1.0,1.44
UyjdqqoRXT,US,39.0,Women,100.0,75.0,0.0,23.0,50501.0,8.0,2.35
yJZX5gznOa,DE,46.0,Women,100.0,50.0,0.0,62.0,67375.0,103.0,1.5900002
KVd9B38uRG,US,19.0,Women,100.0,50.0,0.0,27.0,38005.0,3.0,2.25
tp6H0drsjB,US,52.0,Women,100.0,50.0,0.0,9.0,9559.0,1.0,1.3000001
MAMzSgih6j,DE,39.0,Women,100.0,100.0,50.0,103.0,374532.0,304.0,5.909998
Jv6413QAju,US,40.0,Men,100.0,100.0,37.5,157.0,337998.0,443.0,67.86998
dxxf8n0Wce,US,50.0,Women,100.0,100.0,37.5,80.0,306153.0,74.0,13.750004
xb8yIO6hdz,GB,30.0,Men,100.0,50.0,0.0,2.0,1830.0,1.0,0.78
HbxgGIqB32,US,18.0,Men,100.0,50.0,0.0,12.0,23116.0,7.0,21.099998
sU5DS3Gk72,US,45.0,Women,100.0,0.0,0.0,9.0,4515.0,1.0,0.55
7MvVmLcBXU,DE,23.0,Women,100.0,75.0,0.0,28.0,47814.0,48.0,22.090002
E8sPii6BOK,GB,41.0,Men,50.0,0.0,0.0,3.0,1759.0,3.0,0.3
sH5UcCJmyp,GB,45.0,Women,100.0,75.0,0.0,4.0,10949.0,17.0,1.2300001
lEc5vdArlV,DE,44.0,Women,100.0,75.0,0.0,9.0,15658.0,37.0,1.69
WRycbKAYDY,GB,40.0,Men,100.0,50.0,0.0,2.0,2830.0,1.0,0.78000003
IWtsnsKYGk,US,21.0,Men,100.0,100.0,0.0,56.0,30340.0,1.0,6.7
sgKcH8db6N,DE,44.0,Men,100.0,100.0,0.0,31.0,50991.0,203.0,2.39
TZ0jx2BTYk,US,39.0,Men,50.0,0.0,0.0,2.0,1532.0,1.0,0.35
EjJQg06Zzv,DE,36.0,Men,100.0,100.0,0.0,12.0,20457.0,22.0,1.7400001
xTyy6ZCC1m,US,34.0,Women,100.0,75.0,0.0,10.0,34448.0,23.0,23.25
3qQR497Tkb,US,36.0,Men,100.0,50.0,0.0,13.0,16683.0,1.0,2.56
iTX2kMuuNf,GB,49.0,Women,100.0,100.0,50.0,144.0,153844.0,18.0,9.230001
gRshtE6WxZ,JP,39.0,Women,100.0,100.0,50.0,101.0,57731.0,234.0,14.900006
jugY0cOj5Z,DE,33.0,Men,100.0,100.0,12.5,51.0,29905.0,1.0,6.29
UmLejVuHH1,US,23.0,Women,100.0,50.0,0.0,14.0,7489.0,1.0,5.2
Cd9Zt8Jvmh,JP,35.0,Men,100.0,50.0,0.0,23.0,22298.0,1.0,1.2
tdeyMggJqk,JP,39.0,Men,100.0,25.0,0.0,1.0,1905.0,7.0,2.67
AipWkrb39c,US,29.0,Women,100.0,75.0,0.0,13.0,31330.0,27.0,2.15
tiMnNtcTjF,DE,19.0,Women,100.0,75.0,0.0,13.0,30834.0,10.0,1.34
UH45PN9QT9,DE,39.0,Women,100.0,100.0,12.5,1.0,1343.0,211.0,11.9400015
ffB2QXm7My,DE,63.0,Men,100.0,100.0,62.5,214.0,339125.0,161.0,28.090008
qkdBJQa6tO,GB,50.0,Men,100.0,100.0,0.0,14.0,48575.0,1.0,2.23
HIOOH2ZCnf,US,39.0,Women,100.0,0.0,0.0,9.0,11818.0,1.0,5.75
sO8Xxkf6Jy,DE,38.0,Men,100.0,75.0,0.0,11.0,30397.0,65.0,11.790001
huqpn6v94W,DE,44.0,Men,100.0,0.0,0.0,181.0,164307.0,165.0,6.2399993
xUTM4kNWFS,GB,39.0,Men,100.0,0.0,0.0,2.0,2199.0,1.0,0.43
ugo43GWRXi,US,44.0,Women,100.0,75.0,0.0,21.0,61450.0,1.0,7.1499996
l7RFkrTy1g,GB,39.0,Men,100.0,50.0,0.0,6.0,8409.0,11.0,0.7800001
uJ0g4RR6t3,US,42.0,Women,100.0,25.0,0.0,1.0,758.0,1.0,4.6
xQaq3xukVU,JP,39.0,Women,100.0,25.0,0.0,4.0,12395.0,1.0,2.8
ohBPAWWOJW,US,60.0,Women,100.0,25.0,0.0,3.0,4556.0,1.0,0.70000005
uGUBe6IcGr,DE,21.0,Women,100.0,0.0,0.0,3.0,2353.0,1.0,4.8
RneNFnkfcI,DE,54.0,Men,100.0,100.0,0.0,49.0,99777.0,497.0,2.0900002
tjjz7hglAk,US,39.0,Men,100.0,25.0,0.0,10.0,13038.0,2.0,1.0
hnK8FORkdY,DE,43.0,Women,100.0,50.0,0.0,1.0,898.0,1.0,0.97
3gEqu1bVya,GB,32.0,Women,100.0,50.0,0.0,8.0,11369.0,1.0,0.98
mgmgazYoso,US,27.0,Women,100.0,50.0,0.0,12.0,12970.0,1.0,5.2000003
ZgjBIPdJXg,DE,41.0,Women,100.0,100.0,12.5,38.0,46704.0,8.0,6.589999
ugvkHHeX7n,GB,39.0,Men,100.0,75.0,0.0,27.0,23536.0,11.0,4.229999
46xD5kYDDz,US,34.0,Men,50.0,0.0,0.0,1.0,2052.0,1.0,0.35
ELHQCR7Sw3,GB,18.0,Women,100.0,100.0,25.0,71.0,73469.0,62.0,18.680006
RGj9fX6vPV,DE,57.0,Women,100.0,100.0,37.5,133.0,114036.0,440.0,10.1
Mw49ncsCbe,DE,39.0,Men,100.0,25.0,0.0,4.0,1525.0,297.0,0.9200001
AK555WssiS,DE,29.0,Women,100.0,75.0,0.0,14.0,12303.0,4.0,1.74
yMuMqhFmbp,DE,39.0,Women,100.0,75.0,0.0,16.0,15985.0,8.0,1.44
bleVvVI2Kf,DE,41.0,Women,100.0,75.0,0.0,7.0,20640.0,43.0,2.3579998
ROQfy9m9da,GB,29.0,Men,100.0,100.0,0.0,30.0,31447.0,2.0,2.23
5SgskzoUgr,US,39.0,Women,50.0,0.0,0.0,3.0,601.0,1.0,0.25
u6AUbY0L9H,US,41.0,Women,50.0,0.0,0.0,12.0,18403.0,9.0,6.2
BaFqScOOwm,DE,39.0,Men,100.0,100.0,37.5,134.0,119250.0,6.0,4.8499985
oOYxAKI7Oa,JP,42.0,Women,100.0,50.0,0.0,12.0,9001.0,2.0,0.94000006
iFM0D3hslu,GB,46.0,Women,50.0,0.0,0.0,3.0,860.0,2.0,0.2
HdJV0b6TtH,US,66.0,Men,100.0,50.0,0.0,19.0,64132.0,50.0,2.9999993
cRnwKlpA81,DE,46.0,Women,100.0,100.0,12.5,20.0,50394.0,22.0,6.5899997
DKv6qhlfsP,US,38.0,Men,100.0,0.0,0.0,7.0,1901.0,1.0,0.55
t2r0SRd7Zf,US,39.0,Men,100.0,25.0,0.0,1.0,5942.0,1.0,0.8
JT9nas3Gzc,US,54.0,Women,100.0,50.0,0.0,3.0,8169.0,1.0,1.2
3aQlvkXPcm,GB,63.0,Women,100.0,25.0,0.0,2.0,1545.0,9.0,0.58
Y8Nha7MCLJ,US,48.0,Women,100.0,25.0,0.0,5.0,6608.0,5.0,1.0000001
k8L6HtdGFw,US,36.0,Women,100.0,0.0,0.0,11.0,6713.0,1.0,4.65
ITHS6iFbhO,DE,32.0,Women,100.0,75.0,0.0,25.0,11047.0,14.0,23.876
XZcNTxr6EX,GB,18.0,Women,100.0,75.0,0.0,2.0,1387.0,4.0,1.5300001
n3AvpT20Bl,GB,39.0,Women,50.0,0.0,0.0,1.0,1292.0,1.0,0.3
qukoLYa8qa,JP,39.0,Women,100.0,75.0,0.0,10.0,5959.0,1.0,4.65
wWrBVd8lfJ,DE,36.0,Women,100.0,75.0,0.0,5.0,3929.0,6.0,1.34
PAIbgWcQWo,DE,39.0,Women,100.0,75.0,0.0,15.0,14554.0,26.0,1.24
j0cw0h15gF,US,37.0,Women,100.0,25.0,0.0,10.0,10511.0,1.0,0.8000001
Rl29M2iKlC,JP,19.0,Men,100.0,75.0,0.0,32.0,50853.0,153.0,8.36
qZg8nlQfUi,US,60.0,Women,100.0,25.0,0.0,5.0,6059.0,1.0,0.8
TtxTYjifj5,US,39.0,Women,100.0,25.0,0.0,10.0,8935.0,22.0,0.9000001
ES2rruOwAI,GB,53.0,Women,100.0,100.0,12.5,4.0,4667.0,413.0,33.03
ItroV4dziu,DE,39.0,Men,100.0,50.0,0.0,5.0,11757.0,19.0,1.07
35j0uni0xm,GB,25.0,Men,50.0,0.0,0.0,3.0,1285.0,1.0,0.2
cyzkWEMHue,JP,39.0,Women,100.0,100.0,37.5,56.0,25997.0,271.0,7.749999
U5wL1K2ao8,GB,25.0,Men,100.0,100.0,0.0,24.0,18987.0,18.0,1.7300001
7QeJC4IPTl,DE,39.0,Women,100.0,75.0,0.0,19.0,19734.0,1.0,1.34
xllcLSGON9,DE,40.0,Women,100.0,100.0,0.0,27.0,17094.0,1.0,1.9900001
I0cKDZyDvR,US,50.0,Men,50.0,0.0,0.0,1.0,1499.0,1.0,0.35000002
41np4zCHUp,US,31.0,Men,100.0,25.0,0.0,2.0,6204.0,1.0,0.90000004
YGEjtKfpQK,US,44.0,Men,100.0,50.0,0.0,9.0,57235.0,16.0,1.1
TJxWiepBdv,DE,39.0,Women,100.0,100.0,0.0,13.0,21433.0,1.0,5.89
sO5H4UCSuL,DE,42.0,Women,100.0,25.0,0.0,3.0,3538.0,1.0,0.91999996
PeClt0wSA1,GB,39.0,Women,100.0,75.0,0.0,20.0,43901.0,1.0,1.8300002
Xl0VPSrUL6,DE,48.0,Men,100.0,100.0,0.0,9.0,17084.0,42.0,1.69
bTD986KEj2,DE,32.0,Women,100.0,50.0,0.0,5.0,3173.0,11.0,0.84000003
7bPIeQRKib,US,39.0,Men,100.0,25.0,0.0,5.0,6020.0,1.0,0.8
1CUjyUaySk,GB,18.0,Men,100.0,50.0,0.0,1.0,107.0,2.0,0.68
8WSkFETrqn,US,39.0,Men,100.0,50.0,0.0,20.0,19982.0,3.0,1.6000001
KzYy1O4BDi,JP,39.0,Men,100.0,75.0,0.0,48.0,49298.0,1.0,5.0499997
Vfw34egTTg,DE,30.0,Women,100.0,100.0,0.0,37.0,20309.0,33.0,2.3899999
7I2XVkIe58,US,39.0,Women,100.0,50.0,0.0,26.0,48766.0,6.0,6.3
T5GUriGbXc,US,28.0,Women,100.0,100.0,37.5,174.0,636768.0,223.0,11.250001
zAOh9KTOT5,JP,23.0,Women,100.0,50.0,0.0,20.0,9321.0,11.0,1.0400001
ZCUX4pHHZj,DE,45.0,Women,100.0,75.0,0.0,33.0,10920.0,11.0,1.5400001
IS97uGRSWR,US,54.0,Women,100.0,50.0,0.0,10.0,14225.0,1.0,1.3000001
rf0D0IvIsU,DE,44.0,Women,100.0,100.0,37.5,45.0,82634.0,124.0,3.2399995
xlBchOKUi9,DE,28.0,Men,100.0,100.0,0.0,27.0,22698.0,10.0,1.74
9zKaz4TOpZ,DE,45.0,Women,100.0,75.0,0.0,26.0,28094.0,1.0,6.2899995
FV0GSEydXv,DE,55.0,Men,100.0,25.0,0.0,44.0,173942.0,50.0,2.35
dy6juqzQpF,DE,21.0,Women,50.0,0.0,0.0,5.0,6454.0,1.0,0.35000002
dhOvEo4d2k,DE,39.0,Men,100.0,0.0,0.0,3.0,7277.0,7.0,0.67
jv0ttaePUZ,GB,39.0,Women,50.0,0.0,0.0,9.0,38044.0,24.0,0.6
Dlq66PMzAC,US,43.0,Men,100.0,50.0,0.0,29.0,70869.0,28.0,4.299999
IFTY2AYBXZ,US,41.0,Men,100.0,75.0,0.0,15.0,37845.0,45.0,26.4
s6x4zDGEYZ,US,35.0,Men,100.0,50.0,0.0,13.0,5500.0,1.0,5.2999997
W32T13JGPN,DE,38.0,Men,100.0,100.0,0.0,25.0,45914.0,68.0,6.9899993
f9f9pH7JJi,DE,60.0,Men,100.0,100.0,75.0,372.0,1502589.0,791.0,40.149994
sQy5qlqaPU,DE,43.0,Women,100.0,100.0,25.0,67.0,105547.0,485.0,7.195998
lJw316cDU5,US,39.0,Women,100.0,75.0,0.0,17.0,14168.0,1.0,1.65
ldnmbcw5l6,DE,32.0,Women,100.0,100.0,12.5,57.0,53803.0,174.0,3.4399998
KdVLigj7AM,US,35.0,Men,100.0,50.0,0.0,6.0,4629.0,1.0,5.0
SQN2whqaPW,US,30.0,Men,100.0,50.0,0.0,8.0,4458.0,1.0,1.1
RxplUZbGdr,DE,47.0,Men,100.0,100.0,37.5,571.0,219794.0,227.0,4.4099994
85UlTabz4G,JP,39.0,Women,100.0,100.0,37.5,171.0,177152.0,887.0,7.929999
ZyZN080747,US,41.0,Women,100.0,25.0,0.0,3.0,3602.0,1.0,0.8000001
FBaDtcGcT0,US,47.0,Women,100.0,50.0,0.0,8.0,16471.0,1.0,2.3000002
qgpqPgkKc9,DE,57.0,Men,100.0,100.0,12.5,52.0,38599.0,1.0,2.4399998
4MbBHGs2xt,GB,30.0,Women,100.0,100.0,37.5,129.0,69755.0,222.0,7.0299973
PCJ20RMoRz,US,39.0,Women,100.0,0.0,0.0,2.0,2634.0,3.0,0.55
Zz57d5kMac,DE,39.0,Men,100.0,25.0,0.0,2.0,5274.0,8.0,0.91999996
A8HMjVrCae,DE,28.0,Men,100.0,50.0,0.0,28.0,41408.0,12.0,1.8400002
fHuokCxzfU,US,49.0,Men,100.0,100.0,25.0,58.0,141229.0,153.0,18.2
GyySznYuyK,DE,45.0,Men,100.0,50.0,0.0,2.0,11494.0,1.0,1.07
5cGwum4fja,GB,36.0,Women,100.0,50.0,0.0,6.0,5007.0,1.0,0.78
pDfkVnKizP,US,39.0,Women,100.0,100.0,12.5,37.0,75035.0,36.0,9.900002
xw4Tpvwzr1,US,55.0,Men,100.0,50.0,0.0,27.0,27191.0,6.0,2.5
GLTrCF0Ir9,GB,31.0,Men,100.0,100.0,12.5,74.0,102111.0,404.0,3.0299997
4AYtGmpY0d,DE,37.0,Women,100.0,100.0,12.5,59.0,45385.0,89.0,22.440002
sfF48AFQOV,DE,39.0,Men,100.0,75.0,0.0,3.0,601.0,20.0,1.14
jNksRH27m2,JP,39.0,Women,100.0,100.0,25.0,83.0,84421.0,54.0,6.119999
Br4WP25qgF,DE,39.0,Men,100.0,100.0,50.0,196.0,570348.0,504.0,5.7399993
Rkgz9yhyq6,GB,20.0,Men,100.0,100.0,62.5,124.0,290606.0,113.0,31.230007
g8e3NsvP1g,US,39.0,Men,100.0,100.0,0.0,20.0,60386.0,11.0,3.6999996
Cpo5IJgwyX,US,46.0,Women,100.0,100.0,0.0,49.0,53529.0,1.0,9.8600025
mgE6fxhygb,GB,37.0,Men,100.0,100.0,0.0,13.0,16146.0,15.0,18.43
vTE36TWcA2,JP,39.0,Men,100.0,75.0,0.0,20.0,12376.0,64.0,1.96
ErkXCWAt9F,US,39.0,Men,50.0,0.0,0.0,1.0,868.0,1.0,0.25
WOkoap3vyO,GB,56.0,Men,100.0,100.0,0.0,27.0,86125.0,81.0,4.63
prH9RHrAvr,US,56.0,Men,100.0,25.0,0.0,4.0,16626.0,11.0,0.8
It5yhDwszq,DE,39.0,Men,100.0,25.0,0.0,3.0,2084.0,1.0,0.92
LjM73el5zs,GB,43.0,Women,100.0,75.0,0.0,24.0,18533.0,1.0,5.082
XiCB6LbgVr,US,41.0,Women,50.0,0.0,0.0,3.0,4818.0,4.0,1.1
jQAIqBJ44O,DE,39.0,Women,100.0,75.0,0.0,10.0,9147.0,17.0,1.6400001
TuwtlyYyzB,GB,35.0,Men,100.0,75.0,0.0,13.0,23592.0,25.0,1.5300001
kkucvgNVBZ,GB,31.0,Men,100.0,100.0,50.0,144.0,314809.0,422.0,7.529999
BvnsUdrkSq,DE,34.0,Men,100.0,50.0,0.0,9.0,11313.0,29.0,1.5200001
pFNlhUMZxX,GB,30.0,Men,100.0,25.0,0.0,8.0,7973.0,6.0,0.68000007
GfqzuwTEIy,GB,39.0,Women,100.0,75.0,0.0,3.0,4870.0,3.0,1.1300001
24zQZt8CdF,GB,39.0,Men,100.0,100.0,25.0,82.0,129418.0,254.0,3.7799995
gFl3QNwjRt,GB,39.0,Men,100.0,100.0,37.5,60.0,202203.0,526.0,7.4799995
5umCRH2pMr,GB,34.0,Men,100.0,100.0,0.0,72.0,134339.0,25.0,5.8499975
fXaxJX2hT8,DE,47.0,Men,100.0,100.0,37.5,61.0,47886.0,104.0,3.4999993
SYisQOiQjU,DE,47.0,Women,100.0,50.0,0.0,5.0,3774.0,11.0,1.07
BnDpKRckW2,US,51.0,Men,100.0,0.0,0.0,3.0,1538.0,1.0,0.45000002
wLOWntTuu1,GB,51.0,Men,100.0,50.0,0.0,1.0,637.0,5.0,0.48
u1h0qxVDZZ,GB,46.0,Women,100.0,100.0,25.0,118.0,260852.0,486.0,6.0799985
sUtY926jxN,DE,33.0,Men,100.0,100.0,0.0,44.0,29193.0,36.0,5.99
qL4j0UyPEy,US,44.0,Women,100.0,75.0,0.0,15.0,20382.0,5.0,2.9499998
OHocYQ4DCY,US,47.0,Men,100.0,25.0,0.0,3.0,40.0,1.0,0.70000005
nKA660bzR6,GB,39.0,Men,100.0,50.0,0.0,2.0,2291.0,1.0,3.58
AmduM0xp45,US,27.0,Women,100.0,100.0,0.0,36.0,36056.0,483.0,4.599999
pbYxclBRKv,DE,39.0,Men,100.0,50.0,0.0,6.0,13947.0,1.0,1.2700001
HDdptdUb1B,US,62.0,Men,100.0,100.0,0.0,27.0,65217.0,88.0,23.900003
fKInnxcGEO,US,36.0,Men,100.0,50.0,0.0,21.0,17808.0,1.0,1.5000001
30xRTynyqH,DE,39.0,Women,100.0,100.0,25.0,67.0,69254.0,92.0,29.440006
DW6aOEkk7b,US,49.0,Men,100.0,100.0,12.5,38.0,83561.0,293.0,10.700002
oWTqnS1LPH,US,30.0,Women,100.0,0.0,0.0,10.0,1115.0,5.0,0.45000002
AuaN4GytzM,GB,54.0,Women,100.0,50.0,0.0,4.0,6734.0,1.0,0.78
zwXA4B9hGO,GB,36.0,Women,100.0,75.0,0.0,31.0,37001.0,32.0,1.33
1KTIGmSlu1,US,53.0,Men,50.0,0.0,0.0,2.0,653.0,1.0,0.25
wQGQKQo5Na,DE,39.0,Women,100.0,75.0,0.0,31.0,22700.0,19.0,1.44
b7RFDssllN,DE,39.0,Women,100.0,75.0,0.0,8.0,8679.0,8.0,1.34
4hpYpogHZw,US,50.0,Men,100.0,75.0,0.0,76.0,111397.0,153.0,3.2499993
WuADm3NdMM,US,45.0,Men,100.0,50.0,0.0,27.0,11536.0,24.0,24.4
uD7DpuCCuu,US,37.0,Women,100.0,50.0,0.0,6.0,9442.0,1.0,1.2
TYW5Am10DH,US,55.0,Women,100.0,0.0,0.0,1.0,507.0,1.0,0.35000002
1zTmX4LtZW,DE,39.0,Men,100.0,0.0,0.0,2.0,4251.0,6.0,0.90000004
6F8mbzIf0W,DE,35.0,Women,100.0,100.0,25.0,123.0,291377.0,150.0,18.519999
2TmhN3Cusd,DE,39.0,Men,100.0,75.0,0.0,12.0,25446.0,10.0,1.6400001
QuMSXlnvU8,US,48.0,Women,100.0,0.0,0.0,1.0,1017.0,1.0,0.45000002
C1tgshflI3,US,35.0,Men,100.0,25.0,0.0,7.0,7176.0,2.0,0.79999995
ZxibEDOgGl,DE,39.0,Men,100.0,100.0,0.0,29.0,81300.0,269.0,22.390005
p9W1riFtY3,GB,24.0,Women,100.0,100.0,0.0,45.0,128934.0,77.0,16.73
TLrDDADi6a,DE,40.0,Men,100.0,75.0,0.0,24.0,30901.0,5.0,1.9400002
YVaTq9qgvm,US,50.0,Men,100.0,100.0,75.0,606.0,794659.0,1.0,119.74993
romsJr1TjL,GB,29.0,Women,100.0,100.0,25.0,230.0,54299.0,11.0,5.3999996
me4PYiDlX4,GB,45.0,Women,100.0,50.0,0.0,1.0,4934.0,1.0,0.7800001
IpPXnIhIYL,US,45.0,Men,100.0,75.0,0.0,10.0,11720.0,5.0,1.6500001
WaOJtQitM5,GB,39.0,Women,50.0,0.0,0.0,1.0,1580.0,1.0,0.45
v4z5Dj8mFQ,GB,39.0,Women,100.0,75.0,0.0,3.0,18078.0,1.0,1.0300001
jCofJ9tPJH,DE,39.0,Women,100.0,0.0,0.0,2.0,1099.0,1.0,0.70000005
d6haHmqLTG,DE,58.0,Men,100.0,100.0,50.0,124.0,120994.0,6.0,5.9599986
1YYVqRiwiy,DE,56.0,Men,100.0,75.0,0.0,8.0,21037.0,68.0,1.59
HvIGfnA71M,DE,45.0,Women,100.0,50.0,0.0,7.0,12083.0,1.0,1.2700001
Tl2Bcu7JC1,DE,67.0,Women,100.0,100.0,62.5,184.0,381484.0,809.0,8.289998
B8XyGICh47,US,36.0,Women,100.0,75.0,0.0,20.0,67790.0,70.0,3.5499997
vGtZs2AHCI,DE,37.0,Men,100.0,50.0,0.0,4.0,2208.0,1.0,1.07
bIC1bMYHYB,DE,39.0,Women,100.0,50.0,0.0,12.0,9822.0,2.0,1.07
8zesNxayFg,DE,34.0,Women,100.0,50.0,0.0,6.0,6666.0,1.0,1.27
6hrZvsS6jh,US,38.0,Men,100.0,50.0,0.0,17.0,13083.0,1.0,1.3000001
l04Vyk8pCL,DE,39.0,Men,100.0,100.0,0.0,18.0,14351.0,1.0,1.44
Rj7knnTPG6,US,31.0,Women,100.0,100.0,12.5,71.0,114869.0,1.0,8.699999
WGL3Q7glHM,GB,45.0,Men,100.0,100.0,0.0,6.0,14518.0,5.0,8.23
767aK4YkKE,US,52.0,Women,100.0,0.0,0.0,4.0,2657.0,1.0,0.55
MiFwGm5nFf,DE,42.0,Women,100.0,75.0,0.0,10.0,7388.0,19.0,11.440001
mVI8kION5B,US,40.0,Men,50.0,0.0,0.0,2.0,267.0,1.0,0.4
XzYQJpbqRW,GB,51.0,Women,100.0,100.0,75.0,206.0,398231.0,249.0,14.13
13BXvyR9Zg,DE,34.0,Men,100.0,75.0,0.0,9.0,4167.0,1.0,1.2400001
NnrjfWcwpG,DE,25.0,Men,100.0,100.0,62.5,267.0,1364147.0,258.0,12.59001
kM0SpgsHpw,US,39.0,Men,100.0,25.0,0.0,25.0,15707.0,28.0,1.0
brLmQt4WaQ,DE,39.0,Women,50.0,0.0,0.0,4.0,7240.0,35.0,0.72
NcAFAbRmyg,US,24.0,Men,100.0,100.0,12.5,52.0,71863.0,295.0,5.4
HacZuAzII6,DE,43.0,Women,100.0,75.0,0.0,6.0,19892.0,33.0,1.69
cv2ujF0HxX,GB,39.0,Men,100.0,100.0,37.5,46.0,112773.0,276.0,5.129999
1iYeJXvoka,DE,39.0,Men,100.0,25.0,0.0,3.0,17180.0,17.0,0.64000005
yUhyDVzql9,US,50.0,Women,100.0,25.0,0.0,1.0,356.0,1.0,0.7
UmfLo2YjmD,US,27.0,Men,100.0,100.0,37.5,197.0,488930.0,272.0,10.450003
v6Ul1WTCdx,DE,19.0,Men,100.0,100.0,0.0,15.0,20809.0,60.0,1.9900001
Tm6zAcWYhV,US,43.0,Women,50.0,0.0,0.0,3.0,1387.0,1.0,0.25
fRQl4jh1m1,GB,26.0,Women,100.0,100.0,0.0,22.0,12049.0,5.0,4.43
doA7lOQMoF,US,35.0,Men,100.0,25.0,0.0,5.0,964.0,1.0,0.70000005
K3GGrhBQyb,DE,55.0,Men,100.0,100.0,50.0,88.0,358884.0,813.0,4.8099995
49ZpfSv09X,US,30.0,Women,100.0,50.0,0.0,5.0,8589.0,1.0,5.3
7k5YWd3Vmt,DE,27.0,Women,100.0,100.0,0.0,23.0,26309.0,32.0,1.64
mYAM0C3aoa,GB,35.0,Women,100.0,100.0,12.5,64.0,72173.0,166.0,3.4299998
BygdnM9QYC,US,40.0,Men,100.0,100.0,0.0,17.0,3968.0,5.0,2.55
79X49YQ6WS,US,39.0,Men,100.0,100.0,25.0,135.0,219599.0,1.0,6.5499983
aZagdQVXF0,DE,39.0,Men,100.0,0.0,0.0,2.0,2369.0,2.0,0.8
OVlTRg3HA7,DE,30.0,Women,100.0,50.0,0.0,4.0,3762.0,2.0,1.1700001
tSyBiP5QdR,GB,42.0,Men,100.0,100.0,0.0,96.0,39497.0,48.0,2.6299999
7JddkK3eYm,DE,39.0,Women,50.0,0.0,0.0,26.0,21270.0,1.0,0.5
8nSanxqBOc,GB,30.0,Men,100.0,75.0,0.0,13.0,29354.0,1.0,1.4300001
fcxxMqPTjP,GB,40.0,Women,100.0,75.0,0.0,27.0,12349.0,74.0,1.6800001
YJ3YGH7ZhZ,GB,57.0,Men,100.0,75.0,0.0,5.0,4667.0,1.0,3.9299996
NwzRlN7BdY,GB,39.0,Men,100.0,75.0,0.0,17.0,41063.0,63.0,2.5299997
D5G6AsbYNG,DE,49.0,Women,100.0,75.0,0.0,13.0,29594.0,7.0,5.89
6coq5ORexm,US,41.0,Women,100.0,25.0,0.0,5.0,9889.0,1.0,0.90000004
TGwwBjKJ5s,DE,18.0,Men,100.0,100.0,12.5,56.0,45332.0,65.0,2.6399999
iQ3hIMOMMF,DE,65.0,Women,100.0,100.0,37.5,115.0,221171.0,252.0,10.220003
bhJqxUGEXS,DE,39.0,Women,100.0,0.0,0.0,1.0,1977.0,1.0,0.8
rNHSBeL9OV,DE,39.0,Women,50.0,0.0,0.0,55.0,66152.0,101.0,1.5600002
V3hhr9oaOE,GB,39.0,Women,100.0,75.0,0.0,2.0,3594.0,3.0,1.1300001
V8fFMPMc0R,GB,34.0,Men,100.0,50.0,0.0,11.0,8298.0,5.0,3.6799996
56w2DQbH4r,US,46.0,Women,100.0,25.0,0.0,6.0,7583.0,1.0,1.0000001
qUh7eKlEKs,DE,29.0,Men,100.0,50.0,0.0,3.0,1204.0,1.0,1.07
xYeq0vtBtQ,US,35.0,Men,100.0,100.0,0.0,26.0,27180.0,5.0,3.5000002
lXy83uaNL4,US,39.0,Women,100.0,25.0,0.0,1.0,1.0,1.0,0.6
EGyk8Tns9Z,US,53.0,Men,100.0,75.0,0.0,50.0,87249.0,41.0,8.049999
AuR8z4uEtg,DE,18.0,Men,50.0,0.0,0.0,18.0,89072.0,98.0,0.6
wbsEGAlkqt,US,39.0,Men,50.0,0.0,0.0,2.0,2051.0,1.0,0.25
Jjt1eE2yHE,GB,52.0,Women,100.0,100.0,37.5,75.0,658690.0,512.0,5.329999
1tXB2sqFPI,US,39.0,Men,100.0,25.0,0.0,1.0,1966.0,1.0,0.8
fBjhexlyTL,GB,39.0,Women,100.0,100.0,37.5,92.0,119710.0,676.0,74.229996
rHRgBRbYXg,GB,21.0,Men,100.0,75.0,0.0,12.0,9025.0,6.0,8.23
PftKPkWeig,JP,39.0,Men,100.0,100.0,0.0,36.0,44137.0,204.0,3.87
d3sHyEW5dL,DE,55.0,Men,100.0,100.0,25.0,63.0,96831.0,166.0,7.639999
jo8DxSEC3w,US,38.0,Women,100.0,100.0,0.0,6.0,11948.0,30.0,2.6499999
15WbZExHt6,GB,52.0,Women,100.0,100.0,25.0,54.0,111861.0,1.0,6.579999
7w5nGVwfaX,GB,37.0,Men,100.0,75.0,0.0,2.0,1247.0,36.0,1.53
e7YRKBckyD,DE,39.0,Women,100.0,75.0,0.0,5.0,48729.0,4.0,1.34
cJx56IYUEI,DE,43.0,Women,100.0,100.0,0.0,18.0,38864.0,75.0,3.3460004
OIjfdN84w4,US,39.0,Women,100.0,0.0,0.0,4.0,2612.0,8.0,0.55
8NYKLkkKJk,GB,30.0,Men,100.0,100.0,25.0,173.0,182022.0,671.0,4.829999
qSg9syqatf,US,33.0,Women,100.0,50.0,0.0,15.0,41285.0,6.0,5.6
iJ3RZPr38F,US,34.0,Women,100.0,25.0,0.0,4.0,3583.0,1.0,0.90000004
zDJWF7YKik,GB,18.0,Women,100.0,75.0,0.0,7.0,7692.0,1.0,1.13
WMQwbRFQFG,US,41.0,Men,100.0,25.0,0.0,10.0,28484.0,40.0,6.3999996
6Oxw3Tn3OO,GB,32.0,Men,100.0,100.0,50.0,118.0,90015.0,178.0,25.93
tu1CqcjfFm,US,39.0,Women,100.0,50.0,0.0,5.0,10502.0,1.0,1.2
0wB1BM3BId,GB,43.0,Women,100.0,25.0,0.0,6.0,5685.0,11.0,0.68000007
JYDGBeV4Io,DE,43.0,Men,50.0,0.0,0.0,7.0,19029.0,1.0,0.37
KPwP3pdrar,DE,32.0,Men,100.0,75.0,0.0,11.0,6563.0,4.0,1.44
KULbCi3LxH,DE,33.0,Women,100.0,100.0,62.5,221.0,121204.0,226.0,6.689999
Ca7E9hRfct,GB,26.0,Women,100.0,50.0,0.0,6.0,13985.0,3.0,0.78
BQfuuw3Vq6,US,35.0,Women,100.0,25.0,0.0,6.0,3121.0,1.0,0.6
xiOrogo1nK,DE,49.0,Men,100.0,75.0,0.0,32.0,55607.0,11.0,2.54
vJuRUFAAIk,DE,39.0,Women,100.0,100.0,50.0,503.0,632846.0,1552.0,5.8099985
YtvveAt46R,US,23.0,Women,100.0,50.0,0.0,10.0,23252.0,1.0,1.3000001
5nrHKM06L2,JP,39.0,Women,100.0,50.0,0.0,12.0,14980.0,5.0,3.5999997
2AbqWSkt3i,US,19.0,Women,100.0,50.0,0.0,11.0,9932.0,1.0,5.4
jSKL81V8Qy,US,46.0,Women,100.0,100.0,12.5,136.0,81212.0,1.0,4.4
lXa0eFzVjM,US,39.0,Women,100.0,100.0,12.5,30.0,129678.0,1.0,8.299999
vJgPOdzUsN,GB,41.0,Women,100.0,75.0,0.0,8.0,6740.0,1.0,4.522
h847Y9fQl3,DE,39.0,Women,100.0,50.0,0.0,49.0,107150.0,531.0,13.810005
PnCMvYCvMl,DE,39.0,Men,100.0,100.0,25.0,48.0,84148.0,976.0,7.14
dOooak5DPk,DE,39.0,Men,100.0,25.0,0.0,1.0,140.0,15.0,0.82000005
CDv78FCSYg,US,32.0,Men,100.0,75.0,0.0,43.0,40999.0,47.0,29.250002
EJfCGrNOK8,DE,39.0,Women,100.0,75.0,0.0,8.0,7199.0,1.0,1.34
kMWwNl9hh9,GB,32.0,Women,100.0,100.0,0.0,19.0,14584.0,41.0,2.2300003
l2QdL0cifL,US,55.0,Men,100.0,100.0,25.0,72.0,106585.0,300.0,7.1499987
D04tLPnzrO,GB,38.0,Women,100.0,50.0,0.0,3.0,8043.0,10.0,0.7800001
8Gdqk4rbnz,JP,18.0,Women,100.0,25.0,0.0,52.0,71176.0,212.0,11.040001
sXKvclaZne,DE,31.0,Men,100.0,100.0,0.0,3.0,2852.0,42.0,1.69
FkQPvfsYR5,GB,38.0,Men,100.0,100.0,12.5,125.0,51954.0,187.0,4.5
iSELT0cCtm,US,42.0,Women,100.0,50.0,0.0,5.0,18946.0,1.0,1.1
bvrPVsujla,GB,33.0,Men,100.0,50.0,0.0,2.0,5000.0,3.0,0.78000003
mcpBaM1ybI,DE,18.0,Women,100.0,75.0,0.0,21.0,30615.0,19.0,1.54
RnrOe1ExpC,DE,36.0,Men,100.0,50.0,0.0,9.0,9221.0,7.0,1.2700001
yFnShC4TMS,US,36.0,Men,100.0,50.0,0.0,6.0,7898.0,1.0,1.4000002
UEyeUqTObl,DE,24.0,Men,100.0,100.0,50.0,75.0,245528.0,1142.0,6.209998
khHR3Uy8QL,DE,35.0,Men,100.0,0.0,0.0,11.0,9373.0,5.0,0.72
YvmBuk5Z9q,US,43.0,Men,100.0,50.0,0.0,12.0,28516.0,1.0,2.3999999
ncIWALzjdt,DE,29.0,Men,100.0,100.0,25.0,131.0,49611.0,4.0,7.739999
jushi4hrnx,US,49.0,Men,100.0,25.0,0.0,6.0,7971.0,3.0,0.90000004
CvETtvTYvE,US,39.0,Men,100.0,75.0,0.0,45.0,43170.0,1.0,7.45
nGAjhkyfc8,DE,43.0,Women,100.0,0.0,0.0,61.0,43436.0,8.0,7.209999
MIGXlTZ0RU,DE,39.0,Women,100.0,25.0,0.0,8.0,8114.0,1.0,4.57
IJluUaYhQy,DE,39.0,Women,100.0,75.0,0.0,2.0,2533.0,9.0,1.2399999
lAXtM98CEi,US,53.0,Women,100.0,50.0,0.0,3.0,3855.0,1.0,5.6
uBKw3eOTzm,GB,47.0,Men,100.0,100.0,0.0,16.0,16385.0,41.0,2.3300002
Z5mWoXqOR1,US,39.0,Men,100.0,0.0,0.0,2.0,1680.0,1.0,0.45000002
qET2LeAzo0,DE,32.0,Women,100.0,100.0,75.0,237.0,302167.0,945.0,9.049999
xfhOmJ6yZQ,DE,51.0,Women,100.0,100.0,0.0,10.0,6639.0,213.0,5.89
l3g0Rr83W8,US,36.0,Men,100.0,25.0,0.0,3.0,3851.0,1.0,0.8000001
2pIira5nS7,GB,56.0,Women,50.0,0.0,0.0,3.0,1388.0,2.0,0.3
fsekC3JGDo,DE,40.0,Men,100.0,75.0,0.0,2.0,4159.0,1.0,1.49
NrhZ69JNYc,US,47.0,Men,100.0,25.0,0.0,31.0,15092.0,1.0,2.2999997
ToA5rjXfLs,US,39.0,Men,100.0,100.0,0.0,44.0,50775.0,12.0,3.9999995
VthpgGsAyd,US,43.0,Women,100.0,50.0,0.0,16.0,25510.0,16.0,1.4000001
kbCW7OCZyG,GB,44.0,Men,100.0,100.0,0.0,21.0,14352.0,4.0,17.682
Y88R4kULy1,DE,43.0,Women,100.0,50.0,0.0,4.0,2378.0,4.0,1.07
NI8xmkIvsM,DE,39.0,Men,100.0,50.0,0.0,1.0,3074.0,1.0,1.07
DtRM8xSOd3,GB,41.0,Men,100.0,100.0,0.0,28.0,50809.0,35.0,16.93
MBn9z2jF6X,US,51.0,Women,50.0,0.0,0.0,1.0,156.0,1.0,0.25
gcOkNifLYq,US,40.0,Women,100.0,25.0,0.0,3.0,8667.0,1.0,0.8
LI5AXxprly,DE,39.0,Women,100.0,50.0,0.0,13.0,20834.0,1.0,0.94000006
VSbORT4dOd,US,36.0,Women,100.0,25.0,0.0,2.0,3587.0,5.0,0.79999995
Dahhc5Qxfz,JP,39.0,Men,100.0,25.0,0.0,4.0,6391.0,9.0,0.8000001
D9eK0eECxQ,GB,36.0,Men,100.0,100.0,0.0,10.0,8188.0,1.0,4.33
xH4k6ABI8P,US,54.0,Men,100.0,75.0,0.0,15.0,31476.0,1.0,6.549999
yJCx2IMr9x,US,47.0,Men,100.0,75.0,0.0,39.0,80447.0,76.0,23.65
a3UbUm3kBx,US,39.0,Men,100.0,50.0,0.0,15.0,27551.0,1.0,5.3
XwBxQNihAu,DE,39.0,Women,100.0,50.0,0.0,16.0,9754.0,1.0,1.37
as1ikUXlca,GB,47.0,Men,50.0,0.0,0.0,42.0,58440.0,1.0,4.41
udRGuIOA6m,US,39.0,Women,100.0,50.0,0.0,1.0,3011.0,1.0,1.1000001
u1jm1PWdHI,DE,58.0,Men,100.0,100.0,12.5,20.0,59504.0,9.0,22.190004
C5ONTh4bPZ,US,39.0,Men,100.0,75.0,0.0,20.0,17137.0,22.0,6.6499996
RR0nRmVtb2,DE,39.0,Men,100.0,100.0,0.0,28.0,45287.0,98.0,2.4899998
I9z7XOktpj,US,45.0,Women,100.0,75.0,0.0,72.0,330265.0,213.0,5.049999
L0yK6hTiXT,US,39.0,Men,100.0,25.0,0.0,8.0,5324.0,1.0,0.79999995
1gyfCYvnbN,DE,54.0,Men,100.0,0.0,0.0,192.0,138501.0,29.0,5.319998
1tCSwIOQLI,GB,25.0,Women,100.0,75.0,0.0,19.0,10829.0,14.0,1.23
4VVyeeKy0E,JP,23.0,Women,100.0,50.0,0.0,7.0,11495.0,24.0,1.1
pA6iWSxlnM,DE,37.0,Women,100.0,100.0,12.5,86.0,90092.0,86.0,2.8399997
ae6No0RCg0,DE,39.0,Women,100.0,50.0,0.0,4.0,5363.0,1.0,21.07
bKd6GTGN1g,DE,50.0,Women,100.0,100.0,0.0,4.0,6632.0,36.0,24.79
etfJO7HSSW,US,21.0,Women,100.0,25.0,0.0,3.0,6470.0,1.0,5.2999997
FShVSKlnCQ,US,34.0,Men,100.0,25.0,0.0,2.0,2951.0,7.0,0.90000004
72ZcU1gKfa,US,45.0,Women,100.0,100.0,37.5,124.0,250113.0,130.0,15.350004
gmDkX8H2qf,GB,40.0,Women,100.0,100.0,0.0,30.0,23058.0,37.0,2.4300003
5jFouQ2KHR,DE,41.0,Women,100.0,75.0,0.0,5.0,11240.0,1.0,1.54
ode5Tv5Uvw,US,37.0,Men,100.0,75.0,0.0,10.0,12421.0,21.0,4.45
KSpgh2yDkY,DE,30.0,Men,100.0,100.0,0.0,25.0,36225.0,91.0,2.7899997
VuREfkJvIB,GB,45.0,Women,100.0,75.0,0.0,3.0,5495.0,1.0,3.9299998
BCGymzXhy9,US,43.0,Men,100.0,100.0,37.5,91.0,161671.0,85.0,11.450002
tgrpLCPLBT,US,39.0,Men,100.0,25.0,0.0,3.0,6953.0,1.0,0.9000001
jMM5rcoop8,DE,34.0,Women,100.0,100.0,12.5,58.0,109065.0,54.0,2.9399998
rQiq2jdOPg,US,20.0,Women,100.0,50.0,0.0,16.0,46292.0,1.0,3.0400002
MpSjf2nw6O,US,54.0,Women,100.0,50.0,0.0,15.0,66421.0,1.0,2.1
L1UhE41H8l,DE,39.0,Women,100.0,75.0,0.0,4.0,7626.0,1.0,5.24
YFIDHWgW9B,US,37.0,Women,100.0,25.0,0.0,5.0,47881.0,1.0,0.9000001
uQ2KvbF6I7,DE,19.0,Women,50.0,0.0,0.0,1.0,1695.0,1.0,0.35000002
jYUfUm2dYc,US,41.0,Men,100.0,100.0,50.0,59.0,268212.0,1.0,18.050005
Qp0p3MdymV,GB,39.0,Men,100.0,100.0,12.5,34.0,43757.0,69.0,2.6299999
Lj1nX7KkVs,DE,31.0,Men,100.0,100.0,25.0,71.0,80371.0,172.0,3.739999
U9l07P3g8e,DE,54.0,Women,100.0,75.0,0.0,23.0,52236.0,8.0,1.5400001
e89SBCk06n,DE,40.0,Women,100.0,100.0,50.0,210.0,168034.0,196.0,5.2099986
3wYtlRFBEu,GB,49.0,Men,100.0,50.0,0.0,2.0,1990.0,3.0,0.78000003
mOMbd4FrZD,US,39.0,Men,50.0,0.0,0.0,1.0,974.0,1.0,0.25
hNajFwAjOr,DE,39.0,Women,100.0,100.0,37.5,56.0,32589.0,184.0,7.2
lWRnKFgJvo,US,39.0,Men,50.0,0.0,0.0,6.0,1988.0,1.0,0.25
PSw0goNvgF,US,36.0,Men,100.0,25.0,0.0,1.0,137.0,1.0,0.7
RHKxC82wFq,US,54.0,Men,50.0,0.0,0.0,3.0,8355.0,24.0,0.6
7XRTQ2FaFe,GB,43.0,Men,100.0,100.0,37.5,48.0,91154.0,245.0,19.530005
5Fg05atMnZ,US,18.0,Men,100.0,25.0,0.0,4.0,2498.0,1.0,0.8
