user_key_id,country,age,sex,total_spent_in_usd,total_spent_time,avg_daily_session,avg_weekly_session,easy_completion_rate,medium_completion_rate,hard_completion_rate
bVas4SMsXQ,1,30.0,0,14.0,3.0,2.8666666666666667,14.333333333333334,100.0,100.0,25.0
Hm917zE2Mc,1,36.0,1,16.8,4.0,2.0,5.0,100.0,50.0,0.0
wFfzWC1Ydt,3,40.0,0,0.0,0.0,3.6470588235294117,15.5,100.0,100.0,0.0
73S29MCQWv,0,39.0,0,0.0,0.0,1.8571428571428572,4.333333333333333,100.0,75.0,0.0
B4A9tTZMAE,3,21.0,1,0.0,0.0,1.0,2.0,100.0,0.0,0.0
FVAffG7oT4,0,39.0,0,4.0,1.0,1.1111111111111112,2.5,100.0,100.0,25.0
rhRrt93kDx,0,30.0,1,0.0,0.0,4.0,8.0,100.0,75.0,0.0
DhgEAI6KZN,0,39.0,0,0.0,0.0,4.733333333333333,23.666666666666668,100.0,100.0,12.5
CwJLDEtRLC,0,35.0,0,0.0,0.0,7.266666666666667,36.333333333333336,100.0,100.0,12.5
SH1i4vTu9W,0,45.0,0,0.0,0.0,1.0,1.0,100.0,25.0,0.0
rAIxxyP5xL,0,39.0,0,0.0,0.0,1.0,1.0,50.0,0.0,0.0
P7F9ZURnfQ,1,39.0,0,0.0,0.0,2.0,4.0,100.0,100.0,0.0
VU8clZR8OZ,0,50.0,1,0.0,0.0,1.0,1.0,100.0,25.0,0.0
BLs3r1kVp3,0,25.0,1,0.0,0.0,2.0,2.0,100.0,0.0,0.0
vfouJzoTmH,0,42.0,1,0.0,0.0,2.3333333333333335,7.0,100.0,75.0,0.0
KQAxJeSg4n,1,28.0,0,0.0,0.0,2.888888888888889,13.0,100.0,25.0,0.0
mCMuM0XF3e,3,59.0,1,23.0,4.0,2.4285714285714284,17.0,100.0,100.0,12.5
scJElP7SHY,1,39.0,1,2.8,1.0,3.5294117647058822,15.0,100.0,100.0,12.5
5LLhWORaHo,3,47.0,1,0.0,0.0,1.0,2.0,100.0,0.0,0.0
516zkxikR6,3,39.0,0,0.0,0.0,1.0,1.0,50.0,0.0,0.0
2FDcZdbK8w,1,46.0,0,0.0,0.0,9.4,47.0,100.0,100.0,25.0
6ZJLI4nLtQ,0,39.0,0,0.0,0.0,2.0,2.0,100.0,25.0,0.0
vSctvD4E5n,3,18.0,0,10.0,2.0,1.1111111111111112,1.6666666666666667,100.0,75.0,0.0
JcF1iGH5my,3,37.0,0,4.0,1.0,1.6666666666666667,3.75,100.0,75.0,0.0
ltb9WlnYAb,0,50.0,1,4.0,1.0,2.0,4.0,100.0,100.0,0.0
9PZQ34YAIn,0,37.0,1,0.0,0.0,2.0,2.0,50.0,0.0,0.0
zPL3IqOA1P,1,46.0,1,0.0,0.0,15.857142857142858,74.0,100.0,100.0,37.5
QzLq2jayxk,2,39.0,0,0.0,0.0,1.0,1.0,50.0,0.0,0.0
Nhx4AhSCOW,3,42.0,1,0.0,0.0,3.5555555555555554,16.0,100.0,100.0,12.5
F5z5GX3kZ9,0,27.0,1,26.0,5.0,6.666666666666667,30.0,100.0,100.0,12.5
kluSjW2Wah,1,57.0,1,0.0,0.0,1.8333333333333333,6.6,100.0,100.0,12.5
Cn4N78emyw,0,39.0,1,0.0,0.0,1.0,2.0,100.0,25.0,0.0
KhTYoocPjC,3,49.0,1,0.0,0.0,1.0,1.0,100.0,25.0,0.0
6ZgyxXDVan,3,39.0,1,10.6,2.0,2.7,6.75,100.0,75.0,0.0
9MRJ5quIBk,3,30.0,0,0.0,0.0,2.3333333333333335,4.666666666666667,100.0,50.0,0.0
p5FapG0q8a,3,39.0,1,0.0,0.0,1.0,1.0,50.0,0.0,0.0
UDhTBFcbqx,0,39.0,0,20.0,3.0,1.8333333333333333,2.75,100.0,75.0,0.0
INMgcEEmAi,3,34.0,0,0.0,0.0,1.0,1.0,100.0,25.0,0.0
w0AcgSaFrn,0,30.0,0,0.0,0.0,2.5,7.5,100.0,75.0,0.0
aZC8ThU3s6,3,32.0,1,0.0,0.0,5.333333333333333,16.0,100.0,25.0,0.0
zUgKRPB5b8,3,32.0,1,4.0,1.0,4.076923076923077,13.25,100.0,75.0,0.0
CpNWNGA9fc,0,31.0,0,0.0,0.0,1.0,1.0,100.0,0.0,0.0
oVwZYc24rR,0,39.0,1,0.0,0.0,1.0,4.0,50.0,0.0,0.0
15MGIYpCdr,3,41.0,0,0.0,0.0,1.0,1.0,100.0,0.0,0.0
r7doayCDHS,3,34.0,0,0.0,0.0,1.0,1.0,50.0,0.0,0.0
BQmZU0dEUC,1,29.0,0,7.0,2.0,2.5714285714285716,6.0,100.0,75.0,0.0
YtN4VOipPl,0,39.0,1,0.0,0.0,1.0,1.0,100.0,25.0,0.0
cICUrgexLO,3,54.0,0,0.0,0.0,10.0,25.0,100.0,25.0,0.0
d4IEJ1QI49,3,46.0,0,0.0,0.0,1.5,1.5,100.0,25.0,0.0
dT3NcahGie,3,35.0,1,0.0,0.0,3.857142857142857,13.5,100.0,50.0,0.0
exVwJoMsyn,1,40.0,1,0.0,0.0,2.5,5.0,100.0,0.0,0.0
7gsvOoFpO0,3,39.0,1,0.0,0.0,11.0,11.0,100.0,25.0,0.0
DFptIM2xw8,0,28.0,1,20.0,3.0,4.0,8.0,100.0,75.0,0.0
RjGBpXiJir,0,35.0,0,0.0,0.0,4.111111111111111,18.5,100.0,100.0,0.0
wpfWOHNl14,1,41.0,0,2.8,1.0,4.625,18.5,100.0,100.0,0.0
GpMePw5PlS,3,39.0,1,0.0,0.0,1.0,1.0,50.0,0.0,0.0
5N31MRqGt0,1,39.0,1,0.0,0.0,2.0,2.0,100.0,25.0,0.0
XfT7hkanyk,3,39.0,0,0.0,0.0,1.0,1.0,50.0,0.0,0.0
WtXFi8KHqJ,0,39.0,1,0.0,0.0,2.0,2.0,100.0,0.0,0.0
WQOkGTjejS,3,49.0,1,0.0,0.0,2.1,3.0,100.0,50.0,0.0
DWPaUz29dU,0,49.0,1,20.0,3.0,4.555555555555555,20.5,100.0,25.0,0.0
eVPVA35PHw,0,33.0,0,0.0,0.0,3.5,7.0,100.0,0.0,0.0
A3W2Fv0x1Z,0,39.0,0,4.0,1.0,2.6666666666666665,12.0,100.0,100.0,0.0
9TkDV0l9KR,3,38.0,0,0.0,0.0,2.2,11.0,100.0,50.0,0.0
cQ2Wf7WiIv,1,25.0,1,0.0,0.0,3.0,6.0,100.0,75.0,0.0
Z1q2tyf9Lh,0,39.0,0,4.0,1.0,1.5714285714285714,3.6666666666666665,100.0,100.0,12.5
osZtx1iRos,1,24.0,1,0.0,0.0,1.0,1.0,100.0,0.0,0.0
NX4xjSkVhW,1,39.0,0,0.0,0.0,2.0,4.0,100.0,50.0,0.0
N6vUye4134,3,32.0,0,0.0,0.0,1.5,2.0,100.0,50.0,0.0
qbcmJNwOkg,0,39.0,1,0.0,0.0,1.1666666666666667,2.3333333333333335,100.0,75.0,0.0
7zcTMau6ix,3,50.0,0,4.0,1.0,8.0,8.0,100.0,0.0,0.0
tps9ghE91P,1,31.0,0,0.0,0.0,2.5,5.0,100.0,75.0,0.0
PC1XTx1uXT,3,41.0,0,0.0,0.0,1.8,3.0,100.0,25.0,0.0
zQiJRCr7QU,1,37.0,1,0.0,0.0,1.25,2.5,100.0,75.0,0.0
JdQfMVv9zx,0,46.0,0,0.0,0.0,2.5555555555555554,7.666666666666667,100.0,100.0,0.0
IZfNuSVqRw,3,53.0,1,0.0,0.0,5.5,11.0,100.0,50.0,0.0
GchNZykCtO,3,39.0,1,4.0,1.0,1.5,1.5,100.0,25.0,0.0
osiYITIl4I,3,39.0,0,0.0,0.0,2.0,2.0,50.0,0.0,0.0
ckA7PZCJRG,3,39.0,0,0.0,0.0,1.8888888888888888,4.25,100.0,75.0,0.0
UAhBrSL6Eq,0,39.0,0,0.0,0.0,2.625,10.5,100.0,25.0,0.0
oSSlMv06BE,3,39.0,1,0.0,0.0,1.0,1.0,100.0,25.0,0.0
3azltA4zRq,1,49.0,1,0.0,0.0,1.6666666666666667,5.0,100.0,100.0,0.0
eaRTKcrBoH,2,39.0,0,0.0,0.0,3.2857142857142856,11.5,100.0,100.0,0.0
AHSETIbW5M,3,35.0,1,0.0,0.0,1.6666666666666667,5.0,100.0,50.0,0.0
nDyasIZTFa,0,39.0,0,0.0,0.0,2.8846153846153846,10.714285714285714,100.0,100.0,37.5
EjIFEEcHUr,0,45.0,0,0.0,0.0,1.0,1.3333333333333333,100.0,50.0,0.0
ara87ojhEv,3,37.0,0,0.0,0.0,2.0,4.0,100.0,25.0,0.0
x5nq0z7cd0,3,39.0,1,0.0,0.0,1.25,1.6666666666666667,100.0,50.0,0.0
RmPgrUfyKw,0,39.0,1,0.0,0.0,1.0,2.0,100.0,75.0,0.0
QwsBSmKehA,3,39.0,0,4.0,1.0,1.967741935483871,6.1,100.0,100.0,50.0
3UCqqehFtE,1,34.0,1,0.0,0.0,1.0,1.0,100.0,0.0,0.0
uVQOL9ybjC,3,45.0,1,4.0,1.0,3.9473684210526314,25.0,100.0,25.0,0.0
c8LbEoJhql,3,39.0,0,0.0,0.0,1.5714285714285714,5.5,100.0,75.0,0.0
YIk1baAWBA,1,39.0,0,0.0,0.0,2.0,4.0,100.0,25.0,0.0
rMlorYXp8k,1,37.0,1,0.0,0.0,2.5454545454545454,5.6,100.0,100.0,12.5
574WKNFqsF,0,33.0,0,0.0,0.0,1.6,2.6666666666666665,50.0,0.0,0.0
kK4gWsRuld,3,43.0,0,0.0,0.0,3.0833333333333335,9.25,100.0,75.0,0.0
PxtMIfUudp,0,59.0,1,0.0,0.0,1.4166666666666667,5.666666666666667,100.0,100.0,0.0
Lf4x1kDbOG,0,46.0,1,4.0,1.0,1.6451612903225807,6.375,100.0,100.0,12.5
JG7xqmmtEM,3,39.0,1,0.0,0.0,1.0,1.0,100.0,25.0,0.0
msb7xMS6PM,0,39.0,1,4.0,1.0,2.25,4.5,100.0,75.0,0.0
ZEr7IxskgL,0,39.0,0,0.0,0.0,1.0,1.0,100.0,75.0,0.0
jjUCMb1iyK,0,39.0,0,4.0,1.0,1.625,5.2,100.0,100.0,0.0
cVmizMSITX,3,35.0,0,4.0,1.0,1.0,1.0,100.0,0.0,0.0
FAXJH4r4MX,1,43.0,1,0.0,0.0,4.5,9.0,100.0,50.0,0.0
psi3GRQf16,0,39.0,0,0.0,0.0,1.0,2.0,100.0,50.0,0.0
ayAMlZ65xL,3,44.0,1,0.0,0.0,2.8,9.333333333333334,100.0,100.0,12.5
XxazrBGQEH,3,39.0,1,0.0,0.0,2.0,2.0,100.0,25.0,0.0
cyaLfBcXXU,3,40.0,1,0.0,0.0,4.172413793103448,24.2,100.0,100.0,25.0
q54P79fkSr,1,47.0,0,0.0,0.0,5.205128205128205,33.833333333333336,100.0,100.0,50.0
oEy9bvZmSG,0,47.0,1,0.0,0.0,1.5,3.0,50.0,0.0,0.0
yvy7h8qyR4,0,43.0,0,0.0,0.0,1.9166666666666667,7.666666666666667,100.0,100.0,12.5
YY7iwOw7Vq,1,39.0,1,0.0,0.0,2.5,5.0,100.0,75.0,0.0
q3beLEmj2b,0,39.0,1,0.0,0.0,1.3333333333333333,4.0,100.0,75.0,0.0
InRzCnR9bz,1,38.0,1,0.0,0.0,2.25,4.5,100.0,75.0,0.0
rws4JoEzPw,3,32.0,1,0.0,0.0,1.0,1.0,100.0,25.0,0.0
ZAYhpGKXtP,0,35.0,1,0.0,0.0,4.888888888888889,14.666666666666666,100.0,100.0,12.5
hdt76sCAGz,0,53.0,1,0.0,0.0,3.953488372093023,24.285714285714285,100.0,100.0,62.5
rHMgnCWHpb,3,39.0,0,0.0,0.0,1.7857142857142858,4.166666666666667,50.0,0.0,0.0
S0V0yL984f,3,20.0,0,4.0,1.0,1.6923076923076923,4.4,100.0,75.0,0.0
SdMHskkLav,3,61.0,0,80.0,23.0,2.769230769230769,14.4,100.0,100.0,12.5
SegU0xS2Ag,3,37.0,1,0.0,0.0,2.0,2.0,100.0,25.0,0.0
bveOZs0fzz,0,52.0,0,10.0,2.0,1.6153846153846154,5.25,100.0,100.0,12.5
kIwdb2zuSH,1,43.0,0,2.8,1.0,3.5,7.0,100.0,50.0,0.0
jhMc0xm0s2,0,50.0,1,38.0,9.0,9.454545454545455,52.0,100.0,100.0,37.5
lmWoS0c6X4,3,44.0,1,0.0,0.0,3.0,3.0,100.0,25.0,0.0
inDQcpYm5L,3,39.0,1,0.0,0.0,2.0,2.0,50.0,0.0,0.0
D0NEa6HbSg,3,39.0,0,4.4,1.0,1.5,1.5,100.0,25.0,0.0
qDwR48wg4x,3,50.0,0,0.0,0.0,2.0,2.0,50.0,0.0,0.0
3wXo7GQbOu,3,52.0,1,0.0,0.0,7.0476190476190474,37.0,100.0,100.0,25.0
jGyJHvAJz6,3,34.0,1,4.0,1.0,1.7391304347826086,6.666666666666667,100.0,100.0,12.5
l282BUJwi0,3,31.0,0,4.0,1.0,3.0,6.0,100.0,25.0,0.0
KtXYvWQY0a,3,40.0,0,23.0,4.0,11.0,11.0,100.0,100.0,25.0
vBYOXl6wWR,0,39.0,1,0.0,0.0,7.0,25.666666666666668,100.0,100.0,12.5
BTiV6sNiIa,3,33.0,0,0.0,0.0,1.0,1.0,100.0,25.0,0.0
wraPYPkCKD,0,40.0,0,0.0,0.0,1.6153846153846154,3.0,100.0,0.0,0.0
FLo7JBhEme,0,39.0,1,0.0,0.0,4.0,4.0,100.0,0.0,0.0
cC6SxGwF3u,0,39.0,0,4.0,1.0,3.125,8.333333333333334,100.0,75.0,0.0
1hheWAloca,0,36.0,0,10.0,2.0,6.583333333333333,39.5,100.0,100.0,62.5
egU2gAh9fF,1,42.0,1,0.0,0.0,4.0,4.0,100.0,0.0,0.0
XkJ5nSLNin,3,50.0,1,0.0,0.0,7.761904761904762,54.333333333333336,100.0,100.0,50.0
8PnkmhWpyl,1,45.0,1,0.0,0.0,2.0,3.2,100.0,100.0,0.0
gReZjThjDQ,3,33.0,1,4.4,1.0,3.0,3.0,100.0,0.0,0.0
yARL6wsrxf,0,39.0,1,0.0,0.0,2.642857142857143,14.8,100.0,100.0,0.0
C5ZIIphZlS,3,44.0,0,4.0,1.0,1.125,3.0,100.0,25.0,0.0
s1DcrD2yF1,1,42.0,1,2.8,1.0,2.1818181818181817,10.285714285714286,100.0,100.0,25.0
Hn517axbTJ,1,39.0,0,0.0,0.0,3.0,12.0,100.0,75.0,0.0
BxdZy44ESm,3,39.0,1,4.0,1.0,2.25,3.6,100.0,75.0,0.0
2pMfLgoLxF,1,39.0,1,0.0,0.0,2.7142857142857144,9.5,100.0,100.0,0.0
mtvgmuHnf3,3,39.0,1,4.4,1.0,3.0,3.0,100.0,25.0,0.0
hji9ExHAlL,1,52.0,1,0.0,0.0,3.3333333333333335,5.0,50.0,0.0,0.0
dgTletHts0,0,35.0,0,0.0,0.0,3.0,15.75,100.0,100.0,37.5
yvWTZjdOTC,2,42.0,1,1.4,1.0,1.6,2.6666666666666665,100.0,100.0,0.0
8k8PqRixWl,0,39.0,0,0.0,0.0,1.0,1.0,100.0,75.0,0.0
27sIFdUQT5,1,34.0,1,0.0,0.0,1.0,1.3333333333333333,100.0,25.0,0.0
ngolyuM7wR,3,50.0,1,0.0,0.0,2.2162162162162162,13.666666666666666,100.0,0.0,0.0
6Vu7MZmhG4,0,39.0,1,0.0,0.0,1.8,4.5,100.0,0.0,0.0
PP14CfVj3j,3,39.0,1,0.0,0.0,5.5,11.0,100.0,50.0,0.0
caWrDzLwhR,1,45.0,1,0.0,0.0,1.2307692307692308,3.2,100.0,100.0,25.0
SVK1s1Zn9b,0,39.0,1,0.0,0.0,2.0,2.0,50.0,0.0,0.0
tWeaDmy2Ly,0,43.0,1,4.0,1.0,1.3333333333333333,2.0,100.0,0.0,0.0
7eiaRS6uK0,3,39.0,0,0.0,0.0,1.0,2.0,100.0,25.0,0.0
tHwoxoGznj,3,23.0,1,23.0,4.0,8.291666666666666,49.75,100.0,100.0,50.0
b7Q8oKQPEt,3,49.0,0,0.0,0.0,2.0,4.0,100.0,25.0,0.0
D9ywOP0z8D,1,38.0,0,0.0,0.0,2.1666666666666665,5.2,100.0,100.0,12.5
Sc4bUIfI35,3,39.0,0,0.0,0.0,5.478260869565218,36.0,100.0,100.0,50.0
HEMJoDTUi0,1,39.0,0,0.0,0.0,10.0,10.0,100.0,50.0,0.0
3kVzfGBBYl,3,39.0,0,0.0,0.0,1.0,2.0,100.0,0.0,0.0
k9lauxyChm,3,35.0,1,4.0,1.0,2.588235294117647,8.8,100.0,100.0,0.0
xsFCjdFIB8,0,37.0,1,0.0,0.0,4.0,4.0,100.0,100.0,37.5
xI4jo9DVr2,2,23.0,0,0.0,0.0,7.0,16.333333333333332,50.0,0.0,0.0
AGx0BnXsVr,1,37.0,0,0.0,0.0,1.8333333333333333,3.6666666666666665,100.0,75.0,0.0
gx78rX0qzK,1,36.0,1,0.0,0.0,2.0,2.0,100.0,0.0,0.0
Kh2r4d3Nvq,0,29.0,0,0.0,0.0,2.0,2.0,100.0,0.0,0.0
v3iA8HUBrd,3,42.0,0,0.0,0.0,2.2,3.6666666666666665,100.0,75.0,0.0
SAppmhhMJF,0,39.0,0,0.0,0.0,1.0,1.0,50.0,0.0,0.0
ysywBqAYKS,1,32.0,0,2.8,1.0,3.25,13.0,100.0,100.0,0.0
VxrSkeiLMa,2,47.0,1,0.0,0.0,1.5,3.0,100.0,25.0,0.0
meow1WbP2S,1,19.0,1,0.0,0.0,1.6666666666666667,5.0,100.0,50.0,0.0
ATWp0NHjUh,3,39.0,0,0.0,0.0,1.0,1.0,100.0,0.0,0.0
VJPcSmMa7Y,3,47.0,0,4.0,1.0,2.0,4.666666666666667,100.0,50.0,0.0
XiYD4QbEUE,3,23.0,1,22.0,3.0,2.25,4.5,100.0,75.0,0.0
cgCDVlYP4i,0,40.0,1,4.0,1.0,3.6,13.5,100.0,100.0,25.0
9lsbYI17CU,0,39.0,0,0.0,0.0,1.25,2.5,100.0,50.0,0.0
JitEX7q8yU,3,39.0,1,0.0,0.0,2.0,2.0,100.0,25.0,0.0
D0bMrhnvsJ,3,39.0,1,0.0,0.0,1.0,1.0,50.0,0.0,0.0
HIMSdxdQ3k,0,38.0,1,0.0,0.0,1.5,3.0,100.0,75.0,0.0
UUjClelf3a,3,39.0,1,0.0,0.0,2.0,2.0,100.0,0.0,0.0
SEDjdCLEu2,2,41.0,1,6.3,3.0,1.4285714285714286,5.0,100.0,75.0,0.0
lr0nPhKV83,3,55.0,0,0.0,0.0,2.0,2.0,100.0,0.0,0.0
Eg5OdzNVOu,0,53.0,0,0.0,0.0,1.0,1.5,100.0,25.0,0.0
gkeJMKFRcU,3,39.0,1,0.0,0.0,3.0,3.0,50.0,0.0,0.0
orwoZ80tNc,0,47.0,1,4.0,1.0,4.5,4.5,100.0,75.0,0.0
o8U6thzw5B,3,20.0,0,0.0,0.0,3.0,3.0,100.0,100.0,0.0
zz81JZ6cFF,0,48.0,1,0.0,0.0,4.133333333333334,20.666666666666668,100.0,100.0,25.0
pqUttFTPlb,1,39.0,1,2.8,1.0,1.5,1.5,100.0,75.0,0.0
wWOO60d69X,2,39.0,0,0.0,0.0,1.5714285714285714,5.5,100.0,25.0,0.0
mEnoFEvQ1p,3,50.0,0,0.0,0.0,2.0,2.0,100.0,25.0,0.0
MXaclfxRAE,0,39.0,0,0.0,0.0,2.3636363636363638,8.666666666666666,100.0,100.0,0.0
RikvXEYJO8,1,39.0,0,0.0,0.0,3.0,3.0,100.0,25.0,0.0
ed5PsLlNGx,1,36.0,1,0.0,0.0,2.0952380952380953,6.285714285714286,100.0,75.0,0.0
3CuDxoxYUx,0,55.0,0,4.0,1.0,3.5,7.0,100.0,75.0,0.0
nwWawQUIcj,3,39.0,1,0.0,0.0,2.0,2.0,100.0,25.0,0.0
VllMEznf89,1,35.0,1,0.0,0.0,2.0,2.0,100.0,0.0,0.0
C63IWUKJjZ,0,18.0,1,0.0,0.0,4.4,14.666666666666666,100.0,100.0,12.5
Qzt1qF1wnt,1,52.0,1,0.0,0.0,1.0,1.0,100.0,0.0,0.0
UlGId8AUHL,3,39.0,0,0.0,0.0,2.0,2.0,100.0,25.0,0.0
ReKFlwOfay,0,18.0,1,4.0,1.0,2.0,2.0,50.0,0.0,0.0
ochytcIMhq,3,40.0,1,0.0,0.0,1.5,1.5,100.0,25.0,0.0
o3V9EkLNEF,0,40.0,1,0.0,0.0,2.6666666666666665,4.0,100.0,75.0,0.0
GUvFx9cYzd,1,39.0,0,0.0,0.0,5.0,5.0,100.0,75.0,0.0
vd6CIBfmYm,1,62.0,1,2.8,1.0,10.2,51.0,100.0,100.0,75.0
2uBSDr8MHt,2,44.0,1,2.0,1.0,3.125,15.0,100.0,100.0,12.5
8VYbKosuAN,0,21.0,1,0.0,0.0,2.5555555555555554,7.666666666666667,100.0,100.0,0.0
LdcS9zddeP,3,31.0,1,4.0,1.0,2.4615384615384617,8.0,100.0,75.0,0.0
2q6SuQzuEF,3,42.0,1,20.0,3.0,2.111111111111111,6.333333333333333,100.0,50.0,0.0
YGFgq2w2B2,0,45.0,1,4.0,1.0,3.5,3.5,100.0,50.0,0.0
aggraoVuqe,0,47.0,0,4.0,1.0,8.307692307692308,54.0,100.0,100.0,50.0
YNUacQuTkc,0,32.0,0,0.0,0.0,2.625,10.5,100.0,100.0,12.5
UWLKFyvZYp,3,45.0,0,4.0,1.0,2.3333333333333335,3.5,100.0,50.0,0.0
vsxKN2Bh9L,3,18.0,0,0.0,0.0,4.0,4.0,100.0,25.0,0.0
xl6paff8aa,3,31.0,0,0.0,0.0,1.0,2.0,100.0,25.0,0.0
nt12ZolWan,3,29.0,1,0.0,0.0,1.0,1.0,100.0,25.0,0.0
EaidY4VneU,1,20.0,1,0.0,0.0,1.5,1.5,100.0,50.0,0.0
41B2hdPMyu,3,47.0,0,0.0,0.0,1.9565217391304348,6.428571428571429,100.0,100.0,12.5
Kav66DHLsS,2,39.0,0,0.0,0.0,1.0,1.0,100.0,25.0,0.0
yNt3XnhcTk,1,39.0,0,0.0,0.0,2.0,2.0,100.0,0.0,0.0
dF47SO7rfA,2,40.0,1,0.0,0.0,1.0,1.0,50.0,0.0,0.0
P4h8Hc3pdj,0,33.0,1,0.0,0.0,1.8888888888888888,5.666666666666667,100.0,100.0,0.0
wdhPfuhbD0,3,39.0,1,0.0,0.0,1.0,1.0,100.0,25.0,0.0
FRSnc3BwGG,3,48.0,1,0.0,0.0,5.285714285714286,18.5,100.0,100.0,0.0
pb0nqw692K,3,35.0,1,0.0,0.0,1.6666666666666667,5.0,100.0,25.0,0.0
AIxSzRSOLk,3,41.0,1,0.0,0.0,1.0,1.0,100.0,25.0,0.0
21Md7qy8zu,1,53.0,0,0.0,0.0,1.0,1.0,100.0,50.0,0.0
5sRtcmq1ba,3,30.0,0,4.0,1.0,4.769230769230769,20.666666666666668,100.0,100.0,37.5
tlG4kht4ai,0,39.0,0,0.0,0.0,2.6666666666666665,8.0,100.0,75.0,0.0
KyCLTBRY8T,2,18.0,1,0.0,0.0,1.3333333333333333,8.8,100.0,25.0,0.0
EWy5E1pGaS,0,30.0,1,0.0,0.0,1.75,7.0,100.0,75.0,0.0
DD1es0GvoI,0,33.0,0,0.0,0.0,3.3529411764705883,14.25,100.0,100.0,12.5
rGEUELygYY,3,39.0,0,0.0,0.0,1.0,1.0,50.0,0.0,0.0
AivgP6c5jJ,3,46.0,1,4.0,1.0,1.5,3.0,100.0,25.0,0.0
qp09OhSePk,3,28.0,0,0.0,0.0,2.0,3.0,100.0,25.0,0.0
cIyXREa4Yd,2,39.0,1,6.8999996,3.0,3.5384615384615383,18.4,100.0,100.0,62.5
LKtv45kj80,3,39.0,0,0.0,0.0,1.3333333333333333,4.0,100.0,25.0,0.0
UKH0Og2vXg,3,39.0,1,0.0,0.0,3.0,3.0,100.0,0.0,0.0
16K8Vtx9kH,0,39.0,1,0.0,0.0,2.0,2.0,100.0,25.0,0.0
LOvpK2pUd0,0,30.0,0,10.0,2.0,5.64,35.25,100.0,100.0,25.0
mlk29yw7vo,0,42.0,0,0.0,0.0,3.0,6.0,100.0,100.0,0.0
IcMA5DuQOQ,1,39.0,0,0.0,0.0,2.3333333333333335,4.666666666666667,100.0,50.0,0.0
nXfVA2u3Xn,0,25.0,1,0.0,0.0,1.8333333333333333,5.5,100.0,100.0,0.0
Hd91U4Ant0,1,31.0,1,19.599998,5.0,10.384615384615385,67.5,100.0,100.0,37.5
GpDOjA9Ch3,1,43.0,1,0.0,0.0,1.5,3.0,100.0,75.0,0.0
tPBmfyUzmN,1,58.0,0,0.0,0.0,3.2,8.0,100.0,75.0,0.0
OhKd3oIE96,2,39.0,1,0.0,0.0,1.5454545454545454,8.5,100.0,25.0,0.0
cy2INrbgRM,0,38.0,0,0.0,0.0,3.5,7.0,100.0,100.0,0.0
oeGHdsKDWS,0,39.0,0,0.0,0.0,4.125,11.0,100.0,75.0,0.0
URmrWL3EAF,3,39.0,1,0.0,0.0,1.6666666666666667,2.5,100.0,25.0,0.0
etfAqswOI5,0,41.0,1,0.0,0.0,1.875,7.5,100.0,100.0,0.0
t9ptbUswyw,3,39.0,1,0.0,0.0,1.0,1.0,100.0,0.0,0.0
QUxhhK1Fk1,3,37.0,0,4.0,1.0,3.888888888888889,17.5,100.0,75.0,0.0
MMUtnYrBeq,3,39.0,1,4.0,1.0,3.0,7.5,100.0,50.0,0.0
YmhGkizggO,0,29.0,0,0.0,0.0,4.909090909090909,27.0,100.0,100.0,12.5
Fd9sgs1xb9,3,21.0,0,0.0,0.0,3.0,3.0,100.0,0.0,0.0
WojStQvfkc,0,35.0,1,0.0,0.0,1.3333333333333333,4.0,100.0,100.0,37.5
kn84USVYYK,1,39.0,0,0.0,0.0,1.0,2.0,50.0,0.0,0.0
h0Z3QGeNn9,1,41.0,0,2.8,1.0,3.96,24.75,100.0,100.0,62.5
WDNz9ZRNia,0,39.0,1,0.0,0.0,1.0,1.0,50.0,0.0,0.0
P6AxqDizra,3,23.0,0,4.0,1.0,1.9090909090909092,6.0,100.0,100.0,12.5
xUpsjVcZS6,1,58.0,0,0.0,0.0,2.6,6.5,100.0,100.0,12.5
ttsuAQAkC5,3,34.0,1,0.0,0.0,1.3333333333333333,4.0,100.0,50.0,0.0
GL2D8rzHOF,0,45.0,0,4.0,1.0,1.0714285714285714,5.0,100.0,100.0,12.5
dy7KW0QWsy,1,39.0,0,0.0,0.0,2.0,2.0,100.0,0.0,0.0
GoqmNknU0M,1,37.0,0,0.0,0.0,2.3333333333333335,3.5,100.0,75.0,0.0
kPl3pv1933,0,39.0,1,0.0,0.0,1.75,4.666666666666667,100.0,50.0,0.0
tFHFyf4MLP,1,39.0,0,0.0,0.0,2.0,2.0,100.0,75.0,0.0
JVzxBi2lJC,1,39.0,0,0.0,0.0,2.0,3.0,100.0,50.0,0.0
p0LMon68Hp,1,39.0,0,0.0,0.0,2.4,4.0,100.0,100.0,0.0
EYgCOCzyWr,0,50.0,1,20.0,3.0,4.526315789473684,21.5,100.0,100.0,37.5
KXNyCy13Km,1,39.0,1,7.0,2.0,1.725,8.625,100.0,100.0,25.0
xzr9a0fcGX,3,41.0,0,0.0,0.0,1.75,2.3333333333333335,50.0,0.0,0.0
yo2vW8zgFs,1,31.0,0,0.0,0.0,6.5,13.0,50.0,0.0,0.0
syXX2hpfkW,0,43.0,1,0.0,0.0,3.076923076923077,20.0,100.0,100.0,25.0
6uNOJhC23s,3,39.0,0,20.0,3.0,1.8596491228070176,10.6,100.0,100.0,37.5
FWghPjqHmg,1,40.0,0,0.0,0.0,1.0,3.0,100.0,50.0,0.0
DMr9PpyVkg,0,74.0,1,20.0,3.0,3.6551724137931036,17.833333333333332,100.0,100.0,12.5
hVhTBnxhIG,3,39.0,1,0.0,0.0,2.0,2.0,100.0,25.0,0.0
xtMMkUd8yU,3,60.0,1,0.0,0.0,4.0,8.0,100.0,25.0,0.0
B4Ym1d4M33,1,35.0,1,0.0,0.0,2.0,7.0,100.0,75.0,0.0
yLWqqR5RoG,1,39.0,1,0.0,0.0,1.6,4.0,100.0,100.0,0.0
iV7EoMUpaC,0,35.0,1,0.0,0.0,2.0,4.0,100.0,50.0,0.0
GgPrIuhOm7,3,36.0,0,0.0,0.0,1.5,1.5,100.0,0.0,0.0
DpEXE5VOJv,1,36.0,1,0.0,0.0,1.3333333333333333,2.0,100.0,50.0,0.0
Meh9mJZy0C,1,43.0,1,0.0,0.0,1.0,1.0,50.0,0.0,0.0
MaslLN4Tdj,2,38.0,1,0.0,0.0,4.0,16.0,100.0,75.0,0.0
mNNe6MCp4R,3,63.0,0,0.0,0.0,2.0,8.0,100.0,25.0,0.0
yvSviBc1kw,3,44.0,0,0.0,0.0,1.6666666666666667,5.0,100.0,50.0,0.0
wRtkIJ7XRQ,1,32.0,1,0.0,0.0,2.5,5.0,100.0,0.0,0.0
ofvQUnwwcI,3,39.0,0,0.0,0.0,7.0,7.0,100.0,25.0,0.0
D6VqHE4HwJ,3,28.0,0,0.0,0.0,1.5714285714285714,3.6666666666666665,100.0,75.0,0.0
aWZ9MWrhrU,0,24.0,1,0.0,0.0,1.0,1.0,50.0,0.0,0.0
GEbb2rxyNB,3,30.0,0,0.0,0.0,7.333333333333333,22.0,100.0,50.0,0.0
LY61qhojP9,0,42.0,1,0.0,0.0,2.0,4.0,100.0,50.0,0.0
cePX58UxwD,0,33.0,1,4.0,1.0,7.555555555555555,45.333333333333336,100.0,100.0,37.5
S52RYvuwV7,1,39.0,1,0.0,0.0,2.0,2.0,100.0,0.0,0.0
g3Hukp0vNl,1,40.0,1,2.8,1.0,3.96,19.8,100.0,100.0,50.0
J5vYysJGuL,3,48.0,0,0.0,0.0,2.5,5.0,100.0,25.0,0.0
CJmBmybTaW,1,38.0,1,0.0,0.0,1.0,1.0,100.0,50.0,0.0
M6idYTy2Xw,1,28.0,0,0.0,0.0,1.0,1.0,100.0,0.0,0.0
XShdcmC3QN,3,39.0,1,0.0,0.0,1.0,1.0,50.0,0.0,0.0
nCMgdo8WWe,0,40.0,1,29.0,6.0,3.6666666666666665,18.333333333333332,100.0,25.0,0.0
OyEj3Q9TBK,0,21.0,1,4.0,1.0,2.0,2.0,100.0,75.0,0.0
3D0vKdrD2f,1,39.0,1,0.0,0.0,12.5,25.0,100.0,75.0,0.0
Vv5IGb8n9F,3,47.0,1,0.0,0.0,2.5,5.0,100.0,25.0,0.0
krumvpMNxT,2,44.0,0,0.0,0.0,5.5,16.5,100.0,25.0,0.0
cHWqmVFUtj,0,39.0,1,0.0,0.0,4.0,16.0,100.0,75.0,0.0
YTWScrZmo5,1,39.0,0,0.0,0.0,3.0,3.0,100.0,50.0,0.0
QnypiKtIO5,1,39.0,0,0.0,0.0,1.5,3.0,100.0,75.0,0.0
o55mBKZgie,0,28.0,0,0.0,0.0,2.5,5.0,100.0,50.0,0.0
uxinFqZ95B,3,29.0,0,0.0,0.0,2.0,3.0,100.0,25.0,0.0
0hJGS9TL9f,0,25.0,0,0.0,0.0,2.0,4.0,100.0,50.0,0.0
odJO8udcZY,1,49.0,1,2.8,1.0,4.5,9.0,100.0,50.0,0.0
reb22i0l8o,0,39.0,1,0.0,0.0,2.3333333333333335,7.0,100.0,75.0,0.0
7ut9Qyu0Um,0,39.0,0,0.0,0.0,2.0,2.0,100.0,0.0,0.0
jlnPLAKnpD,3,45.0,0,0.0,0.0,2.0,7.0,100.0,50.0,0.0
ehAM8AvwkS,0,39.0,0,0.0,0.0,2.0,8.0,100.0,25.0,0.0
9uHmsbOyoK,0,39.0,1,20.0,3.0,3.111111111111111,9.333333333333334,100.0,100.0,0.0
Hj6m7ruiWd,1,39.0,0,0.0,0.0,3.1538461538461537,13.666666666666666,100.0,100.0,25.0
F4xve9gKG3,3,31.0,1,10.0,2.0,1.6666666666666667,2.5,100.0,50.0,0.0
YiDooDAWjK,1,45.0,1,0.0,0.0,3.1315789473684212,14.875,100.0,100.0,37.5
A1MimJMhR0,0,31.0,1,0.0,0.0,2.0,2.0,100.0,25.0,0.0
RQ3V0Fy6gJ,0,39.0,1,0.0,0.0,5.0,5.0,100.0,25.0,0.0
TqU3deaiN2,3,39.0,0,4.0,1.0,1.5,1.5,100.0,25.0,0.0
Ot8Zi1NsxH,1,38.0,0,0.0,0.0,3.0,3.0,100.0,25.0,0.0
NwBk45k1hO,0,42.0,0,10.0,2.0,5.611111111111111,28.857142857142858,100.0,100.0,75.0
7GvSWxBgca,1,39.0,0,2.8,1.0,2.0,2.0,50.0,0.0,0.0
YZ4Qm7AWMp,1,39.0,1,0.0,0.0,2.0,2.0,100.0,0.0,0.0
pz1o2G9DzM,1,36.0,1,0.0,0.0,3.0,6.0,100.0,75.0,0.0
n6JDK5i6CA,1,59.0,0,15.4,3.0,1.0,2.5,100.0,75.0,0.0
AfWa0TQhEi,3,35.0,1,0.0,0.0,2.0,2.0,100.0,25.0,0.0
Fo9KFzD3hf,3,29.0,0,0.0,0.0,5.666666666666667,17.0,100.0,50.0,0.0
LkzeeRiffU,1,38.0,0,0.0,0.0,7.0,7.0,100.0,25.0,0.0
O3B1DDPglL,1,39.0,1,0.0,0.0,2.4,12.0,100.0,75.0,0.0
u7gYhkWWwH,1,36.0,1,0.0,0.0,7.0,24.5,100.0,100.0,12.5
dsBSc6ych4,0,55.0,0,0.0,0.0,1.8235294117647058,7.75,100.0,100.0,37.5
c4ZZlcQT3J,3,37.0,0,0.0,0.0,1.5,1.5,100.0,25.0,0.0
0rlmcoHgJW,1,28.0,1,0.0,0.0,3.0,3.0,50.0,0.0,0.0
4F1sRArX9g,1,39.0,0,0.0,0.0,3.0,18.0,100.0,25.0,0.0
oJysiikLwL,1,39.0,1,0.0,0.0,2.903225806451613,11.25,100.0,25.0,0.0
dPrVZLKWcu,1,36.0,1,0.0,0.0,2.875,5.75,100.0,75.0,0.0
l1kz9R63fO,3,49.0,0,0.0,0.0,1.0,1.0,100.0,0.0,0.0
piDRl1Son8,3,54.0,0,0.0,0.0,1.0,1.0,100.0,25.0,0.0
q5kUewkRml,3,23.0,1,0.0,0.0,1.0,2.0,100.0,25.0,0.0
ErB5eqm37i,3,39.0,0,0.0,0.0,2.0,2.0,100.0,25.0,0.0
srTqqAeiDN,1,39.0,1,2.8,1.0,3.2857142857142856,7.666666666666667,100.0,100.0,0.0
eEzKxbpkGq,0,39.0,1,0.0,0.0,2.3333333333333335,7.0,100.0,50.0,0.0
dlGmEqBWIj,0,44.0,1,0.0,0.0,2.375,9.5,100.0,100.0,0.0
alFDPLQs1x,0,35.0,1,0.0,0.0,3.0,6.0,50.0,0.0,0.0
EzfAp4Eheq,3,39.0,0,10.0,2.0,2.272727272727273,5.0,100.0,75.0,0.0
CTcxQje9yo,0,39.0,0,4.0,1.0,6.0,10.0,100.0,100.0,0.0
zch1S0BJBz,3,39.0,1,0.0,0.0,2.0,2.0,100.0,0.0,0.0
krRTAzRQZy,0,46.0,0,0.0,0.0,4.0,12.0,100.0,50.0,0.0
CAXYwjzoRV,3,45.0,0,4.0,1.0,2.4705882352941178,10.5,100.0,25.0,0.0
46giDlCfrA,1,26.0,1,0.0,0.0,5.0,5.0,100.0,0.0,0.0
gd06bTrVoZ,0,41.0,1,0.0,0.0,2.5,5.0,100.0,25.0,0.0
0WlC0YBd22,2,42.0,1,0.0,0.0,6.583333333333333,39.5,100.0,75.0,0.0
U97GlkdAcf,0,23.0,0,20.0,3.0,2.5,10.0,100.0,100.0,0.0
gpvgwFhI5C,1,54.0,0,7.0,2.0,3.6956521739130435,21.25,100.0,50.0,0.0
zdrXCpZnD2,0,39.0,1,0.0,0.0,6.0,6.0,100.0,25.0,0.0
bW3TetVUrT,3,42.0,1,0.0,0.0,1.0,1.0,100.0,25.0,0.0
uRizJks3Ci,1,39.0,1,2.8,1.0,1.4,3.5,100.0,50.0,0.0
NdZJEhMSn1,1,37.0,0,0.0,0.0,2.0,2.0,100.0,25.0,0.0
RPTVd5NPK8,1,30.0,0,0.0,0.0,2.0,2.0,100.0,25.0,0.0
Nzc4lDf3YY,3,36.0,0,0.0,0.0,2.272727272727273,6.25,50.0,0.0,0.0
ST1TBGYIWG,3,44.0,1,20.0,3.0,4.761904761904762,25.0,100.0,100.0,25.0
oShv5mVBC2,0,30.0,0,20.0,3.0,3.0,3.0,100.0,25.0,0.0
2TP0cQ0AJM,3,23.0,0,0.0,0.0,1.0,1.0,50.0,0.0,0.0
ISUnfNzy3j,3,39.0,1,0.0,0.0,1.0,1.0,100.0,25.0,0.0
yYqfnXpMDx,3,47.0,1,0.0,0.0,5.0,5.0,100.0,25.0,0.0
MdjQo3St2c,0,39.0,0,0.0,0.0,2.4444444444444446,11.0,100.0,50.0,0.0
e89MduVLjQ,0,40.0,1,0.0,0.0,10.8,54.0,100.0,100.0,37.5
ff8p8Wk2Ai,1,27.0,0,0.0,0.0,1.5,3.0,100.0,50.0,0.0
R52uSr5ce6,1,65.0,1,2.8,1.0,1.7142857142857142,6.0,100.0,100.0,0.0
T4i693xiSw,3,39.0,0,0.0,0.0,1.0,1.0,100.0,25.0,0.0
ltctxfInrK,1,40.0,0,0.0,0.0,1.0,1.0,100.0,75.0,0.0
1GcLUZ7drh,0,39.0,0,0.0,0.0,1.5,3.0,100.0,100.0,0.0
V9T1uUsrX1,3,37.0,1,0.0,0.0,2.0,2.0,100.0,25.0,0.0
RXUbTEGvj1,1,44.0,1,33.6,10.0,4.923076923076923,32.0,100.0,100.0,25.0
j6BOPw7sTy,3,59.0,1,0.0,0.0,2.769230769230769,9.0,100.0,75.0,0.0
lPVC3E81AI,1,39.0,1,0.0,0.0,2.0,2.0,100.0,50.0,0.0
20AJUxUeuZ,2,46.0,1,0.0,0.0,4.0,16.0,100.0,75.0,0.0
0Oe9mLPP74,3,39.0,0,4.0,1.0,2.0,2.0,100.0,0.0,0.0
RW6dqFueHR,3,39.0,0,0.0,0.0,1.0,1.0,100.0,0.0,0.0
bP7FMn9qxy,3,39.0,1,0.0,0.0,1.0,1.0,100.0,25.0,0.0
BV3ue2oEXz,0,47.0,1,0.0,0.0,3.0,3.0,50.0,0.0,0.0
qeKZVvxWjU,1,39.0,1,0.0,0.0,1.6666666666666667,2.5,100.0,50.0,0.0
5higut0m5P,3,39.0,1,0.0,0.0,3.0,3.0,100.0,25.0,0.0
DyED4fOzsr,1,39.0,1,0.0,0.0,4.0,8.0,100.0,75.0,0.0
Mcu4UCxdAB,3,39.0,1,4.4,1.0,1.4,2.3333333333333335,100.0,50.0,0.0
8ieIzWzoNq,3,46.0,1,0.0,0.0,2.0,2.0,100.0,0.0,0.0
vCiYHyFSO1,0,39.0,1,0.0,0.0,3.0,3.0,100.0,25.0,0.0
eEclYrcJmz,3,34.0,0,4.0,1.0,2.0,3.0,100.0,0.0,0.0
R5yJmP2Ujg,0,40.0,0,0.0,0.0,2.2857142857142856,12.0,100.0,100.0,12.5
YDN95uW7JO,0,47.0,0,0.0,0.0,4.75,19.0,100.0,50.0,0.0
p3MAfxexw5,3,45.0,0,0.0,0.0,1.5625,4.166666666666667,100.0,100.0,0.0
M5eLyrnj2R,3,57.0,0,0.0,0.0,1.0,1.0,50.0,0.0,0.0
Tvas2w1bgV,3,54.0,0,0.0,0.0,1.1428571428571428,2.0,100.0,25.0,0.0
dS6S2GvECs,0,39.0,0,0.0,0.0,3.0,3.0,100.0,50.0,0.0
AnnDxJVY4f,0,25.0,1,0.0,0.0,2.5,5.0,100.0,50.0,0.0
oV6O61IgRP,0,39.0,0,0.0,0.0,2.6666666666666665,8.0,100.0,75.0,0.0
S2DIDgaA0K,0,51.0,1,0.0,0.0,4.333333333333333,6.5,100.0,75.0,0.0
PbZSHgasOJ,1,54.0,1,0.0,0.0,6.0,6.0,100.0,25.0,0.0
WNAcsjYcDv,0,36.0,1,0.0,0.0,3.0,3.0,100.0,25.0,0.0
xWrCbS2h0X,3,48.0,0,0.0,0.0,1.5,3.0,100.0,25.0,0.0
j0CTuUmKay,3,18.0,0,0.0,0.0,4.333333333333333,13.0,100.0,75.0,0.0
OirnAyibR6,3,50.0,1,0.0,0.0,2.2903225806451615,10.142857142857142,100.0,100.0,0.0
JEt5FBqY71,3,37.0,1,4.0,1.0,2.0,5.5,100.0,100.0,25.0
6htEaFKXb8,0,53.0,1,10.0,2.0,3.236842105263158,20.5,100.0,0.0,0.0
5Q2NrmMeg3,0,44.0,1,0.0,0.0,5.0,10.0,100.0,50.0,0.0
QiZbp1CJEC,3,18.0,1,0.0,0.0,1.0,1.0,100.0,0.0,0.0
qi6p5xOYxg,3,53.0,1,0.0,0.0,2.0,2.0,100.0,50.0,0.0
OGuGtJcf2o,3,24.0,0,0.0,0.0,1.0,1.0,100.0,25.0,0.0
Q1kenPYzRH,1,41.0,1,7.0,2.0,1.625,6.5,100.0,100.0,25.0
4v65Abclin,3,51.0,0,0.0,0.0,1.5,3.0,100.0,25.0,0.0
O2F4tcgxnq,0,35.0,0,4.0,1.0,5.571428571428571,26.0,100.0,100.0,37.5
njWd7SHWfg,0,39.0,1,0.0,0.0,1.0,1.0,50.0,0.0,0.0
JpIDW79vpt,0,58.0,0,4.0,1.0,2.0,10.0,100.0,100.0,25.0
2KMwshXiXZ,3,41.0,0,0.0,0.0,4.5,9.0,100.0,25.0,0.0
fDFzkuEuDt,3,48.0,0,0.0,0.0,2.5,2.5,100.0,25.0,0.0
sZzKy9re79,0,39.0,0,0.0,0.0,1.0,1.0,50.0,0.0,0.0
3yIe0mFiby,0,37.0,1,0.0,0.0,2.0,2.0,50.0,0.0,0.0
YSs0pFIeSg,2,25.0,1,0.0,0.0,1.0,1.0,100.0,25.0,0.0
LlWyVh0QVH,2,34.0,0,0.0,0.0,1.3333333333333333,4.0,100.0,25.0,0.0
SVQpOS9DIK,0,39.0,0,0.0,0.0,3.4444444444444446,15.5,100.0,100.0,0.0
lnElBGxJdv,0,38.0,0,10.0,2.0,3.357142857142857,20.142857142857142,100.0,100.0,37.5
5yKvx7PzZb,0,23.0,1,0.0,0.0,2.375,13.571428571428571,100.0,100.0,37.5
tjYtd6PHaB,3,45.0,0,0.0,0.0,3.0,3.0,100.0,25.0,0.0
2mDIQ9Cb9F,3,67.0,0,20.0,3.0,5.388059701492537,36.1,100.0,100.0,62.5
TluJcGtTWd,0,39.0,0,0.0,0.0,1.3333333333333333,4.0,100.0,50.0,0.0
S1HVO7x6eo,0,41.0,0,0.0,0.0,3.75,10.0,100.0,25.0,0.0
qviDOe3P5u,3,35.0,1,0.0,0.0,1.0,2.0,100.0,25.0,0.0
3rXefWPlSs,1,39.0,1,2.8,1.0,2.5,15.0,100.0,100.0,0.0
eqaUHWTHbd,1,29.0,1,0.0,0.0,5.583333333333333,33.5,100.0,100.0,12.5
Dw4izsiuvC,1,45.0,0,0.0,0.0,3.0,3.0,100.0,50.0,0.0
xpEeMHep5Q,3,48.0,1,0.0,0.0,4.5,4.5,100.0,25.0,0.0
rneGgF8fuh,3,39.0,0,0.0,0.0,2.3333333333333335,7.0,100.0,50.0,0.0
5uN8L193bA,3,59.0,1,0.0,0.0,1.0,1.0,100.0,25.0,0.0
3MrHSiYY0r,3,50.0,0,4.0,1.0,1.9210526315789473,8.11111111111111,100.0,100.0,12.5
pXyAnUruXS,0,39.0,0,0.0,0.0,1.68,10.5,100.0,100.0,50.0
qY7ynUD7b3,1,53.0,0,0.0,0.0,1.0,1.0,100.0,50.0,0.0
b6NHXHCLXz,2,39.0,0,0.0,0.0,1.5454545454545454,4.25,100.0,25.0,0.0
JMrpGtyGhP,1,41.0,0,0.0,0.0,1.75,7.0,100.0,75.0,0.0
4WzujjpL06,2,39.0,1,0.0,0.0,3.0,3.0,100.0,25.0,0.0
2jeFgTJbiL,0,42.0,0,0.0,0.0,1.0,1.0,100.0,0.0,0.0
yY2oeSACxy,0,45.0,1,0.0,0.0,1.0,1.0,100.0,25.0,0.0
ubqCkHfVkK,1,27.0,1,0.0,0.0,1.0,1.0,50.0,0.0,0.0
1oYIb2OPKZ,3,39.0,1,0.0,0.0,1.0,1.0,50.0,0.0,0.0
cmSsdocXAR,1,39.0,1,0.0,0.0,2.0,2.0,100.0,0.0,0.0
NRNgpWHZFG,3,54.0,1,0.0,0.0,1.0,1.0,100.0,0.0,0.0
reNlyEf75c,3,31.0,1,0.0,0.0,2.3333333333333335,3.5,100.0,100.0,0.0
xCI45dnbOX,0,39.0,0,0.0,0.0,4.0,4.0,100.0,50.0,0.0
ZOOhw8wwiK,3,51.0,1,0.0,0.0,2.0,4.0,100.0,0.0,0.0
V0KbPTKJbW,3,38.0,0,20.0,3.0,1.631578947368421,3.875,100.0,100.0,0.0
raXxzKk6Qk,3,28.0,1,20.0,3.0,3.25,13.0,100.0,50.0,0.0
1Y2XEJZJlH,3,22.0,1,0.0,0.0,2.0,2.0,50.0,0.0,0.0
j7kOFfrFDz,1,39.0,0,0.0,0.0,4.0,4.0,100.0,50.0,0.0
WJBAsDvuYf,1,39.0,1,0.0,0.0,3.8,6.333333333333333,100.0,25.0,0.0
t4F4hz6LzF,0,45.0,1,0.0,0.0,3.6842105263157894,17.5,100.0,100.0,25.0
0uO4Kil2oM,2,53.0,0,0.0,0.0,1.0,1.0,50.0,0.0,0.0
GIcd5Pyi30,0,39.0,0,0.0,0.0,1.6666666666666667,2.5,100.0,25.0,0.0
iQWGNMqGhB,3,29.0,0,4.0,1.0,2.0,6.0,100.0,25.0,0.0
ARITAW91cr,0,39.0,0,0.0,0.0,2.6,13.0,100.0,100.0,12.5
q7D2e1bPAl,0,39.0,1,0.0,0.0,2.0,2.0,100.0,50.0,0.0
B7WU6Ynuex,0,40.0,0,0.0,0.0,4.842105263157895,23.0,100.0,75.0,0.0
92GEgIMdHe,3,36.0,1,0.0,0.0,1.875,3.75,100.0,100.0,0.0
rMxWnUFzD6,2,41.0,0,0.0,0.0,3.0,4.5,100.0,25.0,0.0
qIGh22eRiv,0,30.0,0,10.0,2.0,1.0,2.0,100.0,50.0,0.0
L874uw76zl,1,57.0,0,0.0,0.0,2.4285714285714284,12.75,100.0,50.0,0.0
gE8vKqmEMr,2,39.0,0,0.0,0.0,6.666666666666667,20.0,100.0,50.0,0.0
ZGTdcaogyq,3,39.0,0,4.0,1.0,4.02,25.125,100.0,100.0,75.0
oizcIKwpIL,3,21.0,0,0.0,0.0,3.0,9.0,100.0,75.0,0.0
5yxa4Da5gG,1,46.0,1,0.0,0.0,8.571428571428571,60.0,100.0,100.0,50.0
47Ezak2Yno,3,45.0,1,4.0,1.0,2.0,8.0,100.0,75.0,0.0
LD8xUMJ99E,3,67.0,0,4.0,1.0,2.7083333333333335,9.285714285714286,100.0,100.0,0.0
3PTT6IuLHk,0,39.0,0,4.0,1.0,3.6666666666666665,11.0,100.0,100.0,0.0
sYoiplA3Zs,3,36.0,0,4.0,1.0,1.5,3.0,100.0,0.0,0.0
8zxH4D6rga,1,40.0,0,0.0,0.0,2.0,2.0,100.0,75.0,0.0
JABcm6CjC3,3,39.0,1,0.0,0.0,2.0,2.0,100.0,0.0,0.0
Hip1ZneHAP,0,39.0,0,0.0,0.0,3.0526315789473686,11.6,100.0,100.0,25.0
yaf8bFNjKZ,3,39.0,1,0.0,0.0,3.5,3.5,100.0,50.0,0.0
pPKiKvaBp3,0,39.0,0,0.0,0.0,1.0,1.5,100.0,50.0,0.0
abfMTpUANN,3,39.0,0,0.0,0.0,1.0,1.0,50.0,0.0,0.0
LBFRa7HXLv,1,39.0,0,2.8,1.0,2.5,5.0,100.0,50.0,0.0
3UMUd8mKa1,3,34.0,1,0.0,0.0,2.0,2.0,100.0,25.0,0.0
poKU4sYqKJ,0,39.0,0,0.0,0.0,4.510204081632653,31.571428571428573,100.0,100.0,25.0
JSPOoBZG1Q,0,33.0,0,0.0,0.0,3.6666666666666665,22.0,100.0,75.0,0.0
m8jw2zYXHv,3,38.0,0,0.0,0.0,2.0,2.0,100.0,0.0,0.0
5o6L4ONIkV,0,40.0,1,0.0,0.0,1.0,1.0,100.0,25.0,0.0
oxPLQBOKQD,0,46.0,1,4.0,1.0,2.6,6.5,100.0,75.0,0.0
e0B2H3G9Mv,1,49.0,1,0.0,0.0,2.64,13.2,100.0,100.0,12.5
w4gOSHuIEb,1,39.0,0,0.0,0.0,1.0,1.0,50.0,0.0,0.0
xlNQmi0s90,3,38.0,1,0.0,0.0,3.0,6.0,100.0,25.0,0.0
U5LcIsz0xo,0,33.0,1,0.0,0.0,2.0,2.0,100.0,0.0,0.0
a3bKYjbqyG,0,39.0,1,0.0,0.0,1.0,1.0,50.0,0.0,0.0
0OR4I8VuE7,3,39.0,1,4.0,1.0,4.774193548387097,29.6,100.0,100.0,25.0
sIHLtZMD3e,0,39.0,0,0.0,0.0,4.0,4.0,100.0,50.0,0.0
OKmOazSOSd,3,39.0,1,0.0,0.0,1.0,1.0,100.0,25.0,0.0
GbkqjW0vBk,3,39.0,1,0.0,0.0,2.5,2.5,100.0,0.0,0.0
l7vbcblKZL,3,39.0,0,0.0,0.0,3.0,3.0,100.0,25.0,0.0
IasypOGHOh,3,22.0,1,4.0,1.0,3.090909090909091,8.5,100.0,50.0,0.0
TXOpA7OZiE,1,39.0,1,0.0,0.0,1.0,1.0,50.0,0.0,0.0
BHhe1QvWED,0,29.0,1,4.0,1.0,7.5,33.0,100.0,100.0,50.0
k4wt4wp5Du,3,57.0,0,0.0,0.0,1.0,1.0,100.0,0.0,0.0
kGOQflBEuf,3,48.0,1,0.0,0.0,2.1666666666666665,3.25,100.0,50.0,0.0
nurynNcRvJ,0,41.0,1,4.0,1.0,1.3333333333333333,4.0,100.0,75.0,0.0
6VPPEIxK17,1,39.0,0,0.0,0.0,1.9285714285714286,6.75,100.0,100.0,12.5
CCqgIzRYSO,3,26.0,0,0.0,0.0,5.0,5.0,100.0,0.0,0.0
9hU115A6Pl,3,48.0,1,0.0,0.0,1.0,1.0,100.0,0.0,0.0
cU933wsDk4,0,23.0,0,0.0,0.0,3.0,6.0,100.0,50.0,0.0
TjekCmKnwD,3,39.0,1,0.0,0.0,1.5,3.0,100.0,25.0,0.0
NrXJdI2yjL,3,56.0,0,77.0,22.0,4.142857142857143,29.0,100.0,100.0,75.0
foceaiNFHm,0,24.0,1,0.0,0.0,1.0,1.0,100.0,50.0,0.0
DtA93cjGCJ,0,34.0,0,0.0,0.0,1.6666666666666667,2.5,100.0,50.0,0.0
qOU9BcYSoc,1,30.0,1,0.0,0.0,1.0,1.0,100.0,50.0,0.0
KNvW9IpSgM,0,39.0,1,0.0,0.0,2.0,4.0,100.0,75.0,0.0
H0jwoWZXvg,0,38.0,0,4.0,1.0,1.8333333333333333,5.5,100.0,75.0,0.0
Y5qPnA3wZH,0,35.0,0,0.0,0.0,3.5,3.5,100.0,50.0,0.0
Pxf3S1AQdV,1,74.0,1,16.8,4.0,1.5,1.5,100.0,50.0,0.0
QCWSMHRLRi,0,55.0,1,0.0,0.0,2.0,4.0,100.0,100.0,0.0
OHt3Hr4D1V,3,44.0,1,0.0,0.0,1.0,1.0,100.0,0.0,0.0
sHCZIHtSxs,3,32.0,0,0.0,0.0,4.25,5.666666666666667,50.0,0.0,0.0
nulRyZdddG,0,39.0,1,0.0,0.0,2.5,5.0,50.0,0.0,0.0
YS5e4eyeiO,0,36.0,0,0.0,0.0,2.5,5.0,100.0,75.0,0.0
twsAhVOiGk,0,43.0,1,0.0,0.0,3.0,3.0,100.0,75.0,0.0
OFHaWf3HHi,1,47.0,0,0.0,0.0,2.0,2.0,100.0,25.0,0.0
m7HvWwaEOA,1,48.0,0,0.0,0.0,1.8666666666666667,5.6,100.0,100.0,0.0
KJMsg1Kyoe,3,59.0,0,0.0,0.0,3.3783783783783785,17.857142857142858,100.0,100.0,37.5
OtdCVUZy1y,0,28.0,0,0.0,0.0,1.9444444444444444,8.75,100.0,25.0,0.0
HswGn7zCqY,3,29.0,1,0.0,0.0,2.0,4.0,100.0,50.0,0.0
yM4rize5NE,0,45.0,0,10.0,2.0,4.651162790697675,28.571428571428573,100.0,100.0,50.0
yFruM0X3fO,1,30.0,0,14.0,3.0,1.8,4.5,100.0,75.0,0.0
YDLOQ9TG2R,0,39.0,0,0.0,0.0,1.0,1.0,100.0,0.0,0.0
rHW43R7Fyi,2,39.0,0,0.0,0.0,3.0,3.0,100.0,25.0,0.0
tA8ZzbuNwI,1,43.0,0,0.0,0.0,3.3333333333333335,18.333333333333332,100.0,100.0,50.0
gnBKMoZwrR,1,39.0,0,0.0,0.0,3.0,3.0,100.0,50.0,0.0
p9UyHTPBhK,1,47.0,0,0.0,0.0,13.142857142857142,92.0,100.0,100.0,75.0
F36a6HRboS,0,39.0,1,0.0,0.0,2.0,6.0,100.0,25.0,0.0
OwRu3721IN,0,39.0,1,0.0,0.0,5.0,5.0,100.0,50.0,0.0
x6xu8GzpQp,3,30.0,1,0.0,0.0,2.5,5.0,100.0,25.0,0.0
R3lYfWmXAj,2,39.0,1,1.4,1.0,2.0,8.0,100.0,75.0,0.0
QIuH3AAumR,0,42.0,1,4.0,1.0,4.648648648648648,28.666666666666668,100.0,0.0,0.0
GqtnBvo3P3,1,40.0,1,7.0,2.0,1.75,3.5,100.0,50.0,0.0
2x70va0UGV,1,59.0,0,0.0,0.0,1.0,1.0,100.0,0.0,0.0
3WpfaokEa3,3,33.0,0,4.0,1.0,2.0,3.5,100.0,25.0,0.0
knMyzQ0ZxT,0,41.0,1,0.0,0.0,2.0,4.0,100.0,75.0,0.0
JbbSvwfecv,3,57.0,0,10.0,2.0,2.5384615384615383,6.6,100.0,100.0,12.5
xWxlrQnAFC,0,25.0,0,0.0,0.0,1.0,1.6666666666666667,100.0,75.0,0.0
ICC9bjBRz3,3,39.0,1,0.0,0.0,1.0,2.0,100.0,25.0,0.0
gFWdeaG7Xf,0,33.0,0,0.0,0.0,2.8333333333333335,17.0,100.0,75.0,0.0
PGLlRBfa7G,0,44.0,1,0.0,0.0,12.5,25.0,100.0,100.0,0.0
6KHlngomjr,0,41.0,0,0.0,0.0,3.08,19.25,100.0,100.0,25.0
58d1jZpPbj,1,39.0,1,0.0,0.0,2.15625,13.8,100.0,100.0,12.5
7sbgSp08aW,1,45.0,1,3.08,1.0,5.222222222222222,7.833333333333333,100.0,75.0,0.0
Se8CRuSCt4,3,67.0,0,0.0,0.0,1.3333333333333333,3.0,100.0,75.0,0.0
loPrU4Rn2V,0,39.0,1,0.0,0.0,3.5,10.5,100.0,100.0,0.0
FR02Poq4Ip,1,39.0,0,0.0,0.0,2.0,2.0,100.0,0.0,0.0
ArUzULa57X,3,49.0,0,0.0,0.0,1.1666666666666667,2.3333333333333335,100.0,50.0,0.0
ZMiRCqCuRO,0,29.0,0,0.0,0.0,9.0,22.5,100.0,75.0,0.0
osuzFFRYVQ,1,45.0,0,0.0,0.0,2.3333333333333335,7.0,100.0,100.0,62.5
Td1rlwTO9n,1,53.0,1,0.0,0.0,6.0,36.0,100.0,50.0,0.0
ubTxw5r74v,0,39.0,1,0.0,0.0,3.0,12.0,100.0,75.0,0.0
fA5mInVThT,3,39.0,0,0.0,0.0,2.0,2.0,100.0,25.0,0.0
0sZJ2wWn9l,1,39.0,0,0.0,0.0,5.193548387096774,26.833333333333332,100.0,100.0,50.0
4gE4Labhqn,1,39.0,1,0.0,0.0,1.0,1.0,100.0,50.0,0.0
afr7jvbkF0,3,39.0,1,0.0,0.0,1.0,2.0,50.0,0.0,0.0
MmRzWvLjr0,1,39.0,0,0.0,0.0,11.0,11.0,100.0,75.0,0.0
1ct8xbb7Mr,3,18.0,1,0.0,0.0,5.0,10.0,100.0,25.0,0.0
bfo7XhpIpv,1,26.0,1,0.0,0.0,3.0,9.0,100.0,100.0,0.0
7KNpGRHNPY,0,48.0,1,0.0,0.0,2.0,4.0,100.0,50.0,0.0
1L4da9OI5v,3,35.0,0,0.0,0.0,2.5,2.5,100.0,25.0,0.0
Lw8NBYVbHX,1,30.0,0,3.08,1.0,3.8484848484848486,15.875,100.0,100.0,37.5
b5rwprkH8R,0,25.0,1,10.0,2.0,3.0,7.5,100.0,75.0,0.0
3ynHTykg1f,0,39.0,1,0.0,0.0,1.0,1.0,100.0,75.0,0.0
x3uuE04fTE,0,39.0,0,0.0,0.0,1.0,1.0,100.0,25.0,0.0
ot6sRs5y44,3,54.0,1,0.0,0.0,1.0,1.0,50.0,0.0,0.0
zvd1W92EWE,1,47.0,1,2.8,1.0,3.0869565217391304,20.285714285714285,100.0,100.0,50.0
PB1r2kLKc4,1,42.0,0,2.8,1.0,2.3333333333333335,9.333333333333334,50.0,0.0,0.0
ARtaeMnNYR,3,45.0,1,0.0,0.0,1.5,3.0,50.0,0.0,0.0
eqUDBCtRP3,3,43.0,0,4.0,1.0,1.8,4.5,100.0,25.0,0.0
8SzS5dv57I,3,39.0,0,4.0,1.0,1.8333333333333333,5.5,100.0,75.0,0.0
GVZ6ywCabT,1,49.0,0,0.0,0.0,7.0,7.0,100.0,50.0,0.0
Ez9ks8Fodd,2,40.0,1,4.1,2.0,2.9047619047619047,12.2,100.0,100.0,50.0
tvU9HVG4rQ,1,36.0,0,0.0,0.0,2.7333333333333334,10.25,100.0,100.0,25.0
PyHDt2BRAk,0,39.0,0,0.0,0.0,1.0,1.0,50.0,0.0,0.0
o8pAEGF4eF,0,39.0,1,0.0,0.0,2.4,6.0,100.0,75.0,0.0
oLrIr3hmnA,1,36.0,0,2.8,1.0,2.25,9.0,100.0,75.0,0.0
pj02v9itT2,1,53.0,0,0.0,0.0,2.0,2.0,100.0,75.0,0.0
c4i68CYBoB,0,34.0,0,0.0,0.0,1.6666666666666667,5.0,100.0,75.0,0.0
LtkTbRcnL2,1,47.0,1,0.0,0.0,8.375,47.857142857142854,100.0,100.0,62.5
HfUvYblRMJ,1,54.0,0,0.0,0.0,3.1666666666666665,9.5,100.0,75.0,0.0
2qupa2EJr7,0,36.0,0,0.0,0.0,1.5714285714285714,5.5,100.0,75.0,0.0
LixsfCGVDG,3,39.0,0,4.0,1.0,1.4285714285714286,2.5,100.0,75.0,0.0
jxNWxmNwLp,3,39.0,1,4.0,1.0,1.3333333333333333,2.6666666666666665,100.0,50.0,0.0
UlSbKDpVKg,3,39.0,0,0.0,0.0,1.0,1.0,100.0,0.0,0.0
FxlQjXWd6f,3,39.0,0,0.0,0.0,1.0,1.0,50.0,0.0,0.0
GklOCWSODK,1,44.0,0,0.0,0.0,4.615384615384615,20.0,100.0,100.0,12.5
Sf429BEmBP,1,51.0,0,7.0,2.0,3.8484848484848486,25.4,100.0,100.0,37.5
kVFIKqPXLf,1,39.0,0,0.0,0.0,1.0,1.0,50.0,0.0,0.0
qPQTC6mJFB,0,42.0,1,0.0,0.0,1.6551724137931034,8.0,50.0,0.0,0.0
jIOgKB14mJ,0,58.0,0,0.0,0.0,1.5,3.0,100.0,75.0,0.0
TQOZKkASUC,1,30.0,0,0.0,0.0,4.0,4.0,100.0,50.0,0.0
z99Fwh2E5X,1,41.0,0,0.0,0.0,3.75,15.0,100.0,75.0,0.0
YyRhCWAoGv,3,40.0,1,4.0,1.0,1.4615384615384615,3.1666666666666665,100.0,75.0,0.0
dEQZyA6BnP,3,41.0,1,29.0,6.0,3.6,22.5,100.0,100.0,12.5
iQDy8AAZDy,3,56.0,1,0.0,0.0,1.6666666666666667,5.0,100.0,25.0,0.0
cu2gibCcmS,1,42.0,1,0.0,0.0,1.0,1.0,50.0,0.0,0.0
0vQm7t0fRf,0,28.0,0,0.0,0.0,2.7142857142857144,6.333333333333333,100.0,75.0,0.0
32U0lqYrrr,3,39.0,0,0.0,0.0,1.0,1.0,100.0,50.0,0.0
uJLThSIuTx,3,56.0,0,4.0,1.0,1.0,1.0,100.0,50.0,0.0
1yF5f8KyMJ,0,42.0,1,0.0,0.0,1.0,1.0,100.0,0.0,0.0
OJVpGykjtU,0,39.0,1,0.0,0.0,2.0,2.0,100.0,50.0,0.0
2Fm8EklHOu,0,39.0,0,26.0,5.0,3.2,16.0,100.0,100.0,0.0
MwBUB7C3NQ,3,21.0,0,0.0,0.0,1.5,3.0,50.0,0.0,0.0
MeFEYOmGCR,3,39.0,1,0.0,0.0,1.0,1.0,100.0,25.0,0.0
dgwMy78mez,0,39.0,1,0.0,0.0,2.6666666666666665,8.0,100.0,50.0,0.0
o6QQkTRU3W,0,48.0,0,0.0,0.0,2.0,4.0,100.0,75.0,0.0
3P0ICdhXTh,0,55.0,0,4.0,1.0,2.1818181818181817,6.0,100.0,100.0,0.0
O9aECGEu59,1,50.0,1,0.0,0.0,3.2857142857142856,9.2,100.0,75.0,0.0
qy4DwmV0im,2,51.0,1,5.0,2.0,2.0,6.0,100.0,25.0,0.0
wJSq82oeTC,3,45.0,0,0.0,0.0,1.5,3.0,50.0,0.0,0.0
h0ioiV8hNy,0,39.0,1,0.0,0.0,2.0,2.0,50.0,0.0,0.0
1wDq9xDzvf,0,39.0,0,0.0,0.0,2.659090909090909,14.625,100.0,100.0,0.0
0BI1q3aMMR,0,39.0,1,0.0,0.0,1.3333333333333333,1.3333333333333333,100.0,50.0,0.0
96K83hvjIX,3,36.0,0,0.0,0.0,1.0,1.0,50.0,0.0,0.0
01nTD19uNO,0,43.0,0,0.0,0.0,1.0,1.0,100.0,0.0,0.0
uCTfIuptlm,1,38.0,1,2.8,1.0,6.4,42.666666666666664,100.0,100.0,12.5
4YVBfWehhl,3,49.0,0,0.0,0.0,2.0,2.0,100.0,0.0,0.0
Z4VhWmZqMG,0,39.0,0,0.0,0.0,4.0,4.0,100.0,75.0,0.0
cxZyGfj240,3,38.0,0,4.4,1.0,2.176470588235294,7.4,100.0,25.0,0.0
xKtlhzUMm5,1,32.0,0,0.0,0.0,1.0,1.0,50.0,0.0,0.0
xSNLRL0z91,3,54.0,0,0.0,0.0,4.193548387096774,26.0,100.0,100.0,12.5
XpjMME2BeK,3,57.0,1,0.0,0.0,1.5833333333333333,3.8,50.0,0.0,0.0
nncdJjnRbG,1,27.0,0,0.0,0.0,2.5,5.0,100.0,50.0,0.0
qUjk4sJuYI,0,33.0,1,0.0,0.0,3.0,3.0,100.0,50.0,0.0
yazc5jORG6,0,39.0,0,0.0,0.0,4.0,4.0,100.0,50.0,0.0
mTpPiUIflu,3,46.0,0,0.0,0.0,1.0,2.0,100.0,25.0,0.0
zlYTp1m8BG,0,39.0,1,0.0,0.0,2.6,10.833333333333334,100.0,100.0,25.0
Q6uEfOUhmy,0,55.0,1,0.0,0.0,1.25,5.0,100.0,75.0,0.0
YumBj8AzZm,0,39.0,1,0.0,0.0,1.5,3.0,100.0,25.0,0.0
ufb6Pz1c4c,0,53.0,1,20.0,3.0,1.6666666666666667,2.5,100.0,75.0,0.0
RHhFhuXKXX,3,63.0,1,0.0,0.0,4.0,4.0,50.0,0.0,0.0
lV72eysTu1,0,39.0,1,0.0,0.0,2.2666666666666666,11.333333333333334,100.0,75.0,0.0
AO5g6or38Z,3,31.0,0,0.0,0.0,3.0,6.0,100.0,25.0,0.0
XIFcCa801U,1,68.0,0,14.0,3.0,5.090909090909091,33.6,100.0,100.0,62.5
q9i3Yfvqiy,0,39.0,1,41.0,10.0,6.0,6.0,100.0,75.0,0.0
uG6tPo2g21,1,31.0,1,0.0,0.0,3.0,9.0,100.0,75.0,0.0
I91nrIHXIj,0,34.0,1,0.0,0.0,2.0,8.0,100.0,100.0,0.0
AQxVLHqCCY,3,47.0,1,47.0,12.0,2.0,5.333333333333333,100.0,100.0,0.0
BTjP48T2Ue,0,38.0,1,0.0,0.0,1.0,1.0,100.0,75.0,0.0
OHZEIianWe,2,42.0,1,0.0,0.0,1.3333333333333333,4.0,100.0,25.0,0.0
gp7XLFpqmi,3,39.0,0,10.0,2.0,8.5,45.333333333333336,100.0,100.0,25.0
kBId6nBWMx,0,33.0,0,0.0,0.0,1.3333333333333333,4.0,100.0,50.0,0.0
nj7SZcmVh8,0,36.0,1,0.0,0.0,2.0,4.0,100.0,50.0,0.0
1XyG5xS3qL,2,43.0,0,1.4,1.0,10.5,42.0,100.0,100.0,12.5
o6tC55mGAz,0,36.0,0,10.0,2.0,3.9473684210526314,25.0,100.0,100.0,25.0
bgfo2SeaVP,1,37.0,1,2.8,1.0,1.5609756097560976,8.0,100.0,100.0,50.0
ggbO7riBNg,0,39.0,1,4.0,1.0,3.0,6.0,100.0,50.0,0.0
CiRyWulbUr,1,35.0,0,0.0,0.0,4.5,30.0,100.0,100.0,37.5
UxEUwwMkgm,1,53.0,1,0.0,0.0,6.857142857142857,48.0,100.0,100.0,12.5
rPvlG59hlF,0,37.0,0,0.0,0.0,1.0,1.0,50.0,0.0,0.0
qFFvMkNANE,0,25.0,1,0.0,0.0,1.5,3.0,100.0,50.0,0.0
kBlclzJhAQ,3,33.0,0,0.0,0.0,1.0,1.0,100.0,0.0,0.0
Vof1jApYcE,0,42.0,1,0.0,0.0,3.857142857142857,9.0,100.0,75.0,0.0
Ae9jEPNk86,0,39.0,0,0.0,0.0,4.25,17.0,100.0,100.0,12.5
ZVX2LwMEAt,3,28.0,0,0.0,0.0,1.0,1.0,50.0,0.0,0.0
w6qRhGlxhL,3,26.0,0,4.0,1.0,3.0,6.0,100.0,25.0,0.0
flhRo6XbwD,3,34.0,1,0.0,0.0,3.857142857142857,13.5,50.0,0.0,0.0
hi1KtpOgGQ,1,52.0,1,0.0,0.0,2.875,11.5,100.0,100.0,0.0
Nfw9vBwlS1,3,39.0,1,0.0,0.0,1.0,1.0,50.0,0.0,0.0
JSsTMFvLR3,1,38.0,1,0.0,0.0,3.4,17.0,100.0,75.0,0.0
YqhblF0o9k,0,28.0,0,0.0,0.0,5.0,10.0,100.0,100.0,0.0
A9UukxWw4h,2,39.0,0,0.0,0.0,1.5,3.0,50.0,0.0,0.0
EtthZYPpCC,3,47.0,1,0.0,0.0,1.4,3.5,100.0,25.0,0.0
7qzUgR1OiB,1,39.0,0,0.0,0.0,1.5,3.0,100.0,100.0,0.0
GtAtBMmUCQ,1,39.0,0,0.0,0.0,4.0,7.0,100.0,100.0,0.0
MxGlNjgqM5,0,39.0,0,0.0,0.0,2.0,2.0,100.0,50.0,0.0
OasRG3cLbj,0,40.0,0,0.0,0.0,1.5714285714285714,3.6666666666666665,100.0,100.0,0.0
rt0RTBuFBG,3,53.0,1,0.0,0.0,2.793103448275862,9.0,100.0,100.0,0.0
JPKv2DpKVW,3,31.0,0,4.0,1.0,2.0,2.0,100.0,75.0,0.0
tRd0a9rcXY,3,58.0,0,0.0,0.0,1.0,1.0,50.0,0.0,0.0
b5lDb709sQ,2,34.0,1,2.0,1.0,12.5,25.0,100.0,25.0,0.0
ugGAJlFUen,1,30.0,1,0.0,0.0,2.0,2.0,100.0,0.0,0.0
n0V8NXD4SQ,1,41.0,0,0.0,0.0,2.611111111111111,5.875,100.0,100.0,25.0
LFGd6Nrt0G,0,32.0,1,0.0,0.0,3.0,3.0,100.0,25.0,0.0
gNkhQ5ew8i,1,39.0,1,0.0,0.0,8.642857142857142,60.5,100.0,100.0,37.5
AjsixNIMrZ,0,39.0,1,0.0,0.0,2.6666666666666665,8.0,100.0,50.0,0.0
Bkr1Lemhvl,0,20.0,0,0.0,0.0,3.111111111111111,10.5,100.0,100.0,0.0
k4TnHqinFF,1,45.0,0,2.8,1.0,3.3333333333333335,16.666666666666668,100.0,100.0,12.5
fwVgfPkuPb,1,45.0,1,14.0,3.0,1.0,1.0,100.0,50.0,0.0
pssAzJtSSx,0,39.0,0,4.0,1.0,2.5,10.0,100.0,100.0,0.0
Vo5ctwQrGv,3,39.0,0,4.0,1.0,3.1666666666666665,9.5,100.0,75.0,0.0
IsbzxzbnVE,0,61.0,1,0.0,0.0,10.958333333333334,75.14285714285714,100.0,25.0,0.0
IlFDCMOVX1,3,25.0,1,20.0,3.0,6.461538461538462,21.0,100.0,100.0,0.0
WOdAdNbk6x,1,41.0,0,7.0,2.0,2.35,9.4,100.0,100.0,0.0
2GFwlCpOSv,1,37.0,1,0.0,0.0,1.75,2.3333333333333335,100.0,50.0,0.0
eVyrw0g4sm,1,53.0,1,7.0,2.0,2.0,4.0,100.0,100.0,0.0
mWr776mfiR,3,39.0,0,0.0,0.0,1.5,1.5,100.0,25.0,0.0
0RT7mFzfpS,1,39.0,0,0.0,0.0,3.0,3.0,50.0,0.0,0.0
ZgfDxuKuGp,0,38.0,0,0.0,0.0,1.9333333333333333,9.666666666666666,100.0,100.0,0.0
M6rTqiX7gr,2,32.0,1,2.0,1.0,2.238095238095238,11.75,100.0,100.0,37.5
VpeDPg2gh9,0,39.0,0,4.0,1.0,5.333333333333333,26.666666666666668,100.0,100.0,25.0
7lItZrJQIV,0,36.0,1,0.0,0.0,3.0,14.25,100.0,100.0,12.5
SvdRUNQubm,0,39.0,1,0.0,0.0,1.5,3.0,100.0,50.0,0.0
JjyKYoeubL,3,39.0,1,0.0,0.0,2.8421052631578947,13.5,100.0,0.0,0.0
hMs6diBDql,0,39.0,1,0.0,0.0,2.0,2.0,50.0,0.0,0.0
r8lPv6hJ11,3,44.0,1,0.0,0.0,1.0,1.0,100.0,0.0,0.0
EBvTDhJjLe,3,36.0,1,4.0,1.0,1.25,1.6666666666666667,100.0,75.0,0.0
7IKCLolb2r,3,63.0,0,0.0,0.0,3.4285714285714284,12.0,100.0,25.0,0.0
4MG9PGxGGv,1,39.0,0,0.0,0.0,2.0,2.0,100.0,25.0,0.0
5dZZeGrgzt,0,39.0,0,0.0,0.0,1.5,1.5,100.0,50.0,0.0
GgbrcjIkAi,1,26.0,0,2.8,1.0,1.7142857142857142,4.0,100.0,0.0,0.0
NQ05lzimm1,0,34.0,0,0.0,0.0,7.0,7.0,50.0,0.0,0.0
N4K37sxRET,0,39.0,0,20.0,3.0,7.0625,32.285714285714285,100.0,100.0,75.0
1Eed6O57kz,3,49.0,0,0.0,0.0,1.0,1.0,50.0,0.0,0.0
4j4tZh4VJ2,0,58.0,0,0.0,0.0,2.84,12.909090909090908,50.0,0.0,0.0
Bqiass0H3o,0,39.0,0,10.0,2.0,2.5384615384615383,13.2,100.0,100.0,12.5
Qx5Lq3dxoE,2,33.0,0,3.5,2.0,4.142857142857143,14.5,100.0,75.0,0.0
EGqOgPyL2p,3,51.0,1,4.0,1.0,3.125,8.333333333333334,100.0,75.0,0.0
woiwVRr3Xg,3,40.0,1,0.0,0.0,2.0,2.0,100.0,25.0,0.0
xtXs1DO2AJ,1,32.0,1,3.08,1.0,5.0,7.5,100.0,75.0,0.0
Pt9UPvPmaX,3,50.0,0,4.0,1.0,2.0,4.333333333333333,100.0,100.0,0.0
RXyPm5krRW,2,24.0,0,0.0,0.0,1.5,3.0,100.0,0.0,0.0
XObE9VeRo7,0,53.0,0,4.0,1.0,2.1666666666666665,6.5,100.0,100.0,0.0
6GxhJTE3Cs,1,63.0,1,0.0,0.0,5.2631578947368425,33.333333333333336,100.0,100.0,37.5
aAtizzwxbX,0,26.0,0,0.0,0.0,1.0,1.0,100.0,25.0,0.0
nmzr264Rwh,3,39.0,0,0.0,0.0,3.0,3.0,100.0,0.0,0.0
HbL16r9Kn7,3,45.0,1,0.0,0.0,2.5,2.5,100.0,25.0,0.0
OclGjRmKYm,3,39.0,0,4.0,1.0,4.277777777777778,19.25,100.0,100.0,12.5
j4rDd8FEGl,0,38.0,1,10.0,2.0,3.909090909090909,14.333333333333334,100.0,0.0,0.0
ddA1hXaX26,3,50.0,1,0.0,0.0,2.6666666666666665,4.0,100.0,25.0,0.0
Mu35g3wMz0,1,51.0,0,14.0,3.0,3.272727272727273,14.4,100.0,100.0,0.0
C23JL3KEsm,0,39.0,1,0.0,0.0,4.0,4.0,100.0,50.0,0.0
hNzSDG7Nma,0,43.0,0,0.0,0.0,5.4,18.0,100.0,100.0,12.5
kKHrcKZXoq,3,36.0,0,0.0,0.0,1.875,7.5,100.0,100.0,0.0
CDMl6fGsuz,0,36.0,0,0.0,0.0,7.545454545454546,41.5,100.0,100.0,25.0
zuSu1qlePq,1,46.0,0,0.0,0.0,5.4,13.5,100.0,100.0,0.0
oULwRou1eY,0,25.0,0,0.0,0.0,2.3333333333333335,2.3333333333333335,100.0,50.0,0.0
GVvVsM6gMQ,0,56.0,1,0.0,0.0,2.0,4.0,100.0,100.0,0.0
yOYgU4SCr3,3,39.0,0,0.0,0.0,1.75,3.5,100.0,50.0,0.0
ZvJQR45xR4,1,39.0,1,0.0,0.0,2.0,2.0,100.0,50.0,0.0
DiD9vYP38p,3,39.0,0,0.0,0.0,1.0,1.0,100.0,0.0,0.0
5RlGzirPcA,3,32.0,1,0.0,0.0,1.5,3.0,100.0,25.0,0.0
BLajvemOwk,3,60.0,1,0.0,0.0,1.5,3.0,100.0,25.0,0.0
RZxN828QlL,3,34.0,1,0.0,0.0,2.0,2.0,100.0,0.0,0.0
8gWSRUvByk,1,39.0,1,0.0,0.0,1.0,1.0,100.0,50.0,0.0
l4aaH75Wo6,3,39.0,1,4.0,1.0,4.238095238095238,14.833333333333334,100.0,100.0,25.0
CZOMOcL2l1,0,39.0,1,0.0,0.0,1.0,1.0,50.0,0.0,0.0
uKXRbtN321,1,34.0,1,0.0,0.0,1.5,1.5,100.0,25.0,0.0
lCTXe4reC6,0,48.0,1,35.0,8.0,3.0,7.5,100.0,100.0,37.5
mFH4XRU7h5,0,26.0,1,0.0,0.0,1.3333333333333333,2.0,100.0,50.0,0.0
eW0Nv2JOKA,0,55.0,1,0.0,0.0,2.217391304347826,12.75,100.0,100.0,0.0
bJCS1fj0P6,1,50.0,1,0.0,0.0,5.82051282051282,32.42857142857143,100.0,75.0,0.0
Ji1bZrESIs,0,22.0,0,0.0,0.0,2.2,11.0,100.0,100.0,0.0
33ECvai27X,0,52.0,0,4.0,1.0,2.2777777777777777,10.25,100.0,100.0,12.5
N7NwphWIvC,0,39.0,0,0.0,0.0,3.8863636363636362,21.375,100.0,100.0,62.5
Q2Rwjpm4t6,1,30.0,0,0.0,0.0,1.0,2.0,100.0,25.0,0.0
AVgV4NQo2k,3,46.0,0,0.0,0.0,2.5,5.0,100.0,50.0,0.0
1ghCDYuZLm,1,32.0,1,0.0,0.0,7.0,7.0,100.0,75.0,0.0
QZ4yWU4l9f,0,39.0,0,4.0,1.0,3.3,16.5,100.0,100.0,0.0
OLAA64UMts,0,39.0,0,0.0,0.0,4.0,4.0,100.0,25.0,0.0
p89K63G3Iq,1,36.0,0,0.0,0.0,1.4,2.3333333333333335,100.0,75.0,0.0
IIe57Q9c0b,0,39.0,1,0.0,0.0,1.0,2.0,100.0,75.0,0.0
ZZbcDnAgU5,0,37.0,0,4.0,1.0,2.1666666666666665,3.25,100.0,50.0,0.0
nue94sBGzm,0,39.0,1,0.0,0.0,4.666666666666667,14.0,100.0,100.0,0.0
0HHtRiQZsz,1,47.0,1,14.0,3.0,2.0,4.4,100.0,50.0,0.0
zbEISP275d,3,34.0,0,4.4,1.0,2.5454545454545454,7.0,100.0,100.0,0.0
Oq0ns012Bp,3,27.0,1,4.0,1.0,3.6666666666666665,5.5,100.0,75.0,0.0
HzMBexwXVN,0,29.0,0,0.0,0.0,2.230769230769231,5.8,100.0,100.0,0.0
pwNgIjJPhe,0,56.0,1,20.0,3.0,6.72,42.25,100.0,100.0,62.5
9y0Bf6UpB1,0,39.0,0,0.0,0.0,1.0,1.0,50.0,0.0,0.0
5B2K2upzZT,0,38.0,0,0.0,0.0,3.0833333333333335,12.333333333333334,100.0,75.0,0.0
k12po9ygpN,1,39.0,1,0.0,0.0,1.1875,4.75,100.0,100.0,0.0
oEcXzT3Uz7,1,40.0,0,14.0,3.0,4.75,19.0,100.0,75.0,0.0
PWztiaFfRc,2,19.0,1,1.4,1.0,1.5,4.0,100.0,50.0,0.0
AgzjGhT4Q9,3,52.0,1,0.0,0.0,3.0,3.0,100.0,0.0,0.0
XWcogN2Mo0,0,34.0,1,0.0,0.0,3.75,15.0,100.0,100.0,0.0
a6z3bzVQau,3,44.0,0,0.0,0.0,3.3636363636363638,12.333333333333334,100.0,75.0,0.0
fk5yngIe8f,0,39.0,0,0.0,0.0,1.0,1.0,50.0,0.0,0.0
gAg1uYtwjF,1,45.0,1,27.44,7.0,3.9318181818181817,21.625,100.0,100.0,37.5
uYJOoQJ0jl,0,39.0,1,26.0,5.0,2.6666666666666665,8.0,100.0,75.0,0.0
J0RNrpgV5F,0,32.0,0,0.0,0.0,28.0,28.0,50.0,0.0,0.0
OCzKHL8745,3,39.0,1,4.0,1.0,4.0,12.0,100.0,50.0,0.0
2oraoPheZn,3,48.0,1,0.0,0.0,1.0,1.0,100.0,25.0,0.0
qMfxMSMbRV,0,18.0,1,0.0,0.0,2.0,2.0,100.0,25.0,0.0
AlMgDNbUB7,0,53.0,1,0.0,0.0,4.0,4.0,100.0,50.0,0.0
UHGIDPpKzT,3,42.0,0,4.0,1.0,3.5,14.0,100.0,100.0,0.0
6Zq4uPlvxW,3,38.0,0,0.0,0.0,1.0,1.0,100.0,0.0,0.0
mp9tRNgbwn,1,29.0,1,2.8,1.0,2.7058823529411766,15.333333333333334,100.0,100.0,37.5
wekBYErXmM,3,44.0,0,0.0,0.0,8.0,8.0,100.0,50.0,0.0
pL5DFvqn9T,0,20.0,0,0.0,0.0,3.0,6.0,50.0,0.0,0.0
gbhUXfHtI3,0,39.0,1,0.0,0.0,1.0,1.0,50.0,0.0,0.0
6blSTc2Msi,0,39.0,0,0.0,0.0,3.0,3.0,100.0,0.0,0.0
gzXstSSmpc,1,30.0,0,14.0,3.0,5.111111111111111,23.0,100.0,100.0,12.5
2VWWQara1v,3,18.0,1,4.0,1.0,6.440677966101695,42.22222222222222,100.0,100.0,50.0
sfVBVUFqEH,1,26.0,1,0.0,0.0,1.5,3.0,100.0,50.0,0.0
u7RHVyiZG9,1,19.0,1,0.0,0.0,3.5,7.0,100.0,50.0,0.0
wt6TMAhSag,3,28.0,0,0.0,0.0,1.0,1.0,50.0,0.0,0.0
PUnXOemlv7,3,34.0,1,4.0,1.0,3.0,4.5,100.0,50.0,0.0
jnXPGyCnzr,3,44.0,1,0.0,0.0,2.5,8.125,100.0,100.0,50.0
qPQi3Zz2AA,1,39.0,1,0.0,0.0,1.0,1.0,50.0,0.0,0.0
jKc3Qxpctm,0,36.0,1,0.0,0.0,3.2,8.0,100.0,50.0,0.0
uoxF9l713E,0,39.0,0,0.0,0.0,3.5,14.0,100.0,75.0,0.0
AThEXj79Oc,1,66.0,1,25.199997,7.0,4.548387096774194,28.2,100.0,100.0,37.5
0WyG6PB4sW,0,34.0,1,4.0,1.0,5.666666666666667,17.0,100.0,100.0,0.0
AQfYe1hh9h,0,66.0,0,4.0,1.0,1.25,5.0,100.0,100.0,12.5
HVlo0v4q7t,0,32.0,0,0.0,0.0,2.0,10.0,100.0,75.0,0.0
o5Deg4o4K8,3,24.0,1,4.4,1.0,5.0,5.0,100.0,25.0,0.0
ocJAtH7iEL,3,39.0,0,0.0,0.0,1.0,1.0,100.0,0.0,0.0
ILgHSC5jAN,3,33.0,1,0.0,0.0,1.5,3.0,100.0,75.0,0.0
rqRgZBnMfc,3,39.0,1,0.0,0.0,2.8823529411764706,9.8,100.0,100.0,12.5
gHQ08yRiDw,3,35.0,0,4.4,1.0,16.0,16.0,100.0,50.0,0.0
9ega7Vpl1e,0,46.0,1,4.0,1.0,3.238095238095238,17.0,100.0,100.0,12.5
FztPXfFyWn,0,40.0,1,41.0,10.0,5.75,11.5,100.0,100.0,0.0
ydCN7rPjrE,3,60.0,1,0.0,0.0,1.0,1.0,100.0,0.0,0.0
YajBm0w9Hq,3,43.0,1,0.0,0.0,2.0,2.0,100.0,25.0,0.0
7ukFpIlnDH,3,72.0,0,4.0,1.0,2.888888888888889,6.5,50.0,0.0,0.0
rwyG1cw7O4,3,37.0,1,0.0,0.0,2.0,5.0,100.0,50.0,0.0
y6nGHs4Qsl,0,46.0,1,0.0,0.0,2.1333333333333333,10.666666666666666,100.0,100.0,12.5
TXdnd6IKzV,3,31.0,0,0.0,0.0,1.0,1.0,50.0,0.0,0.0
DTqQ3eqnu1,0,39.0,0,0.0,0.0,1.0,1.0,100.0,25.0,0.0
xwhCriNxoU,0,33.0,1,0.0,0.0,4.666666666666667,14.0,100.0,50.0,0.0
5ucdDlzpEQ,1,39.0,0,0.0,0.0,1.0,1.0,50.0,0.0,0.0
7kysewaMB1,3,41.0,1,4.0,1.0,3.3333333333333335,6.666666666666667,100.0,100.0,0.0
hPNNijipBl,3,39.0,1,0.0,0.0,2.5,6.25,100.0,100.0,0.0
ZvXucX127K,0,39.0,0,0.0,0.0,1.0,1.0,100.0,50.0,0.0
v2FuQuUNfl,3,45.0,0,4.4,1.0,3.3529411764705883,11.4,100.0,100.0,62.5
lE8WFSHZxh,0,39.0,1,0.0,0.0,4.0,4.0,100.0,25.0,0.0
dSn1lhAP9q,0,39.0,1,0.0,0.0,2.0,2.0,50.0,0.0,0.0
cXl7YCKGnl,0,39.0,0,0.0,0.0,6.0,6.0,100.0,25.0,0.0
klDVL1sMGV,0,39.0,0,0.0,0.0,1.0,1.0,50.0,0.0,0.0
nIq5EqpPfc,0,39.0,1,0.0,0.0,1.0,1.0,100.0,0.0,0.0
IAfdZ6jNAa,1,44.0,0,0.0,0.0,1.0,1.0,100.0,25.0,0.0
9nxCHO8nUs,0,25.0,0,0.0,0.0,5.0,10.0,100.0,75.0,0.0
aPksWNakwQ,1,40.0,0,0.0,0.0,1.75,2.3333333333333335,100.0,50.0,0.0
0O94YqunoV,2,39.0,0,0.0,0.0,4.142857142857143,14.5,100.0,100.0,0.0
010IzufCfQ,0,45.0,1,0.0,0.0,3.2857142857142856,11.5,100.0,100.0,0.0
Y58KpLabvf,1,40.0,1,0.0,0.0,1.0,1.0,50.0,0.0,0.0
c4P8cLu3qV,3,39.0,0,0.0,0.0,2.0,2.0,100.0,25.0,0.0
MQstWiIMpf,0,41.0,0,0.0,0.0,2.2222222222222223,8.571428571428571,100.0,100.0,12.5
Gr8RqNkWG2,3,39.0,1,0.0,0.0,1.0,1.0,100.0,0.0,0.0
8fmJgWEAwJ,3,61.0,0,0.0,0.0,3.0,3.0,100.0,25.0,0.0
z4j7sLOzs3,3,41.0,0,0.0,0.0,2.3684210526315788,9.0,100.0,75.0,0.0
YkV7ojIgjj,3,37.0,0,0.0,0.0,4.666666666666667,18.666666666666668,100.0,100.0,12.5
tmCqloSmkk,3,38.0,0,0.0,0.0,1.2,2.0,100.0,50.0,0.0
XJJJR0UA2Q,1,36.0,0,0.0,0.0,1.0,2.0,50.0,0.0,0.0
8nduLq3n70,1,43.0,1,0.0,0.0,4.238095238095238,22.25,100.0,100.0,37.5
3rjE2dcKQM,0,53.0,0,0.0,0.0,7.0,37.333333333333336,100.0,100.0,0.0
tN2NTtRXz7,3,39.0,0,0.0,0.0,2.090909090909091,7.666666666666667,100.0,75.0,0.0
luzufkoUEW,0,38.0,0,0.0,0.0,5.571428571428571,29.25,100.0,100.0,37.5
wN5jvr8tvf,3,37.0,1,0.0,0.0,4.0,4.0,100.0,25.0,0.0
bZ6fX4dgmQ,3,39.0,1,0.0,0.0,4.333333333333333,26.0,100.0,100.0,0.0
zYncGqwpWu,0,39.0,0,0.0,0.0,2.8,14.0,100.0,100.0,12.5
ofCaa0xzuU,3,49.0,1,4.0,1.0,2.3333333333333335,10.5,100.0,25.0,0.0
mQxKYSe0xe,3,35.0,0,0.0,0.0,2.0,2.0,100.0,25.0,0.0
8nDKi5NT65,2,39.0,1,2.0,1.0,6.166666666666667,37.0,100.0,100.0,50.0
ZEDHa5NtRi,3,45.0,0,0.0,0.0,1.0,1.0,100.0,25.0,0.0
0VmxY6LBHl,2,38.0,1,0.0,0.0,1.0,2.0,100.0,25.0,0.0
oaOSH5C2ed,3,48.0,1,0.0,0.0,6.0,6.0,100.0,25.0,0.0
CuwrKVjDno,3,39.0,0,0.0,0.0,6.333333333333333,9.5,100.0,50.0,0.0
wGNBY3hyLl,0,36.0,1,26.0,5.0,3.142857142857143,5.5,50.0,0.0,0.0
ZTf8YuEndI,3,42.0,1,0.0,0.0,3.25,6.5,100.0,50.0,0.0
ZpfeFgD8eU,0,29.0,0,0.0,0.0,1.5,6.0,100.0,75.0,0.0
HAQH17wi7X,3,39.0,1,4.4,1.0,1.6666666666666667,2.5,100.0,25.0,0.0
qfQGrY73TZ,0,42.0,0,74.0,21.0,4.8125,25.666666666666668,100.0,100.0,37.5
Ul2VKUu8Iv,3,24.0,0,20.0,3.0,4.666666666666667,7.0,100.0,25.0,0.0
Q13Y80ISwx,0,44.0,1,0.0,0.0,1.0,1.5,100.0,0.0,0.0
OBxwd4vU0M,0,44.0,1,0.0,0.0,1.0,3.0,100.0,75.0,0.0
AYNw9ugZE4,0,39.0,0,0.0,0.0,1.5,2.0,100.0,50.0,0.0
Eler8nsFpF,3,35.0,1,0.0,0.0,1.0,2.0,100.0,0.0,0.0
YAUKHNLOUZ,1,49.0,0,49.0,14.0,3.5,9.333333333333334,100.0,100.0,12.5
YhWXvzlCcL,0,33.0,1,4.0,1.0,2.1875,7.0,100.0,75.0,0.0
dE39INbvHi,1,47.0,0,0.0,0.0,3.0277777777777777,13.625,100.0,100.0,50.0
pnppvVuwYK,1,49.0,1,19.6,5.0,3.5555555555555554,21.333333333333332,100.0,100.0,25.0
VxYzbSw6h0,3,66.0,1,26.0,5.0,1.2857142857142858,3.0,100.0,100.0,12.5
eIgsc1hXUC,0,37.0,0,0.0,0.0,2.0,4.0,100.0,25.0,0.0
R6GbtsgqYw,0,39.0,0,0.0,0.0,1.4285714285714286,2.0,100.0,75.0,0.0
9YkifKM0hD,0,18.0,1,0.0,0.0,1.0,1.5,100.0,50.0,0.0
QT3GDFcKup,1,58.0,1,16.8,4.0,4.0285714285714285,23.5,100.0,100.0,75.0
yZIVNov2bC,0,48.0,1,0.0,0.0,2.0,2.0,100.0,25.0,0.0
LU9RCJmyxK,0,39.0,0,0.0,0.0,2.4444444444444446,11.0,100.0,100.0,37.5
8Twccw0Nic,1,39.0,1,0.0,0.0,3.0,9.0,100.0,75.0,0.0
MsNcelv9g7,3,69.0,1,0.0,0.0,1.0,1.0,50.0,0.0,0.0
e77eAZ9XxI,0,45.0,0,0.0,0.0,1.0,1.0,50.0,0.0,0.0
vNKIuYa4L9,3,42.0,0,0.0,0.0,1.3333333333333333,2.0,100.0,0.0,0.0
hJk0wpqnPL,0,39.0,0,0.0,0.0,2.6666666666666665,4.0,100.0,50.0,0.0
bDAanw74he,3,39.0,0,0.0,0.0,5.5,11.0,100.0,50.0,0.0
xKCtytEKmW,0,39.0,0,0.0,0.0,3.4,12.75,100.0,25.0,0.0
wtiA8V5AmU,3,44.0,1,4.4,1.0,2.0,3.3333333333333335,100.0,75.0,0.0
gybxBeUmVb,1,42.0,1,2.8,1.0,3.1666666666666665,15.2,100.0,100.0,37.5
BtJdCMOOlu,1,36.0,1,2.8,1.0,2.5,5.0,100.0,75.0,0.0
s9Iw2xnd5M,0,29.0,0,0.0,0.0,4.6,11.5,100.0,0.0,0.0
g2nbaRTdTs,3,39.0,0,0.0,0.0,1.0,1.0,50.0,0.0,0.0
RtsQkXNTfX,0,19.0,1,0.0,0.0,3.782608695652174,17.4,100.0,100.0,25.0
Atfataa1hg,3,35.0,1,0.0,0.0,1.0,1.0,100.0,25.0,0.0
0I9fmOU6Z0,3,39.0,0,0.0,0.0,4.0,4.0,100.0,25.0,0.0
PrRTxNJds7,0,28.0,0,4.4,1.0,2.0,2.0,100.0,25.0,0.0
zF5BGWwpuO,1,51.0,0,0.0,0.0,1.0,1.0,100.0,0.0,0.0
Zshmz15t6S,1,43.0,1,0.0,0.0,1.0,1.0,100.0,0.0,0.0
64kGplUriZ,3,27.0,1,0.0,0.0,2.0,2.0,100.0,25.0,0.0
1iBndmgKSU,1,37.0,1,0.0,0.0,1.0,1.0,100.0,0.0,0.0
TubhM8f3sJ,3,31.0,1,0.0,0.0,3.5,7.0,100.0,25.0,0.0
WnnOK0Gpgg,3,36.0,0,0.0,0.0,1.8,6.0,100.0,50.0,0.0
S7EZNSrqam,3,64.0,0,0.0,0.0,1.3333333333333333,4.0,100.0,0.0,0.0
3YzTMKinYo,1,33.0,0,19.599998,5.0,3.8,19.0,100.0,100.0,37.5
lVqTvOxbVq,3,59.0,0,4.0,1.0,4.181818181818182,23.0,100.0,0.0,0.0
N2ltQrASZW,0,39.0,0,0.0,0.0,2.0,2.0,50.0,0.0,0.0
bwD5ipXB0H,1,29.0,1,0.0,0.0,1.3333333333333333,4.0,100.0,50.0,0.0
dwKwbAmhDB,1,44.0,1,14.0,3.0,2.0,4.0,100.0,75.0,0.0
xAVlz8IWye,3,29.0,0,0.0,0.0,2.5714285714285716,6.0,100.0,75.0,0.0
CJi0tuFH0j,3,39.0,1,10.0,2.0,3.4871794871794872,19.428571428571427,100.0,100.0,25.0
xdi8MnCBZF,0,40.0,1,0.0,0.0,3.7710843373493974,19.5625,50.0,0.0,0.0
WYpXxGtaJ3,2,32.0,1,6.2999997,3.0,2.5384615384615383,11.0,100.0,100.0,25.0
EOP9TpLkwD,1,53.0,0,0.0,0.0,2.0,2.0,50.0,0.0,0.0
4TJ8cuvLKM,0,48.0,1,0.0,0.0,2.8,7.0,100.0,100.0,0.0
IGZf3csOTg,2,27.0,1,0.0,0.0,4.25,17.0,100.0,75.0,0.0
dLY1bfWGyY,1,39.0,0,0.0,0.0,7.6,12.666666666666666,100.0,75.0,0.0
HHm4Fw5llE,1,39.0,0,0.0,0.0,1.0,1.0,50.0,0.0,0.0
9VRiK5IuzN,0,52.0,0,0.0,0.0,2.235294117647059,9.5,100.0,0.0,0.0
WzR4uCBM9L,1,22.0,1,2.8,1.0,4.0,12.0,100.0,100.0,0.0
tKQcoiZQPX,3,39.0,1,0.0,0.0,2.0,4.0,100.0,50.0,0.0
psrezRHz56,3,30.0,1,0.0,0.0,2.0,6.0,100.0,50.0,0.0
CGKWooygzz,1,47.0,1,2.8,1.0,4.2444444444444445,27.285714285714285,100.0,100.0,62.5
AaTCtrtSBb,0,42.0,0,0.0,0.0,3.0,3.0,100.0,0.0,0.0
F0jjsQ3XfJ,0,39.0,0,4.0,1.0,2.0,11.2,100.0,100.0,25.0
xl6K14oXyS,3,25.0,1,0.0,0.0,3.0,3.0,50.0,0.0,0.0
TFlBGmMkFA,3,39.0,1,0.0,0.0,1.0,2.0,100.0,0.0,0.0
kbY7YO3vsX,1,35.0,0,0.0,0.0,2.3333333333333335,10.5,100.0,100.0,25.0
Eyd5fhjSMi,0,18.0,1,0.0,0.0,2.0,2.0,50.0,0.0,0.0
bLhNmBrDsr,3,33.0,1,0.0,0.0,1.2,2.0,100.0,25.0,0.0
GiP0iwUacj,0,33.0,1,0.0,0.0,1.9375,7.75,100.0,100.0,0.0
rsRBVyet7S,3,39.0,1,0.0,0.0,1.0,3.5,100.0,25.0,0.0
Vvm5X5SoxB,3,46.0,1,23.0,4.0,2.4166666666666665,7.25,100.0,50.0,0.0
3kEgYnqLNv,3,45.0,1,4.0,1.0,9.333333333333334,28.0,100.0,100.0,0.0
bZxVDLrikr,0,52.0,0,0.0,0.0,4.545454545454546,25.0,100.0,100.0,37.5
CYUusqpyFB,3,37.0,0,4.0,1.0,3.0,3.0,100.0,50.0,0.0
Zq0wzBbUdV,1,25.0,0,0.0,0.0,5.0,5.0,100.0,50.0,0.0
i3pEH8UGVP,1,42.0,1,0.0,0.0,4.0,18.666666666666668,100.0,100.0,12.5
s5FfGUkQTc,0,46.0,0,0.0,0.0,2.6666666666666665,4.0,100.0,75.0,0.0
GdY95GFdkU,1,52.0,0,0.0,0.0,3.0,10.5,100.0,75.0,0.0
Zd7cBjWLVD,3,49.0,0,0.0,0.0,2.914285714285714,17.0,100.0,100.0,25.0
SKffivGjBV,3,39.0,1,4.0,1.0,2.5,13.75,100.0,100.0,0.0
8XoHPl7YWd,3,37.0,1,0.0,0.0,2.0,2.0,100.0,0.0,0.0
gpTcrw5PSp,3,46.0,0,4.0,1.0,1.8571428571428572,4.333333333333333,100.0,25.0,0.0
1vC4mbbWZI,0,25.0,0,4.0,1.0,3.1481481481481484,14.166666666666666,100.0,100.0,50.0
ZvgDP0Wjj0,1,45.0,0,0.0,0.0,4.285714285714286,15.0,100.0,100.0,0.0
2lDFuqeGwc,0,48.0,0,20.0,3.0,2.823529411764706,16.0,100.0,100.0,25.0
tJikbw3I2y,0,39.0,1,0.0,0.0,2.3333333333333335,7.0,100.0,100.0,0.0
hfWc38o1vP,1,32.0,0,2.8,1.0,3.6666666666666665,11.0,100.0,75.0,0.0
kMwMrh2o0N,3,29.0,1,4.0,1.0,1.0,1.0,100.0,25.0,0.0
m4O7DKqTGf,1,39.0,0,2.8,1.0,3.0,12.0,100.0,75.0,0.0
GIry7jyb4C,3,39.0,0,0.0,0.0,2.0,2.0,50.0,0.0,0.0
YQ4XSYqGkM,3,43.0,0,0.0,0.0,4.0,4.0,50.0,0.0,0.0
F1SyOqUNWg,1,19.0,1,0.0,0.0,2.0,2.0,100.0,25.0,0.0
P12sT96Ljr,0,49.0,1,0.0,0.0,2.3333333333333335,7.0,100.0,50.0,0.0
Yf7SFYwUl7,3,39.0,1,0.0,0.0,1.0,1.0,50.0,0.0,0.0
upLduvZRWH,0,42.0,0,0.0,0.0,7.5,7.5,100.0,75.0,0.0
zOvxF04Pha,2,40.0,0,1.4,1.0,2.888888888888889,8.666666666666666,100.0,75.0,0.0
oF7cS1c9bM,0,29.0,0,4.0,1.0,2.0,4.0,100.0,25.0,0.0
GvON2wp2kn,3,55.0,1,23.0,4.0,11.0,11.0,100.0,0.0,0.0
cwrRb1U3N8,1,22.0,0,0.0,0.0,5.5,5.5,100.0,50.0,0.0
qbdJfSW57l,3,42.0,1,0.0,0.0,1.0,1.0,100.0,0.0,0.0
DiRxoZDmpd,0,25.0,1,0.0,0.0,2.0,2.0,100.0,0.0,0.0
4lHAcBiI2a,0,39.0,0,0.0,0.0,2.25,2.25,100.0,100.0,0.0
Xo28utmXV5,3,63.0,1,0.0,0.0,1.0,1.0,50.0,0.0,0.0
qy1xO7GKap,0,39.0,1,0.0,0.0,4.0,4.0,100.0,50.0,0.0
gluoUlOFIM,0,33.0,0,0.0,0.0,1.0,1.0,50.0,0.0,0.0
rt42UBkKlG,0,41.0,0,0.0,0.0,3.727272727272727,13.666666666666666,100.0,100.0,12.5
9OlQ5Ygvpj,3,20.0,1,84.30002,22.0,2.6153846153846154,6.8,100.0,100.0,12.5
8VXPtoHydZ,3,41.0,0,0.0,0.0,1.6666666666666667,2.5,100.0,50.0,0.0
OAK7yhFviL,0,34.0,1,0.0,0.0,3.5,21.0,100.0,100.0,0.0
FJylGmNzlq,0,39.0,1,0.0,0.0,2.0,2.0,50.0,0.0,0.0
0aYzbIIm8U,1,44.0,1,0.0,0.0,5.5,35.75,100.0,100.0,37.5
4GoX8Q7VZF,3,39.0,1,0.0,0.0,1.0,1.0,100.0,25.0,0.0
mksOlRlVic,0,37.0,0,0.0,0.0,2.25,4.5,100.0,50.0,0.0
sfrXCda0zE,0,29.0,0,0.0,0.0,2.525,12.625,100.0,100.0,12.5
iH082z52Fy,3,46.0,0,0.0,0.0,1.625,3.25,100.0,75.0,0.0
xkt0x3Eu9L,1,54.0,0,0.0,0.0,1.0,1.0,50.0,0.0,0.0
2lQ8UDZZjA,0,20.0,1,0.0,0.0,2.0,4.0,100.0,75.0,0.0
c4PAc2pa6l,3,39.0,1,0.0,0.0,1.0,1.0,100.0,0.0,0.0
xofYQxn4Rj,1,20.0,0,7.0,2.0,1.8571428571428572,3.25,100.0,75.0,0.0
wOUba8ybQP,3,38.0,1,0.0,0.0,2.0,2.0,100.0,50.0,0.0
3WcN5KBxGx,2,39.0,1,0.0,0.0,1.5714285714285714,3.6666666666666665,100.0,25.0,0.0
TwJmhm9P9k,2,39.0,1,0.0,0.0,2.4285714285714284,5.666666666666667,100.0,75.0,0.0
hZ492yCEwZ,3,25.0,0,0.0,0.0,2.0,6.0,100.0,50.0,0.0
3YUKLMEfZj,0,39.0,0,4.0,1.0,2.6818181818181817,9.833333333333334,100.0,100.0,0.0
uB88cbbEW7,3,39.0,1,0.0,0.0,1.0,1.0,100.0,0.0,0.0
YOF2qfz1bG,1,43.0,1,0.0,0.0,1.5,3.0,100.0,75.0,0.0
CIVBYuIWnB,1,31.0,1,0.0,0.0,2.76,9.857142857142858,100.0,100.0,25.0
f6O6Es8qsj,1,39.0,1,0.0,0.0,1.0,3.0,100.0,50.0,0.0
2BVMdghjsN,0,39.0,0,0.0,0.0,6.285714285714286,29.333333333333332,100.0,100.0,37.5
haRisDrijf,3,39.0,1,0.0,0.0,2.0714285714285716,8.7,100.0,100.0,25.0
ZvtGeefGQF,0,39.0,0,0.0,0.0,2.1052631578947367,6.666666666666667,100.0,100.0,0.0
yLO0u3n7pa,0,34.0,0,0.0,0.0,2.823529411764706,12.0,100.0,100.0,0.0
mMHycl5CxB,1,45.0,1,0.0,0.0,1.6666666666666667,2.5,100.0,50.0,0.0
p3XXPpwewR,0,36.0,0,0.0,0.0,1.0,1.0,100.0,50.0,0.0
ZC7EEzy83e,0,39.0,1,0.0,0.0,8.0,8.0,100.0,50.0,0.0
D3XZQ28qbB,3,58.0,0,20.0,3.0,5.321428571428571,29.8,100.0,100.0,25.0
JVwbXRgYLL,3,25.0,1,0.0,0.0,1.9230769230769231,6.25,100.0,75.0,0.0
3Oz2CmNFi3,0,39.0,1,0.0,0.0,2.0,2.0,100.0,25.0,0.0
0uC98ku0tc,0,35.0,0,0.0,0.0,1.0,2.0,100.0,25.0,0.0
09I2Wsze20,1,51.0,0,7.0,2.0,2.6666666666666665,4.0,100.0,75.0,0.0
V6niiqR4jh,0,40.0,1,0.0,0.0,3.5294117647058822,15.0,100.0,100.0,25.0
XCt1GSu2n7,3,52.0,0,0.0,0.0,1.0,1.0,100.0,50.0,0.0
Xe4H4iIukz,1,39.0,0,0.0,0.0,2.0,3.0,100.0,50.0,0.0
Ylsc2DJgZR,0,46.0,1,4.4,1.0,1.6,2.6666666666666665,50.0,0.0,0.0
qe77NIKOiO,1,32.0,0,0.0,0.0,2.142857142857143,3.75,100.0,50.0,0.0
LYUQhURKTc,3,30.0,1,0.0,0.0,3.0,3.0,100.0,25.0,0.0
sRnMKn9N4g,3,39.0,1,0.0,0.0,1.0,1.0,100.0,25.0,0.0
OoZ7GGIYV0,0,18.0,1,20.0,3.0,4.076923076923077,17.666666666666668,100.0,100.0,37.5
cWeII6W2mx,3,65.0,1,0.0,0.0,2.0,2.0,100.0,25.0,0.0
zRahkwFG8h,0,47.0,1,0.0,0.0,1.0,1.0,100.0,75.0,0.0
xzztLu2lIl,3,41.0,0,0.0,0.0,1.0,1.0,50.0,0.0,0.0
YT0zlrVvYa,3,41.0,0,0.0,0.0,1.5,3.0,100.0,0.0,0.0
ZtCoM4SFzN,0,28.0,0,20.0,3.0,1.619047619047619,6.8,100.0,100.0,0.0
6nSgEQLwbX,0,37.0,0,4.0,1.0,1.8181818181818181,6.666666666666667,100.0,100.0,37.5
uKyfcGdgFc,0,31.0,0,0.0,0.0,2.4,6.0,100.0,75.0,0.0
tH2EUvBK2R,1,52.0,0,0.0,0.0,1.5,3.0,100.0,50.0,0.0
aLQUYuYCI6,0,33.0,0,0.0,0.0,1.0,1.0,50.0,0.0,0.0
j4CGNuaZ9q,0,34.0,0,4.0,1.0,2.9285714285714284,13.666666666666666,100.0,100.0,12.5
cLeqUB0IWJ,1,37.0,1,0.0,0.0,5.0,5.0,100.0,0.0,0.0
e9tQW6aIob,1,28.0,0,0.0,0.0,2.0,2.0,100.0,0.0,0.0
pJnmpJTAUh,1,34.0,0,14.0,3.0,3.772727272727273,16.6,100.0,100.0,12.5
oJhTqcQHGv,1,47.0,0,25.2,7.0,7.435897435897436,48.333333333333336,100.0,100.0,75.0
kzbaRGlR5A,0,39.0,0,0.0,0.0,1.75,7.0,100.0,75.0,0.0
ega6wSaArR,0,36.0,0,0.0,0.0,6.304347826086956,24.166666666666668,100.0,100.0,0.0
yUHzOziT7E,3,27.0,0,0.0,0.0,2.0,5.333333333333333,100.0,50.0,0.0
2osjJwGz9g,0,26.0,1,0.0,0.0,2.0,8.0,100.0,25.0,0.0
7RQgSfu3xz,1,20.0,1,0.0,0.0,1.0,1.0,100.0,25.0,0.0
mJPdNUK2pR,1,27.0,1,7.0,2.0,2.0,4.0,100.0,25.0,0.0
k8cASWBIDY,1,46.0,1,0.0,0.0,1.0,1.0,50.0,0.0,0.0
cZJgjiIDcD,0,35.0,1,11.0,2.0,1.4864864864864864,6.875,100.0,100.0,50.0
TKZGPUXYQ2,0,39.0,0,0.0,0.0,7.0,36.75,100.0,100.0,25.0
w3Aqk1ofJ6,3,39.0,0,0.0,0.0,1.0,1.0,100.0,0.0,0.0
BGUHW3tC1F,0,45.0,0,0.0,0.0,1.6666666666666667,5.0,100.0,25.0,0.0
H7C6CcyoOZ,3,42.0,1,0.0,0.0,4.565217391304348,21.0,100.0,100.0,25.0
sohnS7g7rs,0,40.0,1,34.2,7.0,4.0,17.0,100.0,100.0,37.5
kzXpzBFs1t,0,42.0,0,0.0,0.0,7.133333333333334,35.666666666666664,100.0,100.0,12.5
KLoY7sDCt0,3,26.0,0,0.0,0.0,1.5,4.5,100.0,50.0,0.0
ffJaAxRX5c,3,36.0,0,0.0,0.0,1.0,1.0,50.0,0.0,0.0
vJK7csizg1,3,39.0,1,0.0,0.0,1.0,1.0,100.0,25.0,0.0
1InHpfeTVC,1,39.0,0,3.08,1.0,6.4,16.0,100.0,100.0,12.5
jXQYxyQDfv,3,76.0,0,0.0,0.0,3.5,7.0,100.0,75.0,0.0
MRzLeLW85U,0,39.0,1,0.0,0.0,2.75,3.6666666666666665,100.0,75.0,0.0
3oQ884do51,0,38.0,1,29.0,6.0,9.375,50.0,100.0,100.0,62.5
KhCvQ0OR7j,0,35.0,1,20.0,3.0,5.0,20.0,100.0,75.0,0.0
vnEcIViney,1,39.0,0,0.0,0.0,12.0,12.0,100.0,50.0,0.0
K5QfRDXc9C,3,39.0,0,0.0,0.0,1.5,3.0,100.0,75.0,0.0
1heM0T9Ksl,3,36.0,0,0.0,0.0,1.0,1.0,50.0,0.0,0.0
GcPXLCIxF3,3,39.0,0,0.0,0.0,2.0,4.0,100.0,25.0,0.0
kTHeMYBZgC,1,36.0,0,0.0,0.0,1.4,2.3333333333333335,100.0,25.0,0.0
3yfvc7hNr8,1,37.0,0,0.0,0.0,1.1666666666666667,1.75,100.0,75.0,0.0
U1yg0QNixM,3,35.0,0,0.0,0.0,3.0,3.0,100.0,0.0,0.0
3ZSiL1hcPh,1,39.0,1,0.0,0.0,4.5,9.0,100.0,75.0,0.0
j3rMFShI3Z,0,26.0,1,0.0,0.0,1.6666666666666667,2.5,100.0,50.0,0.0
pUAZoRfmtl,0,30.0,1,0.0,0.0,5.5,16.5,100.0,50.0,0.0
P8X1VujdqZ,0,39.0,0,0.0,0.0,1.0,2.0,100.0,50.0,0.0
n5TkZCebCv,0,39.0,0,0.0,0.0,1.6666666666666667,2.5,100.0,50.0,0.0
RBbt4rCDnn,1,35.0,0,0.0,0.0,4.333333333333333,13.0,100.0,75.0,0.0
S8QTPWg0AK,3,39.0,0,0.0,0.0,1.3333333333333333,4.0,100.0,25.0,0.0
DPbPdhzW24,3,33.0,1,0.0,0.0,1.0,1.0,50.0,0.0,0.0
8Y5yTlRnUI,0,48.0,1,0.0,0.0,2.7777777777777777,12.5,100.0,100.0,12.5
Zq0x2EjpRZ,0,28.0,1,20.0,3.0,3.0,3.0,50.0,0.0,0.0
BjDRqsXGsu,3,37.0,1,0.0,0.0,1.5,3.0,100.0,25.0,0.0
jT5P37U6YA,0,39.0,1,0.0,0.0,6.454545454545454,35.5,100.0,100.0,37.5
uHG0TWB9TV,3,39.0,0,0.0,0.0,3.0,10.5,100.0,100.0,0.0
ykI0uu8Exg,0,39.0,0,0.0,0.0,2.1666666666666665,13.0,100.0,75.0,0.0
rZO2D2XhLC,0,39.0,1,0.0,0.0,3.9,19.5,100.0,100.0,25.0
hWRlrdeWuQ,0,45.0,1,0.0,0.0,6.285714285714286,22.0,100.0,100.0,0.0
LnMGZsTSVq,0,48.0,1,0.0,0.0,2.0,2.0,100.0,75.0,0.0
jdkxg80ffc,3,60.0,0,0.0,0.0,3.736842105263158,20.285714285714285,100.0,100.0,25.0
Ha3r81up8y,0,39.0,1,0.0,0.0,1.0,1.0,100.0,50.0,0.0
0MaXwykqKY,1,39.0,1,0.0,0.0,2.2,11.0,100.0,75.0,0.0
lVQHdZ9045,1,20.0,0,0.0,0.0,3.0,3.0,100.0,50.0,0.0
N39hExRMKB,3,57.0,1,4.0,1.0,1.8571428571428572,4.333333333333333,100.0,25.0,0.0
lWh8eiUKmK,1,38.0,0,0.0,0.0,2.0,2.0,100.0,25.0,0.0
ZhYIAFDTTH,3,54.0,1,0.0,0.0,2.128205128205128,8.3,100.0,25.0,0.0
FbQU2dPT1j,1,39.0,0,0.0,0.0,5.25,31.5,100.0,100.0,25.0
kVTs0E8NYf,1,39.0,0,0.0,0.0,1.6666666666666667,2.5,100.0,0.0,0.0
u46qhUnjPw,1,42.0,0,0.0,0.0,2.0,2.0,100.0,0.0,0.0
jImOqUcqAd,0,35.0,1,0.0,0.0,1.5,1.5,100.0,0.0,0.0
CxdChPzond,1,32.0,0,0.0,0.0,2.4545454545454546,6.75,100.0,100.0,0.0
9xSIrGeJwy,3,47.0,1,4.0,1.0,2.3333333333333335,4.666666666666667,100.0,50.0,0.0
oAC2pDvqpj,2,39.0,1,0.0,0.0,1.0,1.0,50.0,0.0,0.0
ekxBfEhpkx,2,18.0,1,2.0,1.0,3.5,9.333333333333334,100.0,25.0,0.0
elwYnmzE7E,2,38.0,1,0.0,0.0,1.3333333333333333,4.0,100.0,50.0,0.0
CRs1RdFyz1,3,24.0,0,0.0,0.0,1.0,2.0,100.0,25.0,0.0
5TEj966d5I,0,42.0,1,20.0,3.0,2.1842105263157894,13.833333333333334,100.0,100.0,25.0
nG8VvteDpb,1,33.0,0,0.0,0.0,3.0,3.0,100.0,25.0,0.0
gHu9hpUiNl,2,39.0,0,0.0,0.0,1.3333333333333333,2.0,100.0,25.0,0.0
20DSddISuC,3,58.0,0,0.0,0.0,1.25,2.5,100.0,25.0,0.0
YNh4DxfVWH,0,35.0,0,0.0,0.0,1.5,3.0,100.0,50.0,0.0
q4DAuYeyhM,1,39.0,0,2.8,1.0,13.3,66.5,100.0,100.0,50.0
LrkzFKVJpz,3,39.0,0,0.0,0.0,1.0,1.0,100.0,0.0,0.0
PoqpEXnr2g,0,39.0,1,0.0,0.0,9.333333333333334,37.333333333333336,100.0,100.0,25.0
I4fGKKRNSB,0,39.0,1,0.0,0.0,3.3333333333333335,5.0,100.0,50.0,0.0
B2QbJCb1x1,3,39.0,0,0.0,0.0,1.625,6.5,100.0,0.0,0.0
qMsKbm2XiG,3,35.0,1,4.0,1.0,5.666666666666667,34.0,100.0,100.0,25.0
iEHty5GsVi,3,39.0,0,0.0,0.0,1.0,1.0,50.0,0.0,0.0
bIdDNdRjKp,3,34.0,1,0.0,0.0,4.428571428571429,10.333333333333334,100.0,50.0,0.0
Rk36fWz30w,1,41.0,1,0.0,0.0,1.4666666666666666,7.333333333333333,100.0,75.0,0.0
Ib71qARRgn,1,49.0,0,0.0,0.0,3.9,19.5,100.0,100.0,0.0
zm2kTuyCaQ,3,39.0,0,0.0,0.0,1.0,1.0,100.0,25.0,0.0
RK9MXrfgej,3,48.0,0,0.0,0.0,1.3333333333333333,1.3333333333333333,100.0,25.0,0.0
RtcxMwlq2P,1,28.0,0,2.8,1.0,2.0,5.0,100.0,75.0,0.0
LYwOtJJixY,1,47.0,1,7.0,2.0,10.60377358490566,70.25,100.0,100.0,87.5
KuXTKstnHr,0,39.0,1,0.0,0.0,1.3333333333333333,2.0,100.0,50.0,0.0
blilWgr5eJ,1,50.0,0,0.0,0.0,3.3157894736842106,12.6,100.0,100.0,0.0
XY0EmsKa5w,0,39.0,0,29.0,6.0,2.25,4.5,100.0,0.0,0.0
8fllDdIMJl,1,39.0,0,0.0,0.0,3.0,3.0,50.0,0.0,0.0
yajbdJmbIt,0,40.0,0,0.0,0.0,1.0,1.0,50.0,0.0,0.0
SouYEzorO8,3,39.0,1,0.0,0.0,1.0,1.0,50.0,0.0,0.0
xQiJkgYZI1,3,33.0,1,32.0,7.0,4.0625,21.666666666666668,100.0,100.0,0.0
aumdiB1uQd,1,33.0,1,0.0,0.0,2.0,2.0,100.0,0.0,0.0
DF0abFn3pI,1,32.0,0,7.0,2.0,6.142857142857143,21.5,100.0,100.0,0.0
I1HGrjqGwz,3,39.0,0,0.0,0.0,4.0,4.0,50.0,0.0,0.0
yKgcLnkyNf,3,22.0,0,0.0,0.0,3.466666666666667,13.0,100.0,100.0,12.5
0MAuzDCTX3,3,36.0,1,0.0,0.0,5.266666666666667,19.75,100.0,100.0,25.0
hLGLG35zda,0,39.0,1,20.0,3.0,17.666666666666668,53.0,100.0,75.0,0.0
MHZoQAGZbJ,1,39.0,1,0.0,0.0,5.12,32.0,100.0,100.0,37.5
NZTZPASOPk,0,23.0,0,0.0,0.0,1.0,1.0,50.0,0.0,0.0
aqn15pcD6o,3,39.0,1,0.0,0.0,1.0,1.0,100.0,25.0,0.0
JBoQuZtWs0,0,37.0,0,0.0,0.0,1.0,1.0,50.0,0.0,0.0
sfBwupDPoE,3,39.0,0,0.0,0.0,2.5,5.0,100.0,0.0,0.0
W7oV8R74Si,3,28.0,1,0.0,0.0,4.161290322580645,21.5,100.0,100.0,12.5
vizoReYbJv,1,40.0,1,0.0,0.0,1.375,3.6666666666666665,100.0,100.0,12.5
bZD3OB0pPj,0,44.0,1,0.0,0.0,1.75,2.3333333333333335,100.0,75.0,0.0
6alg9Xjt2F,3,39.0,0,0.0,0.0,3.45,11.5,100.0,100.0,12.5
5KP5ZQXfNu,0,36.0,1,4.0,1.0,1.75,2.3333333333333335,100.0,50.0,0.0
Y6nHicH4az,3,43.0,1,0.0,0.0,1.0,1.0,100.0,0.0,0.0
UJdAzv8LK1,0,58.0,1,0.0,0.0,5.75,34.5,100.0,100.0,12.5
6RJIqM1d2q,1,47.0,0,14.0,3.0,2.4,9.6,100.0,100.0,25.0
Szk6MYNLhx,0,38.0,1,10.0,2.0,2.25,9.0,100.0,75.0,0.0
BBy8VJ0uy1,0,26.0,0,0.0,0.0,1.0,1.0,100.0,25.0,0.0
FttS2nIERI,1,39.0,1,0.0,0.0,2.5,2.5,100.0,25.0,0.0
SxLDg7BX4F,3,27.0,0,4.0,1.0,5.0,5.0,100.0,25.0,0.0
575IedKxh4,1,57.0,0,0.0,0.0,3.1923076923076925,20.75,100.0,100.0,50.0
gjSjVsXZdm,0,39.0,0,0.0,0.0,1.7857142857142858,6.25,100.0,100.0,0.0
FDLHy7b1I6,0,37.0,0,0.0,0.0,1.5,3.0,100.0,100.0,0.0
78IXH4uqPD,0,39.0,0,23.0,4.0,5.888888888888889,26.5,100.0,100.0,37.5
wH5FGxPGgw,0,52.0,0,10.0,2.0,2.84,17.75,100.0,75.0,0.0
7Ws70MWPl6,0,39.0,0,0.0,0.0,3.4285714285714284,24.0,100.0,100.0,0.0
YOrjye7IZX,0,39.0,0,0.0,0.0,1.0,1.0,50.0,0.0,0.0
vCkvUgKAPm,0,33.0,1,4.0,1.0,1.75,1.75,100.0,75.0,0.0
cBTucwnhb7,1,32.0,1,0.0,0.0,3.0,3.0,100.0,50.0,0.0
cwtWYaUPde,3,50.0,0,0.0,0.0,1.9473684210526316,9.25,100.0,0.0,0.0
6K1kj6FNmZ,0,39.0,1,4.0,1.0,2.0,2.0,100.0,25.0,0.0
6cymTyx7FB,0,43.0,1,0.0,0.0,1.0,2.0,100.0,50.0,0.0
vH488rvqTR,1,18.0,1,0.0,0.0,5.636363636363637,31.0,100.0,100.0,12.5
sBz9S8tg6w,3,51.0,1,4.0,1.0,2.8,7.0,100.0,50.0,0.0
sD09jqJ9cT,0,35.0,0,0.0,0.0,5.238095238095238,18.333333333333332,100.0,100.0,25.0
X2CIeG1Jas,0,38.0,1,0.0,0.0,1.7777777777777777,8.0,100.0,75.0,0.0
VBcLhIRuPS,1,39.0,0,0.0,0.0,1.0,1.0,100.0,25.0,0.0
y1ULF7guup,1,33.0,0,0.0,0.0,1.1176470588235294,6.333333333333333,100.0,50.0,0.0
jrtppqRr3V,1,20.0,0,2.8,1.0,2.0,4.0,100.0,75.0,0.0
FmgjuJoSyw,0,37.0,0,0.0,0.0,1.0,1.0,100.0,0.0,0.0
MBL0D8yzx4,1,18.0,0,0.0,0.0,1.0,1.0,100.0,0.0,0.0
nilKcht9QW,3,38.0,0,0.0,0.0,5.0,5.0,100.0,0.0,0.0
1puISaDUOU,3,30.0,0,0.0,0.0,1.0,1.0,50.0,0.0,0.0
DVV8Tbpru8,3,49.0,0,4.0,1.0,3.242424242424242,15.285714285714286,100.0,100.0,0.0
KLKEPMLSsg,2,33.0,1,0.0,0.0,1.2666666666666666,4.75,100.0,75.0,0.0
VhUcfbBaE9,3,31.0,0,0.0,0.0,3.0,3.0,100.0,25.0,0.0
Z5Pzejz9ke,0,39.0,0,0.0,0.0,5.566666666666666,33.4,100.0,75.0,0.0
k3JVCHWPKe,1,60.0,1,0.0,0.0,2.0,2.0,50.0,0.0,0.0
4oGGnQuit0,0,39.0,1,0.0,0.0,2.5,5.0,100.0,25.0,0.0
EmJAy8L4GJ,1,50.0,0,0.0,0.0,5.2894736842105265,33.5,100.0,100.0,62.5
qmlAT1WOI4,1,45.0,0,0.0,0.0,1.75,3.5,100.0,25.0,0.0
ZFq6t5XrTJ,3,35.0,0,0.0,0.0,1.0,1.0,100.0,25.0,0.0
QpRzHfLoya,3,51.0,1,4.0,1.0,3.6,9.0,50.0,0.0,0.0
jimJmMFfuS,3,28.0,0,0.0,0.0,2.7142857142857144,4.75,100.0,25.0,0.0
zqtto7ldf3,2,45.0,1,0.0,0.0,2.0,2.0,100.0,25.0,0.0
1x0vr11TpD,0,22.0,1,35.0,8.0,2.3333333333333335,7.0,100.0,75.0,0.0
LvQXj4k8VZ,3,39.0,1,0.0,0.0,2.0,2.0,100.0,0.0,0.0
LTJ6JY6AbW,1,43.0,0,22.400002,6.0,3.2,8.0,100.0,100.0,25.0
d41ySP7FkL,1,47.0,1,0.0,0.0,1.7575757575757576,9.666666666666666,100.0,100.0,12.5
hrZ6fmrlTV,1,30.0,1,2.8,1.0,2.0,3.5,100.0,100.0,25.0
H0q1XI1ZGj,0,36.0,1,0.0,0.0,1.6666666666666667,5.0,100.0,50.0,0.0
i7NYO8SbNj,3,28.0,1,0.0,0.0,1.0,1.0,50.0,0.0,0.0
4ZQbIHYrGo,3,31.0,0,4.0,1.0,1.0,1.0,100.0,25.0,0.0
F5TlG3bszz,0,37.0,1,0.0,0.0,3.2,16.0,100.0,100.0,0.0
42XngIeLut,3,37.0,0,4.4,1.0,1.75,3.5,100.0,25.0,0.0
AG5C92DReC,1,34.0,0,0.0,0.0,2.6,7.8,100.0,100.0,12.5
ErSn2c8kyh,1,33.0,0,0.0,0.0,1.0,1.5,50.0,0.0,0.0
HkBBUQDCD3,3,39.0,0,0.0,0.0,1.0,1.0,100.0,0.0,0.0
JcAfTNMWKb,0,39.0,1,0.0,0.0,1.75,7.0,100.0,100.0,0.0
MJWlrqpgqV,0,36.0,1,0.0,0.0,4.666666666666667,14.0,100.0,0.0,0.0
Hyn67kfODt,3,40.0,0,0.0,0.0,5.0,5.0,100.0,50.0,0.0
EX5kz0d0yC,3,39.0,1,0.0,0.0,1.6666666666666667,1.6666666666666667,100.0,25.0,0.0
Ejp2lBpEW5,0,39.0,0,0.0,0.0,5.393939393939394,29.666666666666668,100.0,100.0,37.5
13xKVJFNNk,0,39.0,1,0.0,0.0,3.0,3.0,100.0,50.0,0.0
SQO7KubM3C,3,38.0,0,4.4,1.0,2.823529411764706,12.0,100.0,100.0,0.0
BW4A881sV2,3,39.0,0,0.0,0.0,1.0,1.0,50.0,0.0,0.0
eDmUuTfGDn,0,36.0,1,0.0,0.0,1.5,3.0,100.0,25.0,0.0
RC8AlaSGp0,1,49.0,0,0.0,0.0,10.5,52.5,100.0,100.0,25.0
wss7qgAhTy,3,39.0,1,0.0,0.0,2.25,4.5,50.0,0.0,0.0
hdwVRHzLt5,3,39.0,0,0.0,0.0,1.0,1.0,50.0,0.0,0.0
b2mfrrmkL7,0,33.0,1,0.0,0.0,1.0,1.0,100.0,0.0,0.0
figIRTOATY,1,39.0,1,0.0,0.0,1.0,2.0,100.0,75.0,0.0
g7CK5AaGrH,1,50.0,1,0.0,0.0,4.0,23.0,100.0,100.0,25.0
FJ6WY5qDyE,0,53.0,0,4.0,1.0,2.625,7.0,100.0,100.0,12.5
qVUH6IEW7P,2,39.0,1,9.0,3.0,4.0,18.0,100.0,50.0,0.0
GDA5kJNaaA,0,39.0,1,4.0,1.0,5.0,25.0,100.0,50.0,0.0
7pE8cLZxdn,0,34.0,1,0.0,0.0,4.538461538461538,14.75,100.0,100.0,25.0
DrjmA6kSFs,0,39.0,0,0.0,0.0,1.3333333333333333,2.0,100.0,50.0,0.0
yvnAXF03yX,2,30.0,1,6.2999997,3.0,2.2857142857142856,8.0,100.0,75.0,0.0
N5hmGrAuOl,0,28.0,1,0.0,0.0,1.0,1.0,100.0,0.0,0.0
igx1ZwIhU3,3,46.0,0,0.0,0.0,1.0,1.0,100.0,25.0,0.0
5R8cPsstT3,1,44.0,1,7.0,2.0,4.382352941176471,24.833333333333332,100.0,100.0,50.0
kfJhg3ptdw,3,39.0,1,0.0,0.0,1.5,3.0,100.0,25.0,0.0
YcRixIkmZb,3,39.0,1,0.0,0.0,1.0,1.0,100.0,0.0,0.0
f3YxjmAaNm,0,55.0,1,0.0,0.0,1.5,3.0,100.0,75.0,0.0
tXrxRy6Cby,3,39.0,0,0.0,0.0,4.0,4.0,100.0,25.0,0.0
ropTDnHLGS,0,50.0,1,4.0,1.0,3.466666666666667,13.0,100.0,50.0,0.0
t33udrikVO,3,39.0,0,0.0,0.0,1.5,3.0,100.0,25.0,0.0
FJRQKlZB7l,0,39.0,1,20.0,3.0,3.0,12.75,100.0,100.0,37.5
qB7cY8UUZH,3,45.0,0,0.0,0.0,1.0,2.0,100.0,25.0,0.0
qdlsqbIl2b,1,42.0,0,0.0,0.0,1.0,3.0,100.0,50.0,0.0
yzA9TWHDqL,3,52.0,0,4.0,1.0,3.888888888888889,17.5,100.0,100.0,25.0
idVvTIdatr,1,30.0,1,0.0,0.0,2.5,2.5,100.0,50.0,0.0
VOY8oI1niD,1,39.0,0,0.0,0.0,2.0,4.0,100.0,25.0,0.0
fEYZ6DhSvp,2,39.0,1,0.0,0.0,5.0,7.5,100.0,75.0,0.0
Lfqjj9SAoq,3,44.0,0,0.0,0.0,3.0,3.0,100.0,25.0,0.0
PIEA9X1hD6,1,36.0,1,0.0,0.0,2.8,4.666666666666667,100.0,75.0,0.0
yUvYmY4aiw,3,39.0,1,0.0,0.0,1.0,2.0,100.0,25.0,0.0
CdVpKKpeQ5,1,39.0,1,0.0,0.0,1.0,1.0,50.0,0.0,0.0
F9tKgdSMNC,1,43.0,1,0.0,0.0,2.6842105263157894,12.75,100.0,100.0,0.0
VLjWbW3tkg,1,39.0,0,0.0,0.0,3.0,6.0,100.0,75.0,0.0
i5JKtqNJFw,0,34.0,1,0.0,0.0,1.0,1.0,100.0,25.0,0.0
Y3x7zq71zh,0,39.0,0,20.0,3.0,8.0,32.0,100.0,100.0,0.0
h5l0MmJfrQ,1,39.0,0,0.0,0.0,3.0,3.0,100.0,0.0,0.0
cKmXvfHEUm,3,40.0,1,4.0,1.0,2.6,6.5,100.0,50.0,0.0
2mFLeI4j8Q,0,39.0,1,0.0,0.0,6.0,12.0,100.0,50.0,0.0
ILmPbNrtaO,0,39.0,0,10.0,2.0,1.75,7.0,100.0,75.0,0.0
4idFHKVohh,0,29.0,0,0.0,0.0,3.8,9.5,100.0,100.0,0.0
HOUVeHnCRP,3,39.0,0,4.0,1.0,2.3333333333333335,7.0,100.0,75.0,0.0
AIzTw9qZGK,0,44.0,0,0.0,0.0,11.285714285714286,39.5,100.0,100.0,0.0
5gl0IRcAtd,3,19.0,1,0.0,0.0,2.0,2.0,100.0,25.0,0.0
TJYG6CWW1j,3,38.0,1,20.0,3.0,6.4375,20.6,100.0,100.0,12.5
6p7BJumuXM,3,49.0,0,4.0,1.0,4.25,8.5,100.0,25.0,0.0
MaPufV15WJ,3,35.0,0,4.0,1.0,3.5,11.666666666666666,100.0,75.0,0.0
IS3C1mJoua,1,39.0,1,0.0,0.0,1.5714285714285714,4.4,100.0,100.0,0.0
Yd34WYuKbF,2,24.0,0,0.0,0.0,2.0,2.0,100.0,25.0,0.0
84u1BEeyAS,0,39.0,0,0.0,0.0,3.0,3.0,100.0,25.0,0.0
HWHqUAv1Bt,0,60.0,1,0.0,0.0,1.0,1.0,100.0,25.0,0.0
aIqFYs2fwv,1,25.0,1,7.0,2.0,4.25,25.5,100.0,100.0,25.0
Q6debvvoAI,3,35.0,0,4.0,1.0,2.9655172413793105,17.2,100.0,75.0,0.0
rpQbVCPvOh,0,34.0,1,0.0,0.0,7.714285714285714,54.0,100.0,100.0,12.5
rDefgowkbH,1,48.0,0,0.0,0.0,4.117647058823529,11.666666666666666,100.0,100.0,12.5
idie6dtrqp,0,39.0,1,0.0,0.0,5.6875,30.333333333333332,100.0,100.0,50.0
SYIQmqJMUd,1,43.0,1,0.0,0.0,1.5714285714285714,5.5,100.0,75.0,0.0
jeGVGkOFsB,1,45.0,1,0.0,0.0,2.5,5.0,100.0,50.0,0.0
ADnr2vxAJM,3,54.0,0,0.0,0.0,1.3333333333333333,2.0,100.0,50.0,0.0
ALbOvnUcv4,0,39.0,0,0.0,0.0,8.4,21.0,100.0,100.0,0.0
NtYtKMvC9Q,0,49.0,0,0.0,0.0,1.4838709677419355,7.666666666666667,100.0,100.0,0.0
8i9ZGuOIJn,0,39.0,0,0.0,0.0,12.454545454545455,68.5,100.0,100.0,50.0
IUaPUeZNHK,0,39.0,1,0.0,0.0,1.1666666666666667,3.5,100.0,75.0,0.0
tbuksCquuk,3,55.0,1,0.0,0.0,1.0,1.0,50.0,0.0,0.0
moa9HvDG5x,1,35.0,1,0.0,0.0,2.0,3.0,100.0,100.0,0.0
yW845yUgUr,0,20.0,1,0.0,0.0,3.6666666666666665,11.0,100.0,0.0,0.0
ShORh5gJ7H,1,37.0,1,0.0,0.0,3.0,9.0,100.0,50.0,0.0
vZehH4b1j7,2,25.0,1,0.0,0.0,6.545454545454546,36.0,100.0,50.0,0.0
GXoBu9WC7i,0,42.0,0,10.0,2.0,2.0555555555555554,7.4,100.0,100.0,12.5
BN24Bjh8sf,0,30.0,1,4.0,1.0,2.5555555555555554,7.666666666666667,100.0,100.0,0.0
ttW8TYCnKx,0,53.0,1,0.0,0.0,2.6666666666666665,2.6666666666666665,100.0,25.0,0.0
LEVaLcGmts,0,37.0,0,0.0,0.0,2.1666666666666665,6.5,100.0,75.0,0.0
2c6K66Mo2C,3,39.0,1,0.0,0.0,2.2,3.6666666666666665,100.0,50.0,0.0
oknDHTEUCf,0,30.0,1,80.0,23.0,1.9,4.75,100.0,100.0,12.5
Cf8bRWlYlW,3,63.0,0,41.0,10.0,2.736842105263158,13.0,100.0,100.0,0.0
skJgOtuU9P,3,39.0,1,0.0,0.0,1.4,3.5,100.0,50.0,0.0
xIT2EcUAwl,3,39.0,0,0.0,0.0,1.0,2.0,100.0,25.0,0.0
DRfn7xEett,0,39.0,1,0.0,0.0,1.3333333333333333,4.0,100.0,50.0,0.0
239mtPpj1w,3,30.0,0,0.0,0.0,8.842105263157896,28.0,100.0,25.0,0.0
js8xxOy21x,2,35.0,0,0.0,0.0,1.5714285714285714,3.6666666666666665,100.0,100.0,0.0
IUDeg4TP6f,0,36.0,1,20.0,3.0,2.5625,10.25,100.0,100.0,12.5
cV6wJT7efL,0,26.0,1,0.0,0.0,3.0,3.0,100.0,25.0,0.0
wPcC71XvNh,1,39.0,1,0.0,0.0,1.0,1.0,100.0,50.0,0.0
LmiVSgqQol,3,36.0,1,0.0,0.0,6.0,6.0,100.0,25.0,0.0
5RO5jVeu6m,0,37.0,0,0.0,0.0,2.2,11.0,100.0,100.0,0.0
SNMDlkURCs,3,40.0,1,0.0,0.0,2.0,2.0,50.0,0.0,0.0
VW3YpGJP95,3,50.0,0,0.0,0.0,4.0,12.0,100.0,0.0,0.0
jvjxRmsOuI,0,57.0,1,0.0,0.0,10.19047619047619,71.33333333333333,100.0,100.0,50.0
NAo43lSh5l,0,39.0,1,0.0,0.0,3.0,4.5,100.0,75.0,0.0
onzrgEDVm4,3,39.0,0,0.0,0.0,1.3333333333333333,4.0,100.0,25.0,0.0
jTuTFLlRyl,0,35.0,0,0.0,0.0,2.2857142857142856,8.0,100.0,75.0,0.0
XJ1AMt4poM,0,35.0,0,0.0,0.0,2.0,2.0,50.0,0.0,0.0
0lf6218gVo,0,33.0,0,0.0,0.0,2.0,2.0,100.0,0.0,0.0
6lmT7bG69n,1,32.0,1,0.0,0.0,1.5,1.5,50.0,0.0,0.0
KMY5t5k8Zt,0,35.0,1,0.0,0.0,1.0,1.0,100.0,75.0,0.0
vsh7cMNUth,0,39.0,1,0.0,0.0,1.4444444444444444,5.2,100.0,0.0,0.0
fBfsY55f6v,0,20.0,0,0.0,0.0,2.0,2.0,100.0,0.0,0.0
485bueZcyU,0,58.0,1,20.0,3.0,3.2857142857142856,17.25,100.0,100.0,62.5
xZdb9KnL1R,1,55.0,0,22.399998,6.0,3.3333333333333335,5.0,100.0,100.0,12.5
a4lzExubvf,1,18.0,1,0.0,0.0,1.0,2.0,50.0,0.0,0.0
nqz6bDTUDl,1,30.0,0,0.0,0.0,3.75,15.0,100.0,75.0,0.0
zUOeaPGqBq,1,38.0,1,0.0,0.0,1.5,3.0,100.0,25.0,0.0
KFNp8AoNL0,1,45.0,1,0.0,0.0,4.085714285714285,20.428571428571427,100.0,100.0,37.5
f2R1Ga4WFK,0,29.0,0,0.0,0.0,2.0,2.0,100.0,0.0,0.0
avcHlDSCHD,1,23.0,0,7.0,2.0,3.4545454545454546,9.5,100.0,100.0,0.0
37VV7FYg0f,0,31.0,0,0.0,0.0,1.0,1.0,100.0,0.0,0.0
clvNfNSDBH,3,36.0,0,0.0,0.0,7.5,15.0,100.0,25.0,0.0
ktygk2YKt2,3,39.0,1,0.0,0.0,1.0,1.0,50.0,0.0,0.0
q3VKa21p3Z,3,40.0,0,0.0,0.0,2.0,2.0,100.0,25.0,0.0
64DguSUI7s,0,39.0,0,0.0,0.0,1.8048780487804879,10.571428571428571,100.0,100.0,12.5
XbtV4zEuhb,0,37.0,0,23.0,4.0,2.0,2.0,100.0,50.0,0.0
6NKKT2rq9a,0,37.0,0,0.0,0.0,3.0,12.0,100.0,75.0,0.0
B20EMwbwwA,0,39.0,0,0.0,0.0,2.0,2.0,50.0,0.0,0.0
AlgS8tTT1j,1,38.0,0,0.0,0.0,1.0,1.0,100.0,50.0,0.0
8wBLyOyuBZ,1,37.0,1,0.0,0.0,5.0,10.0,100.0,75.0,0.0
ZbytdCOBAZ,0,50.0,1,0.0,0.0,1.0,1.0,50.0,0.0,0.0
odGGLp9hkf,3,37.0,0,4.0,1.0,3.6666666666666665,16.5,100.0,100.0,12.5
ZIgSfLHVyQ,0,40.0,1,0.0,0.0,3.25,13.0,50.0,0.0,0.0
4vpLPOhqja,3,39.0,1,0.0,0.0,4.0,8.0,100.0,25.0,0.0
crn1Kll2U3,3,46.0,1,0.0,0.0,1.1666666666666667,1.75,100.0,50.0,0.0
Q4buTMP78R,0,39.0,1,0.0,0.0,1.0,1.0,100.0,50.0,0.0
MC567UgoOC,3,39.0,0,0.0,0.0,1.5625,5.0,100.0,100.0,0.0
onXq3TQk1b,3,31.0,0,0.0,0.0,2.0,2.0,100.0,25.0,0.0
Y1Mi7V9Uou,1,44.0,0,14.0,3.0,2.3636363636363638,5.2,100.0,100.0,0.0
96kP6CrMpa,0,53.0,1,0.0,0.0,9.333333333333334,59.5,100.0,100.0,87.5
F0r5FdRt5M,3,39.0,0,0.0,0.0,1.0,1.0,100.0,25.0,0.0
bqGdwdMJ0u,0,29.0,0,0.0,0.0,1.6666666666666667,2.5,100.0,50.0,0.0
vbEUA8kmfF,1,39.0,1,0.0,0.0,1.0,2.0,100.0,0.0,0.0
wcWPuzufKK,3,40.0,1,0.0,0.0,2.3846153846153846,10.333333333333334,100.0,75.0,0.0
stPVD2ykUv,3,49.0,0,0.0,0.0,2.0,2.0,100.0,25.0,0.0
ctOSdK5dpn,3,39.0,1,0.0,0.0,1.0,1.0,100.0,0.0,0.0
3VAexZ8pxy,0,43.0,0,0.0,0.0,5.975,39.833333333333336,100.0,100.0,62.5
GFOUP9YIFm,3,39.0,0,0.0,0.0,2.0,2.0,100.0,100.0,62.5
mLVzlAAfLM,0,29.0,0,0.0,0.0,1.5,3.0,100.0,75.0,0.0
2jJdb3bOx0,0,39.0,0,0.0,0.0,3.0,3.0,100.0,25.0,0.0
Yhbbp2nGZU,0,46.0,0,0.0,0.0,1.5833333333333333,3.8,100.0,100.0,0.0
9Bun2ThGtY,3,39.0,1,0.0,0.0,1.0,1.0,100.0,25.0,0.0
y6J2Bp6bfC,0,37.0,1,0.0,0.0,1.0,1.0,50.0,0.0,0.0
ayug16Twgj,3,68.0,1,0.0,0.0,2.125,8.5,100.0,75.0,0.0
eFKslOxOMk,0,44.0,1,0.0,0.0,1.0,1.0,100.0,25.0,0.0
QKZ0Sq6ek5,0,28.0,0,0.0,0.0,2.4444444444444446,5.5,100.0,100.0,25.0
20YN7hrTfQ,3,39.0,1,0.0,0.0,1.0,1.0,50.0,0.0,0.0
rZmfZXrXdw,3,34.0,1,4.0,1.0,3.0,6.0,100.0,50.0,0.0
I7PbDvxk3i,3,30.0,0,0.0,0.0,3.0,3.0,50.0,0.0,0.0
xBgKvYNfPr,3,39.0,1,0.0,0.0,2.5,5.0,100.0,25.0,0.0
PzcRjrKZaR,3,37.0,0,4.4,1.0,1.6923076923076923,7.333333333333333,100.0,100.0,25.0
b5PBEAi8k5,3,43.0,1,0.0,0.0,1.3333333333333333,2.0,100.0,25.0,0.0
jqxfLD2z9Q,0,36.0,1,0.0,0.0,1.875,7.5,50.0,0.0,0.0
RD8dHfnhNm,3,39.0,0,0.0,0.0,4.2,21.0,100.0,75.0,0.0
3qTMoXo80V,0,49.0,1,4.0,1.0,11.35,75.66666666666667,100.0,100.0,87.5
CBIOX9z7k2,3,34.0,1,4.0,1.0,3.0,6.0,100.0,50.0,0.0
CSLUPX9kmC,0,30.0,0,4.4,1.0,3.625,14.5,100.0,100.0,25.0
nrnGjtXODA,3,37.0,1,0.0,0.0,1.0,1.0,100.0,0.0,0.0
GLUGDdOEIr,1,31.0,1,0.0,0.0,1.0,1.0,50.0,0.0,0.0
cJ6ivUi2q3,0,33.0,1,0.0,0.0,1.8,4.5,100.0,50.0,0.0
nDEzbIVLph,1,60.0,1,0.0,0.0,5.696969696969697,31.333333333333332,100.0,100.0,50.0
TKGfummMmu,3,42.0,0,0.0,0.0,2.076923076923077,6.75,100.0,100.0,0.0
rQ4lVkMbuG,2,28.0,0,0.0,0.0,3.0,6.0,100.0,50.0,0.0
H2KIClof6u,3,39.0,0,0.0,0.0,1.0,1.0,50.0,0.0,0.0
CARJJzOjRc,0,25.0,0,0.0,0.0,2.0,2.0,50.0,0.0,0.0
OyXaZ4D9XA,0,39.0,0,0.0,0.0,1.0,1.5,100.0,50.0,0.0
D7W4t2L3Pu,0,38.0,0,4.4,1.0,2.44,10.166666666666666,100.0,75.0,0.0
g5YCRHUGJN,3,39.0,0,0.0,0.0,1.0,1.0,50.0,0.0,0.0
k7Yd10Uk7u,0,39.0,0,4.0,1.0,2.4444444444444446,11.0,100.0,100.0,0.0
nbGm0o8UF3,0,39.0,0,0.0,0.0,1.8,6.0,100.0,75.0,0.0
pa085GwNtY,3,39.0,0,4.0,1.0,2.75,11.0,100.0,50.0,0.0
0zNMocELTN,1,39.0,0,0.0,0.0,3.5714285714285716,12.5,100.0,75.0,0.0
5tgvMOqtps,1,47.0,0,0.0,0.0,1.0,1.0,100.0,0.0,0.0
i0s3iQQD7j,1,39.0,0,0.0,0.0,2.111111111111111,9.5,100.0,100.0,0.0
oubhK1rfRH,0,22.0,1,4.0,1.0,5.25,10.5,100.0,75.0,0.0
BWAQvpnngr,0,42.0,0,0.0,0.0,2.0,2.0,100.0,0.0,0.0
GAmP08gOcw,1,39.0,1,0.0,0.0,1.5,3.0,100.0,50.0,0.0
M42Br7rLGf,1,26.0,1,0.0,0.0,1.0,1.0,50.0,0.0,0.0
LDjONs7iw4,1,36.0,0,0.0,0.0,1.9285714285714286,5.4,100.0,100.0,12.5
mTqaK6CXF1,1,39.0,1,0.0,0.0,3.6666666666666665,7.333333333333333,100.0,75.0,0.0
vb0rVdZXEJ,3,21.0,1,4.4,1.0,4.4,11.0,100.0,25.0,0.0
j6YRJ0TT8A,3,34.0,0,0.0,0.0,1.0,1.0,100.0,25.0,0.0
ix49QAZLdN,0,52.0,0,0.0,0.0,2.0,2.0,50.0,0.0,0.0
lv0jRxzujf,1,39.0,1,0.0,0.0,3.1538461538461537,10.25,100.0,100.0,0.0
MPYWZ6aKKo,3,42.0,1,4.0,1.0,2.0,4.0,100.0,50.0,0.0
PpY7tFAu4d,3,53.0,0,0.0,0.0,2.1,10.5,100.0,50.0,0.0
B9WZhPfv4R,1,62.0,1,0.0,0.0,4.0,20.0,100.0,100.0,25.0
VkYqQ4b5wM,3,42.0,1,0.0,0.0,1.75,3.5,100.0,50.0,0.0
ClicQPTrws,1,26.0,0,7.0,2.0,4.645833333333333,27.875,100.0,100.0,75.0
zlGJTV90HC,3,45.0,1,4.0,1.0,3.1666666666666665,19.0,100.0,75.0,0.0
lKFGEzkE7P,3,35.0,1,4.0,1.0,2.125,8.5,100.0,25.0,0.0
a5NOuro1Km,3,39.0,0,4.0,1.0,3.2857142857142856,11.5,100.0,75.0,0.0
09wgO3Axah,3,39.0,0,0.0,0.0,1.5714285714285714,4.4,100.0,50.0,0.0
a9mIVB6moz,0,39.0,1,0.0,0.0,4.0,4.0,100.0,50.0,0.0
DM36HQRBt9,2,35.0,0,0.0,0.0,4.7407407407407405,25.6,100.0,100.0,25.0
jAOzmaRQS2,3,47.0,1,0.0,0.0,2.0,4.0,100.0,25.0,0.0
IGOMtdFpk5,0,46.0,1,20.0,3.0,2.6774193548387095,13.833333333333334,100.0,100.0,50.0
nRY89MqGqj,0,42.0,1,0.0,0.0,11.0,11.0,100.0,25.0,0.0
VDdWxs9Y4P,1,23.0,0,0.0,0.0,3.0,3.0,100.0,50.0,0.0
DMEzPZT4s6,3,46.0,0,20.0,3.0,1.0,1.0,100.0,25.0,0.0
S460g8Dnoz,2,39.0,1,0.0,0.0,6.0,6.0,100.0,100.0,25.0
x9TQdgbGTC,3,39.0,1,0.0,0.0,2.0,2.0,100.0,25.0,0.0
a8a6bFYYGh,0,33.0,1,0.0,0.0,4.0,4.0,100.0,25.0,0.0
niecOzGJGh,2,25.0,1,0.0,0.0,1.5,3.0,100.0,25.0,0.0
XvAaSrvXgM,3,34.0,1,0.0,0.0,2.4,6.0,100.0,25.0,0.0
4FKWoGbDN0,1,39.0,0,0.0,0.0,3.7,18.5,100.0,100.0,12.5
Tymvod9TJk,3,40.0,0,0.0,0.0,1.0,1.0,100.0,0.0,0.0
i6ZrlDFCFZ,3,36.0,1,0.0,0.0,1.0,1.0,100.0,0.0,0.0
oDHjsM4fHj,0,39.0,1,0.0,0.0,1.5,3.0,100.0,50.0,0.0
WdOm5DKRHQ,0,39.0,1,0.0,0.0,2.0,2.0,100.0,0.0,0.0
tTwcWKfBep,1,39.0,0,0.0,0.0,5.0,25.0,100.0,100.0,37.5
9MV2du6QRJ,3,36.0,0,0.0,0.0,1.0,2.0,100.0,25.0,0.0
I7LwvfhQeX,0,34.0,0,10.0,2.0,8.689655172413794,31.5,100.0,100.0,50.0
uj53viJGM8,0,39.0,0,0.0,0.0,2.3,4.6,100.0,100.0,0.0
JvwXKhWjWK,0,39.0,1,10.0,2.0,3.45,17.25,100.0,100.0,0.0
1b6028drKU,0,18.0,0,0.0,0.0,3.125,12.5,100.0,75.0,0.0
OGXLPKK5RC,3,47.0,0,0.0,0.0,9.485714285714286,66.4,100.0,100.0,50.0
r7NCUCNuKx,3,35.0,0,4.0,1.0,1.0,1.0,100.0,50.0,0.0
4c5orMlwiu,1,31.0,1,0.0,0.0,3.0,6.0,100.0,25.0,0.0
O6FyvCsBGq,0,39.0,0,0.0,0.0,2.0,4.0,100.0,50.0,0.0
VlFvBrNDfz,0,44.0,1,0.0,0.0,2.0,2.0,100.0,0.0,0.0
LWfJdhXgrL,0,36.0,0,26.0,5.0,2.4054054054054053,12.714285714285714,100.0,100.0,50.0
V8fQmW5Tvg,3,41.0,0,0.0,0.0,5.5,11.0,100.0,25.0,0.0
Ag8MlC07NT,1,41.0,0,0.0,0.0,1.0,1.0,100.0,0.0,0.0
Klu0y96MAF,3,38.0,0,0.0,0.0,1.0,2.0,50.0,0.0,0.0
BD61TmsPoZ,3,38.0,0,0.0,0.0,1.5,3.0,100.0,25.0,0.0
P8iNojYUVw,3,42.0,0,0.0,0.0,1.0,1.0,100.0,25.0,0.0
KU2El3h0is,3,34.0,1,0.0,0.0,1.9,4.75,100.0,75.0,0.0
YBfQLeGSa9,1,20.0,0,0.0,0.0,6.666666666666667,20.0,100.0,100.0,0.0
HimYjFTTMr,1,38.0,1,0.0,0.0,1.4,7.0,100.0,100.0,0.0
EhlBABhZJR,3,39.0,0,0.0,0.0,2.0,4.0,100.0,50.0,0.0
Rt2UM7HrOQ,0,28.0,1,4.0,1.0,7.375,29.5,100.0,100.0,12.5
2LT4sysItX,0,34.0,0,0.0,0.0,1.6666666666666667,2.5,100.0,75.0,0.0
ar6h64kC3X,3,32.0,0,0.0,0.0,2.6666666666666665,4.0,100.0,25.0,0.0
a9AEPVB7ef,1,47.0,1,0.0,0.0,6.0,10.0,50.0,0.0,0.0
ET6O1kU9DT,3,49.0,1,0.0,0.0,2.0,2.6666666666666665,100.0,50.0,0.0
8HQzB6LIX8,3,56.0,1,20.0,3.0,1.6428571428571428,7.666666666666667,100.0,100.0,0.0
Wx0B3PoUtb,0,42.0,0,0.0,0.0,2.0,9.333333333333334,100.0,100.0,0.0
OZg16YXLoI,1,39.0,1,0.0,0.0,1.5,3.0,100.0,50.0,0.0
t4FaZesHkx,3,32.0,1,0.0,0.0,3.0,3.0,50.0,0.0,0.0
nfnTx0NyTM,3,49.0,1,10.0,2.0,2.6666666666666665,12.0,100.0,100.0,0.0
IQ26h1fmZ1,0,39.0,0,0.0,0.0,1.0,1.0,100.0,50.0,0.0
FdocLdEuuj,3,38.0,0,0.0,0.0,2.357142857142857,11.0,100.0,75.0,0.0
misSKgKxaM,0,25.0,1,10.0,2.0,1.4615384615384615,4.75,100.0,75.0,0.0
2yfSzxsZW9,1,39.0,1,0.0,0.0,1.3333333333333333,1.3333333333333333,100.0,50.0,0.0
cSEkVTyMir,3,39.0,1,0.0,0.0,1.0,1.0,50.0,0.0,0.0
ntrzX1GwWr,3,34.0,1,0.0,0.0,1.0,1.0,100.0,25.0,0.0
U0gh2oHnvq,1,35.0,0,14.0,3.0,2.857142857142857,6.666666666666667,100.0,100.0,0.0
a4uqJFz5BK,1,57.0,1,2.8,1.0,7.0,21.0,100.0,75.0,0.0
3gK3aw2jEn,1,39.0,1,0.0,0.0,1.9655172413793103,7.125,100.0,100.0,37.5
CJueFQJmCn,0,46.0,1,0.0,0.0,2.5,5.0,100.0,75.0,0.0
l1pDeJnhbN,0,21.0,0,0.0,0.0,12.5,25.0,100.0,50.0,0.0
oyHkkkHf0T,3,49.0,0,4.0,1.0,1.6470588235294117,5.6,100.0,75.0,0.0
JZ4FO559Xd,3,28.0,1,0.0,0.0,2.3333333333333335,3.5,100.0,50.0,0.0
6WiR7hfHZI,0,18.0,1,0.0,0.0,4.0,4.0,100.0,25.0,0.0
eDEfDMus4i,0,36.0,0,0.0,0.0,5.0,5.0,100.0,50.0,0.0
i7h7r3jrmB,0,39.0,1,0.0,0.0,1.5,1.5,100.0,0.0,0.0
VVCFtedFIo,1,38.0,0,0.0,0.0,6.5,13.0,100.0,75.0,0.0
pNtoBm6jdF,0,26.0,0,0.0,0.0,2.2,3.6666666666666665,100.0,75.0,0.0
EcaRV5em7X,1,30.0,1,0.0,0.0,4.5,18.0,100.0,75.0,0.0
Lx9CD1WLq8,1,47.0,1,0.0,0.0,2.875,11.5,100.0,100.0,0.0
QkhpfYXBGa,3,47.0,0,0.0,0.0,1.0,1.0,50.0,0.0,0.0
q1SQIMofFA,3,39.0,0,0.0,0.0,1.0,1.0,50.0,0.0,0.0
ePcv2hWBIN,0,34.0,0,4.0,1.0,2.0,2.0,100.0,50.0,0.0
HM9QiI8Ql4,0,45.0,0,0.0,0.0,15.6,39.0,100.0,100.0,12.5
c1X4iyWW0k,0,65.0,1,0.0,0.0,3.0,3.0,100.0,25.0,0.0
6tvlxFr82Y,1,50.0,0,0.0,0.0,2.0,2.0,100.0,0.0,0.0
1w4GTEdUnb,3,39.0,0,4.0,1.0,1.7,7.285714285714286,100.0,100.0,25.0
5HMvYP801X,3,39.0,1,0.0,0.0,3.75,7.5,100.0,75.0,0.0
sEjvF9TkhZ,0,45.0,0,0.0,0.0,2.3333333333333335,5.25,100.0,100.0,0.0
YkVLk9EGKf,0,31.0,0,0.0,0.0,3.0,3.0,100.0,50.0,0.0
wb1HWOFEAZ,3,42.0,1,0.0,0.0,1.0,1.0,100.0,25.0,0.0
ZlPnjzr1iV,0,36.0,1,0.0,0.0,2.0,5.0,100.0,50.0,0.0
D3dgoxFEUj,1,39.0,1,0.0,0.0,1.0,1.0,100.0,0.0,0.0
W9i0WUrHUz,1,37.0,1,0.0,0.0,1.6,4.0,100.0,50.0,0.0
Bf4941adk1,0,35.0,1,0.0,0.0,3.0,3.0,100.0,50.0,0.0
nLEPsSTND2,0,22.0,0,0.0,0.0,5.333333333333333,8.0,100.0,50.0,0.0
hDfiT921jq,2,41.0,0,0.0,0.0,3.0,3.0,100.0,0.0,0.0
l1EOaX5zxU,0,45.0,0,0.0,0.0,4.0,4.0,100.0,50.0,0.0
FZ1M4THgxT,1,58.0,0,14.0,3.0,2.7,18.0,100.0,100.0,12.5
2Qt8H3fywg,3,35.0,1,0.0,0.0,1.5,3.0,100.0,100.0,12.5
pnHtCwghJB,3,22.0,1,0.0,0.0,2.5,5.0,100.0,50.0,0.0
XGpRDr8DfL,1,46.0,1,14.0,3.0,1.0,2.0,100.0,50.0,0.0
LUCwTI6fZ7,1,36.0,1,16.8,4.0,5.8076923076923075,37.75,100.0,100.0,50.0
ktaA2XOsVP,3,54.0,0,0.0,0.0,1.0,1.0,100.0,0.0,0.0
ivvapxYZX2,3,39.0,1,0.0,0.0,1.0,1.5,100.0,0.0,0.0
uVpsN3eUzn,1,46.0,0,2.8,1.0,4.25,25.5,100.0,100.0,25.0
TB2GQa8aa2,3,64.0,1,4.0,1.0,1.0,1.0,50.0,0.0,0.0
u4etAMNkmA,3,39.0,0,0.0,0.0,1.0,1.0,50.0,0.0,0.0
ehYO1cAOLT,3,21.0,1,0.0,0.0,3.25,6.5,100.0,75.0,0.0
YX2X8V9Obl,3,36.0,0,0.0,0.0,2.6,6.5,100.0,25.0,0.0
TBhYdr7NqM,0,58.0,1,0.0,0.0,7.037037037037037,47.5,100.0,100.0,50.0
ELLzaPnizV,0,64.0,1,29.0,6.0,7.0,10.5,100.0,75.0,0.0
fpo2cFhNVb,0,42.0,0,0.0,0.0,2.5,5.0,100.0,75.0,0.0
HTa4UwY26I,0,41.0,1,0.0,0.0,1.25,2.5,50.0,0.0,0.0
EDi72ciwka,0,38.0,0,0.0,0.0,1.7142857142857142,2.4,50.0,0.0,0.0
8VGcQN5zeP,0,44.0,1,4.0,1.0,2.3333333333333335,9.333333333333334,100.0,100.0,0.0
DD8AlMBRBI,1,49.0,0,2.8,1.0,5.4,27.0,100.0,100.0,12.5
ZEOGxycNsn,3,35.0,0,0.0,0.0,1.0,1.6666666666666667,100.0,0.0,0.0
7mx9HM4saU,3,39.0,0,0.0,0.0,2.0,2.0,50.0,0.0,0.0
h0soQ9B6pG,3,26.0,0,0.0,0.0,2.1,7.0,100.0,50.0,0.0
KLVsnV0IAq,3,31.0,0,0.0,0.0,2.0,2.0,100.0,25.0,0.0
Inc497zq49,1,38.0,1,0.0,0.0,3.0,9.0,100.0,50.0,0.0
gyFdSS7iyh,1,26.0,0,0.0,0.0,1.5,1.5,100.0,50.0,0.0
RIMoZj4XYI,0,42.0,1,29.0,6.0,2.6666666666666665,8.0,100.0,0.0,0.0
pL3cCzY7xc,1,41.0,1,2.8,1.0,5.352941176470588,22.75,100.0,100.0,37.5
Wu9rwL6ych,3,51.0,1,0.0,0.0,2.3333333333333335,7.0,100.0,0.0,0.0
YMNwUTbdfG,3,41.0,1,0.0,0.0,1.6666666666666667,5.0,100.0,25.0,0.0
ayIN6A6QWu,0,54.0,1,10.0,2.0,5.392857142857143,30.2,100.0,100.0,37.5
QifwLu3Tbz,3,34.0,1,0.0,0.0,1.0,1.0,100.0,25.0,0.0
ckPFKfULpy,1,37.0,0,0.0,0.0,3.0,11.0,100.0,0.0,0.0
Iavpa44tsU,1,39.0,1,0.0,0.0,2.0,4.0,100.0,0.0,0.0
RhvVAhQ7ua,0,42.0,0,0.0,0.0,2.857142857142857,10.0,100.0,50.0,0.0
fx3hrdLHps,3,62.0,1,0.0,0.0,2.6296296296296298,11.833333333333334,100.0,75.0,0.0
Ta5P4XjRfJ,0,39.0,1,4.0,1.0,2.3333333333333335,3.5,100.0,75.0,0.0
X68cRoGd83,0,42.0,0,62.6,17.0,4.0,14.0,100.0,100.0,12.5
Ls3Kn3txxW,3,39.0,1,0.0,0.0,7.0,7.0,100.0,25.0,0.0
PAuf6mY8BS,3,24.0,1,31.9,6.0,2.5238095238095237,13.25,100.0,100.0,0.0
zxYHDXobx5,0,39.0,0,10.0,2.0,3.8,19.0,100.0,100.0,12.5
ROOcSHGQWu,3,45.0,0,4.0,1.0,1.6666666666666667,5.0,100.0,25.0,0.0
uyyEzioQkl,0,52.0,1,0.0,0.0,2.0,2.0,50.0,0.0,0.0
APDXzGReel,0,32.0,0,0.0,0.0,1.0,1.0,100.0,0.0,0.0
eBgBnY3rvZ,0,39.0,1,0.0,0.0,2.0,2.0,50.0,0.0,0.0
6RqiOENJWh,1,51.0,1,0.0,0.0,12.4,31.0,100.0,100.0,0.0
ukTji0Bso8,3,58.0,1,0.0,0.0,3.0,3.0,50.0,0.0,0.0
y5nNiGsnuJ,3,39.0,0,0.0,0.0,1.0,1.0,50.0,0.0,0.0
1mNoRBaADb,0,18.0,0,0.0,0.0,2.0,2.0,100.0,25.0,0.0
RqgjVnFDtW,1,30.0,1,0.0,0.0,1.0,2.0,100.0,25.0,0.0
QVKAhy1cOZ,3,39.0,0,0.0,0.0,5.0,5.0,100.0,50.0,0.0
O6Vi1VZrI5,0,39.0,1,0.0,0.0,3.0,3.0,100.0,50.0,0.0
I0cVtD1ZZA,3,56.0,1,0.0,0.0,2.0,2.0,100.0,25.0,0.0
SvRn9NytNm,1,57.0,0,25.199999,7.0,1.4444444444444444,4.333333333333333,100.0,100.0,87.5
Xj54yYYYV0,0,43.0,0,0.0,0.0,5.230769230769231,34.0,50.0,0.0,0.0
KDQobXbJJI,1,39.0,0,0.0,0.0,1.0,1.0,100.0,0.0,0.0
Zh7ZMmK66k,1,39.0,1,0.0,0.0,2.5,5.0,100.0,25.0,0.0
dUNT3kDwo9,0,25.0,1,0.0,0.0,3.0,4.5,100.0,25.0,0.0
QkX0CB29RH,0,41.0,0,0.0,0.0,3.5714285714285716,12.5,100.0,100.0,25.0
GMfXlyphKK,3,40.0,1,0.0,0.0,3.5714285714285716,8.333333333333334,100.0,100.0,0.0
JMk9O2KKbM,0,39.0,0,0.0,0.0,1.0,1.0,50.0,0.0,0.0
v4DHyreXLS,0,39.0,0,4.0,1.0,2.2777777777777777,10.25,100.0,100.0,0.0
6KNwVTS7Ce,0,44.0,1,0.0,0.0,2.4,4.0,100.0,75.0,0.0
svZApc7XHU,0,39.0,0,0.0,0.0,1.625,4.333333333333333,100.0,75.0,0.0
XYNwkdlsoZ,1,25.0,0,19.599998,5.0,2.857142857142857,10.0,100.0,75.0,0.0
603Jl4mKjM,0,36.0,1,23.0,4.0,2.6666666666666665,13.333333333333334,100.0,100.0,12.5
qso34O5PiQ,3,55.0,0,0.0,0.0,1.0,1.0,50.0,0.0,0.0
AEst4D382d,3,51.0,0,0.0,0.0,2.206896551724138,10.666666666666666,100.0,100.0,0.0
SxvS1uxydM,2,39.0,0,0.0,0.0,1.0,1.0,100.0,25.0,0.0
7aL5TCAv38,0,46.0,0,0.0,0.0,6.666666666666667,46.666666666666664,100.0,100.0,37.5
FTrjnt4Co4,3,49.0,0,0.0,0.0,1.8125,7.25,100.0,50.0,0.0
rDA7oyHnBY,1,34.0,0,0.0,0.0,1.4444444444444444,4.333333333333333,100.0,75.0,0.0
KpSM9iYjjX,3,51.0,1,20.0,3.0,1.4,2.3333333333333335,100.0,25.0,0.0
bYjFIopGvQ,1,41.0,0,0.0,0.0,4.0,4.0,100.0,50.0,0.0
74jUq0sWE2,1,39.0,0,0.0,0.0,3.0,3.0,100.0,0.0,0.0
b8pfcSwxb8,3,39.0,0,0.0,0.0,2.5,5.0,100.0,25.0,0.0
nkJa4NpJ2C,3,39.0,1,0.0,0.0,10.0,10.0,100.0,50.0,0.0
WwiCK54yQT,0,53.0,0,0.0,0.0,3.0833333333333335,18.5,100.0,100.0,50.0
CAwqGhTI4n,3,39.0,0,0.0,0.0,1.6666666666666667,5.0,100.0,25.0,0.0
thjHqznbMy,0,39.0,1,0.0,0.0,6.4,16.0,100.0,100.0,37.5
l4AT2kZgVF,1,28.0,0,0.0,0.0,2.0,2.0,100.0,50.0,0.0
DHDJMpakRE,0,40.0,0,0.0,0.0,3.0,18.0,100.0,100.0,12.5
aE7bIaFZM1,3,39.0,0,0.0,0.0,1.3333333333333333,2.0,100.0,25.0,0.0
e6XioiiGhk,2,21.0,1,0.0,0.0,2.888888888888889,13.0,100.0,100.0,12.5
ih5t2UlDBR,1,39.0,0,0.0,0.0,1.0,1.0,100.0,25.0,0.0
n2iADoolIL,3,36.0,0,4.4,1.0,3.7142857142857144,6.5,100.0,100.0,12.5
qYmOaz579c,3,39.0,0,0.0,0.0,1.2,2.0,100.0,50.0,0.0
Oq7RyVs4r1,1,35.0,0,2.8,1.0,8.695652173913043,50.0,100.0,100.0,37.5
GQUoqtNJDQ,0,54.0,1,0.0,0.0,1.0,1.0,50.0,0.0,0.0
HfmlyerkzC,0,39.0,0,0.0,0.0,2.4285714285714284,8.5,100.0,100.0,0.0
oMLtqeMmax,0,39.0,0,4.0,1.0,2.588235294117647,11.0,100.0,100.0,62.5
Vbkb4ymlqF,0,39.0,1,0.0,0.0,2.0,2.0,50.0,0.0,0.0
Bva9kl4VoS,0,36.0,0,4.0,1.0,4.8604651162790695,29.857142857142858,100.0,100.0,25.0
9qRSXgrWmB,3,42.0,0,0.0,0.0,1.75,3.5,100.0,75.0,0.0
m1iZxK9xZx,0,39.0,1,4.0,1.0,4.1,24.6,100.0,100.0,50.0
Tlor2AHvND,3,39.0,1,0.0,0.0,2.5,3.75,100.0,25.0,0.0
atfXknVEwJ,3,52.0,0,4.0,1.0,2.2,3.6666666666666665,100.0,75.0,0.0
DEbsa31lSL,1,39.0,0,0.0,0.0,1.3333333333333333,4.0,100.0,50.0,0.0
UI4Pa8bNPI,0,40.0,0,0.0,0.0,4.72972972972973,25.0,100.0,100.0,50.0
30p0hBV9oB,1,40.0,0,2.8,1.0,2.0,2.0,100.0,50.0,0.0
mgz5CWSepT,3,28.0,0,0.0,0.0,1.5,1.5,100.0,25.0,0.0
rn84IN1vL2,0,49.0,1,4.0,1.0,2.7735849056603774,18.375,100.0,100.0,50.0
law2lBm7Sc,0,32.0,0,4.0,1.0,2.586206896551724,15.0,100.0,100.0,25.0
zqWVjpjscJ,0,26.0,1,0.0,0.0,5.2,13.0,100.0,100.0,0.0
ELzkZQwP50,3,39.0,1,0.0,0.0,3.272727272727273,14.4,100.0,100.0,12.5
FAZQDCKYsH,0,39.0,1,0.0,0.0,8.153846153846153,42.4,100.0,100.0,50.0
vtHH8Urdy9,3,42.0,0,0.0,0.0,2.111111111111111,4.75,100.0,50.0,0.0
m5IQW7xOrX,1,53.0,1,0.0,0.0,4.333333333333333,21.666666666666668,100.0,100.0,12.5
jnLwfNzk6o,0,33.0,1,4.0,1.0,8.4,16.8,100.0,100.0,0.0
qJZM6InWpG,3,39.0,0,0.0,0.0,2.5,5.0,100.0,25.0,0.0
cpNtGJYCR2,0,47.0,1,0.0,0.0,1.619047619047619,5.666666666666667,100.0,100.0,50.0
RBueckB36X,0,39.0,1,0.0,0.0,1.0,1.0,100.0,25.0,0.0
d7SLv3VnV6,0,42.0,1,10.0,2.0,2.1,7.0,100.0,100.0,0.0
UcJ24pc0MT,1,39.0,1,0.0,0.0,2.0,4.0,100.0,25.0,0.0
54WiABiHCL,3,51.0,0,0.0,0.0,1.625,4.333333333333333,100.0,50.0,0.0
zr2f005zbm,1,39.0,0,0.0,0.0,5.0,5.0,100.0,75.0,0.0
jtNqlfFRHG,1,37.0,0,0.0,0.0,6.0,6.0,100.0,100.0,0.0
awwEHNnENX,3,46.0,0,20.0,3.0,7.403225806451613,45.9,100.0,100.0,12.5
LOawrZcjYo,0,39.0,1,0.0,0.0,1.0,2.0,50.0,0.0,0.0
HqXbJDFcPY,1,49.0,0,7.0,2.0,2.2,11.0,100.0,100.0,0.0
DRswPKXGfl,1,33.0,1,0.0,0.0,3.0,3.0,100.0,50.0,0.0
1KsRwlzWZz,1,26.0,0,0.0,0.0,2.0,4.0,100.0,50.0,0.0
4rRaiq6Cw2,1,52.0,0,0.0,0.0,2.375,3.8,100.0,100.0,25.0
0j7jYhqHoE,0,39.0,1,0.0,0.0,3.5,7.0,100.0,75.0,0.0
3eCDBWMQde,0,45.0,0,26.0,5.0,3.6153846153846154,18.8,100.0,100.0,0.0
Qr0d3bhkML,0,39.0,0,0.0,0.0,2.5,5.0,100.0,50.0,0.0
p8WcFQUINI,2,18.0,1,0.0,0.0,3.5714285714285716,12.5,100.0,75.0,0.0
57aGHGF6ON,0,42.0,1,0.0,0.0,2.3333333333333335,3.5,100.0,50.0,0.0
iD8LlhcIHh,0,39.0,0,0.0,0.0,7.363636363636363,40.5,100.0,100.0,37.5
68ucxolc8v,0,24.0,1,4.0,1.0,8.833333333333334,26.5,100.0,100.0,25.0
G6gDGSbuGW,0,37.0,1,0.0,0.0,4.534883720930233,27.857142857142858,100.0,100.0,37.5
0SncqMj4F8,0,42.0,0,0.0,0.0,1.0,1.0,100.0,100.0,0.0
zjrbmPNs2x,1,46.0,1,0.0,0.0,7.0,7.0,100.0,100.0,0.0
ilZy07EgFD,0,39.0,1,0.0,0.0,1.1666666666666667,1.75,100.0,75.0,0.0
8XbWghYRA3,1,42.0,1,2.8,1.0,4.5,9.0,100.0,75.0,0.0
t085i0B6M0,3,39.0,0,41.0,10.0,3.58974358974359,17.5,100.0,100.0,37.5
fAIsDy85ln,3,39.0,1,4.0,1.0,1.5,3.0,100.0,50.0,0.0
F9V1WlYYBF,0,39.0,1,0.0,0.0,4.0,4.0,100.0,75.0,0.0
x5e7BHD1aB,3,44.0,0,4.0,1.0,1.6666666666666667,5.0,100.0,50.0,0.0
dgAXLjDn0S,3,26.0,0,4.0,1.0,2.0,2.0,100.0,75.0,0.0
ee60Eq52KZ,3,40.0,0,0.0,0.0,4.466666666666667,14.88888888888889,100.0,100.0,0.0
gBpBQRLvYb,3,39.0,0,0.0,0.0,2.0,2.0,100.0,25.0,0.0
HUYVTEmk6C,3,39.0,1,0.0,0.0,1.0,2.0,100.0,50.0,0.0
q0zE5D3VjQ,0,39.0,1,4.0,1.0,2.6666666666666665,12.0,100.0,100.0,50.0
O3ocWJ83zG,0,35.0,0,0.0,0.0,3.8,19.0,100.0,0.0,0.0
7PRu6pfTRg,0,18.0,1,4.0,1.0,1.6666666666666667,3.3333333333333335,100.0,50.0,0.0
j9kNsUGyJo,3,39.0,1,4.0,1.0,9.0,9.0,100.0,50.0,0.0
4aNZNaSgX6,3,47.0,1,0.0,0.0,1.5,1.5,100.0,0.0,0.0
Fc9lbOdUM9,0,39.0,0,0.0,0.0,1.5,4.5,100.0,75.0,0.0
PISBVOzUM0,0,55.0,0,0.0,0.0,1.7777777777777777,5.333333333333333,100.0,75.0,0.0
sSgeSJBA9T,1,36.0,0,0.0,0.0,1.8333333333333333,3.6666666666666665,100.0,75.0,0.0
2VEa7Kvsva,1,34.0,0,0.0,0.0,2.4761904761904763,10.4,100.0,100.0,12.5
o7lwyvJnid,3,39.0,1,0.0,0.0,1.0,1.0,100.0,0.0,0.0
JVIHVcoF4k,3,58.0,0,11.0,2.0,2.1052631578947367,10.0,100.0,75.0,0.0
fItXcbpIRL,3,39.0,0,0.0,0.0,2.588235294117647,8.8,50.0,0.0,0.0
KY3NHsTAOE,0,39.0,0,0.0,0.0,3.5,7.0,100.0,50.0,0.0
KkSK7HHD2K,0,39.0,1,0.0,0.0,4.0,6.0,100.0,75.0,0.0
4ujY3DzNkE,1,34.0,0,0.0,0.0,3.5,14.0,100.0,75.0,0.0
AODXqbA5f2,0,36.0,0,0.0,0.0,1.0,1.0,50.0,0.0,0.0
qoQnniTUE6,2,39.0,0,2.0,1.0,11.0,16.5,100.0,75.0,0.0
gw4ZZqzm8c,3,74.0,1,0.0,0.0,1.0,2.0,100.0,0.0,0.0
5sgNfdf6lY,3,46.0,0,0.0,0.0,2.0,2.0,100.0,0.0,0.0
03rUuSNzdM,1,25.0,0,0.0,0.0,3.5,7.0,50.0,0.0,0.0
IRKVG0dGYw,3,50.0,0,0.0,0.0,2.8333333333333335,8.5,100.0,75.0,0.0
ByjO4u3nxH,0,42.0,0,10.0,2.0,2.75,11.0,100.0,75.0,0.0
av9S2LBhA2,0,39.0,1,0.0,0.0,2.0,2.0,50.0,0.0,0.0
554lxq8Mce,3,39.0,1,0.0,0.0,1.3333333333333333,2.0,100.0,50.0,0.0
z16EGmeyD7,0,39.0,0,0.0,0.0,7.631578947368421,48.333333333333336,100.0,100.0,37.5
9pE08Mx5zo,2,39.0,0,0.0,0.0,3.0,6.0,100.0,25.0,0.0
MrNs3e0CYK,0,33.0,0,4.0,1.0,4.0,13.6,100.0,100.0,12.5
6USEFBDL05,1,39.0,1,0.0,0.0,4.0,12.0,100.0,25.0,0.0
JrlVLjWTOK,3,29.0,1,20.0,3.0,2.111111111111111,9.5,100.0,50.0,0.0
2ofsilRSU9,0,25.0,0,23.0,4.0,1.8421052631578947,5.0,100.0,50.0,0.0
WccvnEr3TO,1,44.0,1,0.0,0.0,2.5,5.0,100.0,25.0,0.0
YueUBGBswO,3,60.0,1,0.0,0.0,2.5,5.0,100.0,75.0,0.0
DiEiHEbGR2,0,93.0,1,0.0,0.0,4.0,8.0,100.0,50.0,0.0
SJ5d64E26c,3,32.0,1,0.0,0.0,1.5,1.5,100.0,50.0,0.0
JUKeGJlrqs,1,44.0,1,0.0,0.0,1.5,1.5,50.0,0.0,0.0
deKZ3v0zBm,0,39.0,1,0.0,0.0,1.5,4.5,100.0,75.0,0.0
WC8PFeNa6h,1,38.0,0,2.8,1.0,3.388888888888889,17.428571428571427,100.0,100.0,25.0
iwOyR5tLbM,1,52.0,0,0.0,0.0,2.5,15.714285714285714,100.0,100.0,50.0
H0ZEnNjjUl,3,39.0,1,0.0,0.0,2.0,3.0,100.0,50.0,0.0
Dbo5hfyRNa,3,39.0,0,0.0,0.0,2.0,2.0,100.0,0.0,0.0
dvL29Sx4kY,0,39.0,0,0.0,0.0,4.333333333333333,6.5,100.0,75.0,0.0
4GzzafXPnI,1,38.0,1,14.0,3.0,3.103448275862069,18.0,100.0,100.0,50.0
y7qUMGawKf,1,35.0,1,2.8,1.0,2.5714285714285716,4.5,100.0,25.0,0.0
Oi5GFkXy7d,0,43.0,1,23.0,4.0,5.0,10.0,100.0,100.0,0.0
ZMsJKgbVM1,1,40.0,1,2.8,1.0,1.9375,7.75,100.0,100.0,0.0
4btnOxbJTk,0,43.0,0,0.0,0.0,2.0,7.333333333333333,100.0,100.0,0.0
zExTh2vOOf,0,25.0,1,0.0,0.0,3.0,9.0,50.0,0.0,0.0
bDxDtpj5h1,3,35.0,1,0.0,0.0,1.0,1.0,50.0,0.0,0.0
BriyNkDjnH,3,29.0,1,4.0,1.0,2.611111111111111,13.428571428571429,100.0,100.0,25.0
TO3MhmLdoX,3,72.0,0,4.0,1.0,4.0,4.0,100.0,25.0,0.0
KIKhelW3Nj,0,39.0,1,44.0,11.0,4.481481481481482,24.2,100.0,100.0,62.5
S2fnO5rJFo,3,39.0,0,0.0,0.0,1.0,1.0,50.0,0.0,0.0
WWORvxlvph,0,28.0,0,0.0,0.0,5.071428571428571,23.666666666666668,100.0,50.0,0.0
4ogr32dj9F,2,30.0,1,2.0,1.0,1.8928571428571428,10.6,100.0,100.0,12.5
uwWuNUThbn,0,39.0,0,0.0,0.0,7.285714285714286,25.5,100.0,100.0,0.0
smiuefTT75,3,39.0,0,0.0,0.0,1.0,1.0,50.0,0.0,0.0
vCUNcutQVe,3,39.0,1,0.0,0.0,5.0,5.0,100.0,25.0,0.0
99ScUjKAKg,3,43.0,1,0.0,0.0,2.25,4.5,100.0,0.0,0.0
6dvHX7nGjB,3,37.0,0,4.0,1.0,2.0,2.0,100.0,50.0,0.0
iDGDz4J04V,3,23.0,0,0.0,0.0,3.0,3.0,100.0,25.0,0.0
aSFb7es6eP,3,58.0,0,0.0,0.0,1.5,1.5,100.0,0.0,0.0
k6FMv5cLUG,1,39.0,1,0.0,0.0,3.0,3.0,100.0,0.0,0.0
SBic6RJQqO,3,57.0,1,4.0,1.0,2.6875,12.285714285714286,100.0,100.0,12.5
3i0M31oRXW,0,40.0,1,0.0,0.0,5.285714285714286,37.0,100.0,100.0,62.5
rTGVXXPNsW,3,99.0,1,0.0,0.0,1.0,1.0,100.0,25.0,0.0
AuwZuDlbQi,3,36.0,1,4.0,1.0,1.0,1.0,50.0,0.0,0.0
GMmKnoi7Gj,0,49.0,1,0.0,0.0,3.1785714285714284,14.833333333333334,100.0,100.0,12.5
zZMdGOw4KA,3,34.0,1,0.0,0.0,2.5,5.0,100.0,50.0,0.0
ZqnDjkgt88,2,33.0,1,0.0,0.0,1.0,1.3333333333333333,100.0,0.0,0.0
bggrH8TaEc,3,63.0,1,0.0,0.0,2.5555555555555554,5.75,100.0,50.0,0.0
AzSAh19onX,1,35.0,0,0.0,0.0,1.5714285714285714,5.5,50.0,0.0,0.0
PX6UArmVM7,2,51.0,1,2.0,1.0,6.5,32.5,100.0,100.0,37.5
E2Gdpj6Zqx,1,27.0,1,0.0,0.0,1.0,1.0,100.0,50.0,0.0
EO3GszUxQA,3,37.0,0,0.0,0.0,1.8333333333333333,3.6666666666666665,100.0,50.0,0.0
tMeOET7Bd6,3,39.0,1,0.0,0.0,1.0,1.0,100.0,0.0,0.0
qYzCPW2MlP,0,39.0,1,0.0,0.0,1.0,1.0,100.0,25.0,0.0
LrelEqZTwj,3,29.0,1,0.0,0.0,1.6666666666666667,1.6666666666666667,100.0,25.0,0.0
WovZjAplQK,3,44.0,0,4.0,1.0,6.636363636363637,36.5,100.0,100.0,12.5
SePKl6jaYh,3,39.0,0,0.0,0.0,2.0,2.0,100.0,0.0,0.0
AlouTv8vMu,2,44.0,1,0.0,0.0,3.272727272727273,12.0,100.0,50.0,0.0
7zx0jFwPEn,3,47.0,0,0.0,0.0,2.0,2.0,100.0,0.0,0.0
BBOtFBMvtu,3,41.0,0,20.0,3.0,2.0,4.666666666666667,100.0,75.0,0.0
9XOrHJVtpe,3,35.0,1,0.0,0.0,2.3333333333333335,3.5,50.0,0.0,0.0
OV5d91ndBJ,0,37.0,0,0.0,0.0,2.96,14.8,100.0,100.0,37.5
LPXu38dZ28,3,58.0,1,0.0,0.0,2.5,5.0,100.0,100.0,0.0
NaeTQHHtY1,1,37.0,1,7.0,2.0,2.0,3.6666666666666665,100.0,75.0,0.0
C5GKQ9aKQz,0,39.0,1,0.0,0.0,1.0,1.0,50.0,0.0,0.0
FxxIbpai7n,3,44.0,0,0.0,0.0,1.3333333333333333,2.0,50.0,0.0,0.0
jKjX260rPG,3,50.0,1,0.0,0.0,1.5,1.5,100.0,25.0,0.0
Nc1D1krOrW,0,39.0,1,29.0,6.0,6.538461538461538,42.5,100.0,100.0,75.0
VdQtbTxSbH,3,42.0,1,4.4,1.0,15.6,39.0,100.0,100.0,0.0
fBBUGiS5A8,1,29.0,1,0.0,0.0,2.5,5.0,100.0,75.0,0.0
U1k4oiRnxR,1,39.0,1,0.0,0.0,2.6,6.5,100.0,75.0,0.0
kOirXk211S,0,21.0,0,0.0,0.0,2.0,6.0,100.0,75.0,0.0
3F80yurGfP,0,20.0,0,0.0,0.0,2.5,5.0,100.0,75.0,0.0
XxLVQPnT7r,0,37.0,1,0.0,0.0,2.0,3.0,100.0,75.0,0.0
egtAZqEmv1,0,28.0,1,0.0,0.0,4.0,4.0,50.0,0.0,0.0
3g3J1mplDx,1,36.0,0,0.0,0.0,1.0,1.0,100.0,50.0,0.0
Fv673MgvlQ,3,54.0,1,4.0,1.0,9.461538461538462,61.5,100.0,100.0,62.5
UInFWgXQ6z,3,36.0,0,0.0,0.0,2.0,2.0,100.0,25.0,0.0
dFMrvRH5UR,1,28.0,1,0.0,0.0,2.0,2.0,100.0,50.0,0.0
dLanvwEmeD,3,39.0,0,0.0,0.0,2.7,6.75,100.0,75.0,0.0
OzEXAMW239,0,39.0,0,0.0,0.0,3.0,11.25,100.0,100.0,0.0
lGH9boU5J2,1,34.0,0,0.0,0.0,1.0,1.0,50.0,0.0,0.0
gsW52zwSe5,0,35.0,0,4.0,1.0,3.6956521739130435,14.166666666666666,100.0,100.0,12.5
DpTqUuFoZk,0,50.0,0,0.0,0.0,1.6666666666666667,5.0,100.0,50.0,0.0
Cm9oAPRhTQ,0,25.0,1,0.0,0.0,5.0,5.0,100.0,75.0,0.0
BebjBWSeKQ,3,46.0,0,0.0,0.0,2.0,2.0,100.0,25.0,0.0
AlPdEp5X3V,3,46.0,1,0.0,0.0,1.0,1.0,100.0,50.0,0.0
iK4Xy8l59R,0,65.0,1,0.0,0.0,1.0,2.0,100.0,50.0,0.0
NvJ9ig2L23,3,39.0,1,20.0,3.0,3.5,7.0,100.0,75.0,0.0
autkW6KQjv,0,49.0,1,0.0,0.0,2.2857142857142856,4.0,100.0,0.0,0.0
EAoDbadhEO,3,41.0,0,4.0,1.0,3.0,9.0,100.0,50.0,0.0
hu06376RZ8,0,39.0,0,0.0,0.0,1.0,1.0,50.0,0.0,0.0
jVa0gADAav,1,55.0,0,2.8,1.0,2.8461538461538463,18.5,100.0,100.0,12.5
mO30KoRHwQ,3,49.0,0,0.0,0.0,1.0,1.0,50.0,0.0,0.0
pY8qr4Fw4b,0,39.0,1,0.0,0.0,3.0952380952380953,13.0,100.0,100.0,12.5
2EFRMmsUiv,3,39.0,0,0.0,0.0,5.0,15.0,100.0,25.0,0.0
eFRNZrSu3x,3,50.0,1,0.0,0.0,2.5,5.0,100.0,50.0,0.0
NAOYwmdM2W,1,50.0,1,0.0,0.0,1.736842105263158,8.25,100.0,100.0,0.0
cgKAySpBUw,1,50.0,1,0.0,0.0,2.3333333333333335,7.0,100.0,25.0,0.0
j7FsMCKSpg,3,39.0,0,0.0,0.0,1.0,1.0,50.0,0.0,0.0
cURnedKhpV,1,45.0,1,0.0,0.0,3.6774193548387095,16.285714285714285,100.0,50.0,0.0
hrfohcXl76,0,39.0,0,0.0,0.0,1.0,1.0,50.0,0.0,0.0
JUP8R2cHWn,0,42.0,0,0.0,0.0,1.4,3.5,100.0,75.0,0.0
uzxVOAV19b,0,46.0,0,0.0,0.0,2.8,14.0,100.0,100.0,12.5
MjED2RQeUC,3,39.0,1,4.0,1.0,1.75,5.25,100.0,25.0,0.0
xM8fprtvM9,1,36.0,1,0.0,0.0,1.9090909090909092,6.0,100.0,100.0,0.0
rc8V9fObkD,0,39.0,1,4.0,1.0,3.2941176470588234,18.666666666666668,100.0,100.0,12.5
xAvYHwEX9D,0,35.0,0,0.0,0.0,2.230769230769231,9.666666666666666,100.0,100.0,0.0
ulZ6dTe0ZU,2,45.0,1,3.5,2.0,19.05,127.0,100.0,100.0,62.5
bbHPaa1Cc6,0,32.0,0,4.0,1.0,2.0,5.0,100.0,100.0,0.0
9FJ3B9BHO2,3,39.0,0,4.0,1.0,1.7142857142857142,3.0,100.0,75.0,0.0
uCAveekaCT,3,29.0,0,4.0,1.0,1.7142857142857142,4.0,50.0,0.0,0.0
sjaCFMufkv,3,62.0,1,26.0,5.0,1.8333333333333333,3.6666666666666665,100.0,75.0,0.0
IRQUhRktTI,0,30.0,1,4.4,1.0,2.0,3.3333333333333335,50.0,0.0,0.0
QlrnBO3SZs,1,39.0,0,2.8,1.0,1.8571428571428572,4.333333333333333,100.0,100.0,0.0
gucnN2fD1l,0,36.0,0,0.0,0.0,1.0,1.0,100.0,50.0,0.0
wvfegoyZat,1,39.0,1,0.0,0.0,5.0,5.0,100.0,75.0,0.0
TPNw3n6bpk,1,34.0,0,2.8,1.0,6.25,8.333333333333334,50.0,0.0,0.0
25ZPAAeYU1,0,33.0,0,0.0,0.0,2.0,4.0,50.0,0.0,0.0
d9HvvitQQD,3,58.0,0,0.0,0.0,2.0,2.0,50.0,0.0,0.0
8aMIDzcVGk,0,46.0,0,0.0,0.0,1.6666666666666667,5.0,100.0,75.0,0.0
BNLaobl4mV,3,37.0,1,20.0,3.0,4.142857142857143,7.25,100.0,50.0,0.0
p7IlNkirFt,3,41.0,0,4.0,1.0,1.2857142857142858,3.0,100.0,25.0,0.0
3SI2rWAVAi,1,31.0,0,0.0,0.0,2.5,3.75,50.0,0.0,0.0
PDzZFtxoYj,1,31.0,0,0.0,0.0,1.75,3.5,100.0,75.0,0.0
cssjfmgF04,1,39.0,1,0.0,0.0,2.0,2.0,100.0,0.0,0.0
GIwCZikHnz,3,39.0,1,0.0,0.0,3.0,6.0,100.0,50.0,0.0
VQGCnq7XaP,0,41.0,1,0.0,0.0,1.6,8.0,100.0,75.0,0.0
7hv51JIZdE,1,48.0,1,0.0,0.0,1.3333333333333333,4.0,100.0,50.0,0.0
oRApU5JADi,0,39.0,1,20.0,3.0,4.0,12.0,100.0,100.0,0.0
hSp5AFnvIe,0,39.0,0,0.0,0.0,1.0,2.0,50.0,0.0,0.0
SHne8htLnE,3,39.0,1,0.0,0.0,1.5,1.5,100.0,25.0,0.0
zK7ZNFmmnk,1,48.0,0,7.0,2.0,6.0,36.0,100.0,100.0,0.0
owvHCGOFPc,0,20.0,0,0.0,0.0,1.875,7.5,100.0,50.0,0.0
69JNKuqhgX,1,36.0,0,0.0,0.0,3.588235294117647,10.166666666666666,100.0,100.0,0.0
OetWqBUaL9,3,54.0,0,0.0,0.0,2.0,2.0,100.0,25.0,0.0
zQyoSxzcgT,0,39.0,1,0.0,0.0,2.5,8.333333333333334,100.0,75.0,0.0
uir7HaMaWr,0,39.0,0,0.0,0.0,1.0,1.0,50.0,0.0,0.0
Wh6PmueUWL,0,39.0,0,0.0,0.0,1.4,4.666666666666667,100.0,75.0,0.0
7Lbph4c1HT,0,39.0,1,0.0,0.0,1.5714285714285714,5.5,50.0,0.0,0.0
SJ0SefxQGn,3,39.0,0,0.0,0.0,4.8,12.0,100.0,50.0,0.0
TzkI8yF2m2,0,39.0,0,4.0,1.0,3.0,4.5,100.0,100.0,0.0
4kNePxKujw,3,39.0,0,0.0,0.0,2.0,2.0,50.0,0.0,0.0
JeBAO56Ddj,3,39.0,0,0.0,0.0,6.0,6.0,100.0,25.0,0.0
8Zo5btDgLv,1,47.0,0,0.0,0.0,3.024390243902439,20.666666666666668,100.0,100.0,37.5
cI4lWvrueO,3,34.0,0,0.0,0.0,1.6666666666666667,2.5,100.0,0.0,0.0
IdoDJRMaKV,0,36.0,1,0.0,0.0,6.913043478260869,39.75,100.0,100.0,37.5
8Y2VawwEas,0,19.0,1,0.0,0.0,1.0,1.5,100.0,75.0,0.0
TYQXvxWiY2,0,39.0,0,10.0,2.0,3.1052631578947367,19.666666666666668,100.0,100.0,0.0
IQeyyoOIyf,3,21.0,0,0.0,0.0,1.8,4.5,100.0,25.0,0.0
chcjTrmd9l,0,40.0,1,0.0,0.0,3.090909090909091,17.0,100.0,100.0,12.5
NDjxpFhdTC,0,39.0,0,0.0,0.0,1.8571428571428572,3.25,100.0,75.0,0.0
aBDrkvXNjS,3,24.0,0,0.0,0.0,4.5,9.0,100.0,50.0,0.0
qeescrLAiB,0,49.0,1,4.0,1.0,4.2105263157894735,26.666666666666668,100.0,100.0,37.5
Fbl7llBU1g,0,26.0,1,21.6,3.0,4.0,4.0,50.0,0.0,0.0
7Ffm61bL4r,0,39.0,1,0.0,0.0,1.4,3.5,100.0,50.0,0.0
mYBaaelqzE,3,39.0,1,0.0,0.0,2.25,4.5,50.0,0.0,0.0
PsDxfbItta,3,39.0,0,0.0,0.0,1.5,1.5,100.0,0.0,0.0
IlCSwZK1G1,0,39.0,0,0.0,0.0,1.0,1.0,50.0,0.0,0.0
eyQ7PgsMm6,2,46.0,1,0.0,0.0,1.96,12.25,100.0,100.0,0.0
aBEBITkKr2,0,39.0,0,0.0,0.0,3.0,3.0,100.0,25.0,0.0
TD4F2mNCGn,0,39.0,0,0.0,0.0,2.0,2.0,100.0,50.0,0.0
cQJ6INK6lo,3,39.0,1,0.0,0.0,2.0,2.0,100.0,0.0,0.0
lZ0lmSnvIn,1,37.0,0,2.8,1.0,1.6764705882352942,6.333333333333333,100.0,100.0,37.5
f2zWOnTIas,1,21.0,0,2.8,1.0,9.333333333333334,42.0,100.0,100.0,37.5
yZfE9fnRML,0,39.0,0,0.0,0.0,3.625,9.666666666666666,100.0,100.0,25.0
uAU84oMbl1,1,34.0,0,2.8,1.0,2.5714285714285716,13.5,100.0,100.0,37.5
u2X7kc2zgk,0,39.0,1,0.0,0.0,3.1538461538461537,13.666666666666666,50.0,0.0,0.0
uJVFveMEZk,0,39.0,1,0.0,0.0,1.6666666666666667,3.3333333333333335,100.0,75.0,0.0
XvzostByiB,0,22.0,0,4.0,1.0,3.0952380952380953,13.0,100.0,100.0,25.0
scAD4hsKxH,0,39.0,1,0.0,0.0,2.1538461538461537,9.333333333333334,100.0,100.0,0.0
wslEDKDDE1,3,50.0,0,0.0,0.0,1.0,1.0,50.0,0.0,0.0
MnNbSxFFO8,3,42.0,0,0.0,0.0,1.0,1.0,100.0,25.0,0.0
LYtshhJA38,3,43.0,0,4.0,1.0,2.0,2.0,100.0,75.0,0.0
JKG4EQxMCu,1,41.0,0,0.0,0.0,3.3333333333333335,6.666666666666667,100.0,75.0,0.0
m5WlbMae2a,3,42.0,0,0.0,0.0,1.0,2.0,50.0,0.0,0.0
Mr3NS0GAK3,1,47.0,0,16.8,4.0,2.25,3.6,100.0,100.0,0.0
rsz9CidqRN,3,39.0,0,0.0,0.0,2.0,2.0,50.0,0.0,0.0
0nPfi39JGe,1,57.0,0,2.8,1.0,1.5,1.5,100.0,50.0,0.0
CHlt0YtxeK,1,43.0,0,0.0,0.0,2.0,2.0,100.0,0.0,0.0
P5DLtSpYxP,3,39.0,1,0.0,0.0,1.7777777777777777,5.333333333333333,100.0,75.0,0.0
QGwS07H97K,3,39.0,1,0.0,0.0,1.0,1.0,50.0,0.0,0.0
giyNdmZogi,1,40.0,1,0.0,0.0,1.0,1.0,50.0,0.0,0.0
d3Tdy3ww3y,2,39.0,1,4.1,2.0,1.0,1.0,100.0,100.0,25.0
4LHUD9sESo,3,62.0,0,0.0,0.0,2.3333333333333335,7.0,100.0,25.0,0.0
0wvm2w6O7h,3,42.0,0,0.0,0.0,2.3333333333333335,2.3333333333333335,100.0,25.0,0.0
eQUMPbkOYS,0,35.0,1,0.0,0.0,1.0,1.0,100.0,25.0,0.0
mpH9NPrNb5,0,18.0,0,4.0,1.0,5.0,25.0,100.0,100.0,12.5
maH73A68OH,3,27.0,1,0.0,0.0,3.75,15.0,100.0,50.0,0.0
KkoZ3T5s27,3,32.0,0,0.0,0.0,2.4,6.0,100.0,75.0,0.0
RaVJxE5Q5p,0,29.0,1,0.0,0.0,1.1904761904761905,3.5714285714285716,100.0,50.0,0.0
SqPROtu3t6,1,46.0,1,0.0,0.0,1.8181818181818181,8.0,100.0,100.0,0.0
F7BYTvl1aW,0,28.0,0,0.0,0.0,1.0,1.0,50.0,0.0,0.0
K9b2Cb6EO6,1,32.0,1,2.8,1.0,4.6,23.0,100.0,100.0,0.0
RlJHYbEqGH,0,27.0,0,0.0,0.0,7.333333333333333,22.0,100.0,50.0,0.0
0enO7c1Ksn,1,39.0,1,0.0,0.0,2.0,2.0,100.0,25.0,0.0
efUmzLJjOE,3,39.0,1,0.0,0.0,3.75,7.5,100.0,75.0,0.0
PGj3j382ym,0,45.0,1,29.0,6.0,7.6,50.666666666666664,100.0,100.0,62.5
rEuvYSOSUx,3,39.0,0,4.0,1.0,8.6,43.0,100.0,50.0,0.0
4B51n2AYep,3,54.0,1,0.0,0.0,1.0,1.0,100.0,25.0,0.0
0w79uqvkl2,0,48.0,0,0.0,0.0,1.1666666666666667,1.75,100.0,50.0,0.0
m4B0fCQo0A,3,39.0,0,0.0,0.0,1.5,3.0,100.0,25.0,0.0
dy0xfHkf0A,0,39.0,1,0.0,0.0,3.0,3.0,100.0,25.0,0.0
3N9mLiV0uH,2,39.0,1,0.0,0.0,2.9285714285714284,10.25,100.0,75.0,0.0
MKeBaNyP0I,3,39.0,1,0.0,0.0,1.0,1.0,100.0,0.0,0.0
KD0EwA3swB,0,53.0,0,0.0,0.0,1.0,1.0,100.0,25.0,0.0
IQulWw0ihQ,3,55.0,0,4.0,1.0,2.0,4.0,100.0,50.0,0.0
PFsyQGiVFH,1,39.0,1,0.0,0.0,1.25,2.5,100.0,50.0,0.0
635WNk6vGF,0,36.0,1,0.0,0.0,4.068965517241379,23.6,100.0,100.0,25.0
iU6TvKSPWb,1,33.0,0,0.0,0.0,2.4285714285714284,5.666666666666667,50.0,0.0,0.0
3yDXAv6Rre,1,46.0,0,16.8,4.0,6.333333333333333,44.333333333333336,100.0,100.0,62.5
VqBQJ2GNP3,0,22.0,1,0.0,0.0,2.0,2.0,50.0,0.0,0.0
IyJPqQo7Y4,3,54.0,1,0.0,0.0,8.702127659574469,51.125,100.0,100.0,12.5
Sk0EI4yNdn,3,35.0,0,0.0,0.0,2.238095238095238,11.75,100.0,75.0,0.0
qcLIdRpIR2,0,33.0,1,10.0,2.0,7.785714285714286,54.5,100.0,100.0,25.0
09CmfWWy0r,3,51.0,0,0.0,0.0,2.5,5.0,100.0,25.0,0.0
oNf7vTsuu0,2,44.0,1,0.0,0.0,4.0,4.0,100.0,25.0,0.0
7UMjbtz3Gh,3,39.0,1,0.0,0.0,1.0,1.0,50.0,0.0,0.0
GwY3qxzczg,3,39.0,0,0.0,0.0,1.0,1.0,100.0,25.0,0.0
QKqAckBDCL,3,39.0,1,4.4,1.0,1.0,1.0,100.0,25.0,0.0
0cCCJVy6JG,1,39.0,1,0.0,0.0,1.5,3.0,50.0,0.0,0.0
rMtmbq0BGS,3,58.0,0,28.599998,5.0,1.3823529411764706,6.714285714285714,100.0,100.0,0.0
HJMBFRgQW4,3,64.0,0,0.0,0.0,2.25,3.0,100.0,25.0,0.0
OchjkpEjqt,1,51.0,0,0.0,0.0,2.0,2.0,50.0,0.0,0.0
oZgoulG1Zv,1,39.0,1,7.0,2.0,2.111111111111111,6.333333333333333,100.0,100.0,0.0
I4At3hOMuC,1,46.0,0,0.0,0.0,2.5,5.0,100.0,25.0,0.0
VerPgDtClr,0,35.0,0,4.0,1.0,1.4,3.5,100.0,50.0,0.0
OissxMuSg9,3,43.0,0,0.0,0.0,2.0,2.0,100.0,0.0,0.0
fnAXZqSoNw,2,39.0,1,0.0,0.0,2.625,10.5,50.0,0.0,0.0
p0oacgqw0e,1,46.0,1,0.0,0.0,1.0,1.0,100.0,75.0,0.0
TLEMCX6dDT,0,32.0,1,0.0,0.0,6.0,6.0,100.0,50.0,0.0
a0ZzNfP7DL,3,38.0,1,0.0,0.0,1.5714285714285714,2.2,50.0,0.0,0.0
W9dKyfq5RS,3,18.0,0,0.0,0.0,2.0,2.0,100.0,0.0,0.0
kBnjGigpgd,1,57.0,0,0.0,0.0,4.0,20.666666666666668,100.0,100.0,37.5
0SgiRJJF9E,1,43.0,0,18.48,4.0,4.7368421052631575,25.714285714285715,100.0,100.0,50.0
bJLlSKjPNR,3,57.0,1,0.0,0.0,1.0,1.0,50.0,0.0,0.0
o7JaRX81FE,0,23.0,1,0.0,0.0,2.0,6.666666666666667,100.0,75.0,0.0
c2BnW41WmM,3,42.0,0,4.0,1.0,1.75,2.3333333333333335,100.0,100.0,0.0
llonJucNSw,3,39.0,1,0.0,0.0,1.75,3.5,100.0,25.0,0.0
DPlq94A1hZ,3,47.0,0,0.0,0.0,1.0,2.0,50.0,0.0,0.0
RsJuVGGqdz,1,52.0,1,0.0,0.0,2.0,4.0,100.0,25.0,0.0
9nszblYjB0,1,36.0,0,0.0,0.0,2.0,6.0,100.0,100.0,37.5
0hxoY7F9es,1,24.0,0,0.0,0.0,2.0,4.0,100.0,25.0,0.0
CwFq5jD4Pf,0,25.0,1,0.0,0.0,5.555555555555555,16.666666666666668,100.0,100.0,0.0
hmSsOnusA4,0,39.0,1,0.0,0.0,2.0,2.0,100.0,25.0,0.0
ywt3JNeFTA,1,46.0,0,0.0,0.0,1.0,1.0,100.0,100.0,0.0
gyTXtme7H0,0,29.0,1,4.0,1.0,9.0,51.0,100.0,100.0,50.0
aphYptFWJi,3,39.0,1,0.0,0.0,3.0,3.0,100.0,25.0,0.0
oOO6TcTzWO,0,39.0,1,0.0,0.0,1.4,1.75,100.0,50.0,0.0
jOn1RWmwua,2,22.0,0,0.0,0.0,2.2857142857142856,6.4,100.0,75.0,0.0
CRzWPb9wWr,3,35.0,0,25.3,4.0,2.230769230769231,4.833333333333333,100.0,25.0,0.0
vGBEbAct4K,0,39.0,1,4.0,1.0,2.0,4.0,100.0,25.0,0.0
a41Sf9htWq,0,41.0,1,0.0,0.0,1.0,1.0,100.0,25.0,0.0
Q4vxnyGvko,3,29.0,0,0.0,0.0,3.0,3.0,100.0,25.0,0.0
BlejticgDV,0,39.0,0,0.0,0.0,6.75,27.0,100.0,25.0,0.0
9e7voKBIbF,2,39.0,1,0.0,0.0,7.333333333333333,22.0,100.0,75.0,0.0
kxJj9yWuuk,0,36.0,0,10.0,2.0,5.2,15.6,100.0,100.0,25.0
19eiEa8RhO,0,36.0,1,0.0,0.0,1.45,7.25,100.0,0.0,0.0
10WWlEAj3X,1,39.0,1,0.0,0.0,3.792452830188679,25.125,100.0,100.0,62.5
zQtjuQ2jUc,3,41.0,1,0.0,0.0,3.111111111111111,14.0,100.0,75.0,0.0
i0Zk3r8Inb,0,39.0,1,0.0,0.0,1.3,4.333333333333333,100.0,75.0,0.0
S34PRgdcJu,1,39.0,1,2.8,1.0,11.0,11.0,100.0,50.0,0.0
6G9hj2ZbdL,0,53.0,1,0.0,0.0,4.0,4.0,100.0,50.0,0.0
E6H8eQiCIx,3,39.0,0,0.0,0.0,1.945945945945946,9.0,100.0,100.0,0.0
gIospreDaq,0,42.0,0,0.0,0.0,2.0,4.0,100.0,50.0,0.0
g4IRku4yni,0,41.0,1,4.0,1.0,3.6666666666666665,11.0,100.0,100.0,0.0
1ZAvmdOtDo,0,35.0,0,0.0,0.0,3.7142857142857144,13.0,100.0,100.0,0.0
B3wXbM80SH,0,39.0,0,0.0,0.0,2.0,2.0,100.0,50.0,0.0
RV3iCqyEYe,3,38.0,0,34.8,7.0,1.3333333333333333,3.0,100.0,100.0,0.0
J3Uu9cA77h,0,31.0,1,0.0,0.0,2.9,9.666666666666666,100.0,100.0,0.0
XuGZ50V0U0,3,39.0,1,0.0,0.0,4.0,4.0,100.0,25.0,0.0
t3MQMJLdCa,3,45.0,0,0.0,0.0,1.0,1.0,100.0,25.0,0.0
2XyKfC1gon,0,35.0,1,0.0,0.0,2.0,2.0,50.0,0.0,0.0
xakZI52VIz,1,50.0,0,0.0,0.0,2.0,2.0,50.0,0.0,0.0
y3snbDNYAP,2,39.0,1,9.0,3.0,5.0,5.0,100.0,50.0,0.0
l5dIkwL416,0,45.0,1,0.0,0.0,1.0,1.0,100.0,25.0,0.0
SBv2tdKjfh,3,39.0,1,0.0,0.0,3.0,3.0,50.0,0.0,0.0
XFXhJnd7jM,0,39.0,1,4.0,1.0,1.6666666666666667,5.0,100.0,50.0,0.0
wk9RsvOLSJ,0,29.0,1,0.0,0.0,2.0,2.0,100.0,75.0,0.0
adv4VqSJbs,3,40.0,0,4.0,1.0,4.956521739130435,28.5,100.0,100.0,25.0
4WBCV7NDY1,3,21.0,0,0.0,0.0,3.0,3.0,100.0,25.0,0.0
NrIXAAzhEo,0,56.0,0,0.0,0.0,5.133333333333334,33.0,100.0,25.0,0.0
OWR2MPKFYJ,1,26.0,1,0.0,0.0,6.0,6.0,100.0,50.0,0.0
dZELRur4bP,0,38.0,1,0.0,0.0,3.5,18.2,100.0,100.0,37.5
KbPvYip0dx,3,32.0,0,0.0,0.0,3.375,16.2,100.0,25.0,0.0
LwNkVM7t2h,1,33.0,0,0.0,0.0,2.0,2.0,100.0,0.0,0.0
qti5Jui6Ga,0,51.0,0,4.0,1.0,3.4545454545454546,12.666666666666666,100.0,100.0,25.0
DtgYYOXDSl,1,42.0,0,0.0,0.0,1.5,2.0,50.0,0.0,0.0
5fUqnVrwGO,0,40.0,0,0.0,0.0,1.5,3.0,100.0,0.0,0.0
Kb2pbaZl6o,3,50.0,0,0.0,0.0,1.7777777777777777,4.0,100.0,50.0,0.0
jZMb8f93Sg,1,32.0,0,0.0,0.0,1.0,1.3333333333333333,100.0,50.0,0.0
W21yvAD9d0,3,39.0,1,0.0,0.0,3.25,13.0,100.0,50.0,0.0
7f03vM2BNb,0,43.0,0,0.0,0.0,2.5,16.428571428571427,100.0,100.0,37.5
CJZo7ECBbV,1,40.0,1,0.0,0.0,3.75,18.75,100.0,100.0,0.0
AVDqMcfI7a,0,39.0,1,0.0,0.0,2.857142857142857,5.0,100.0,25.0,0.0
DXDHVQVB8h,0,32.0,0,0.0,0.0,1.0,2.0,100.0,75.0,0.0
nqVCpPu5gx,1,47.0,0,0.0,0.0,1.6428571428571428,5.75,100.0,75.0,0.0
T1SLcI1jDQ,1,42.0,1,0.0,0.0,2.0,4.0,100.0,50.0,0.0
tGNPSDmaey,0,63.0,1,4.4,1.0,1.05,1.2352941176470589,100.0,75.0,0.0
sMK4X2uTAS,1,39.0,0,0.0,0.0,6.0,6.0,100.0,0.0,0.0
J6KEFaPceB,3,42.0,0,4.0,1.0,3.6,9.0,100.0,75.0,0.0
hmf0T5VDDQ,1,29.0,0,0.0,0.0,1.0,1.5,100.0,50.0,0.0
jrx6DNkFH4,1,25.0,0,22.400002,6.0,2.5,10.0,100.0,75.0,0.0
TYmWVMvkkY,0,39.0,1,0.0,0.0,5.571428571428571,19.5,100.0,100.0,0.0
tWW1id3v1R,1,61.0,1,0.0,0.0,3.411764705882353,19.333333333333332,100.0,100.0,25.0
8zm9UoyVIl,3,39.0,1,0.0,0.0,2.0,2.0,50.0,0.0,0.0
sTqZ5QnCF2,3,26.0,0,10.0,2.0,1.75,3.5,100.0,25.0,0.0
bqnP5b8Wm3,1,58.0,1,0.0,0.0,3.4347826086956523,15.8,100.0,75.0,0.0
fD8l9rja27,1,26.0,1,2.8,1.0,5.333333333333333,16.0,100.0,100.0,12.5
v4vgUSYkHW,3,39.0,1,0.0,0.0,2.388888888888889,10.75,100.0,75.0,0.0
3Gs1n0Dqag,1,33.0,0,0.0,0.0,1.2,1.5,100.0,75.0,0.0
2iBYq5vU6A,0,39.0,1,0.0,0.0,2.0,2.0,100.0,0.0,0.0
l1L6zwHWh3,1,38.0,1,0.0,0.0,3.7,18.5,100.0,100.0,12.5
qBEXzA1w7m,0,37.0,0,0.0,0.0,1.75,7.0,100.0,100.0,12.5
eEwezOHpGs,2,36.0,1,0.0,0.0,1.36,8.5,100.0,75.0,0.0
z4d7rlV75V,3,39.0,1,0.0,0.0,4.0,4.0,100.0,50.0,0.0
wRNfaHi55V,3,40.0,1,0.0,0.0,3.0,3.0,50.0,0.0,0.0
r3W8FklFEU,3,31.0,1,0.0,0.0,1.0,2.0,100.0,25.0,0.0
Al8Nr5n4pI,0,38.0,1,0.0,0.0,1.0,1.0,50.0,0.0,0.0
mhjotBdyuO,3,20.0,0,0.0,0.0,1.5,3.0,100.0,0.0,0.0
U0mf50x9Lv,3,39.0,0,0.0,0.0,2.0,2.0,100.0,0.0,0.0
a2cBDzCFe4,1,39.0,0,0.0,0.0,8.0,8.0,100.0,50.0,0.0
EBxIgpqxmw,0,39.0,1,0.0,0.0,1.0,2.0,100.0,25.0,0.0
RyDbeKsVUU,3,59.0,1,0.0,0.0,3.5,7.0,100.0,50.0,0.0
9p8t9AQpEb,0,33.0,0,0.0,0.0,2.5,5.0,100.0,75.0,0.0
ICE86euFFX,0,30.0,0,4.0,1.0,2.9,9.666666666666666,100.0,100.0,0.0
Nz0RBA2Z77,2,33.0,1,2.0,1.0,2.0,2.0,100.0,25.0,0.0
eFeF7ElqcT,1,37.0,0,0.0,0.0,1.3333333333333333,2.0,100.0,75.0,0.0
YTTrUOciOr,0,39.0,1,4.0,1.0,5.0,5.0,100.0,50.0,0.0
dPouW9XItT,3,29.0,0,0.0,0.0,3.0,6.0,100.0,50.0,0.0
PwrdCKC5za,0,49.0,1,26.0,5.0,2.75,5.5,100.0,75.0,0.0
Wf3cYpO0kW,0,43.0,1,4.0,1.0,4.032258064516129,20.833333333333332,100.0,100.0,62.5
kSUj9LUB27,3,39.0,1,0.0,0.0,2.5,2.5,100.0,25.0,0.0
efyNPdDjON,3,49.0,1,4.0,1.0,2.125,5.666666666666667,100.0,75.0,0.0
AwtTtkpYNF,3,45.0,0,0.0,0.0,1.5,3.0,100.0,50.0,0.0
iPwhloR4d9,3,55.0,0,4.0,1.0,3.074074074074074,18.444444444444443,100.0,100.0,37.5
ur8MnAh6OE,0,39.0,0,0.0,0.0,2.0,2.0,100.0,50.0,0.0
A41sy24h9r,0,32.0,1,0.0,0.0,2.8,7.0,100.0,0.0,0.0
W8EktnDKpW,0,39.0,1,0.0,0.0,2.0,4.0,100.0,50.0,0.0
oOcIESa2a3,3,59.0,1,0.0,0.0,1.4642857142857142,9.11111111111111,100.0,25.0,0.0
0ffo4Vixk3,0,47.0,1,0.0,0.0,4.205882352941177,23.833333333333332,100.0,100.0,50.0
CYyqhrNklq,1,34.0,1,0.0,0.0,1.0,1.0,100.0,25.0,0.0
q6TRssCdnM,1,20.0,0,0.0,0.0,1.25,1.6666666666666667,100.0,50.0,0.0
CAQuw9Fou2,1,39.0,0,0.0,0.0,1.0,1.0,50.0,0.0,0.0
gfLzsl1VMi,3,50.0,1,0.0,0.0,2.0,2.0,100.0,25.0,0.0
LCD1G2o9p9,3,34.0,1,0.0,0.0,2.25,4.5,100.0,50.0,0.0
mehA8AVBQ1,3,39.0,0,0.0,0.0,1.3333333333333333,2.0,100.0,25.0,0.0
I29UPXaC2i,3,39.0,1,0.0,0.0,2.3333333333333335,7.0,100.0,25.0,0.0
QhstPolg8E,0,39.0,1,0.0,0.0,3.0,4.5,100.0,100.0,0.0
PQUcK2n2m5,3,38.0,0,20.0,3.0,1.3333333333333333,1.3333333333333333,50.0,0.0,0.0
7OZ35t7sQL,1,18.0,0,0.0,0.0,1.3333333333333333,2.0,50.0,0.0,0.0
0UHr7WF6ir,3,58.0,0,0.0,0.0,15.75,94.5,100.0,100.0,62.5
5KdW2RcisH,3,39.0,1,0.0,0.0,3.0,3.0,100.0,25.0,0.0
y70rFdMzjQ,0,39.0,0,4.0,1.0,3.3333333333333335,15.0,100.0,100.0,12.5
qV4g3ZvWud,3,39.0,1,0.0,0.0,1.0,1.0,100.0,25.0,0.0
FjGuYJfZFj,0,53.0,0,0.0,0.0,1.5,4.0,100.0,75.0,0.0
qP7G8iR2gq,3,36.0,0,0.0,0.0,2.0,2.0,100.0,25.0,0.0
PADxTTc7Pf,3,21.0,0,0.0,0.0,1.0,1.0,50.0,0.0,0.0
pBas0HSewB,3,43.0,1,0.0,0.0,1.875,2.5,50.0,0.0,0.0
A3LZtRlR3U,1,39.0,0,0.0,0.0,1.0,1.0,50.0,0.0,0.0
78VBcwzNlB,0,39.0,1,0.0,0.0,2.0,3.0,100.0,50.0,0.0
yzzZDQEQMZ,0,39.0,1,0.0,0.0,5.0,5.0,100.0,50.0,0.0
9JU9nyXWo7,3,39.0,0,0.0,0.0,11.0,33.0,100.0,75.0,0.0
30MqOv8wx3,0,39.0,0,0.0,0.0,2.8,7.0,100.0,75.0,0.0
psSMOiFEbt,1,39.0,0,2.8,1.0,8.0,8.0,100.0,50.0,0.0
W2m2wVEl7u,0,33.0,0,0.0,0.0,1.6666666666666667,5.0,100.0,75.0,0.0
mfRuihY5vB,2,39.0,0,0.0,0.0,4.153846153846154,18.0,50.0,0.0,0.0
UoqySdIMLr,1,39.0,0,0.0,0.0,8.333333333333334,25.0,100.0,50.0,0.0
rYuT3l2DpE,3,45.0,1,0.0,0.0,2.2,11.0,100.0,100.0,50.0
iFgcTKG6lf,0,33.0,1,0.0,0.0,6.5,26.0,100.0,100.0,0.0
lqrzw8cIfc,1,53.0,1,2.8,1.0,3.75,7.5,100.0,75.0,0.0
WewzEacSNE,0,32.0,0,0.0,0.0,1.75,2.3333333333333335,100.0,75.0,0.0
jWhlCK4WoN,0,54.0,0,0.0,0.0,1.0,1.0,100.0,0.0,0.0
4WGNEMpBOC,0,46.0,0,0.0,0.0,1.75,3.5,100.0,25.0,0.0
za6l1DmeOp,3,39.0,0,0.0,0.0,1.0,1.0,50.0,0.0,0.0
fPyUDdAhLP,3,39.0,0,0.0,0.0,3.0,16.8,100.0,100.0,50.0
6KnuiAVhg9,3,55.0,1,20.0,3.0,2.642857142857143,14.8,100.0,100.0,25.0
4SOjVAhs6h,3,40.0,1,0.0,0.0,1.0,1.0,100.0,25.0,0.0
nRl6nABTuk,0,39.0,1,0.0,0.0,1.0,1.0,50.0,0.0,0.0
02MTMGmnOL,3,30.0,0,0.0,0.0,1.5,1.5,100.0,25.0,0.0
Ng2PDDSEBE,3,39.0,0,0.0,0.0,4.0,4.0,100.0,25.0,0.0
TlIQtDD4sc,0,39.0,0,0.0,0.0,1.0,2.0,100.0,75.0,0.0
mEmLgjlgAO,0,35.0,1,20.0,3.0,1.0,1.0,100.0,0.0,0.0
BYFo89t6L0,3,39.0,1,0.0,0.0,1.0,1.0,100.0,25.0,0.0
mpjcAKrepz,0,41.0,1,0.0,0.0,3.0,3.0,100.0,50.0,0.0
CadnYGvQnV,3,39.0,1,0.0,0.0,3.4,6.8,100.0,100.0,0.0
yQtHv2Gmzs,3,42.0,1,0.0,0.0,2.5,2.5,100.0,25.0,0.0
PhAejZzfOd,0,39.0,1,0.0,0.0,1.0,1.0,100.0,0.0,0.0
GaMykFmOfD,3,36.0,0,0.0,0.0,1.3333333333333333,4.0,100.0,50.0,0.0
zCzPX5IOgr,3,47.0,1,22.0,3.0,2.782608695652174,12.8,100.0,100.0,12.5
RGZ7PNDQaO,3,39.0,0,0.0,0.0,3.0,3.0,100.0,0.0,0.0
OFH2R9t9Qg,3,39.0,0,4.0,1.0,2.0,2.0,100.0,25.0,0.0
ZuW93548oC,1,39.0,1,0.0,0.0,2.0,2.0,100.0,0.0,0.0
WTssgfIR7N,0,39.0,0,23.0,4.0,2.625,10.5,100.0,100.0,12.5
LW0alGwH02,1,46.0,0,2.8,1.0,1.25,5.0,100.0,50.0,0.0
JNgIZngNNo,0,56.0,0,0.0,0.0,8.6,43.0,100.0,100.0,0.0
aF5udc3xQr,1,24.0,1,0.0,0.0,1.0,1.0,50.0,0.0,0.0
JvjwG2phZS,0,99.0,0,0.0,0.0,1.5,1.5,100.0,25.0,0.0
bGyrxpURnU,3,37.0,0,10.0,2.0,1.375,2.2,100.0,50.0,0.0
gx38zb5zxy,0,44.0,0,31.9,6.0,6.826086956521739,26.166666666666668,100.0,25.0,0.0
KdUw4FMqpN,3,46.0,0,0.0,0.0,1.0,1.0,100.0,0.0,0.0
oXBxHK5X6L,0,36.0,0,4.0,1.0,3.1666666666666665,11.4,100.0,100.0,12.5
cpSOWVyp8M,3,42.0,1,0.0,0.0,4.142857142857143,19.333333333333332,100.0,100.0,25.0
pplfYtO3BZ,1,47.0,0,14.0,3.0,2.142857142857143,11.25,100.0,25.0,0.0
Vs5Hma3lx7,3,34.0,0,4.0,1.0,1.3333333333333333,2.0,100.0,25.0,0.0
5nc3fdSZdR,3,43.0,0,0.0,0.0,1.0,2.0,100.0,50.0,0.0
7caALDMaox,3,28.0,1,0.0,0.0,2.75,3.6666666666666665,100.0,25.0,0.0
SOiOL7kHnw,1,42.0,0,0.0,0.0,2.8421052631578947,13.5,100.0,100.0,37.5
Lt81qAkmLa,1,45.0,1,22.4,6.0,1.9615384615384615,8.5,100.0,100.0,37.5
RzcFXtUjXq,1,39.0,0,7.0,2.0,1.8,9.0,100.0,100.0,0.0
z5zkQOMpUv,0,35.0,0,0.0,0.0,3.0,3.0,50.0,0.0,0.0
5VKFjfcqMw,0,39.0,1,0.0,0.0,6.142857142857143,14.333333333333334,100.0,100.0,12.5
Hf6QMzjQDV,2,43.0,1,5.0,2.0,2.0,2.0,100.0,25.0,0.0
uyYIwl3DAI,3,24.0,1,35.0,8.0,1.2941176470588236,3.6666666666666665,100.0,100.0,0.0
baPJPJYtES,0,38.0,0,0.0,0.0,1.0,1.0,50.0,0.0,0.0
UWYOvPJuF5,3,45.0,1,0.0,0.0,2.0,5.0,100.0,50.0,0.0
3WOKe5tjE1,1,40.0,1,2.8,1.0,3.04,12.666666666666666,100.0,100.0,12.5
sFTvNNRexM,1,29.0,1,0.0,0.0,2.875,7.666666666666667,100.0,100.0,0.0
rgIky1F2m4,3,46.0,1,0.0,0.0,11.0,22.0,100.0,50.0,0.0
qlmKQZRLBp,1,39.0,0,7.0,2.0,2.6666666666666665,8.0,100.0,100.0,0.0
4PmzMJWVOU,1,39.0,1,0.0,0.0,2.090909090909091,9.857142857142858,100.0,100.0,50.0
OVPGRauqod,0,20.0,0,0.0,0.0,1.1875,4.75,50.0,0.0,0.0
AhLkq7hKH8,2,26.0,1,0.0,0.0,4.454545454545454,24.5,100.0,100.0,37.5
mpttIse60m,1,41.0,0,2.8,1.0,1.9,4.75,100.0,0.0,0.0
9B9IiwfE5r,3,41.0,0,4.0,1.0,2.1666666666666665,8.125,100.0,50.0,0.0
UA7DPSlNi2,3,53.0,0,0.0,0.0,3.0,14.0,100.0,100.0,0.0
E2J0cBGt4i,3,41.0,0,4.0,1.0,3.0,18.0,100.0,100.0,0.0
r4BCWTzddX,0,25.0,1,0.0,0.0,2.0,2.0,100.0,50.0,0.0
orpsWl5oMK,1,33.0,0,0.0,0.0,3.4782608695652173,16.0,100.0,100.0,37.5
BzVSsYGQNS,1,55.0,0,0.0,0.0,2.5555555555555554,11.5,100.0,100.0,25.0
HMy9CcgUvV,0,49.0,1,0.0,0.0,1.5,3.0,100.0,100.0,0.0
zrPlUGYZBl,1,39.0,0,0.0,0.0,2.0,2.0,50.0,0.0,0.0
KbJ5CcTMpI,3,39.0,1,0.0,0.0,1.0,1.6666666666666667,100.0,50.0,0.0
u3GCGzUS4W,0,39.0,0,0.0,0.0,1.0,2.0,100.0,25.0,0.0
tl5mc9xOEx,3,42.0,0,0.0,0.0,13.0,13.0,100.0,25.0,0.0
ubksFx497N,1,24.0,1,0.0,0.0,2.0,2.0,100.0,25.0,0.0
KXgbJVuXKC,0,36.0,1,0.0,0.0,5.205128205128205,29.0,100.0,100.0,62.5
1yOql9lv8g,3,46.0,1,0.0,0.0,1.0,2.0,100.0,50.0,0.0
ArQNiYSaco,1,54.0,1,0.0,0.0,1.0,2.0,100.0,50.0,0.0
aNqrYfM8Bw,0,40.0,0,0.0,0.0,3.230769230769231,14.0,100.0,100.0,12.5
feRBNTnUsa,3,39.0,1,0.0,0.0,1.6666666666666667,2.5,100.0,50.0,0.0
dSZWKsrBqn,0,36.0,1,0.0,0.0,3.0,3.0,100.0,100.0,12.5
WPqJ5DQkhP,1,34.0,0,0.0,0.0,2.25,6.0,100.0,100.0,0.0
JcWlE75Vmi,0,19.0,1,0.0,0.0,2.0,4.0,100.0,25.0,0.0
VwrpNChNOp,3,44.0,0,0.0,0.0,2.0,2.0,100.0,0.0,0.0
Ki5Fc67McV,3,39.0,0,0.0,0.0,1.0,1.0,100.0,50.0,0.0
OXAJ9099O5,3,50.0,0,0.0,0.0,2.0,2.0,100.0,25.0,0.0
QdCUEyBos9,0,35.0,0,0.0,0.0,2.5,5.0,100.0,100.0,12.5
JDVOqnppid,0,41.0,1,10.0,2.0,3.7586206896551726,15.571428571428571,100.0,100.0,25.0
WOpeqgxyf1,0,39.0,0,0.0,0.0,2.0,2.0,100.0,25.0,0.0
z6dsuTGImj,3,40.0,0,0.0,0.0,5.0,5.0,100.0,25.0,0.0
1wCSwJjOvV,3,39.0,0,0.0,0.0,1.0,1.0,50.0,0.0,0.0
Rzg6kRYtso,1,21.0,1,0.0,0.0,2.6363636363636362,11.6,100.0,100.0,12.5
Z5UFhBAhS7,3,33.0,0,0.0,0.0,1.0,1.0,100.0,25.0,0.0
WLWEbwiDQw,1,39.0,1,0.0,0.0,1.0,1.0,50.0,0.0,0.0
MehMnXNEI5,0,29.0,0,0.0,0.0,3.5,10.5,100.0,100.0,0.0
irDgH5K7QM,3,48.0,0,4.0,1.0,1.3,3.25,100.0,0.0,0.0
uLcZtcsyh6,0,40.0,0,4.0,1.0,2.0,2.0,50.0,0.0,0.0
Nt4yNLteie,3,39.0,1,0.0,0.0,2.25,4.5,100.0,75.0,0.0
JTBJqJH0S7,2,31.0,0,2.0,1.0,3.2666666666666666,16.333333333333332,100.0,100.0,0.0
XkWM3p0VA3,1,35.0,0,3.08,1.0,2.2,5.5,100.0,50.0,0.0
LjMaq9IpCx,1,51.0,1,0.0,0.0,1.0,1.0,100.0,0.0,0.0
lbMDvu0aSI,1,39.0,1,0.0,0.0,1.1666666666666667,3.5,100.0,75.0,0.0
ouOanZj8Ut,2,26.0,1,3.5,2.0,3.6956521739130435,21.25,100.0,100.0,12.5
8sTqQxUtOk,1,42.0,0,0.0,0.0,1.0,2.0,100.0,50.0,0.0
tIFYo43wDD,0,45.0,1,0.0,0.0,1.5,3.0,100.0,50.0,0.0
4W1wke4Rzi,0,39.0,0,0.0,0.0,1.0,1.0,100.0,0.0,0.0
ZdIWIMhqYP,3,50.0,1,0.0,0.0,1.3333333333333333,4.0,100.0,25.0,0.0
FRkMJbj9lo,3,38.0,0,20.0,3.0,3.260869565217391,18.75,100.0,100.0,12.5
WIbzZtmBgK,0,46.0,1,0.0,0.0,1.5,3.0,100.0,0.0,0.0
eCKNtet5hh,1,28.0,1,2.8,1.0,6.75,20.25,100.0,100.0,12.5
683r2BK2E0,3,36.0,1,0.0,0.0,1.2,1.5,100.0,75.0,0.0
yLOsfbXwym,3,37.0,0,0.0,0.0,3.142857142857143,11.0,100.0,100.0,0.0
X7jp7mIuo5,0,36.0,0,0.0,0.0,2.25,9.0,50.0,0.0,0.0
u3RhMaNS1e,1,44.0,1,0.0,0.0,3.0,3.0,100.0,50.0,0.0
1mUi22JYh1,0,40.0,0,0.0,0.0,2.0,2.0,50.0,0.0,0.0
a5HNHHzrfk,0,32.0,0,26.0,5.0,4.111111111111111,18.5,100.0,100.0,37.5
gTigHfQjKc,0,39.0,1,0.0,0.0,3.5,14.0,50.0,0.0,0.0
DwsrgRftoK,0,39.0,1,0.0,0.0,1.5,3.0,100.0,25.0,0.0
GGN9DaQZVm,3,39.0,1,4.0,1.0,10.625,42.5,100.0,100.0,12.5
VHxv0sbaVZ,0,33.0,1,20.0,3.0,7.625,30.5,100.0,100.0,0.0
sxGZLGOHYA,1,60.0,0,0.0,0.0,1.0,1.0,100.0,25.0,0.0
Jk9qMjDIGt,0,40.0,1,0.0,0.0,6.071428571428571,34.0,100.0,100.0,50.0
UzEcI85Eb9,0,44.0,1,0.0,0.0,1.0,1.0,50.0,0.0,0.0
pnpDdq7Bf6,1,53.0,0,0.0,0.0,1.0,1.0,100.0,0.0,0.0
SkQjleIXSQ,3,68.0,1,29.0,6.0,3.1,8.857142857142858,100.0,100.0,12.5
nRRAhr68zs,3,39.0,1,20.0,3.0,2.25,3.0,100.0,25.0,0.0
BdiPSHAwQO,0,39.0,1,0.0,0.0,4.0,4.0,50.0,0.0,0.0
bBk3RbR9sw,3,39.0,1,0.0,0.0,1.5,3.0,100.0,25.0,0.0
j70M9iRVeJ,0,39.0,1,0.0,0.0,6.631578947368421,25.2,100.0,100.0,12.5
rUGc5OEvUY,0,39.0,1,26.0,5.0,9.333333333333334,28.0,100.0,100.0,0.0
BoxJ1XYb3h,0,28.0,0,0.0,0.0,2.3333333333333335,9.8,100.0,100.0,12.5
aEErojpXgz,3,43.0,0,0.0,0.0,1.0,1.0,50.0,0.0,0.0
hggUUVHbPB,1,35.0,1,0.0,0.0,2.0,2.0,100.0,50.0,0.0
XxyeFc4tNh,1,42.0,1,0.0,0.0,1.4,3.5,100.0,50.0,0.0
JCBQRtw0OB,3,30.0,1,0.0,0.0,3.0,3.0,50.0,0.0,0.0
8uFSernqK7,3,19.0,1,4.0,1.0,1.0,1.0,100.0,0.0,0.0
3hPRo8l4gJ,2,20.0,1,0.0,0.0,1.0,1.0,100.0,0.0,0.0
FqcifUOJfX,0,42.0,1,4.0,1.0,1.6875,6.75,100.0,100.0,12.5
xXGmreWtRG,0,39.0,0,0.0,0.0,1.0,1.0,50.0,0.0,0.0
3kox6Ka35d,1,31.0,1,0.0,0.0,2.8333333333333335,5.666666666666667,50.0,0.0,0.0
hHsk9jpLvh,1,44.0,0,0.0,0.0,1.0,2.0,100.0,50.0,0.0
iAHOGi0Xoa,0,39.0,1,0.0,0.0,1.0,2.0,100.0,0.0,0.0
2uTKz52ane,0,46.0,0,0.0,0.0,3.111111111111111,14.0,100.0,100.0,12.5
KeCCtQAyNA,0,39.0,1,0.0,0.0,3.0,3.0,100.0,50.0,0.0
NtTHhh2hDy,0,37.0,0,0.0,0.0,2.7333333333333334,13.666666666666666,100.0,100.0,12.5
u7lwgCAKWC,1,35.0,0,0.0,0.0,3.2142857142857144,15.0,100.0,100.0,0.0
SX6btSMJsQ,3,39.0,1,0.0,0.0,1.0,1.0,100.0,0.0,0.0
lFiMdAdxmf,3,35.0,1,0.0,0.0,16.0,16.0,100.0,50.0,0.0
e8UiVyiwut,0,51.0,0,23.0,4.0,1.125,4.5,100.0,100.0,0.0
aCTyZWEW7k,0,39.0,0,0.0,0.0,3.875,6.2,100.0,100.0,0.0
IKl2lOzvNe,0,36.0,1,0.0,0.0,1.0,1.0,50.0,0.0,0.0
sIYbuNtsDe,3,31.0,0,4.0,1.0,1.6363636363636365,4.5,100.0,50.0,0.0
I6qHczWvQo,1,39.0,0,0.0,0.0,1.0,1.0,100.0,75.0,0.0
h1Z9yshgk4,3,39.0,1,0.0,0.0,2.5,2.5,50.0,0.0,0.0
Zz6YNzEaPQ,1,41.0,0,0.0,0.0,6.8936170212765955,46.285714285714285,100.0,100.0,62.5
JfxZK3zVmU,3,38.0,0,0.0,0.0,2.3,11.5,100.0,75.0,0.0
MnwWRtb4iV,0,42.0,1,0.0,0.0,2.6666666666666665,10.0,100.0,100.0,0.0
fwyAfXex5S,3,64.0,0,0.0,0.0,1.75,3.5,100.0,50.0,0.0
1r1Cb3BeA0,0,35.0,1,20.0,3.0,4.75,9.5,100.0,75.0,0.0
xd5KrItLMm,3,29.0,1,0.0,0.0,1.1666666666666667,2.3333333333333335,100.0,25.0,0.0
e7jBf1ZT7X,0,26.0,1,0.0,0.0,4.0,4.0,100.0,50.0,0.0
km7yPRYUcH,1,37.0,1,0.0,0.0,12.4,41.333333333333336,100.0,100.0,0.0
G4CE5Mdtvr,0,87.0,0,0.0,0.0,1.9333333333333333,9.666666666666666,100.0,100.0,37.5
pSG1iIOm46,1,21.0,0,0.0,0.0,6.0,6.0,50.0,0.0,0.0
6bMQwzQ4rx,3,29.0,1,0.0,0.0,1.0,1.0,100.0,0.0,0.0
7GaOdRP9Qy,0,39.0,0,0.0,0.0,3.0,3.0,50.0,0.0,0.0
EmeHpFGYew,3,39.0,0,0.0,0.0,4.0,4.0,100.0,25.0,0.0
izKmRfkyiS,1,38.0,0,0.0,0.0,2.9166666666666665,11.666666666666666,100.0,100.0,0.0
fjQb7wY8yK,3,40.0,1,4.0,1.0,3.0,7.5,100.0,50.0,0.0
9tSlO6w3MI,0,42.0,1,0.0,0.0,3.0,3.0,100.0,75.0,0.0
YSwAfCMyi8,0,30.0,0,0.0,0.0,1.6666666666666667,5.0,100.0,50.0,0.0
n0IhF74yay,3,56.0,1,0.0,0.0,1.0,2.0,100.0,25.0,0.0
vJIZvQM67t,3,39.0,1,20.0,3.0,3.923076923076923,17.0,100.0,75.0,0.0
aaSQ4ioFob,1,37.0,1,0.0,0.0,2.2222222222222223,5.0,100.0,75.0,0.0
ZQneQGEigJ,3,43.0,0,41.799995,9.0,2.9,14.5,100.0,100.0,12.5
F8AYvUfvES,0,46.0,0,4.0,1.0,2.625,10.5,100.0,100.0,0.0
qjBzmmLvcT,1,39.0,0,2.8,1.0,2.8620689655172415,16.6,100.0,100.0,12.5
172BZLpiFP,0,39.0,1,0.0,0.0,1.0,1.0,100.0,25.0,0.0
lgjLnJmro8,1,52.0,0,2.8,1.0,7.608695652173913,43.75,100.0,100.0,12.5
xbDbnQhKVF,3,25.0,1,0.0,0.0,2.0,2.0,100.0,25.0,0.0
p05g05wdP8,1,51.0,0,0.0,0.0,9.0,9.0,100.0,75.0,0.0
GFQDjHuoUJ,3,40.0,1,0.0,0.0,1.2,2.0,100.0,25.0,0.0
HbaqxdRR1Q,1,37.0,1,0.0,0.0,1.5,1.5,50.0,0.0,0.0
9nCUDpWVBm,3,39.0,1,0.0,0.0,1.0,1.0,50.0,0.0,0.0
8ABBiiW1lo,3,51.0,0,4.4,1.0,2.0,3.0,100.0,25.0,0.0
XWhgE6qVwp,3,32.0,1,0.0,0.0,2.0,2.0,50.0,0.0,0.0
6csdiPHtjU,0,25.0,0,4.0,1.0,3.5,3.5,100.0,75.0,0.0
UsWaRFT0Fb,0,39.0,0,0.0,0.0,2.5,5.0,100.0,25.0,0.0
xPydxiDqno,0,45.0,1,0.0,0.0,2.5,2.5,100.0,50.0,0.0
PzdoTH9mk3,0,44.0,1,50.0,13.0,1.5,1.5,100.0,100.0,12.5
dPd2iNw5jS,1,38.0,0,0.0,0.0,2.5833333333333335,15.5,100.0,50.0,0.0
wW5obgzRX8,0,44.0,1,23.0,4.0,10.375,41.5,100.0,100.0,12.5
LVnmI4aASm,3,19.0,0,0.0,0.0,1.5,3.0,100.0,25.0,0.0
gPbzTz5b6Z,1,39.0,1,2.8,1.0,3.0,9.5,100.0,100.0,0.0
EU11W0AoaG,0,49.0,1,0.0,0.0,1.75,5.6,100.0,100.0,12.5
dkpCpn9BRX,0,43.0,1,0.0,0.0,3.75,7.5,100.0,100.0,0.0
aRSIoHiCiq,3,58.0,1,10.0,2.0,4.354838709677419,19.285714285714285,100.0,100.0,25.0
luf6WlG8xC,1,37.0,0,0.0,0.0,1.3333333333333333,4.0,100.0,50.0,0.0
fTdn9Bvc2H,3,30.0,1,0.0,0.0,2.0,2.0,50.0,0.0,0.0
5upof1xd0t,1,55.0,0,0.0,0.0,3.3823529411764706,19.166666666666668,100.0,100.0,37.5
E7h3e3jSoZ,3,36.0,0,0.0,0.0,1.0,2.0,100.0,25.0,0.0
SeBXV3aHo4,1,42.0,0,0.0,0.0,2.0,2.0,100.0,50.0,0.0
YNYPT3tQ1p,3,32.0,1,0.0,0.0,3.75,5.0,100.0,50.0,0.0
vpLScXOM37,0,39.0,0,0.0,0.0,1.0,1.0,100.0,75.0,0.0
ZXBdLtA3Ec,1,29.0,1,2.8,1.0,2.2,6.6,100.0,100.0,0.0
8rtDyJBtU1,3,42.0,1,0.0,0.0,10.0,10.0,100.0,50.0,0.0
O2nMF5QSoe,1,46.0,1,0.0,0.0,1.0,1.0,50.0,0.0,0.0
nWNDYRBwzV,0,63.0,0,0.0,0.0,1.25,2.5,100.0,0.0,0.0
YAzoBVQpPe,3,46.0,0,0.0,0.0,2.0,2.0,100.0,25.0,0.0
AkZsyl9gI9,1,27.0,0,0.0,0.0,2.3,5.75,100.0,100.0,0.0
SnRdq6qlln,3,42.0,0,0.0,0.0,1.0,1.0,50.0,0.0,0.0
QPbbhKMR8J,0,25.0,0,0.0,0.0,2.5555555555555554,11.5,100.0,100.0,0.0
YUOy8gY4JD,0,37.0,1,4.0,1.0,4.153846153846154,13.5,100.0,100.0,12.5
YYeC0ZBW9F,3,45.0,0,23.0,4.0,3.25,6.5,100.0,0.0,0.0
wK2J11KWCa,3,39.0,0,0.0,0.0,4.4,11.0,100.0,50.0,0.0
SKlm48797i,0,39.0,0,0.0,0.0,1.8333333333333333,5.5,50.0,0.0,0.0
OMMN8KHQ3p,3,39.0,1,0.0,0.0,2.0,2.0,100.0,25.0,0.0
0AHy9w3Eea,3,38.0,1,0.0,0.0,3.5714285714285716,12.5,100.0,75.0,0.0
OFnEjDCwf2,3,31.0,0,0.0,0.0,2.642857142857143,9.25,100.0,50.0,0.0
ltbtpThMjT,1,39.0,1,0.0,0.0,1.5,3.0,100.0,25.0,0.0
umg7mI9KAt,0,30.0,0,4.0,1.0,4.178571428571429,19.5,100.0,100.0,25.0
ku5lN61tdM,0,36.0,1,0.0,0.0,2.3636363636363638,13.0,100.0,100.0,12.5
QA1hLxPott,0,41.0,1,0.0,0.0,1.0,2.0,50.0,0.0,0.0
2ST6ftcbnl,2,55.0,1,0.0,0.0,1.0,1.0,100.0,25.0,0.0
3qFv1bwATh,1,39.0,1,0.0,0.0,2.6666666666666665,5.333333333333333,100.0,75.0,0.0
xCbEowbmVx,0,39.0,0,0.0,0.0,2.0,2.0,50.0,0.0,0.0
SeNejkyY5Y,1,46.0,1,0.0,0.0,2.142857142857143,7.5,100.0,75.0,0.0
zH0AeLKZQ3,0,39.0,0,0.0,0.0,1.5,3.0,100.0,25.0,0.0
PQvMoAA4g0,3,62.0,1,0.0,0.0,1.75,3.5,50.0,0.0,0.0
CVgUMJeD0C,1,49.0,0,0.0,0.0,1.75,7.0,100.0,100.0,0.0
H3Qs9Y7jfx,0,35.0,1,0.0,0.0,1.5,3.0,50.0,0.0,0.0
eSYXMETmQP,0,47.0,1,0.0,0.0,1.625,4.333333333333333,100.0,25.0,0.0
b2n5JAm8Gw,2,18.0,0,0.0,0.0,6.333333333333333,19.0,100.0,50.0,0.0
v9sEN9SrZc,0,40.0,0,0.0,0.0,2.0,4.666666666666667,100.0,75.0,0.0
GdoMebpsw9,1,53.0,1,7.0,2.0,1.894736842105263,12.0,100.0,100.0,0.0
x0gh4oqpe4,0,40.0,1,0.0,0.0,2.8333333333333335,8.5,100.0,100.0,0.0
JJnufIKjYS,0,47.0,0,4.0,1.0,3.769230769230769,24.5,100.0,100.0,25.0
kX6n6eqhkf,1,47.0,1,0.0,0.0,2.0,2.0,50.0,0.0,0.0
80AHiGtbcy,3,39.0,1,4.0,1.0,2.5,7.5,100.0,50.0,0.0
dWBfl2ZyHR,1,32.0,1,0.0,0.0,2.0,2.0,100.0,0.0,0.0
WEesd8j89o,0,39.0,0,0.0,0.0,2.7,9.0,100.0,100.0,37.5
AMPyOWL2Wt,0,41.0,0,4.0,1.0,2.823529411764706,9.6,100.0,100.0,25.0
pg1L8iEe24,1,18.0,1,2.8,1.0,3.0,7.0,100.0,100.0,0.0
3NLmSq4oFN,1,27.0,1,2.8,1.0,1.0,1.0,100.0,50.0,0.0
fOn38ZbP0f,0,38.0,1,0.0,0.0,5.333333333333333,24.0,100.0,0.0,0.0
MDn19RThC9,1,39.0,1,0.0,0.0,2.8181818181818183,7.75,100.0,100.0,0.0
e5PU0Uilw1,0,27.0,0,0.0,0.0,1.8235294117647058,7.75,100.0,100.0,12.5
rcnf2amspT,0,39.0,1,0.0,0.0,2.0,2.0,100.0,0.0,0.0
XgmXivkeGp,3,55.0,0,0.0,0.0,1.0,2.0,100.0,25.0,0.0
IIqpHx7NoF,3,50.0,0,0.0,0.0,7.0,7.0,100.0,25.0,0.0
hIXZh0m6Bk,3,27.0,1,4.4,1.0,5.0,17.5,100.0,50.0,0.0
3mkME0h6Hn,3,45.0,1,0.0,0.0,1.0,1.0,100.0,0.0,0.0
4EJIpGYq3A,0,22.0,1,0.0,0.0,7.0,7.0,100.0,75.0,0.0
OZg0Cv8yhV,0,30.0,1,0.0,0.0,5.666666666666667,17.0,100.0,25.0,0.0
0yndEhVNUH,0,37.0,0,4.0,1.0,9.272727272727273,34.0,100.0,100.0,12.5
Aclr2QeHCE,3,39.0,1,0.0,0.0,1.0,1.0,50.0,0.0,0.0
WEr0gbLDpo,2,18.0,1,1.4,1.0,3.6666666666666665,11.0,100.0,25.0,0.0
CW3OZv3gYO,3,21.0,1,0.0,0.0,2.0,2.0,50.0,0.0,0.0
rdmzCHS7G7,3,39.0,0,0.0,0.0,2.0,2.0,50.0,0.0,0.0
KWo7BrBWuH,1,62.0,1,0.0,0.0,2.25,9.0,100.0,100.0,0.0
4NJCOlQ0py,0,34.0,0,0.0,0.0,3.769230769230769,16.333333333333332,100.0,100.0,12.5
vjLHswQ3zc,0,61.0,0,0.0,0.0,1.0,1.0,100.0,50.0,0.0
8lY2jCTj3S,1,32.0,0,0.0,0.0,2.0,6.5,100.0,100.0,0.0
fspk5BmEyW,3,24.0,1,0.0,0.0,1.0,1.0,50.0,0.0,0.0
mJuuoRwVcL,3,35.0,1,0.0,0.0,1.0,1.0,100.0,0.0,0.0
IgIMcUO9t8,0,31.0,1,0.0,0.0,4.5,9.0,100.0,75.0,0.0
7H21zp8Ito,3,39.0,0,0.0,0.0,1.0,2.0,100.0,50.0,0.0
icXiS3j7iF,1,42.0,0,15.4,3.0,2.1818181818181817,6.0,100.0,100.0,0.0
NvURReIWMg,3,47.0,1,4.0,1.0,2.5555555555555554,11.5,100.0,100.0,0.0
8BIwR4yqsR,1,39.0,1,2.8,1.0,2.0,2.0,100.0,75.0,0.0
wOZoP0TOOy,1,46.0,0,7.0,2.0,4.333333333333333,19.5,100.0,100.0,0.0
pq44dQs7m7,2,18.0,1,0.0,0.0,13.285714285714286,93.0,100.0,100.0,37.5
Hb9sooIjCU,0,39.0,0,0.0,0.0,3.0,3.0,100.0,50.0,0.0
foxUcByLuS,1,43.0,0,16.8,4.0,5.288461538461538,34.375,100.0,100.0,62.5
aKNPU7oM3Z,3,40.0,1,0.0,0.0,1.0,1.0,50.0,0.0,0.0
G1iaPjkN4F,0,39.0,1,0.0,0.0,1.0,1.0,100.0,0.0,0.0
Ifa8j8SZ3o,3,37.0,1,0.0,0.0,1.5,2.0,100.0,50.0,0.0
rQr3fJS5Ew,3,39.0,0,0.0,0.0,3.6,9.0,100.0,50.0,0.0
P6YDiYJ0Vm,1,37.0,0,0.0,0.0,1.5,3.0,100.0,50.0,0.0
d5ndxo7WPz,1,26.0,1,0.0,0.0,2.689655172413793,13.0,100.0,75.0,0.0
CDsPhtAhbq,3,36.0,1,4.4,1.0,8.0,8.0,100.0,50.0,0.0
UYw1oB0Pxc,1,39.0,0,0.0,0.0,1.0,1.3333333333333333,50.0,0.0,0.0
Z62yN5uew5,1,41.0,0,0.0,0.0,4.8,12.0,100.0,75.0,0.0
w4x8amV7pC,3,36.0,1,4.0,1.0,2.769230769230769,12.0,100.0,100.0,0.0
Geqpbnisgi,0,27.0,0,0.0,0.0,1.6111111111111112,5.8,100.0,100.0,0.0
VFtMesV3yM,0,39.0,0,0.0,0.0,1.75,7.0,100.0,100.0,0.0
whOBmpXAub,0,31.0,1,0.0,0.0,6.615384615384615,34.4,100.0,100.0,50.0
qc0dcrgPKG,0,34.0,1,0.0,0.0,4.0,4.0,100.0,50.0,0.0
DJ84CV8AyU,0,40.0,0,0.0,0.0,1.0,2.0,100.0,50.0,0.0
RvTTEWOEnv,3,39.0,0,0.0,0.0,4.186046511627907,25.714285714285715,100.0,100.0,25.0
sZ0e6Isvq6,1,39.0,0,0.0,0.0,1.8,4.5,100.0,0.0,0.0
tjKNEJnjs2,1,30.0,1,0.0,0.0,3.4,8.5,100.0,100.0,0.0
M3JHtnmTkW,0,34.0,1,0.0,0.0,2.2857142857142856,14.0,100.0,100.0,50.0
H79880tI5Y,0,39.0,1,0.0,0.0,1.0,1.0,100.0,0.0,0.0
jJDUUupCGu,3,39.0,1,0.0,0.0,1.6,4.0,100.0,25.0,0.0
XYwp4vSXtc,0,38.0,1,0.0,0.0,2.25,4.5,100.0,75.0,0.0
7mCSa0Z40g,1,39.0,0,0.0,0.0,1.0,1.0,100.0,50.0,0.0
kWhRFMzyyV,3,37.0,0,0.0,0.0,1.0,1.0,50.0,0.0,0.0
sn6PmLABu6,1,27.0,1,0.0,0.0,14.0,14.0,100.0,50.0,0.0
OVPKZCxUHy,0,44.0,0,10.0,2.0,5.181818181818182,32.57142857142857,100.0,100.0,75.0
nnKFgolNLt,3,51.0,1,4.0,1.0,2.0,6.666666666666667,100.0,75.0,0.0
pkPKTocxA0,0,39.0,0,0.0,0.0,4.161290322580645,21.5,100.0,100.0,37.5
6aEUJvd7y3,2,46.0,1,6.2999997,3.0,2.8,14.0,100.0,100.0,50.0
JmtbKzDW5a,0,38.0,0,0.0,0.0,1.6666666666666667,5.0,100.0,75.0,0.0
N2yOPQ03t6,1,39.0,1,0.0,0.0,4.0,16.0,100.0,75.0,0.0
nBLGnVaTOf,0,34.0,1,0.0,0.0,1.0,1.0,50.0,0.0,0.0
uLoLjMRDfF,1,58.0,0,0.0,0.0,3.742424242424242,19.0,50.0,0.0,0.0
Juv6huiaiS,3,39.0,0,0.0,0.0,2.0,2.0,100.0,25.0,0.0
sPvQR9UdI0,3,64.0,0,0.0,0.0,1.0,1.0,50.0,0.0,0.0
dUVdPr1Idq,0,49.0,0,0.0,0.0,2.0,2.0,100.0,50.0,0.0
Zl29gdGSd9,3,36.0,0,23.0,4.0,3.0,4.5,100.0,25.0,0.0
7GTj3xV2CE,3,43.0,0,4.0,1.0,1.3333333333333333,1.3333333333333333,100.0,25.0,0.0
v9I8b12doe,2,39.0,0,0.0,0.0,1.1818181818181819,6.5,100.0,75.0,0.0
BFYgvHuFK2,2,39.0,1,0.0,0.0,4.125,22.0,100.0,100.0,37.5
AXGQLjocBe,1,31.0,1,14.0,3.0,3.6,18.0,100.0,100.0,25.0
Jqe1TBFWab,3,31.0,1,0.0,0.0,2.236842105263158,12.142857142857142,100.0,100.0,12.5
VkRo1dIDNm,0,39.0,0,0.0,0.0,1.0909090909090908,4.0,100.0,100.0,0.0
JbpbEotaue,2,46.0,1,0.0,0.0,2.1176470588235294,12.0,100.0,100.0,0.0
rKZW1lAoV9,1,35.0,1,0.0,0.0,1.8181818181818181,5.0,100.0,100.0,0.0
0FlIsN0A04,2,31.0,1,0.0,0.0,5.142857142857143,24.0,100.0,100.0,12.5
ovxWmUedHp,0,56.0,1,4.0,1.0,4.0,6.0,100.0,25.0,0.0
jy4fEQmeKs,1,56.0,0,0.0,0.0,1.0,1.0,50.0,0.0,0.0
vAQ3alKGXi,1,44.0,1,0.0,0.0,2.1666666666666665,6.5,100.0,75.0,0.0
cEUtaJXQfB,3,39.0,1,0.0,0.0,1.0,1.0,50.0,0.0,0.0
Ol9IcJkEot,2,22.0,1,0.0,0.0,1.7142857142857142,4.0,100.0,50.0,0.0
FbfiLw05ST,1,28.0,0,2.8,1.0,1.588235294117647,6.75,100.0,100.0,0.0
sQZqWb1284,0,39.0,0,0.0,0.0,4.0,8.0,100.0,75.0,0.0
qXL96e5m3i,1,45.0,0,0.0,0.0,1.375,4.4,100.0,100.0,12.5
a5EZOfTXaQ,0,27.0,0,0.0,0.0,2.2222222222222223,10.0,100.0,100.0,12.5
bsQQmm6mKV,3,43.0,0,22.0,3.0,2.0833333333333335,8.333333333333334,100.0,100.0,12.5
LgLDDAk4Yh,3,46.0,0,4.0,1.0,2.5,7.5,100.0,75.0,0.0
9tZvsUzAU8,0,40.0,1,0.0,0.0,1.0,1.0,50.0,0.0,0.0
TNrLF7PRsV,0,39.0,0,0.0,0.0,1.6153846153846154,7.0,100.0,100.0,0.0
SHBtf9avai,1,27.0,1,0.0,0.0,1.0,1.0,50.0,0.0,0.0
omnOa5JVb8,0,39.0,0,0.0,0.0,1.3333333333333333,2.0,100.0,0.0,0.0
HfOWX6hD8K,3,44.0,1,0.0,0.0,1.0,1.0,100.0,25.0,0.0
OYxmRu03kI,0,34.0,0,0.0,0.0,1.0,1.0,100.0,0.0,0.0
ZTcecZvAvz,0,39.0,0,0.0,0.0,1.0,1.0,100.0,0.0,0.0
PI9IoyMLdO,0,60.0,0,0.0,0.0,1.0,1.0,50.0,0.0,0.0
y3xP97IsRg,3,39.0,0,0.0,0.0,2.4761904761904763,10.4,100.0,75.0,0.0
NLmBsH2wCa,3,43.0,0,0.0,0.0,2.0,3.0,100.0,50.0,0.0
IUUURAQGZu,0,39.0,0,23.0,4.0,8.166666666666666,35.0,100.0,100.0,25.0
XGodiMQVSV,1,39.0,1,0.0,0.0,1.0,1.0,100.0,50.0,0.0
9lU53o0Yhf,1,39.0,0,3.08,1.0,4.714285714285714,16.5,100.0,100.0,12.5
FtluahtquW,1,49.0,0,0.0,0.0,1.0,1.0,100.0,25.0,0.0
9LbTFMZype,2,42.0,0,3.5,2.0,4.5,4.5,100.0,75.0,0.0
RrEgNE0pwr,3,35.0,1,4.0,1.0,2.0,12.0,100.0,25.0,0.0
2DNxZNjRI8,3,39.0,0,0.0,0.0,1.0,1.0,50.0,0.0,0.0
Y7ej3c93XY,1,39.0,0,0.0,0.0,3.0,3.0,100.0,25.0,0.0
Iop5Nd1Xgf,0,39.0,1,0.0,0.0,2.0,2.0,100.0,50.0,0.0
FBgP5jESEZ,1,39.0,1,0.0,0.0,4.0,8.0,100.0,75.0,0.0
xGd7XAY98r,3,63.0,1,0.0,0.0,9.0,13.5,100.0,50.0,0.0
83J6YvFxbv,3,47.0,0,0.0,0.0,1.0,2.0,50.0,0.0,0.0
wRHB6DOOKM,3,24.0,1,0.0,0.0,1.2857142857142858,3.0,100.0,50.0,0.0
iNf02yTWpl,1,33.0,0,7.0,2.0,4.794871794871795,26.714285714285715,100.0,100.0,50.0
ndgt9Sjtwd,0,39.0,0,0.0,0.0,1.6666666666666667,5.0,100.0,50.0,0.0
RO90nSzchL,0,35.0,0,4.0,1.0,1.7333333333333334,6.5,100.0,100.0,0.0
8mBXSzG8ZA,0,36.0,1,0.0,0.0,1.5,3.0,100.0,50.0,0.0
nxlruhBwG3,3,40.0,0,10.0,2.0,3.933333333333333,14.75,100.0,100.0,0.0
E50pc1aCYL,3,39.0,0,0.0,0.0,1.0,1.0,50.0,0.0,0.0
JNHJzKyCPJ,3,31.0,0,0.0,0.0,1.6,2.6666666666666665,100.0,25.0,0.0
woqzOlxNh1,0,37.0,0,0.0,0.0,2.0,2.0,100.0,25.0,0.0
SgfNMETcL7,1,33.0,1,0.0,0.0,3.3333333333333335,20.0,100.0,75.0,0.0
cmfYYtPrlt,1,45.0,0,14.0,3.0,8.304347826086957,54.57142857142857,100.0,100.0,62.5
NbWNGjWAjD,3,42.0,1,0.0,0.0,2.0,3.0,100.0,0.0,0.0
9KGpA1jZGz,0,22.0,1,4.4,1.0,5.0,25.0,100.0,100.0,0.0
R5DCibVomi,3,30.0,0,20.0,3.0,2.6666666666666665,10.666666666666666,100.0,100.0,0.0
7f07qwXbn8,3,40.0,1,0.0,0.0,3.65,18.25,100.0,100.0,0.0
SfgWLS0DWX,0,43.0,1,0.0,0.0,2.7777777777777777,15.0,100.0,100.0,0.0
pPKhUJYXzd,1,44.0,0,0.0,0.0,2.642857142857143,9.25,100.0,100.0,0.0
FhP1HnDL4V,1,53.0,0,70.0,23.0,3.5454545454545454,19.5,100.0,100.0,75.0
Ts4FL3Eu6V,0,33.0,1,0.0,0.0,3.0,3.0,100.0,50.0,0.0
XZ2plNIxfh,3,43.0,0,0.0,0.0,4.5,9.0,100.0,25.0,0.0
Z4Z61aBOsa,1,36.0,0,2.8,1.0,2.027027027027027,12.5,100.0,0.0,0.0
E4ncEDRU1V,1,43.0,0,0.0,0.0,1.6,4.0,100.0,50.0,0.0
9tyIdlmetN,0,35.0,1,0.0,0.0,3.3333333333333335,5.0,100.0,75.0,0.0
MO72tUnGBz,0,39.0,1,0.0,0.0,5.659090909090909,35.57142857142857,100.0,100.0,50.0
6tsIcwhn7b,1,29.0,0,2.8,1.0,5.0,5.0,100.0,0.0,0.0
YvvIeLhFI2,0,39.0,0,0.0,0.0,1.68,7.0,100.0,100.0,62.5
IqpLZpfJS2,3,32.0,1,4.0,1.0,1.3333333333333333,2.0,100.0,50.0,0.0
R6DQ9CIsNw,1,37.0,0,0.0,0.0,2.0,2.0,100.0,0.0,0.0
A4N9cW5Qdf,3,41.0,0,0.0,0.0,1.0,1.0,100.0,25.0,0.0
I6RBsEPsrb,1,30.0,0,2.8,1.0,1.0,1.0,100.0,0.0,0.0
X0Decw93Cc,0,22.0,1,0.0,0.0,3.3333333333333335,10.0,100.0,75.0,0.0
VZ48bu6Do8,3,46.0,1,0.0,0.0,3.8181818181818183,21.0,100.0,100.0,25.0
TnlESe2Ikh,0,39.0,0,0.0,0.0,1.0,2.0,100.0,50.0,0.0
kwtKEEeLDn,0,42.0,0,0.0,0.0,4.153846153846154,13.5,100.0,100.0,12.5
BAvAGuT6t3,2,41.0,1,2.0,1.0,1.6666666666666667,5.0,100.0,25.0,0.0
RKmCbEgY4M,0,38.0,1,0.0,0.0,4.5,9.0,100.0,75.0,0.0
4wUUW9XoOx,3,29.0,1,0.0,0.0,1.0,1.0,100.0,0.0,0.0
d0bPNcrvzr,1,50.0,0,0.0,0.0,1.5,3.0,100.0,0.0,0.0
RIn4VpE3tq,0,32.0,1,0.0,0.0,3.6666666666666665,5.5,100.0,50.0,0.0
aBvOBsDf0q,1,37.0,0,2.8,1.0,3.0,5.0,100.0,75.0,0.0
gJ9XpKGgMw,3,39.0,1,0.0,0.0,1.5,1.5,100.0,50.0,0.0
OD2hATFp2L,0,34.0,0,4.0,1.0,2.6,8.666666666666666,100.0,50.0,0.0
psqlIP2M45,0,39.0,0,0.0,0.0,1.0,1.0,100.0,0.0,0.0
nX7XydpuH1,0,37.0,0,0.0,0.0,5.75,11.5,100.0,100.0,0.0
hOIbMdeXdR,1,45.0,1,0.0,0.0,6.6,16.5,100.0,0.0,0.0
rjH14w6x3T,0,37.0,1,4.0,1.0,2.388888888888889,10.75,100.0,100.0,12.5
bfG0KCh5LH,0,22.0,0,0.0,0.0,1.0,2.0,100.0,50.0,0.0
FceWEt0TFW,1,39.0,0,0.0,0.0,3.0,3.0,100.0,25.0,0.0
EGpKl5VdOD,0,39.0,1,0.0,0.0,6.608695652173913,38.0,100.0,100.0,62.5
OLgBz95i2T,2,51.0,1,0.0,0.0,2.0,2.0,50.0,0.0,0.0
wLo7HkLwtE,3,39.0,0,0.0,0.0,2.0,4.0,100.0,25.0,0.0
fFs1REa1iF,3,44.0,0,4.0,1.0,2.025,11.571428571428571,100.0,100.0,12.5
jwu0t257Kh,0,39.0,1,0.0,0.0,1.3333333333333333,1.3333333333333333,50.0,0.0,0.0
rDLpHQrytm,0,39.0,0,20.0,3.0,3.4,17.0,100.0,100.0,0.0
L8y7UugBbc,3,45.0,0,0.0,0.0,1.5,3.0,100.0,0.0,0.0
3YzjJyFnxQ,1,41.0,0,0.0,0.0,1.0,1.0,100.0,50.0,0.0
O6AUQVKTwo,3,31.0,0,0.0,0.0,2.0,5.0,100.0,50.0,0.0
gRzHrsMU1i,3,43.0,0,10.0,2.0,2.3684210526315788,10.0,100.0,100.0,37.5
Az664p3UHf,0,21.0,1,20.0,3.0,2.4444444444444446,7.333333333333333,100.0,100.0,0.0
bn21jY7Ake,3,60.0,0,0.0,0.0,1.3333333333333333,1.3333333333333333,50.0,0.0,0.0
WQ5NSU6lnx,1,42.0,1,0.0,0.0,3.5555555555555554,16.0,100.0,100.0,12.5
nG0hQbABCE,1,30.0,0,0.0,0.0,1.2222222222222223,2.2,100.0,75.0,0.0
MAdORHCo8J,1,39.0,0,0.0,0.0,2.3333333333333335,7.0,100.0,0.0,0.0
RrTTuwdx1M,1,54.0,1,2.8,1.0,2.0,4.0,100.0,75.0,0.0
yoUHKUWW3g,3,51.0,0,4.0,1.0,4.181818181818182,11.5,100.0,100.0,0.0
pYBMvKevuS,0,32.0,0,4.0,1.0,2.4285714285714284,4.25,100.0,75.0,0.0
J22MKQphVb,1,42.0,0,16.8,4.0,3.8846153846153846,14.428571428571429,100.0,100.0,37.5
JMxhq4hGVT,0,42.0,1,0.0,0.0,1.8571428571428572,6.5,50.0,0.0,0.0
lKLgU4yJxE,3,39.0,1,0.0,0.0,1.3333333333333333,2.0,100.0,25.0,0.0
5bwGXU4YhA,0,36.0,0,23.0,4.0,3.5,7.0,100.0,25.0,0.0
xvBNVfDHPc,0,39.0,0,0.0,0.0,1.0,1.0,50.0,0.0,0.0
9ZyxYUCN5g,1,54.0,1,0.0,0.0,1.3333333333333333,2.0,100.0,100.0,12.5
ObPpGVVTva,3,27.0,0,4.0,1.0,4.75,9.5,100.0,50.0,0.0
A7ci7Wbesp,0,18.0,1,0.0,0.0,1.0,2.0,100.0,0.0,0.0
yeHiEjX0yO,0,21.0,0,20.0,3.0,2.5,3.75,100.0,75.0,0.0
J8R4nN7LoT,1,25.0,1,0.0,0.0,2.0,4.0,100.0,75.0,0.0
N3QYBWlWm0,0,52.0,0,0.0,0.0,2.0,4.0,100.0,50.0,0.0
PhxhrSffLt,1,39.0,1,0.0,0.0,1.0,2.0,50.0,0.0,0.0
Zl90eyTKyi,0,28.0,0,20.0,3.0,2.75,11.0,100.0,50.0,0.0
yd6ynOOiiV,3,18.0,1,4.0,1.0,6.148148148148148,27.666666666666668,100.0,100.0,0.0
p5JhY0awoC,1,39.0,1,0.0,0.0,2.3333333333333335,2.3333333333333335,100.0,50.0,0.0
CBhLQg9QLu,3,46.0,1,0.0,0.0,11.5,73.6,100.0,100.0,62.5
6JEmEzziqc,1,28.0,0,0.0,0.0,2.5,5.0,100.0,75.0,0.0
EocsQbBycx,0,39.0,1,0.0,0.0,1.5,2.0,100.0,75.0,0.0
iDFumYPv96,1,39.0,0,0.0,0.0,1.6666666666666667,5.0,100.0,75.0,0.0
vd7cjUylxN,0,25.0,0,0.0,0.0,7.076923076923077,30.666666666666668,100.0,25.0,0.0
3XCgJtnJEf,3,39.0,1,4.0,1.0,4.0,4.0,100.0,25.0,0.0
osuuimYhsT,1,39.0,0,14.0,3.0,3.2857142857142856,7.666666666666667,100.0,100.0,0.0
6hN3iicwBH,1,40.0,1,0.0,0.0,2.0,2.0,100.0,50.0,0.0
LRec0kbQUf,3,44.0,1,0.0,0.0,1.5,1.5,100.0,25.0,0.0
fskEwsr8Rt,3,45.0,1,0.0,0.0,1.0,1.0,100.0,25.0,0.0
N7b6XkDU5i,0,40.0,1,23.0,4.0,7.142857142857143,33.333333333333336,100.0,100.0,12.5
EhfNE6lKqm,3,39.0,1,4.0,1.0,6.625,13.25,100.0,75.0,0.0
UX5wdEJJUT,0,44.0,0,0.0,0.0,1.2,2.0,100.0,50.0,0.0
7ApQxquPfq,1,39.0,0,0.0,0.0,1.0,1.0,50.0,0.0,0.0
udOeeHvasK,3,19.0,0,4.0,1.0,8.0,8.0,100.0,0.0,0.0
oHRTfp0aDy,1,28.0,1,0.0,0.0,3.0,6.0,100.0,50.0,0.0
SMrFBdhoAO,3,43.0,0,4.0,1.0,3.8,6.333333333333333,100.0,50.0,0.0
O26AOXviNS,0,36.0,0,0.0,0.0,3.6,18.0,100.0,100.0,0.0
r3vdoG23am,0,48.0,0,23.0,4.0,3.0833333333333335,12.333333333333334,100.0,100.0,0.0
Kkx52PHoAW,0,19.0,1,20.0,3.0,2.5,5.0,100.0,75.0,0.0
ymPnLUyJzz,0,46.0,0,20.0,3.0,1.8333333333333333,3.6666666666666665,50.0,0.0,0.0
TqmtCT5WIA,3,51.0,0,0.0,0.0,1.0,1.0,100.0,25.0,0.0
G1MTIjqLn3,3,45.0,1,4.0,1.0,4.0,8.0,100.0,25.0,0.0
h4Y4SQaaeR,1,37.0,1,14.0,3.0,8.5,17.0,100.0,75.0,0.0
EXbQ5UmmLz,0,39.0,0,0.0,0.0,2.0,2.0,50.0,0.0,0.0
qeFbEhGR4O,3,43.0,1,0.0,0.0,2.3333333333333335,3.5,100.0,0.0,0.0
6OFpcEtM9Q,0,31.0,0,0.0,0.0,1.5,1.5,100.0,25.0,0.0
GSL1cZQ09C,3,39.0,0,0.0,0.0,1.0,1.0,100.0,0.0,0.0
A742Ll10LA,0,50.0,0,20.0,3.0,2.9444444444444446,13.25,100.0,75.0,0.0
nozW0ARQiu,0,34.0,0,4.0,1.0,3.0,3.0,100.0,0.0,0.0
3LALJqkwOp,1,57.0,0,0.0,0.0,1.3333333333333333,2.0,100.0,0.0,0.0
9fubQUee1j,0,25.0,0,0.0,0.0,2.0,2.0,100.0,0.0,0.0
tbSoY86HeB,3,18.0,0,4.0,1.0,2.25,4.5,100.0,50.0,0.0
Aj6CZKjUNY,0,39.0,0,0.0,0.0,1.5,1.5,100.0,25.0,0.0
zb564GzoCT,3,37.0,1,20.0,3.0,1.6666666666666667,2.5,100.0,25.0,0.0
z8T45Lq2Il,0,27.0,0,4.0,1.0,3.3125,10.6,100.0,100.0,12.5
VcR1Me2GIq,0,38.0,1,0.0,0.0,1.0,2.0,100.0,25.0,0.0
kg0MOTdRzu,0,66.0,0,0.0,0.0,1.25,5.0,100.0,0.0,0.0
iF7qnnQQB2,1,48.0,0,0.0,0.0,3.75,15.0,100.0,75.0,0.0
l24nodedA7,3,43.0,1,0.0,0.0,3.0,3.0,100.0,25.0,0.0
ZHv19TtUvG,1,39.0,0,2.8,1.0,1.5,3.0,100.0,50.0,0.0
4fOKt4vB1P,0,44.0,0,0.0,0.0,2.7435897435897436,17.833333333333332,100.0,100.0,37.5
6bNsjBruGr,0,36.0,1,20.0,3.0,1.7826086956521738,5.857142857142857,100.0,100.0,37.5
T1Cr1lJVaL,0,60.0,0,0.0,0.0,2.2083333333333335,13.25,100.0,50.0,0.0
wNK0pCUWdK,3,52.0,0,0.0,0.0,1.9534883720930232,8.4,100.0,100.0,0.0
M1cBAq1Fl8,0,55.0,0,0.0,0.0,3.24,20.25,100.0,100.0,0.0
oweTs47bIX,3,39.0,0,0.0,0.0,1.0,1.0,50.0,0.0,0.0
ShnEPk6AiZ,3,33.0,0,0.0,0.0,3.3846153846153846,7.333333333333333,100.0,100.0,0.0
Sy9YQidPsE,0,53.0,1,0.0,0.0,2.7142857142857144,9.5,100.0,75.0,0.0
Cku0oB2N4s,3,59.0,0,0.0,0.0,2.7142857142857144,6.333333333333333,100.0,50.0,0.0
QdThl5Q04k,1,33.0,1,0.0,0.0,3.4285714285714284,8.0,100.0,100.0,0.0
9t5Rt4SLPj,1,35.0,1,0.0,0.0,1.0,2.0,100.0,50.0,0.0
Di3j3bt7y4,1,39.0,0,0.0,0.0,1.0,3.0,100.0,50.0,0.0
ZBw3knigwN,1,51.0,0,0.0,0.0,2.0,6.0,100.0,50.0,0.0
p0MbekDBuw,0,27.0,0,0.0,0.0,4.875,13.0,100.0,100.0,0.0
R1SNKAMRng,3,34.0,0,4.0,1.0,4.0,8.0,100.0,50.0,0.0
dVkx5oQ9ww,3,39.0,1,0.0,0.0,2.375,6.333333333333333,100.0,75.0,0.0
CWK58liEut,3,46.0,0,41.399998,9.0,6.204545454545454,39.0,100.0,100.0,50.0
rr5V8leNvY,0,46.0,1,4.0,1.0,3.375,13.5,100.0,100.0,0.0
LOYW8Y28dS,3,33.0,0,0.0,0.0,1.0,5.0,100.0,25.0,0.0
OOHUHgo1Gk,3,39.0,0,0.0,0.0,1.5,1.5,100.0,25.0,0.0
nrMLoPIGpp,1,36.0,1,2.8,1.0,1.8,4.5,100.0,75.0,0.0
2keQbXev5Q,1,58.0,1,0.0,0.0,1.5,1.5,100.0,75.0,0.0
EpbiqdepDa,2,29.0,1,0.0,0.0,1.0,2.0,100.0,25.0,0.0
U13Wlh0dXI,1,57.0,0,0.0,0.0,13.0,26.0,100.0,0.0,0.0
nZSkLmQjY6,3,39.0,1,0.0,0.0,1.5,3.0,50.0,0.0,0.0
kZeb9RGEA4,0,39.0,0,0.0,0.0,1.0,2.0,100.0,50.0,0.0
suS8cCvC4d,0,22.0,1,0.0,0.0,1.0,1.0,100.0,50.0,0.0
lglN8BEb3Y,1,18.0,0,0.0,0.0,13.857142857142858,97.0,100.0,100.0,12.5
GeYdUeAap5,3,42.0,1,0.0,0.0,3.0,6.0,100.0,50.0,0.0
YqkRNepSjK,3,52.0,1,0.0,0.0,5.0,10.0,100.0,50.0,0.0
HlTq85uixO,3,43.0,0,0.0,0.0,1.6666666666666667,5.0,100.0,25.0,0.0
o2WNH9kcoV,0,56.0,1,4.0,1.0,4.041666666666667,13.857142857142858,100.0,100.0,25.0
Y5BBPvfNbr,3,32.0,0,0.0,0.0,1.0,1.0,100.0,50.0,0.0
bxGZGlkfLf,3,61.0,1,0.0,0.0,3.0,14.0,100.0,100.0,0.0
8XymeRwJgK,3,39.0,0,0.0,0.0,13.0,13.0,100.0,50.0,0.0
kG773IRT7h,3,35.0,1,0.0,0.0,2.5,5.0,100.0,0.0,0.0
ZSYq5r5inJ,0,36.0,1,0.0,0.0,6.0,12.0,100.0,75.0,0.0
7IpHeSL8XE,3,39.0,1,0.0,0.0,1.0,2.0,100.0,25.0,0.0
wvNGr9vT7F,3,44.0,1,0.0,0.0,1.5,1.5,100.0,25.0,0.0
CzcMNvLu3H,3,39.0,1,11.0,2.0,1.5,1.5,100.0,25.0,0.0
ZQeR5fyYbR,3,23.0,1,10.0,2.0,3.878787878787879,18.285714285714285,100.0,100.0,25.0
nQNfQbsWql,1,43.0,1,0.0,0.0,1.0,1.0,100.0,25.0,0.0
9gV1vVBHCd,3,39.0,0,0.0,0.0,2.0,2.0,100.0,25.0,0.0
3n9fLgQx8j,3,39.0,0,0.0,0.0,1.0,2.0,100.0,25.0,0.0
SjWUpNwwpw,0,39.0,0,0.0,0.0,1.0,1.0,100.0,75.0,0.0
xzmPVA0yCs,1,43.0,0,0.0,0.0,4.0,24.0,100.0,100.0,50.0
H9Uot8CIgZ,3,58.0,1,20.0,3.0,2.0,2.6666666666666665,100.0,0.0,0.0
INsTMQPDv9,3,40.0,1,10.0,2.0,6.777777777777778,34.857142857142854,100.0,100.0,75.0
mdE0z62YCd,0,37.0,0,4.0,1.0,5.333333333333333,16.0,100.0,100.0,0.0
uclVq0tKK7,0,23.0,1,0.0,0.0,3.0,3.0,100.0,75.0,0.0
EFfrvzp3Tf,2,39.0,0,0.0,0.0,4.0,4.0,100.0,0.0,0.0
ShEbATdFTT,1,44.0,1,0.0,0.0,1.0,1.0,50.0,0.0,0.0
nXBIsQobc5,3,59.0,0,4.0,1.0,2.2222222222222223,5.0,100.0,50.0,0.0
sPGKjE4Ea9,3,45.0,0,0.0,0.0,2.0,2.0,100.0,25.0,0.0
jAi3dzbaXv,3,31.0,0,4.4,1.0,7.0,7.0,100.0,25.0,0.0
ge0EyIDogp,0,40.0,0,0.0,0.0,1.75,5.6,100.0,100.0,0.0
dkI9wOMAqT,3,39.0,0,4.0,1.0,3.4,17.0,100.0,100.0,0.0
hotpJNIScb,3,23.0,1,0.0,0.0,1.0,1.0,100.0,25.0,0.0
TXeJOIVqqs,1,47.0,1,0.0,0.0,1.0,2.0,100.0,75.0,0.0
D3Yw9Mk0JG,1,39.0,0,0.0,0.0,2.0,2.0,50.0,0.0,0.0
ly5DrRXGGk,3,60.0,0,0.0,0.0,1.9166666666666667,4.6,100.0,75.0,0.0
0EKsa5Dehf,3,39.0,0,0.0,0.0,1.0,2.0,100.0,25.0,0.0
PLg9mRgmRA,0,36.0,1,4.0,1.0,1.0,2.0,100.0,0.0,0.0
1PkqEU2XKT,2,28.0,1,0.0,0.0,2.5,15.0,100.0,100.0,25.0
HNApW805NM,1,39.0,0,0.0,0.0,1.5,5.0,100.0,75.0,0.0
UNj8QMOyir,2,33.0,0,0.0,0.0,1.3333333333333333,5.0,100.0,75.0,0.0
lqot1qzZUk,0,39.0,0,0.0,0.0,1.0,2.0,100.0,0.0,0.0
UTaJjZDPTG,3,35.0,1,4.0,1.0,3.0,3.0,100.0,50.0,0.0
hUXzyYaXHu,3,24.0,0,0.0,0.0,3.0,3.0,100.0,25.0,0.0
6D9EPYNuSL,3,45.0,0,0.0,0.0,2.7,13.5,100.0,100.0,0.0
u9VUmh11uZ,0,49.0,0,0.0,0.0,2.0,3.6,100.0,100.0,62.5
FUBANkSsDA,0,28.0,0,0.0,0.0,2.6,6.5,100.0,100.0,25.0
CA3xuU39vU,2,40.0,0,1.4,1.0,6.0,12.0,100.0,100.0,12.5
JfdV9dpbL2,3,39.0,1,0.0,0.0,1.3333333333333333,4.0,100.0,25.0,0.0
Ym7tKNUH49,3,44.0,0,21.6,3.0,1.0,1.5,100.0,25.0,0.0
NIV0ZoXHFy,2,25.0,1,2.0,1.0,4.0,6.0,100.0,50.0,0.0
UIrDb0qaRh,1,40.0,1,0.0,0.0,1.3333333333333333,4.0,100.0,25.0,0.0
rPs9Fc0gbr,0,27.0,1,4.0,1.0,2.6,6.5,100.0,75.0,0.0
LjE330sqTz,1,37.0,0,0.0,0.0,9.973684210526315,63.166666666666664,100.0,100.0,75.0
0IiOQW203b,0,19.0,1,4.0,1.0,3.0,3.0,100.0,0.0,0.0
IS3cjK5WYJ,0,32.0,0,0.0,0.0,4.9375,26.333333333333332,100.0,100.0,37.5
K6qYvfTpkl,0,36.0,1,4.0,1.0,4.0,20.0,100.0,75.0,0.0
aeY0qFMlvE,3,21.0,0,0.0,0.0,3.3333333333333335,5.0,100.0,50.0,0.0
vqU31SlZu7,3,39.0,0,4.0,1.0,5.0,5.0,100.0,0.0,0.0
BDLNhXb3EX,1,41.0,0,0.0,0.0,3.0,3.0,100.0,0.0,0.0
phsl18d3jU,3,35.0,1,4.4,1.0,1.0,1.5,100.0,50.0,0.0
kCHICgn984,3,23.0,0,23.0,4.0,3.0,13.0,100.0,75.0,0.0
6VfShcfj0m,3,30.0,0,0.0,0.0,2.6363636363636362,7.25,100.0,50.0,0.0
CuVMWomXoy,3,34.0,0,0.0,0.0,1.0,1.0,100.0,0.0,0.0
hwBCK3e8SQ,3,38.0,0,0.0,0.0,4.5,4.5,100.0,25.0,0.0
MYRpTlRBbD,0,45.0,0,0.0,0.0,3.0,16.5,100.0,75.0,0.0
fdUhnGVa5B,0,41.0,1,23.0,4.0,1.0,1.0,100.0,100.0,0.0
CtAxySn7XU,1,50.0,0,0.0,0.0,1.5,3.0,50.0,0.0,0.0
Ofe8NED9tp,3,39.0,1,0.0,0.0,1.0,1.0,50.0,0.0,0.0
cE9jeVWn6K,3,67.0,1,0.0,0.0,1.0,1.5,100.0,100.0,0.0
pxz7W7bHPP,1,47.0,1,2.8,1.0,5.9523809523809526,41.666666666666664,100.0,100.0,37.5
ozQ8c6Io1G,0,37.0,1,0.0,0.0,1.0,1.0,50.0,0.0,0.0
m4V23BZni6,0,39.0,0,0.0,0.0,1.0,1.0,100.0,75.0,0.0
J7ajHkEaUb,3,62.0,0,0.0,0.0,1.6666666666666667,5.0,100.0,50.0,0.0
M0LYrr3qa1,1,37.0,1,3.08,1.0,8.636363636363637,31.666666666666668,100.0,100.0,12.5
WPtki9te9z,0,24.0,0,10.4,2.0,3.5,4.666666666666667,100.0,75.0,0.0
PDN0aFibIs,1,36.0,0,0.0,0.0,2.875,11.5,100.0,100.0,0.0
WDxfDOKivU,3,40.0,1,0.0,0.0,1.3333333333333333,2.0,100.0,25.0,0.0
7WznUvwkPW,0,39.0,1,0.0,0.0,3.8333333333333335,15.333333333333334,50.0,0.0,0.0
OCVKtZfc7Q,3,65.0,0,0.0,0.0,2.0,2.0,50.0,0.0,0.0
IMceYBR1DO,3,39.0,0,0.0,0.0,1.0,1.0,100.0,0.0,0.0
IQVR22RE7y,1,30.0,1,0.0,0.0,2.588235294117647,11.0,100.0,100.0,0.0
IijuQq32qP,3,39.0,0,4.0,1.0,2.2857142857142856,5.333333333333333,50.0,0.0,0.0
PwQDVr5ZLr,0,39.0,0,0.0,0.0,1.0,1.0,50.0,0.0,0.0
xs8zJ7XtDL,1,39.0,0,0.0,0.0,5.0,7.5,100.0,100.0,0.0
UC8yZNeytD,1,56.0,1,22.4,6.0,2.0526315789473686,9.75,100.0,100.0,37.5
OebWcBjovv,0,30.0,1,10.0,2.0,3.5,7.0,100.0,75.0,0.0
O0qugppxJ8,1,30.0,0,0.0,0.0,3.2,12.8,100.0,100.0,12.5
b4K2NGtdBY,1,37.0,0,2.8,1.0,5.5,16.5,100.0,100.0,0.0
jHT5WoxwiW,0,39.0,0,0.0,0.0,1.25,5.0,100.0,75.0,0.0
10WjaE7dYX,3,36.0,1,0.0,0.0,2.0,2.0,100.0,25.0,0.0
jN6sKrz3wN,1,39.0,1,0.0,0.0,4.4,22.0,100.0,75.0,0.0
9BafFMiqIF,0,22.0,1,0.0,0.0,4.25,8.5,100.0,100.0,0.0
0DSCbYBzmm,1,37.0,0,19.599998,5.0,5.666666666666667,25.5,100.0,100.0,0.0
caMgh0s9T6,0,39.0,1,10.0,2.0,2.888888888888889,13.0,100.0,100.0,0.0
gLutazxzMj,0,39.0,0,0.0,0.0,3.0,3.0,100.0,25.0,0.0
rnFVyLmXkN,1,34.0,0,0.0,0.0,3.5,14.0,100.0,75.0,0.0
o983ajlhmY,3,43.0,0,0.0,0.0,4.0,4.0,100.0,25.0,0.0
RiFNgGDP4S,1,20.0,1,0.0,0.0,2.5,2.5,50.0,0.0,0.0
UZgzZWT2Nk,0,28.0,0,0.0,0.0,3.6666666666666665,11.0,100.0,75.0,0.0
8q21JBwPq5,1,34.0,1,0.0,0.0,1.0,1.0,100.0,0.0,0.0
dChEm73TwF,1,39.0,1,0.0,0.0,2.0,2.0,50.0,0.0,0.0
UTDpHcP1Ob,3,45.0,1,0.0,0.0,3.0,3.0,100.0,50.0,0.0
8QDwwC7llm,1,43.0,1,0.0,0.0,4.266666666666667,16.0,100.0,100.0,12.5
fhPqHAKksp,1,37.0,0,0.0,0.0,2.0,2.0,100.0,50.0,0.0
tQ1ChQ7Ivp,3,39.0,1,0.0,0.0,2.0,2.0,50.0,0.0,0.0
4WkCV1y97E,1,36.0,0,0.0,0.0,1.75,7.0,100.0,75.0,0.0
WoLHAALaWi,0,40.0,0,0.0,0.0,1.0,1.0,100.0,25.0,0.0
O4rtDgFv6Y,3,35.0,0,0.0,0.0,2.413793103448276,11.666666666666666,100.0,100.0,25.0
A9cvdyoJat,0,39.0,0,0.0,0.0,1.0,1.0,50.0,0.0,0.0
FvSoLzsjH5,0,61.0,1,0.0,0.0,1.0,1.0,100.0,0.0,0.0
KwrIsLRt3X,0,51.0,1,0.0,0.0,2.55,9.272727272727273,100.0,100.0,25.0
id0qxuYgzy,3,20.0,0,0.0,0.0,1.5,3.0,100.0,25.0,0.0
0F9mtcfEGC,3,37.0,1,0.0,0.0,2.0,2.0,100.0,25.0,0.0
vDLruYjx0N,0,39.0,0,26.0,5.0,2.25,9.0,50.0,0.0,0.0
d22onCcEWx,3,38.0,0,0.0,0.0,3.2857142857142856,7.666666666666667,100.0,50.0,0.0
hsBfNx7dMi,0,34.0,1,4.0,1.0,5.0476190476190474,35.333333333333336,100.0,100.0,37.5
GDiVbgjfnf,0,41.0,0,0.0,0.0,6.0,6.0,100.0,50.0,0.0
JC4x3GUY7b,0,30.0,1,0.0,0.0,1.8108108108108107,9.571428571428571,100.0,100.0,12.5
n1IQkM4m6C,0,39.0,0,0.0,0.0,1.0,1.0,50.0,0.0,0.0
6mYgE7NIOG,1,32.0,1,0.0,0.0,2.3333333333333335,7.0,100.0,50.0,0.0
2FYtuq8iLR,3,39.0,1,0.0,0.0,1.0,1.0,100.0,25.0,0.0
HAzVNFeg2C,0,18.0,1,0.0,0.0,1.0,1.0,100.0,50.0,0.0
HklPpyfyUE,1,38.0,0,0.0,0.0,10.0,10.0,100.0,50.0,0.0
pkDXF4OqUs,3,31.0,1,0.0,0.0,1.0,1.0,50.0,0.0,0.0
KkaUiWGmhl,3,39.0,1,0.0,0.0,2.0,2.0,100.0,25.0,0.0
8r0Ntdl84w,3,37.0,1,0.0,0.0,1.0,1.0,100.0,0.0,0.0
WfV8wTiAe8,0,38.0,0,0.0,0.0,5.0,5.0,100.0,75.0,0.0
SQSbm1V7tx,0,30.0,1,0.0,0.0,2.0,4.0,100.0,50.0,0.0
dDQszRHMD5,3,18.0,1,0.0,0.0,1.0,1.0,100.0,0.0,0.0
d2hSg1WQk9,0,39.0,1,4.0,1.0,3.6666666666666665,16.5,100.0,75.0,0.0
jM03wdAKzb,0,24.0,0,20.0,3.0,2.0,6.0,100.0,50.0,0.0
CP92BatjxT,3,32.0,0,0.0,0.0,1.7,2.8333333333333335,100.0,75.0,0.0
I0YtMNUyPU,2,49.0,1,0.0,0.0,1.25,5.0,100.0,75.0,0.0
RZ6zLfUPMJ,3,48.0,0,0.0,0.0,3.0,3.0,100.0,50.0,0.0
Ompy0VJQLc,0,34.0,1,0.0,0.0,3.0,3.0,100.0,25.0,0.0
cDQNMWohug,1,29.0,0,0.0,0.0,3.0,3.0,100.0,100.0,12.5
4V5sRvahbi,1,39.0,0,0.0,0.0,3.25,7.8,100.0,100.0,0.0
YOkrOLSIgQ,1,68.0,1,0.0,0.0,4.375,17.5,50.0,0.0,0.0
0IyWyhz0yF,0,27.0,1,0.0,0.0,2.6666666666666665,8.0,100.0,75.0,0.0
FZC4ttcAPJ,0,46.0,0,0.0,0.0,1.0,1.0,100.0,25.0,0.0
VOWsxozKrG,0,39.0,1,0.0,0.0,2.0,2.0,100.0,25.0,0.0
ULINlUo8G3,1,44.0,0,0.0,0.0,6.961538461538462,36.2,100.0,100.0,25.0
hCMD94XIRw,0,39.0,0,4.0,1.0,2.625,7.0,100.0,100.0,25.0
OLVL3z1MUF,0,39.0,0,0.0,0.0,2.0,2.0,100.0,0.0,0.0
vALXsexEk8,0,39.0,1,0.0,0.0,1.375,3.6666666666666665,100.0,75.0,0.0
nQ9Hfk8TMW,3,63.0,0,4.0,1.0,3.25,13.0,100.0,100.0,12.5
BMsXuDlxWq,1,39.0,1,0.0,0.0,3.5,7.0,100.0,50.0,0.0
JpCzsBXAgS,3,39.0,1,0.0,0.0,4.25,8.5,100.0,75.0,0.0
SsGkwCLbQp,1,39.0,0,0.0,0.0,1.0,1.0,50.0,0.0,0.0
7hJZL9FauB,1,56.0,0,2.8,1.0,3.9,19.5,100.0,100.0,25.0
uwIa1KDbUE,1,49.0,1,0.0,0.0,2.7,9.0,100.0,100.0,0.0
sW7Fsk0dii,3,46.0,0,0.0,0.0,3.0,3.0,100.0,0.0,0.0
vyyGDaWU63,0,24.0,0,0.0,0.0,1.8,3.6,100.0,50.0,0.0
24vrZI0Vwr,0,37.0,0,10.0,2.0,3.5,3.5,100.0,50.0,0.0
otsycwPWba,1,19.0,0,0.0,0.0,1.0,2.0,100.0,50.0,0.0
EooVBVs8TV,0,39.0,0,0.0,0.0,1.0,1.0,100.0,50.0,0.0
SRHyeIk1kx,0,37.0,0,0.0,0.0,1.0,1.0,100.0,0.0,0.0
xrT9YdIZnS,0,51.0,1,0.0,0.0,2.9565217391304346,9.714285714285714,100.0,100.0,37.5
Cspz20JSjO,3,49.0,0,0.0,0.0,2.1,7.0,100.0,75.0,0.0
xlTIOGoUxi,3,39.0,0,0.0,0.0,2.0,3.0,100.0,25.0,0.0
NYm2Gm6WYc,1,39.0,1,0.0,0.0,3.5,7.0,50.0,0.0,0.0
LBksEQWgmF,2,39.0,1,0.0,0.0,1.0,1.0,100.0,25.0,0.0
fhcPLYv1Eb,3,44.0,0,0.0,0.0,2.0,2.0,100.0,0.0,0.0
wQMpkJzL1k,1,18.0,0,0.0,0.0,3.0,3.0,100.0,50.0,0.0
c1lhDjGxYs,1,44.0,0,0.0,0.0,1.0,1.6666666666666667,100.0,75.0,0.0
t8MPwIZtVA,3,51.0,1,0.0,0.0,1.0,1.0,50.0,0.0,0.0
ssnsuUiZyl,3,62.0,1,26.0,5.0,2.761904761904762,14.5,100.0,100.0,12.5
z0DH6QQSgf,3,51.0,1,0.0,0.0,1.3333333333333333,2.0,100.0,25.0,0.0
khMOsNUbfu,3,39.0,0,4.0,1.0,4.833333333333333,19.333333333333332,100.0,100.0,0.0
v627gyum42,0,23.0,0,0.0,0.0,2.0,2.0,100.0,50.0,0.0
0P2mgEKgrt,3,34.0,1,0.0,0.0,2.0,2.0,50.0,0.0,0.0
Z9tciEc7r1,1,39.0,0,7.0,2.0,2.6666666666666665,8.0,100.0,100.0,0.0
coWxFbkL5d,3,43.0,0,0.0,0.0,1.2352941176470589,3.5,100.0,75.0,0.0
uRiLPui13D,3,49.0,1,0.0,0.0,2.0,4.0,100.0,75.0,0.0
Qd7pg2xJpT,0,37.0,0,0.0,0.0,7.909090909090909,29.0,100.0,100.0,12.5
8kQzsOwNrh,2,39.0,1,0.0,0.0,2.4,6.0,100.0,50.0,0.0
LYvJaP9X2o,0,28.0,0,0.0,0.0,2.1666666666666665,8.666666666666666,100.0,100.0,0.0
0uaSYGcDTC,0,57.0,1,0.0,0.0,1.0,1.0,50.0,0.0,0.0
ax9GgSbKzI,1,45.0,1,2.8,1.0,9.333333333333334,46.666666666666664,100.0,50.0,0.0
Vr4b2BHuZ7,3,38.0,0,0.0,0.0,2.0,2.0,100.0,25.0,0.0
L2oB6a1Luz,3,32.0,0,4.0,1.0,1.5,3.0,100.0,25.0,0.0
ttzNkSK5Mm,0,50.0,0,0.0,0.0,2.0,2.0,100.0,0.0,0.0
gf0dV8lqVn,0,25.0,0,0.0,0.0,2.4444444444444446,7.333333333333333,100.0,100.0,0.0
GVtpJqGBv2,3,40.0,1,20.0,3.0,3.25,13.0,100.0,100.0,0.0
lGbSmbOa6F,2,39.0,0,0.0,0.0,2.9285714285714284,13.666666666666666,100.0,100.0,0.0
Q0XI26wSt4,0,39.0,0,0.0,0.0,2.0,2.0,100.0,100.0,0.0
FlUCLdpZb5,0,37.0,1,0.0,0.0,3.875,15.5,100.0,100.0,12.5
MZdZPNrqhB,3,39.0,0,23.0,4.0,1.5,3.0,100.0,50.0,0.0
hZcqwi42pS,1,39.0,0,0.0,0.0,3.2222222222222223,5.8,100.0,100.0,37.5
J4BPtxqxln,1,39.0,1,0.0,0.0,1.0,1.0,50.0,0.0,0.0
qhBcyfKXtl,0,39.0,1,4.0,1.0,2.7,13.5,100.0,0.0,0.0
u3bFRinssj,0,51.0,1,0.0,0.0,2.8461538461538463,18.5,100.0,100.0,50.0
OYumBwETCX,3,44.0,1,4.0,1.0,1.0,2.5,100.0,25.0,0.0
egMRgu5r2j,0,42.0,0,0.0,0.0,2.0,2.0,100.0,0.0,0.0
8M52GF3Zte,1,35.0,0,0.0,0.0,1.0,2.0,50.0,0.0,0.0
En0J93OFYO,2,38.0,1,0.0,0.0,1.1428571428571428,2.6666666666666665,50.0,0.0,0.0
kVBNFBx3gO,0,51.0,0,4.0,1.0,2.75,5.5,100.0,0.0,0.0
chTjaB2XqT,3,34.0,0,0.0,0.0,1.25,2.5,100.0,25.0,0.0
Rb5bHiP8D7,3,25.0,1,0.0,0.0,2.0,2.0,100.0,25.0,0.0
a6pXbootSK,1,26.0,1,0.0,0.0,1.0,1.0,100.0,0.0,0.0
FlGVtd24qe,3,51.0,0,10.0,2.0,1.8529411764705883,9.0,100.0,100.0,25.0
ixgpkA6Mlw,1,39.0,0,0.0,0.0,7.0,21.0,100.0,0.0,0.0
cqrG70n5dC,3,30.0,0,10.0,2.0,1.3333333333333333,4.0,100.0,50.0,0.0
bFlY811xnV,0,39.0,0,0.0,0.0,1.0,2.0,50.0,0.0,0.0
iYTzIcgTDT,1,37.0,1,0.0,0.0,6.0,6.0,100.0,0.0,0.0
WOCCgwkMdG,0,41.0,0,0.0,0.0,1.5,3.0,100.0,100.0,0.0
FrXTu1DPMf,3,25.0,0,0.0,0.0,2.5,5.0,100.0,50.0,0.0
poQO03o0hO,3,39.0,1,0.0,0.0,1.0,1.0,100.0,0.0,0.0
3M8ER4wtJC,1,52.0,0,0.0,0.0,3.8,9.5,100.0,50.0,0.0
R8dlp5KpsN,3,55.0,0,0.0,0.0,1.0,1.5,50.0,0.0,0.0
dHCluh9RoI,1,43.0,0,0.0,0.0,6.5,13.0,100.0,50.0,0.0
9do4gp5oT0,3,49.0,1,4.0,1.0,2.75,5.5,100.0,25.0,0.0
Lg1pBTUeOd,0,25.0,1,0.0,0.0,2.0,4.0,100.0,100.0,0.0
GXSdjvVdu5,0,33.0,1,0.0,0.0,1.0,1.0,100.0,0.0,0.0
YBdDXrLOHG,3,39.0,1,0.0,0.0,3.75,10.0,100.0,100.0,0.0
3bOhTD4qBv,3,55.0,0,0.0,0.0,1.5,3.0,100.0,25.0,0.0
k4nx6kzY8A,1,48.0,0,0.0,0.0,2.4,8.0,100.0,100.0,12.5
PHirsj3TPN,0,39.0,1,0.0,0.0,6.666666666666667,20.0,100.0,0.0,0.0
HDEbOUrVwF,0,35.0,1,0.0,0.0,2.0,2.0,50.0,0.0,0.0
ORTSJ7mVHt,3,44.0,0,4.0,1.0,7.0,7.0,100.0,25.0,0.0
8y29wk7WTY,3,39.0,1,0.0,0.0,1.0,2.0,50.0,0.0,0.0
2KoZAhSKLW,0,49.0,1,4.0,1.0,1.7692307692307692,4.6,100.0,50.0,0.0
C3rFtW63Vq,0,39.0,1,4.0,1.0,3.3333333333333335,10.0,100.0,100.0,0.0
coT2120wj6,1,32.0,0,2.8,1.0,7.5,15.0,100.0,100.0,0.0
ixT2FbvPYJ,0,44.0,0,0.0,0.0,1.5,3.0,100.0,75.0,0.0
kvDb6OuANF,1,27.0,0,0.0,0.0,2.727272727272727,5.0,100.0,100.0,0.0
8SXUqItCLU,0,37.0,1,10.0,2.0,3.466666666666667,13.0,100.0,100.0,0.0
N5UZsgGAWH,2,39.0,1,0.0,0.0,2.0,10.0,100.0,75.0,0.0
yrzdmQw0hZ,1,61.0,0,2.8,1.0,1.8333333333333333,4.125,100.0,100.0,12.5
aEzkyOMzax,3,23.0,0,20.0,3.0,3.6666666666666665,11.0,100.0,75.0,0.0
Saxtv9n7IM,1,39.0,0,0.0,0.0,3.0,7.5,100.0,75.0,0.0
09i4Mv7Wnh,3,39.0,1,0.0,0.0,1.0,1.0,100.0,25.0,0.0
w3NqZdhsbj,0,47.0,0,0.0,0.0,1.3333333333333333,2.0,100.0,0.0,0.0
sGqQEZWS9p,3,39.0,0,0.0,0.0,1.5,3.0,100.0,0.0,0.0
GXb8lbY1cG,0,24.0,0,0.0,0.0,1.3333333333333333,2.0,100.0,50.0,0.0
u4pz1IeDwn,3,41.0,1,0.0,0.0,1.75,2.3333333333333335,100.0,50.0,0.0
eIhsImWCj2,3,54.0,0,0.0,0.0,7.333333333333333,40.333333333333336,100.0,100.0,37.5
3lajeGWph5,3,62.0,0,0.0,0.0,1.6666666666666667,2.5,100.0,25.0,0.0
i3GBPiZpGR,0,24.0,0,0.0,0.0,2.6666666666666665,4.0,100.0,50.0,0.0
ORTLPpsD2S,3,32.0,0,4.0,1.0,2.25,4.5,100.0,0.0,0.0
xZCFsG2z3I,0,39.0,1,0.0,0.0,5.8,14.5,100.0,100.0,0.0
hTfLHRaisc,0,39.0,1,0.0,0.0,1.0,1.0,100.0,50.0,0.0
UuOdfXyosz,0,39.0,1,0.0,0.0,5.0,10.0,100.0,50.0,0.0
DIfHZLzwdt,0,39.0,1,23.0,4.0,3.4,22.666666666666668,100.0,100.0,37.5
rg3luz7s42,0,39.0,0,0.0,0.0,1.0,3.0,100.0,25.0,0.0
bGZ4McpVnG,0,35.0,1,0.0,0.0,1.5,3.0,100.0,50.0,0.0
DkfBOtdBse,0,38.0,1,44.0,11.0,3.6666666666666665,16.5,100.0,75.0,0.0
1qsqOL0xYb,3,34.0,0,0.0,0.0,1.0,2.0,100.0,25.0,0.0
lLtQDbRnKW,3,39.0,0,0.0,0.0,1.6,4.0,100.0,50.0,0.0
DBXhxvcv6N,0,39.0,1,4.0,1.0,4.5,9.0,100.0,75.0,0.0
hHGvpBCq0r,2,39.0,0,0.0,0.0,1.0,1.0,100.0,25.0,0.0
JK7aemRm7K,2,39.0,1,0.0,0.0,1.8888888888888888,5.666666666666667,100.0,75.0,0.0
AkzuohF5xN,0,54.0,0,0.0,0.0,6.571428571428571,23.0,100.0,75.0,0.0
UUY17egjIP,3,41.0,0,0.0,0.0,1.0,1.0,100.0,0.0,0.0
8GifAvgbh8,3,48.0,1,0.0,0.0,2.375,6.333333333333333,100.0,50.0,0.0
tyrscxNQZ9,3,46.0,1,0.0,0.0,2.5833333333333335,15.5,100.0,100.0,37.5
FOoX1BVDi3,0,28.0,0,0.0,0.0,5.0,10.0,100.0,75.0,0.0
FxAwicXJuA,1,42.0,0,0.0,0.0,2.2,11.0,100.0,75.0,0.0
m1bWSI9xHK,1,39.0,1,0.0,0.0,5.8125,31.0,100.0,100.0,37.5
9b60KRYVp1,0,30.0,1,0.0,0.0,1.3333333333333333,4.0,100.0,75.0,0.0
qHtF09bDyq,1,39.0,0,0.0,0.0,2.0,4.0,100.0,50.0,0.0
8WlD1fiLPx,3,44.0,0,0.0,0.0,2.652173913043478,15.25,100.0,100.0,0.0
KnUcIT1frr,1,39.0,1,0.0,0.0,1.0,1.0,50.0,0.0,0.0
YXuXkYsbeL,1,52.0,0,0.0,0.0,5.0,5.0,100.0,50.0,0.0
Fnhj1zw3vG,3,44.0,0,0.0,0.0,1.0,2.0,50.0,0.0,0.0
WZLjQuRMBw,1,43.0,0,0.0,0.0,2.125,4.25,100.0,100.0,0.0
kuUwYlkpr9,1,42.0,0,23.8,8.0,8.054054054054054,49.666666666666664,100.0,100.0,100.0
TLXGCI9zMW,1,28.0,1,0.0,0.0,2.5,5.0,100.0,50.0,0.0
4kCn8G11iF,1,39.0,1,0.0,0.0,3.0,6.6,100.0,100.0,12.5
vHTfR5RMt7,3,52.0,1,0.0,0.0,1.0,2.0,100.0,25.0,0.0
15YHXnEeFF,3,40.0,0,0.0,0.0,1.0,1.0,100.0,25.0,0.0
MNt5wc06ej,0,56.0,1,10.0,2.0,3.0,6.75,100.0,100.0,0.0
TX4SusXL5j,1,54.0,0,72.24,23.0,3.813953488372093,23.428571428571427,100.0,100.0,87.5
gKQbOlBSft,0,39.0,0,0.0,0.0,2.0,2.0,100.0,100.0,0.0
RXMN969Z5h,3,39.0,0,0.0,0.0,1.75,3.5,100.0,50.0,0.0
D99M4QF21q,0,39.0,1,0.0,0.0,1.0,1.0,100.0,0.0,0.0
AoCEknOHk8,0,26.0,1,4.0,1.0,1.2,2.0,100.0,50.0,0.0
FKcjCA59v7,0,45.0,0,4.0,1.0,3.0,3.0,100.0,75.0,0.0
wFpILUskT1,3,41.0,1,0.0,0.0,1.5,1.5,100.0,50.0,0.0
DNd3MY1pLJ,3,39.0,1,0.0,0.0,1.0,1.0,100.0,25.0,0.0
LgOktGCbhO,0,23.0,0,4.0,1.0,1.6666666666666667,3.75,100.0,100.0,0.0
biMY0yvzBt,3,30.0,1,0.0,0.0,3.0,6.0,100.0,25.0,0.0
ybI06KyY0s,0,42.0,0,4.0,1.0,1.0,1.0,100.0,100.0,0.0
8AoA5mkCT5,3,37.0,0,0.0,0.0,2.838709677419355,11.0,100.0,100.0,12.5
JVAiR6p1A0,0,51.0,0,0.0,0.0,3.75,15.0,100.0,75.0,0.0
2lIsdamk22,1,59.0,0,0.0,0.0,1.5,1.5,100.0,50.0,0.0
DfTaginrDZ,1,53.0,0,0.0,0.0,1.5,3.0,100.0,50.0,0.0
6Ij6P4CCfh,1,49.0,1,0.0,0.0,2.076923076923077,9.0,100.0,50.0,0.0
YrfDIRV0ur,3,44.0,0,0.0,0.0,1.0,2.0,100.0,0.0,0.0
CRbg3VqDVY,0,31.0,0,0.0,0.0,3.0952380952380953,16.25,100.0,100.0,12.5
MK77NuPn47,3,39.0,0,0.0,0.0,3.0,3.0,100.0,25.0,0.0
AEOHaIRqfe,3,30.0,1,0.0,0.0,1.7777777777777777,4.0,100.0,50.0,0.0
3LULUv6Uiv,0,34.0,0,0.0,0.0,1.75,7.0,100.0,75.0,0.0
36czWaQ9yD,1,41.0,1,2.8,1.0,6.75,13.5,100.0,100.0,0.0
NaerIr28hL,0,21.0,1,0.0,0.0,3.75,15.0,100.0,100.0,12.5
nPolgbwXKJ,0,39.0,1,0.0,0.0,1.0,1.0,100.0,50.0,0.0
RMAYaYRPog,1,39.0,0,0.0,0.0,3.8823529411764706,13.2,100.0,100.0,0.0
tdD4J0uvWZ,0,41.0,1,10.0,2.0,2.5555555555555554,11.5,100.0,100.0,0.0
nmGSBe9XHE,1,40.0,0,0.0,0.0,1.0,1.0,50.0,0.0,0.0
wTSblqkxvr,1,39.0,1,0.0,0.0,6.285714285714286,14.666666666666666,100.0,75.0,0.0
zAvrJ86rsh,0,18.0,0,0.0,0.0,1.0,1.0,100.0,0.0,0.0
8FPe4kUD96,1,39.0,1,0.0,0.0,3.0,18.0,100.0,100.0,12.5
eZNhYr82lP,3,39.0,0,0.0,0.0,1.0,1.0,50.0,0.0,0.0
gcZgt637Nx,1,64.0,1,0.0,0.0,3.066666666666667,18.4,100.0,100.0,50.0
lB6XCROsC2,0,44.0,1,0.0,0.0,1.0,2.0,100.0,75.0,0.0
CiybSwFUXn,1,39.0,0,19.599998,5.0,3.375,13.5,100.0,100.0,12.5
uJnImd47Vh,3,43.0,1,35.0,8.0,4.0,10.285714285714286,100.0,75.0,0.0
T5A4dp9MLl,1,32.0,1,2.8,1.0,4.785714285714286,22.333333333333332,100.0,100.0,25.0
4zPrCG85NM,3,45.0,1,0.0,0.0,3.0,6.0,100.0,50.0,0.0
dJfEtRx6BJ,0,39.0,0,0.0,0.0,1.0,1.0,50.0,0.0,0.0
RG94W9gKVW,0,39.0,0,4.0,1.0,1.9583333333333333,6.714285714285714,100.0,100.0,25.0
iYwIt2RwNx,3,39.0,0,0.0,0.0,1.0,1.5,50.0,0.0,0.0
0dqFY2Xbw2,0,37.0,1,0.0,0.0,2.7777777777777777,10.0,100.0,100.0,12.5
9N0KOL94rt,0,31.0,1,0.0,0.0,1.0,1.5,100.0,75.0,0.0
wauuSZALuV,3,39.0,1,0.0,0.0,1.5,3.0,100.0,0.0,0.0
3HobxqCzhQ,3,33.0,0,4.0,1.0,2.0,6.0,100.0,75.0,0.0
0figpaFBUh,3,52.0,0,4.0,1.0,5.5,11.0,100.0,25.0,0.0
NW8JaN5k1C,3,65.0,1,0.0,0.0,3.3157894736842106,12.6,50.0,0.0,0.0
KsyAUssbch,0,45.0,1,4.0,1.0,4.195121951219512,28.666666666666668,100.0,100.0,75.0
mmi7kWmaZY,1,35.0,0,0.0,0.0,2.0,4.0,100.0,75.0,0.0
xtxuy09ZPp,3,39.0,0,0.0,0.0,2.3333333333333335,3.5,100.0,25.0,0.0
lxQsMDJzO0,0,47.0,0,4.0,1.0,2.8529411764705883,13.857142857142858,100.0,100.0,50.0
xFH8xRMNiS,3,47.0,1,0.0,0.0,1.6666666666666667,1.6666666666666667,100.0,75.0,0.0
LACy9WhcyG,1,39.0,0,0.0,0.0,6.0,9.0,100.0,75.0,0.0
HmvFQpVGWr,3,42.0,1,4.4,1.0,1.0,2.0,100.0,0.0,0.0
zerfopJeXX,3,46.0,1,0.0,0.0,1.0,1.0,50.0,0.0,0.0
wmemYSnfUc,0,49.0,1,4.0,1.0,7.714285714285714,54.0,100.0,100.0,37.5
IVppfEIV0Z,1,27.0,0,0.0,0.0,1.0,1.0,50.0,0.0,0.0
DMEV9r1FQt,0,39.0,1,0.0,0.0,5.25,21.0,100.0,100.0,12.5
1vDYREI0G3,3,32.0,1,4.0,1.0,1.0,2.0,100.0,25.0,0.0
pWRcv0ZX68,1,39.0,0,0.0,0.0,1.0,2.0,100.0,0.0,0.0
TjmBAvhiqK,3,63.0,0,4.0,1.0,2.0,2.0,100.0,25.0,0.0
cVM4Lr8VJh,1,56.0,1,0.0,0.0,1.4545454545454546,3.2,100.0,100.0,0.0
OLbeAOrlfA,1,45.0,0,0.0,0.0,1.0,1.0,100.0,75.0,0.0
98TBfjSneU,1,28.0,0,2.8,1.0,2.0,2.0,100.0,50.0,0.0
Lem6P4WA2H,3,25.0,1,0.0,0.0,5.0,5.0,100.0,25.0,0.0
ESWMdlFqMT,1,32.0,0,0.0,0.0,1.0,1.0,100.0,25.0,0.0
RqYvNMnMUd,1,39.0,0,2.8,1.0,7.5,30.0,100.0,100.0,0.0
DdBaWLXjbV,3,48.0,1,0.0,0.0,2.5,5.0,100.0,25.0,0.0
SVxMa90QVf,1,39.0,0,0.0,0.0,1.0,2.0,100.0,50.0,0.0
81mnF8l275,3,34.0,1,0.0,0.0,1.5,3.0,100.0,25.0,0.0
09uryXBDxP,3,23.0,1,4.0,1.0,1.6666666666666667,5.0,100.0,0.0,0.0
6wtHEMus5s,3,20.0,1,0.0,0.0,2.0,2.0,100.0,25.0,0.0
5ZoTXWoEof,3,36.0,1,4.0,1.0,2.5,7.142857142857143,100.0,75.0,0.0
GW3cLRAtUL,0,39.0,0,0.0,0.0,8.333333333333334,50.0,100.0,100.0,37.5
jyqHFa5T3b,0,39.0,1,0.0,0.0,2.090909090909091,7.666666666666667,100.0,100.0,0.0
j5OCbxN2UH,3,39.0,0,0.0,0.0,2.0,2.0,100.0,25.0,0.0
6mlcXOpVOE,0,39.0,0,0.0,0.0,3.0,3.0,100.0,0.0,0.0
0sepsStleK,0,24.0,1,0.0,0.0,2.25,4.5,100.0,100.0,0.0
74jfiv1Ebr,3,39.0,0,0.0,0.0,3.9285714285714284,22.0,100.0,100.0,37.5
rX9a4TLi16,2,99.0,1,6.2999997,3.0,4.5,18.0,100.0,75.0,0.0
SHnrgA9vpJ,1,44.0,1,2.8,1.0,1.8181818181818181,10.0,100.0,100.0,0.0
KEIM3l8PX8,0,37.0,1,0.0,0.0,2.8,7.0,100.0,100.0,0.0
AvhSsEVNgc,3,43.0,0,0.0,0.0,1.0,2.0,50.0,0.0,0.0
wewfbLJYSs,3,40.0,1,0.0,0.0,1.1818181818181819,2.1666666666666665,100.0,25.0,0.0
Iww4JYGbHQ,0,40.0,0,0.0,0.0,2.0,2.0,100.0,0.0,0.0
XAVF4t6VdF,1,41.0,0,0.0,0.0,9.653846153846153,62.75,100.0,75.0,0.0
WdHikIPv4r,1,33.0,1,0.0,0.0,3.0,6.0,100.0,75.0,0.0
XCu2EnAUi5,1,45.0,0,0.0,0.0,6.466666666666667,32.333333333333336,100.0,75.0,0.0
zL7CdiH5Z4,0,39.0,1,0.0,0.0,2.0,14.0,100.0,100.0,0.0
DT0y3jWCGQ,3,29.0,0,4.0,1.0,2.5,7.5,100.0,50.0,0.0
9Z1ECO8cgu,3,39.0,0,4.0,1.0,2.0,4.0,100.0,50.0,0.0
t0KlBvIzFy,3,51.0,0,0.0,0.0,1.736842105263158,5.5,100.0,100.0,0.0
dpFHcS3Ik2,1,46.0,1,0.0,0.0,3.1538461538461537,10.25,100.0,100.0,25.0
26XN4KoirV,3,36.0,1,0.0,0.0,3.0,4.5,100.0,50.0,0.0
GJSA1zZNLl,3,38.0,0,0.0,0.0,4.5,9.0,50.0,0.0,0.0
KRaxwPcztW,0,39.0,1,0.0,0.0,2.475,14.142857142857142,100.0,100.0,37.5
Lrdks5itU6,0,25.0,1,0.0,0.0,2.5,7.5,100.0,50.0,0.0
fiEE2wzOqh,0,42.0,0,0.0,0.0,2.3333333333333335,3.5,100.0,25.0,0.0
fZVpjbCCSQ,3,73.0,1,0.0,0.0,1.5,1.5,50.0,0.0,0.0
elfmQt5YjM,1,39.0,0,0.0,0.0,5.0,5.0,100.0,50.0,0.0
sRjSwZr45M,0,32.0,0,4.0,1.0,5.857142857142857,34.166666666666664,100.0,100.0,62.5
xNvHmP0M3s,3,23.0,0,0.0,0.0,1.0,1.0,50.0,0.0,0.0
CwgodX0EvJ,3,48.0,0,0.0,0.0,3.0,3.0,100.0,25.0,0.0
lF1iVx4can,0,43.0,1,0.0,0.0,1.0,1.0,100.0,50.0,0.0
zdWA7NlCzO,0,47.0,0,4.0,1.0,5.75,11.5,100.0,100.0,0.0
7ZRm7KPr5x,1,37.0,0,0.0,0.0,4.0,4.0,100.0,25.0,0.0
9wornJMpkP,3,40.0,1,4.0,1.0,9.0,9.0,100.0,25.0,0.0
uCCM28gdsS,1,56.0,1,14.0,3.0,1.3333333333333333,2.0,100.0,75.0,0.0
70UTBkbQmP,0,39.0,0,0.0,0.0,2.0,2.0,50.0,0.0,0.0
q1KKk7QQUY,1,31.0,0,7.0,2.0,1.1428571428571428,1.6,100.0,100.0,0.0
MZYiazriGX,1,34.0,0,0.0,0.0,1.0,1.0,100.0,0.0,0.0
8waXkwTwCg,3,39.0,1,0.0,0.0,2.0,3.0,100.0,25.0,0.0
VyLAP8376m,0,39.0,1,0.0,0.0,2.0,2.0,50.0,0.0,0.0
fdtHKa98cl,1,39.0,1,0.0,0.0,3.275,18.714285714285715,100.0,100.0,50.0
fevxKyYN3G,1,39.0,0,0.0,0.0,1.0,1.0,50.0,0.0,0.0
B4AldiQA2R,0,39.0,1,0.0,0.0,1.625,3.25,100.0,100.0,0.0
y0NY9IcYrZ,3,29.0,1,0.0,0.0,2.0,2.0,100.0,25.0,0.0
DuLQQgQzRN,0,50.0,1,4.0,1.0,9.5,9.5,50.0,0.0,0.0
qYmkM04GlQ,3,39.0,0,0.0,0.0,1.1666666666666667,1.4,100.0,25.0,0.0
S3FzXsSef5,1,42.0,0,0.0,0.0,6.5,13.0,100.0,100.0,0.0
RbxsS4QsYE,3,54.0,0,0.0,0.0,2.0,2.0,50.0,0.0,0.0
yExDtzLwAv,0,35.0,1,20.0,3.0,6.3023255813953485,38.714285714285715,100.0,100.0,12.5
xB7FR2Xq7K,0,39.0,1,0.0,0.0,4.625,18.5,100.0,100.0,0.0
wZ7VyU3Tcg,3,31.0,0,0.0,0.0,2.0,2.0,100.0,25.0,0.0
GJnHP6Mgbd,0,58.0,0,4.0,1.0,2.2,11.0,100.0,75.0,0.0
1Avo5XzKn2,0,32.0,1,4.0,1.0,3.7777777777777777,11.333333333333334,100.0,100.0,0.0
fdKPDeSP39,0,39.0,0,0.0,0.0,1.5,1.5,100.0,25.0,0.0
LLZ67Xq1pt,3,39.0,1,0.0,0.0,1.0,1.0,50.0,0.0,0.0
l4qDyLQkIt,3,34.0,0,0.0,0.0,3.75,15.0,100.0,75.0,0.0
eMYwbEPCcO,1,37.0,0,0.0,0.0,2.3333333333333335,3.5,100.0,50.0,0.0
kWosiFLKEm,3,53.0,0,29.0,6.0,4.741935483870968,24.5,100.0,100.0,37.5
r2JF7YIPoS,1,39.0,1,2.8,1.0,5.0,23.333333333333332,100.0,100.0,25.0
HOXnz1vSsK,1,40.0,0,22.4,6.0,15.0,15.0,100.0,50.0,0.0
gyzvbHRmfr,3,39.0,0,0.0,0.0,1.8333333333333333,4.4,100.0,75.0,0.0
aswsWlTW2I,3,46.0,1,0.0,0.0,2.484848484848485,16.4,100.0,100.0,37.5
O7WJXktUHx,3,40.0,0,4.0,1.0,3.5,7.0,100.0,50.0,0.0
nhRJ4i4Ndi,0,39.0,0,0.0,0.0,1.0,1.0,50.0,0.0,0.0
mR7XUGYYC8,0,37.0,0,0.0,0.0,2.857142857142857,10.0,100.0,100.0,12.5
ZnRXttRsno,3,39.0,1,4.0,1.0,3.5,7.0,100.0,25.0,0.0
OLjBVy8E56,0,58.0,0,0.0,0.0,4.0,4.0,50.0,0.0,0.0
309v0fEGnQ,0,41.0,1,0.0,0.0,1.2,2.0,100.0,100.0,25.0
8k8FmLnHVh,0,34.0,1,4.0,1.0,3.347826086956522,22.0,100.0,100.0,50.0
yodMgSWQsF,3,27.0,0,0.0,0.0,1.0,1.0,50.0,0.0,0.0
bpT2r8uHmP,0,29.0,0,0.0,0.0,1.0,3.0,100.0,50.0,0.0
K9ZyQDhqmW,0,30.0,0,0.0,0.0,2.8947368421052633,11.0,100.0,100.0,12.5
0BSe8ph3Pv,3,34.0,0,0.0,0.0,3.6,6.0,100.0,50.0,0.0
3c4NmMsZ32,3,40.0,1,4.0,1.0,2.88,16.0,100.0,0.0,0.0
1WzL6QoV1j,0,38.0,1,0.0,0.0,1.7272727272727273,4.75,50.0,0.0,0.0
HUTDiycYoN,3,24.0,1,10.0,2.0,1.4285714285714286,2.5,100.0,50.0,0.0
nHDei1OPHV,0,39.0,0,0.0,0.0,1.6363636363636365,6.0,100.0,100.0,50.0
coovq8ppJk,3,39.0,1,26.0,5.0,6.9,34.5,100.0,100.0,25.0
8aFC1avyUm,1,42.0,1,0.0,0.0,4.5,9.0,100.0,100.0,0.0
e8YZ27Fuiy,0,39.0,0,0.0,0.0,1.0,1.0,50.0,0.0,0.0
jnNyTmA8L5,3,47.0,1,0.0,0.0,1.0,1.0,100.0,25.0,0.0
XyCp1rG1Zv,3,45.0,0,0.0,0.0,1.6666666666666667,2.5,100.0,50.0,0.0
OBVsytq9dd,0,74.0,0,0.0,0.0,1.6808510638297873,9.875,100.0,100.0,25.0
9x8M5FdzKb,3,47.0,1,4.0,1.0,1.0,1.0,100.0,50.0,0.0
3mZQDH66Nr,0,23.0,1,0.0,0.0,2.0,8.0,100.0,50.0,0.0
KIYo8UQBYP,0,33.0,0,0.0,0.0,1.3333333333333333,4.0,100.0,50.0,0.0
iyW54qS7uL,1,38.0,0,0.0,0.0,2.0454545454545454,9.0,100.0,25.0,0.0
VluYLnXXW2,0,21.0,1,0.0,0.0,7.75,31.0,100.0,100.0,12.5
tTX5s17NEZ,3,31.0,1,0.0,0.0,1.0,1.0,100.0,25.0,0.0
pv3eI6tDvS,3,49.0,1,0.0,0.0,2.0,2.0,100.0,25.0,0.0
VBjbmnjcEs,1,58.0,0,0.0,0.0,2.75,11.0,100.0,75.0,0.0
EuvRgjawMG,1,48.0,1,0.0,0.0,7.909090909090909,43.5,100.0,100.0,37.5
R8VuXMF9pr,1,34.0,0,0.0,0.0,2.25,4.5,100.0,75.0,0.0
7HnMBv4Adn,0,39.0,0,0.0,0.0,2.25,9.0,100.0,75.0,0.0
em1dn5Fyo6,0,29.0,1,4.0,1.0,2.0833333333333335,8.333333333333334,100.0,100.0,0.0
NyK9k6q3IX,3,44.0,0,0.0,0.0,1.1428571428571428,2.6666666666666665,100.0,75.0,0.0
lUhLmyDDjv,3,39.0,1,0.0,0.0,5.5,5.5,100.0,50.0,0.0
CpmrzibomC,3,27.0,0,0.0,0.0,2.25,4.5,100.0,50.0,0.0
BpfyfaLvpW,2,29.0,1,2.0,1.0,2.111111111111111,9.5,100.0,50.0,0.0
UqjRNDgeht,2,47.0,1,0.0,0.0,1.0625,6.8,100.0,25.0,0.0
YM9iw25wbM,3,23.0,0,0.0,0.0,7.0,14.0,100.0,50.0,0.0
97i3Cnwitz,2,37.0,0,0.0,0.0,1.6,5.333333333333333,100.0,75.0,0.0
LpeF5KvlmC,1,55.0,1,2.8,1.0,2.037037037037037,9.166666666666666,100.0,100.0,0.0
TeVxO8tvWZ,0,20.0,0,20.0,3.0,1.6,2.6666666666666665,100.0,50.0,0.0
yesU4TUrUC,0,41.0,1,23.0,4.0,4.090909090909091,15.0,100.0,100.0,37.5
AZ9lvz8qlp,3,29.0,0,0.0,0.0,2.6666666666666665,8.0,100.0,25.0,0.0
tvkdRnZyO5,1,43.0,0,19.599998,5.0,3.4285714285714284,12.0,100.0,75.0,0.0
VxNb07YJKU,3,31.0,0,4.4,1.0,2.8333333333333335,3.4,100.0,50.0,0.0
vDmM3S1PNK,2,39.0,1,0.0,0.0,2.0,2.0,100.0,25.0,0.0
n6HCXDXlFo,0,33.0,1,0.0,0.0,1.5,3.0,100.0,25.0,0.0
1s1ZIHBCrA,0,41.0,1,4.0,1.0,3.4,8.5,50.0,0.0,0.0
K72o7aGDj3,0,39.0,0,0.0,0.0,1.375,2.2,100.0,50.0,0.0
FYx5vqQ2lk,1,46.0,1,0.0,0.0,1.3636363636363635,5.0,100.0,0.0,0.0
vTI1viBB1f,1,34.0,0,2.8,1.0,2.0,2.0,100.0,25.0,0.0
ijlJGJV5fl,2,18.0,1,0.0,0.0,4.0,4.0,100.0,25.0,0.0
fHASfPRi9h,0,37.0,0,0.0,0.0,2.0,6.0,100.0,50.0,0.0
JzHmk6MqKk,3,32.0,0,0.0,0.0,1.75,2.3333333333333335,100.0,50.0,0.0
LxSNwgVCgt,0,36.0,0,0.0,0.0,2.5,5.0,50.0,0.0,0.0
32oI12zE7l,1,49.0,0,2.8,1.0,2.0,4.0,100.0,50.0,0.0
pLvoWBVPWF,3,52.0,0,0.0,0.0,1.0,1.0,100.0,25.0,0.0
FTLvhkzsPU,3,50.0,1,0.0,0.0,1.0,1.0,100.0,0.0,0.0
mnJeshhT1B,1,32.0,1,7.0,2.0,2.5,5.0,100.0,75.0,0.0
LrqM4qfnfH,0,39.0,0,0.0,0.0,8.0,8.0,100.0,50.0,0.0
NJSCJbxu3y,0,52.0,1,0.0,0.0,3.3333333333333335,16.666666666666668,100.0,100.0,25.0
X1dANm6Iq1,1,29.0,1,0.0,0.0,6.0,6.0,100.0,25.0,0.0
AYrTQOnfOh,0,43.0,0,0.0,0.0,3.5,3.5,100.0,75.0,0.0
YqWwhOY5J8,3,51.0,0,4.0,1.0,2.0,6.666666666666667,100.0,100.0,12.5
1iha6xQg4s,3,43.0,0,0.0,0.0,1.5,3.0,100.0,25.0,0.0
IyTvsTivMm,3,48.0,1,4.0,1.0,2.8333333333333335,5.666666666666667,100.0,50.0,0.0
wZTwynnxPw,3,39.0,0,0.0,0.0,2.8947368421052633,18.333333333333332,100.0,100.0,50.0
7Hj6UaUuGR,1,33.0,0,0.0,0.0,1.9,4.75,100.0,75.0,0.0
cP9fPDYCsl,3,39.0,0,0.0,0.0,1.5,3.0,100.0,50.0,0.0
7oTdnHFg71,0,39.0,0,0.0,0.0,5.083333333333333,20.333333333333332,100.0,100.0,50.0
C8Q6SaZork,2,39.0,0,6.2999997,3.0,4.0,4.0,100.0,25.0,0.0
nV1HuiS9yk,1,45.0,1,0.0,0.0,3.5319148936170213,20.75,100.0,100.0,50.0
EyPMNU8ME8,1,38.0,1,2.8,1.0,5.684210526315789,36.0,100.0,25.0,0.0
gUrHpjeYyV,3,22.0,1,0.0,0.0,1.0,1.0,100.0,25.0,0.0
k39pNZJEF6,0,49.0,0,0.0,0.0,1.0,1.0,50.0,0.0,0.0
BR4EdGd83K,3,39.0,1,0.0,0.0,2.0,2.0,100.0,25.0,0.0
7hbzJ8TwIl,3,41.0,1,23.0,4.0,1.5,4.0,100.0,75.0,0.0
ILEuoh4iuf,1,39.0,0,0.0,0.0,3.5,7.0,100.0,100.0,0.0
8fKcrnJgWt,3,61.0,0,0.0,0.0,3.142857142857143,11.0,100.0,75.0,0.0
t9DzCbCgO8,3,39.0,0,4.0,1.0,1.7142857142857142,4.0,100.0,50.0,0.0
WHFFu79WY0,3,58.0,0,0.0,0.0,3.53125,18.833333333333332,100.0,100.0,12.5
AG10WwmvUS,0,53.0,0,0.0,0.0,2.3333333333333335,3.5,100.0,50.0,0.0
VYFIE5prWP,1,48.0,0,19.6,5.0,2.4634146341463414,12.625,100.0,100.0,25.0
SoaeuGDvi7,3,34.0,0,0.0,0.0,2.2,8.25,100.0,100.0,0.0
SnLIxSmSEG,0,37.0,0,0.0,0.0,3.5,3.5,100.0,50.0,0.0
jtJNqqxiKT,0,36.0,1,0.0,0.0,5.0,5.0,100.0,50.0,0.0
nk9NINJ88x,1,56.0,1,0.0,0.0,4.0,4.0,100.0,50.0,0.0
oXxqoyLsbK,1,39.0,1,0.0,0.0,2.0,2.0,50.0,0.0,0.0
0kSoSxsPHj,3,23.0,1,35.0,8.0,4.75,9.5,100.0,75.0,0.0
Gaw5K9ngpW,1,39.0,0,19.599998,5.0,3.642857142857143,25.5,100.0,100.0,62.5
HacI2HyeHC,1,31.0,1,0.0,0.0,1.9166666666666667,7.666666666666667,100.0,100.0,0.0
LqGLlK02XG,3,41.0,0,0.0,0.0,1.25,2.5,100.0,50.0,0.0
JiUQ3dRvaR,3,39.0,0,0.0,0.0,2.0,2.0,100.0,25.0,0.0
Xp0PQHQTMF,3,39.0,1,0.0,0.0,1.25,2.5,100.0,50.0,0.0
r1EfNSO59T,1,43.0,0,0.0,0.0,2.0,4.0,100.0,50.0,0.0
ku9IpZhz3s,0,34.0,1,0.0,0.0,4.964285714285714,27.8,100.0,100.0,37.5
vTys1NTdwY,3,39.0,0,0.0,0.0,2.0,2.0,100.0,25.0,0.0
rMZAewRBji,1,50.0,0,0.0,0.0,2.2857142857142856,5.333333333333333,50.0,0.0,0.0
08zP6xnqxR,3,46.0,1,0.0,0.0,3.3333333333333335,5.0,100.0,25.0,0.0
UB5I4qr7Dl,0,39.0,0,0.0,0.0,2.5217391304347827,11.6,100.0,100.0,0.0
SBi2QXll0g,3,39.0,0,0.0,0.0,1.0,1.0,100.0,0.0,0.0
GteiIGCwR3,0,39.0,1,0.0,0.0,2.7916666666666665,13.4,100.0,100.0,25.0
pg0CbXSfJt,2,27.0,1,0.0,0.0,1.5,3.0,100.0,25.0,0.0
tBUJ4IIP0z,1,31.0,0,0.0,0.0,3.0,3.0,100.0,50.0,0.0
uVqHCQKBKf,3,53.0,0,0.0,0.0,1.0,1.0,100.0,0.0,0.0
ctgqWgd1Xx,3,37.0,1,0.0,0.0,1.0,1.0,100.0,25.0,0.0
SK8iJoum8u,0,39.0,1,0.0,0.0,1.0,1.0,100.0,50.0,0.0
0KupOV7jwy,0,30.0,1,26.0,5.0,4.157894736842105,26.333333333333332,100.0,100.0,25.0
NnrrANalDe,1,51.0,0,0.0,0.0,1.0,1.0,50.0,0.0,0.0
kOgA5qAuVP,3,39.0,0,0.0,0.0,1.0,1.0,50.0,0.0,0.0
nGG5ujuaX7,1,39.0,1,0.0,0.0,2.0,4.0,50.0,0.0,0.0
8DwwmOu3D9,3,39.0,0,0.0,0.0,1.0,1.0,100.0,25.0,0.0
9qteUFWE6w,3,39.0,0,0.0,0.0,2.5,5.0,100.0,25.0,0.0
LGa1d3aD7A,0,21.0,1,0.0,0.0,5.5,11.0,100.0,50.0,0.0
3MSTSTNOC9,1,64.0,1,0.0,0.0,3.8333333333333335,15.333333333333334,100.0,100.0,12.5
RwEzQL50Ep,1,45.0,0,0.0,0.0,2.0,3.0,100.0,50.0,0.0
b9ymoEXZsY,1,26.0,0,14.0,3.0,7.0,14.0,50.0,0.0,0.0
eYmgxBt6kM,1,48.0,0,0.0,0.0,2.0,2.0,50.0,0.0,0.0
6CyvBWvg9P,0,36.0,0,4.0,1.0,2.923076923076923,15.2,100.0,100.0,12.5
9D5Uxnyo61,0,39.0,0,0.0,0.0,2.5,5.0,100.0,25.0,0.0
Q9RqAXri3B,1,39.0,0,0.0,0.0,2.3333333333333335,3.5,100.0,50.0,0.0
P4K7QRlDnB,0,56.0,0,0.0,0.0,4.0,4.0,100.0,50.0,0.0
TnmHTEqPaU,3,34.0,0,0.0,0.0,2.9444444444444446,10.6,100.0,0.0,0.0
YGytOJbGWV,1,62.0,1,0.0,0.0,7.853658536585366,53.666666666666664,100.0,100.0,62.5
EvNtdacscS,3,45.0,0,0.0,0.0,1.6666666666666667,6.666666666666667,100.0,100.0,12.5
dWVWEM9R3L,1,39.0,1,0.0,0.0,4.0,4.0,100.0,0.0,0.0
BM3wagSi7J,0,18.0,1,0.0,0.0,3.3333333333333335,5.0,100.0,50.0,0.0
JEv0EjRtm2,1,43.0,0,2.8,1.0,3.4,5.666666666666667,100.0,75.0,0.0
p02J2v6a48,0,66.0,1,0.0,0.0,3.0,6.0,100.0,75.0,0.0
iBzh0aWA2i,3,39.0,1,4.0,1.0,3.0,7.5,100.0,100.0,37.5
xAWYXdYgeS,3,38.0,1,4.0,1.0,3.4782608695652173,16.0,100.0,100.0,25.0
F7nHFHge1u,1,22.0,0,0.0,0.0,3.0,3.0,100.0,50.0,0.0
NEngZN1IdJ,0,39.0,0,0.0,0.0,2.0,2.0,100.0,0.0,0.0
09tt18nXrd,0,57.0,0,4.0,1.0,5.0588235294117645,28.666666666666668,100.0,100.0,37.5
N7HHDQo9LK,1,39.0,1,0.0,0.0,1.0,1.0,100.0,50.0,0.0
KYpQMEZRui,0,32.0,0,4.4,1.0,2.6666666666666665,4.0,100.0,25.0,0.0
MRPSEeBJ5l,3,42.0,0,0.0,0.0,1.8333333333333333,3.6666666666666665,100.0,50.0,0.0
jG7x9zrEVx,3,51.0,1,4.0,1.0,1.8,2.25,100.0,100.0,0.0
idyVdET0hM,0,39.0,0,0.0,0.0,1.0,2.0,50.0,0.0,0.0
535a8cGHnu,0,34.0,0,0.0,0.0,6.888888888888889,37.2,100.0,100.0,50.0
NFTSq9dbFB,3,39.0,1,0.0,0.0,6.0,6.0,100.0,25.0,0.0
LP4zky6JDU,3,49.0,0,0.0,0.0,3.0,11.571428571428571,100.0,100.0,37.5
BJbyxnye9C,1,50.0,1,0.0,0.0,2.4782608695652173,11.4,100.0,100.0,12.5
5khZ1syAZQ,2,31.0,1,0.0,0.0,4.333333333333333,13.0,100.0,25.0,0.0
Y1laRnTVFu,0,40.0,1,20.0,3.0,4.075,27.166666666666668,100.0,100.0,75.0
aGNgPiZHBe,3,34.0,0,23.0,4.0,3.6,13.5,100.0,75.0,0.0
oOtAspejjh,0,39.0,1,0.0,0.0,2.5,5.0,100.0,100.0,0.0
BP1ZKc07PK,0,45.0,1,10.0,2.0,4.666666666666667,14.0,100.0,75.0,0.0
OtXtEceZtj,0,52.0,0,0.0,0.0,2.0,2.0,100.0,25.0,0.0
XrkfKuS4GF,3,22.0,0,0.0,0.0,1.5,1.5,100.0,25.0,0.0
eHOmHaOhyX,3,52.0,1,0.0,0.0,1.0,1.0,50.0,0.0,0.0
mlZTRPxzaS,1,26.0,0,2.8,1.0,1.2,1.5,100.0,50.0,0.0
gfB5D8x9Vz,3,41.0,0,0.0,0.0,1.6666666666666667,2.5,100.0,0.0,0.0
HcIHKxtTIl,1,54.0,0,0.0,0.0,1.0,1.0,100.0,50.0,0.0
dONpRSSEwz,3,44.0,0,0.0,0.0,1.0,1.0,50.0,0.0,0.0
nS5scQBkQE,0,39.0,1,0.0,0.0,1.6666666666666667,5.0,100.0,50.0,0.0
FLy2xa86o5,0,36.0,0,10.0,2.0,2.0,4.0,100.0,75.0,0.0
bQOiFd5UcR,0,56.0,0,0.0,0.0,3.0,3.0,100.0,0.0,0.0
pnft7yw2hb,0,34.0,1,0.0,0.0,5.0,5.0,100.0,0.0,0.0
zMjmFj4xT7,0,48.0,0,0.0,0.0,1.25,3.0,100.0,100.0,0.0
vvogX0JryW,1,32.0,1,0.0,0.0,1.7,5.666666666666667,100.0,75.0,0.0
D6uYqrv6qN,0,26.0,0,20.0,3.0,2.0,8.0,100.0,75.0,0.0
d3r2pk4nr5,1,39.0,0,0.0,0.0,3.0,3.0,100.0,25.0,0.0
06X1fXRxuo,0,39.0,0,0.0,0.0,1.0,1.0,100.0,50.0,0.0
daXZidSSkh,0,39.0,1,0.0,0.0,2.6666666666666665,16.0,50.0,0.0,0.0
BzR1apgPiy,1,39.0,0,0.0,0.0,1.5,4.5,100.0,100.0,0.0
5GhOuPxa5n,2,40.0,1,0.0,0.0,2.909090909090909,12.8,100.0,100.0,50.0
zpfeYZE2qn,1,37.0,0,0.0,0.0,1.0,2.0,100.0,25.0,0.0
jZUZ14FeCO,0,32.0,1,0.0,0.0,1.4375,4.6,100.0,100.0,12.5
zobJVaqhMH,1,22.0,1,0.0,0.0,1.0,1.0,50.0,0.0,0.0
nc9PhmCokK,3,38.0,1,4.0,1.0,3.0,3.0,100.0,25.0,0.0
ty9KG5q5gG,3,42.0,1,0.0,0.0,2.0,2.0,50.0,0.0,0.0
yI99PI0wPb,0,38.0,0,0.0,0.0,9.357142857142858,43.666666666666664,100.0,100.0,25.0
sk5UyQhoOW,3,22.0,0,0.0,0.0,1.5,3.0,100.0,25.0,0.0
no6hL0m3Pw,0,39.0,1,0.0,0.0,1.0,1.0,50.0,0.0,0.0
Ne2Knwomb3,3,45.0,0,10.6,2.0,4.94,30.875,100.0,100.0,37.5
UF6QU4vXhO,0,41.0,0,0.0,0.0,4.0,4.0,100.0,100.0,25.0
f9hGJqy8ve,3,41.0,1,20.0,3.0,2.411764705882353,8.2,100.0,50.0,0.0
E2NyaEVT2g,3,39.0,0,0.0,0.0,2.5,5.0,100.0,0.0,0.0
6NosGOOiI7,3,39.0,1,0.0,0.0,1.0,1.0,50.0,0.0,0.0
X4u6cMAtkr,0,33.0,0,0.0,0.0,1.6666666666666667,2.5,100.0,50.0,0.0
6netMgE2CP,0,56.0,0,10.0,2.0,1.9444444444444444,7.0,100.0,100.0,37.5
shmK5D3pMh,0,38.0,1,4.0,1.0,2.782608695652174,10.666666666666666,100.0,100.0,12.5
fSFTjDBUCO,3,44.0,0,0.0,0.0,1.95,4.875,100.0,75.0,0.0
ResmH2aMi0,0,39.0,0,0.0,0.0,2.3783783783783785,14.666666666666666,100.0,100.0,37.5
ghUyWIAEds,1,39.0,1,0.0,0.0,2.0,8.0,100.0,25.0,0.0
Nq0kPyo7GT,0,34.0,1,0.0,0.0,3.5454545454545454,13.0,100.0,100.0,0.0
w3T91Gpk2X,1,26.0,0,0.0,0.0,5.5,22.0,100.0,100.0,25.0
veY69Wmehx,0,35.0,0,0.0,0.0,1.0,1.0,100.0,0.0,0.0
MSDBxKngA7,3,39.0,1,0.0,0.0,4.0,4.0,100.0,25.0,0.0
oDN1tezeZ8,3,39.0,0,0.0,0.0,2.0,2.0,100.0,25.0,0.0
P2n2ybbTpO,3,20.0,0,0.0,0.0,2.0,4.0,100.0,0.0,0.0
E1HJfKtTmr,0,27.0,0,0.0,0.0,1.375,2.75,100.0,50.0,0.0
aNENTnjYph,3,51.0,0,10.0,2.0,1.4285714285714286,5.0,100.0,100.0,0.0
38Uq9GEQSd,0,39.0,0,4.0,1.0,1.9230769230769231,5.0,100.0,100.0,0.0
GDESMEjfL7,1,36.0,1,2.8,1.0,7.333333333333333,22.0,100.0,100.0,0.0
dlyQxNEydP,1,39.0,0,0.0,0.0,2.8620689655172415,13.833333333333334,100.0,75.0,0.0
ppgPdFXU5m,3,39.0,0,0.0,0.0,2.0,2.0,50.0,0.0,0.0
LdjoRaBpk6,0,32.0,0,0.0,0.0,21.25,85.0,100.0,100.0,37.5
l58yRTPFC1,0,21.0,0,0.0,0.0,2.0,2.0,100.0,0.0,0.0
qwIwtEtKWa,3,42.0,0,0.0,0.0,1.0,1.0,100.0,0.0,0.0
2Ks4lZ2quF,0,61.0,1,29.0,6.0,2.75,6.6,100.0,100.0,0.0
69ZD1AMNXh,0,43.0,1,0.0,0.0,2.0869565217391304,9.6,100.0,100.0,12.5
i80URiJYng,2,39.0,0,0.0,0.0,1.0,1.0,100.0,100.0,50.0
rEEZOi0meZ,1,39.0,0,0.0,0.0,6.0,6.0,100.0,50.0,0.0
bHmXpMrCyF,1,56.0,1,0.0,0.0,1.0,1.0,100.0,50.0,0.0
xZpACx96UO,0,39.0,1,0.0,0.0,1.5,3.0,100.0,0.0,0.0
P7Q1uPcwgG,3,19.0,0,0.0,0.0,2.75,3.6666666666666665,100.0,50.0,0.0
5SdNB5d3J7,0,51.0,1,0.0,0.0,2.6,8.666666666666666,50.0,0.0,0.0
mpbQGqcd3P,0,39.0,0,4.0,1.0,3.75,22.5,100.0,100.0,12.5
iqgp05SDQu,1,38.0,0,0.0,0.0,2.25,9.0,100.0,50.0,0.0
us6TN5hREH,3,40.0,1,77.0,22.0,2.1,5.25,100.0,75.0,0.0
uv4qRQbRfo,0,43.0,0,0.0,0.0,1.0,1.0,50.0,0.0,0.0
SwabQ5pJYg,0,41.0,1,0.0,0.0,5.25,21.0,100.0,100.0,0.0
8YZwVNQgWj,0,39.0,0,0.0,0.0,2.0,2.0,100.0,25.0,0.0
6iBDSripp5,1,39.0,1,0.0,0.0,1.0,1.0,100.0,50.0,0.0
ZoWvOnVxQS,0,50.0,1,0.0,0.0,3.0,4.5,100.0,75.0,0.0
bMjymkL1Pp,0,25.0,1,0.0,0.0,2.0,2.0,100.0,25.0,0.0
SKSwyfkSn7,3,39.0,0,0.0,0.0,2.0,2.0,100.0,0.0,0.0
LaTJV09KiL,1,39.0,1,0.0,0.0,1.0,1.0,100.0,0.0,0.0
d7JdIhW16f,3,39.0,1,0.0,0.0,1.0,1.0,50.0,0.0,0.0
qnJlYV1NTg,2,39.0,1,0.0,0.0,2.0,2.0,100.0,0.0,0.0
kE7GouVMKN,0,48.0,0,0.0,0.0,2.75,3.6666666666666665,50.0,0.0,0.0
tc1BVR3Y4i,1,39.0,1,2.8,1.0,14.863636363636363,81.75,100.0,100.0,62.5
4mkXGLQwGk,3,46.0,0,20.0,3.0,2.9411764705882355,16.666666666666668,100.0,100.0,25.0
fnVt7adxeo,3,39.0,0,0.0,0.0,1.0,1.0,50.0,0.0,0.0
7OpCt9Jlsv,0,39.0,0,0.0,0.0,8.0,12.0,100.0,75.0,0.0
TQ0ldvSahe,3,39.0,1,0.0,0.0,2.0,2.0,100.0,25.0,0.0
F9uReoLFfE,3,42.0,1,0.0,0.0,1.0,1.0,100.0,25.0,0.0
HIURPlF0lo,1,53.0,0,0.0,0.0,2.25,9.0,100.0,100.0,12.5
O57JintlCo,0,37.0,1,10.0,2.0,1.6666666666666667,5.0,100.0,75.0,0.0
FJLdSFG5B8,1,31.0,0,0.0,0.0,4.388888888888889,26.333333333333332,100.0,100.0,25.0
DvCDoJixAV,3,39.0,1,0.0,0.0,1.0,1.0,100.0,0.0,0.0
fyrNY8St8k,0,35.0,1,0.0,0.0,2.6666666666666665,5.333333333333333,100.0,75.0,0.0
fJElDQYV9w,1,43.0,0,2.8,1.0,4.291666666666667,25.75,100.0,100.0,25.0
V31vbSS9ap,0,39.0,0,0.0,0.0,2.6666666666666665,10.666666666666666,100.0,100.0,62.5
1MdVc7DkbM,3,52.0,1,0.0,0.0,1.0,1.0,50.0,0.0,0.0
pYYfgKf2Sg,1,39.0,1,0.0,0.0,1.0,1.0,50.0,0.0,0.0
9h4hA6WMwj,0,30.0,1,0.0,0.0,2.0,2.0,50.0,0.0,0.0
F9QS5DlSAa,3,18.0,0,4.4,1.0,2.25,4.5,100.0,50.0,0.0
2VH9WsspVJ,3,39.0,1,0.0,0.0,1.0,1.0,50.0,0.0,0.0
GonJ9L9fmy,1,37.0,1,16.8,4.0,5.5,11.0,100.0,100.0,0.0
yFznLan9LG,1,65.0,1,0.0,0.0,2.0,2.0,50.0,0.0,0.0
hHwSblXx8n,0,52.0,0,0.0,0.0,1.375,2.75,100.0,75.0,0.0
ZtwZAuuMgW,1,39.0,0,0.0,0.0,5.758620689655173,33.4,100.0,100.0,25.0
Q8OzBDQ3WQ,1,50.0,1,14.0,3.0,2.066666666666667,12.4,100.0,100.0,37.5
drj4K3wubQ,1,47.0,1,0.0,0.0,4.0,4.0,50.0,0.0,0.0
1tbI1s7ycW,3,41.0,1,0.0,0.0,1.0,1.0,100.0,75.0,0.0
goyaLa5xeu,1,34.0,1,0.0,0.0,3.0,3.0,100.0,50.0,0.0
t5nhQBJp1a,0,44.0,1,0.0,0.0,2.076923076923077,11.571428571428571,100.0,100.0,12.5
sBn1kvkukx,0,39.0,0,0.0,0.0,2.8,14.0,100.0,75.0,0.0
NwHgpNpRSq,0,31.0,0,0.0,0.0,2.0,4.0,100.0,50.0,0.0
sY4iGu1OYo,0,30.0,0,4.0,1.0,2.25,9.0,100.0,100.0,0.0
IHBdyPXXSs,0,18.0,0,0.0,0.0,2.5294117647058822,8.6,100.0,100.0,0.0
Cng0wjRPUf,0,43.0,0,0.0,0.0,2.090909090909091,4.6,100.0,100.0,12.5
L67uyRV4XX,3,42.0,0,4.0,1.0,2.4,6.0,100.0,25.0,0.0
MpUdsPR7a4,0,20.0,0,0.0,0.0,1.0,1.5,50.0,0.0,0.0
hKxXZ0ifNi,0,39.0,0,0.0,0.0,1.0,1.0,100.0,75.0,0.0
cvEGpbQyCa,3,36.0,1,20.0,3.0,2.357142857142857,6.6,100.0,75.0,0.0
cCxWVrHEQA,0,28.0,1,0.0,0.0,2.0,2.0,100.0,75.0,0.0
KkTkvovBTk,1,40.0,0,0.0,0.0,1.5,9.0,100.0,100.0,0.0
iZMACZcFPA,1,59.0,0,2.8,1.0,4.0,14.666666666666666,100.0,100.0,12.5
cTmXZd67oQ,3,59.0,0,4.0,1.0,1.6363636363636365,4.5,100.0,100.0,0.0
O4NXoqHyhE,3,39.0,1,0.0,0.0,7.5,15.0,100.0,25.0,0.0
oflPkDhMGd,0,49.0,0,0.0,0.0,6.3,21.0,100.0,100.0,12.5
mKvIE9EUkZ,0,39.0,0,0.0,0.0,5.888888888888889,26.5,100.0,100.0,0.0
OUzEIUotFd,0,39.0,1,0.0,0.0,2.4,6.0,100.0,75.0,0.0
7231u0mVXZ,0,37.0,0,4.0,1.0,2.375,7.6,100.0,100.0,12.5
Zt7OjNjHBg,0,49.0,0,0.0,0.0,1.0,2.0,100.0,50.0,0.0
f18XEjQ96u,0,39.0,1,0.0,0.0,1.0,3.0,100.0,50.0,0.0
x13Pp1njl7,1,39.0,0,0.0,0.0,1.7297297297297298,8.0,100.0,100.0,37.5
wSHfIDF3Cj,1,39.0,1,0.0,0.0,2.5,5.0,100.0,50.0,0.0
Qq7ByJvLBc,3,38.0,0,4.0,1.0,9.625,46.2,100.0,100.0,0.0
pWNWek9qBW,0,34.0,0,0.0,0.0,2.0,5.0,100.0,0.0,0.0
do4z2HXXIj,0,42.0,0,0.0,0.0,2.2,7.333333333333333,100.0,0.0,0.0
KMu8mP2Nfl,0,28.0,1,0.0,0.0,4.0,6.0,100.0,75.0,0.0
aeDdjSnht5,1,39.0,1,0.0,0.0,1.0,1.0,50.0,0.0,0.0
b4J9ubZurL,1,42.0,0,3.08,1.0,2.9767441860465116,16.0,100.0,100.0,50.0
see4rpch3X,0,18.0,1,4.0,1.0,3.0,3.0,100.0,0.0,0.0
tiPrcPE5MK,0,47.0,1,0.0,0.0,1.0,1.0,100.0,50.0,0.0
F5Yphxg1B8,1,44.0,0,0.0,0.0,3.0,9.0,100.0,50.0,0.0
TcfDKhBONJ,2,51.0,1,3.5,2.0,5.090909090909091,28.0,100.0,100.0,12.5
LqVOkijWMf,1,39.0,1,2.8,1.0,1.5,3.0,100.0,25.0,0.0
3UiBQC3Nqj,3,39.0,1,0.0,0.0,1.0,1.0,50.0,0.0,0.0
cAEb4iLjaP,0,46.0,0,0.0,0.0,1.8333333333333333,5.5,100.0,100.0,0.0
tK6h0qFoRi,3,33.0,1,4.4,1.0,2.0,2.0,50.0,0.0,0.0
ECRJZqii58,3,42.0,1,0.0,0.0,1.6666666666666667,5.0,100.0,25.0,0.0
v6yZIRl3fb,3,27.0,0,4.0,1.0,1.7272727272727273,6.333333333333333,100.0,50.0,0.0
pikx7Ayz1W,3,28.0,0,0.0,0.0,1.7222222222222223,7.75,100.0,75.0,0.0
pkHu3n31CY,3,34.0,1,0.0,0.0,2.066666666666667,7.75,100.0,100.0,0.0
xfxFsm9IWJ,3,32.0,1,0.0,0.0,1.2857142857142858,3.857142857142857,100.0,75.0,0.0
w5FItMmWt2,3,35.0,0,0.0,0.0,2.0,2.0,100.0,0.0,0.0
p7IIldDZSt,1,58.0,0,14.0,3.0,4.744186046511628,29.142857142857142,100.0,100.0,75.0
ADCxI3qEvg,0,39.0,1,0.0,0.0,1.0,2.0,100.0,25.0,0.0
28eaBkZ7it,0,39.0,1,0.0,0.0,2.0,2.0,100.0,25.0,0.0
AGAzFs6IT8,1,39.0,1,0.0,0.0,6.4,21.333333333333332,100.0,75.0,0.0
cUbAA7XlBM,3,39.0,0,0.0,0.0,1.0,1.0,100.0,25.0,0.0
fT9M0Lx41z,0,39.0,0,0.0,0.0,4.625,18.5,100.0,100.0,12.5
L0EjIzXmzv,0,39.0,0,0.0,0.0,6.5,6.5,100.0,75.0,0.0
AOMb2BxOVu,2,46.0,1,0.0,0.0,1.5,3.0,100.0,25.0,0.0
tN6BOWTPjL,3,40.0,0,0.0,0.0,4.0,4.0,100.0,25.0,0.0
swjKADOwpW,1,39.0,1,0.0,0.0,4.7272727272727275,17.333333333333332,100.0,100.0,12.5
rO3LW6RbZG,3,39.0,1,0.0,0.0,2.75,11.0,100.0,0.0,0.0
BGn3pJQbCe,0,44.0,1,0.0,0.0,2.6,6.5,100.0,75.0,0.0
LF2MZd5nrD,1,20.0,1,0.0,0.0,2.0,2.0,50.0,0.0,0.0
tRwa6QdsxO,3,32.0,0,4.0,1.0,8.6,21.5,100.0,50.0,0.0
D8HLLw0Soo,0,39.0,0,0.0,0.0,2.0,2.0,100.0,50.0,0.0
hQ9CzZc6Xu,3,30.0,0,0.0,0.0,1.0,1.0,100.0,0.0,0.0
WrDUhe8Vr2,0,45.0,0,0.0,0.0,1.3333333333333333,2.6666666666666665,100.0,50.0,0.0
0KKv9dCcZE,1,35.0,0,0.0,0.0,2.0,2.0,100.0,75.0,0.0
l4jeuyvDyI,1,57.0,1,0.0,0.0,8.289473684210526,52.5,100.0,100.0,25.0
qgCiUtgb63,3,39.0,1,0.0,0.0,1.0,1.0,50.0,0.0,0.0
lV94lmGAAW,3,39.0,1,4.0,1.0,1.5,1.5,100.0,25.0,0.0
y3HRoqzwu4,0,50.0,1,20.0,3.0,2.6,13.0,100.0,100.0,0.0
ZSkjG0GkyY,0,27.0,1,0.0,0.0,1.0,2.0,50.0,0.0,0.0
WREMFw09iv,0,55.0,1,0.0,0.0,1.5,3.0,100.0,75.0,0.0
EOfHIDBker,0,41.0,1,0.0,0.0,4.4,11.0,100.0,75.0,0.0
OUcm0jB764,1,39.0,1,0.0,0.0,2.5,2.5,100.0,75.0,0.0
TgokgNryTN,3,55.0,1,4.4,1.0,1.2,2.0,100.0,25.0,0.0
7TRIjHnOjg,1,24.0,0,0.0,0.0,3.0,6.0,100.0,50.0,0.0
OfFG2u161p,3,47.0,1,4.0,1.0,3.2,16.0,100.0,50.0,0.0
I2KttkTuCR,1,39.0,0,0.0,0.0,3.8461538461538463,25.0,100.0,100.0,50.0
mtgYpRec5u,0,39.0,1,0.0,0.0,1.0,1.0,50.0,0.0,0.0
9gmqwiPRjK,0,39.0,0,0.0,0.0,3.8,9.5,100.0,75.0,0.0
3NnrQHDSPZ,1,32.0,0,7.0,2.0,3.0714285714285716,17.2,100.0,100.0,25.0
Tp8ambEQQu,0,43.0,0,0.0,0.0,1.0,1.0,100.0,0.0,0.0
TXo9rt0NFv,1,36.0,0,0.0,0.0,1.0,4.0,100.0,50.0,0.0
FsBri6jWS1,3,39.0,0,0.0,0.0,2.3636363636363638,5.2,100.0,100.0,0.0
CA3kefotIK,1,39.0,1,0.0,0.0,1.0,2.0,100.0,0.0,0.0
U3r6mivP9a,1,40.0,0,0.0,0.0,6.235294117647059,26.5,100.0,100.0,12.5
7RPcU6kcRQ,3,39.0,0,0.0,0.0,1.0,1.0,50.0,0.0,0.0
9WZYDshrh5,0,49.0,0,0.0,0.0,3.75,15.0,100.0,100.0,0.0
HOZThjv5Kh,3,39.0,1,0.0,0.0,1.8421052631578947,4.375,100.0,100.0,12.5
jj0c2q4yyL,0,39.0,0,0.0,0.0,1.0,3.0,50.0,0.0,0.0
8LwIoBUqYG,0,35.0,0,0.0,0.0,1.4166666666666667,4.25,100.0,75.0,0.0
LjJsmX1h0L,3,50.0,0,0.0,0.0,1.5384615384615385,5.0,100.0,75.0,0.0
H3MVQXc1GB,1,47.0,0,0.0,0.0,8.5,17.0,100.0,75.0,0.0
VkCHvib00I,0,32.0,1,0.0,0.0,5.615384615384615,24.333333333333332,100.0,100.0,12.5
Q2bdEbtthi,1,44.0,0,22.679998,6.0,2.3333333333333335,4.666666666666667,100.0,75.0,0.0
eqliqSkuhz,3,46.0,0,0.0,0.0,1.0,1.0,100.0,75.0,0.0
L3SuYaGhIF,0,39.0,0,0.0,0.0,1.0,1.0,50.0,0.0,0.0
TQss3xwH2C,0,36.0,0,0.0,0.0,2.4761904761904763,10.4,100.0,100.0,25.0
uC3HiX9YGV,2,65.0,0,2.0,1.0,3.3333333333333335,10.0,100.0,50.0,0.0
nZOmKrdagk,0,56.0,0,0.0,0.0,1.7179487179487178,8.375,100.0,100.0,25.0
vNCAMt3FUM,0,39.0,1,0.0,0.0,2.0,2.0,100.0,0.0,0.0
ews0hw3BRr,1,39.0,0,0.0,0.0,8.666666666666666,26.0,100.0,75.0,0.0
fp3aptM2gU,0,18.0,1,0.0,0.0,5.0,5.0,100.0,75.0,0.0
CdPVmDsfKh,3,39.0,1,0.0,0.0,3.0,3.0,50.0,0.0,0.0
DmUW4WZkgF,0,39.0,1,0.0,0.0,1.3846153846153846,3.6,100.0,75.0,0.0
jtL4bZhYPH,1,54.0,1,0.0,0.0,1.5555555555555556,2.3333333333333335,100.0,75.0,0.0
iBPOg7KD6r,3,39.0,0,0.0,0.0,1.5,3.0,100.0,25.0,0.0
dLG6ROxL4q,1,53.0,0,0.0,0.0,2.933333333333333,8.8,100.0,100.0,0.0
RSFk61rDOH,1,31.0,1,2.8,1.0,2.0,4.0,100.0,50.0,0.0
xlr4kva1Fz,1,39.0,0,0.0,0.0,1.0,1.0,50.0,0.0,0.0
cw7upU86yx,1,33.0,0,2.8,1.0,2.0,2.0,100.0,0.0,0.0
5a38CdkVkb,1,59.0,0,47.599995,15.0,7.9,39.5,100.0,100.0,37.5
XbTP2QFQOU,0,46.0,1,0.0,0.0,1.1428571428571428,2.6666666666666665,100.0,50.0,0.0
5Dk7UltEf2,0,41.0,0,0.0,0.0,4.333333333333333,13.0,100.0,100.0,0.0
nYDr4McADR,3,38.0,0,0.0,0.0,2.0,2.0,100.0,0.0,0.0
UZFFk6WDIA,0,44.0,0,0.0,0.0,1.0,1.0,50.0,0.0,0.0
Vpb6KQ28kn,0,39.0,1,0.0,0.0,1.3333333333333333,1.3333333333333333,100.0,50.0,0.0
qU1880V7wr,0,40.0,0,0.0,0.0,2.5384615384615383,11.0,100.0,100.0,25.0
WtVmLO5FT3,0,39.0,0,0.0,0.0,3.0,3.0,100.0,0.0,0.0
wHvgkS7shK,0,49.0,0,23.0,4.0,3.75,7.5,100.0,100.0,0.0
jG5f2Hx4oR,3,45.0,0,0.0,0.0,2.25,9.0,100.0,25.0,0.0
XdE04fmRcU,0,24.0,0,0.0,0.0,2.0,3.0,100.0,0.0,0.0
RUieUqfD19,0,39.0,1,0.0,0.0,5.0,5.0,100.0,75.0,0.0
RTkfMCVY0b,3,51.0,0,4.0,1.0,8.416666666666666,25.25,100.0,100.0,0.0
zLZt5KWWWh,0,39.0,0,0.0,0.0,1.8888888888888888,11.333333333333334,100.0,25.0,0.0
bJlkOLjlFj,3,39.0,0,0.0,0.0,1.0,1.0,100.0,25.0,0.0
ZCRufLmJqt,1,46.0,0,0.0,0.0,1.8,9.0,100.0,100.0,12.5
gxC459ykcm,1,35.0,1,0.0,0.0,1.0,2.0,100.0,0.0,0.0
TKZ5jC7pJU,1,45.0,1,0.0,0.0,2.5,10.0,100.0,50.0,0.0
zkeT4am5zJ,1,36.0,0,0.0,0.0,1.8571428571428572,4.333333333333333,100.0,75.0,0.0
NQC5lN298J,3,33.0,1,4.0,1.0,1.0,1.0,100.0,25.0,0.0
UAI7qeUavh,0,46.0,1,0.0,0.0,3.75,15.0,100.0,100.0,25.0
hKLfrZdafj,1,44.0,0,0.0,0.0,1.3333333333333333,2.0,100.0,50.0,0.0
NYs5eYQabN,0,39.0,0,0.0,0.0,1.6666666666666667,2.5,100.0,75.0,0.0
0dFshRecTD,3,39.0,0,0.0,0.0,1.5,3.0,100.0,50.0,0.0
wig8vXWPjI,1,18.0,1,0.0,0.0,1.125,1.5,100.0,100.0,0.0
PoqdRCxNQA,3,38.0,1,0.0,0.0,2.0,6.0,100.0,25.0,0.0
JU8bgI3o6y,0,44.0,1,0.0,0.0,4.5,4.5,100.0,75.0,0.0
3uLGwwtdqq,3,33.0,1,0.0,0.0,1.0,1.0,100.0,0.0,0.0
EPE5HwNMPU,0,39.0,0,0.0,0.0,3.611111111111111,13.0,100.0,100.0,25.0
yJOHhOjnNw,0,56.0,0,0.0,0.0,2.5,3.75,100.0,75.0,0.0
Foq1RJko1q,1,33.0,0,0.0,0.0,1.0,1.0,50.0,0.0,0.0
f6rSobzyn7,0,24.0,1,0.0,0.0,1.0,2.0,100.0,25.0,0.0
L8XgQyxqo8,1,37.0,1,2.8,1.0,3.642857142857143,17.0,100.0,100.0,75.0
lE82JGoIQN,0,45.0,0,4.0,1.0,2.0,3.0,100.0,50.0,0.0
HBzKtNA77C,2,21.0,1,0.0,0.0,4.333333333333333,13.0,100.0,50.0,0.0
hgibMQqQYu,0,46.0,1,0.0,0.0,1.0,1.0,50.0,0.0,0.0
vUmaGCVK1L,3,41.0,1,0.0,0.0,2.5,5.0,100.0,25.0,0.0
0z2nv0pabr,3,39.0,1,0.0,0.0,4.0,8.0,100.0,25.0,0.0
0VXWvgGwm4,1,52.0,0,0.0,0.0,1.0,1.0,50.0,0.0,0.0
IbOyAIzez1,0,36.0,0,20.0,3.0,7.857142857142857,13.75,100.0,100.0,0.0
YE542QUKW7,1,46.0,1,0.0,0.0,6.333333333333333,9.5,100.0,50.0,0.0
wkAaB2Dpwv,0,43.0,1,0.0,0.0,1.0,1.0,50.0,0.0,0.0
8sF1hBfrLV,0,41.0,1,0.0,0.0,1.7222222222222223,5.166666666666667,100.0,50.0,0.0
t8JmW2U0Ih,3,39.0,1,0.0,0.0,1.5,1.5,100.0,25.0,0.0
jxEHfQyaIU,1,36.0,0,0.0,0.0,3.6666666666666665,11.0,100.0,75.0,0.0
TV1F3bdIle,3,40.0,0,0.0,0.0,1.0,1.0,100.0,0.0,0.0
RPDR9UMjSM,0,39.0,1,0.0,0.0,1.5,6.0,100.0,75.0,0.0
TWsrb97hqD,3,53.0,1,23.0,4.0,2.4285714285714284,5.666666666666667,100.0,50.0,0.0
2mL05dTki7,0,39.0,0,0.0,0.0,1.0,1.0,100.0,50.0,0.0
2KJZZvyFY3,0,39.0,1,0.0,0.0,4.555555555555555,13.666666666666666,100.0,100.0,0.0
uhH8XnKWOi,0,35.0,0,0.0,0.0,1.0,1.0,50.0,0.0,0.0
fMT50ZH0vA,0,42.0,0,4.0,1.0,2.3333333333333335,4.666666666666667,50.0,0.0,0.0
IGq0AWriPk,0,30.0,1,0.0,0.0,1.0,1.0,100.0,50.0,0.0
nBfxeGBpKX,3,47.0,1,0.0,0.0,3.0,6.0,100.0,50.0,0.0
Smoq7Oewqt,3,46.0,0,0.0,0.0,1.6,2.6666666666666665,100.0,50.0,0.0
THmJnyEGLN,0,37.0,0,0.0,0.0,1.5,4.5,50.0,0.0,0.0
z2MQMW1cwq,3,39.0,1,10.0,2.0,6.578947368421052,41.666666666666664,100.0,100.0,50.0
7jW6ciepxb,0,41.0,0,0.0,0.0,1.9565217391304348,9.0,50.0,0.0,0.0
wreK1BDVDn,0,56.0,0,0.0,0.0,2.5,5.0,100.0,75.0,0.0
IeuPMJcQ4b,0,47.0,0,0.0,0.0,3.6666666666666665,16.5,50.0,0.0,0.0
00LZ9EF7oZ,3,39.0,1,0.0,0.0,7.368421052631579,35.0,100.0,100.0,25.0
Xg2MjudlzH,0,39.0,1,0.0,0.0,1.875,5.0,100.0,100.0,0.0
4D4J1Xh79y,3,39.0,0,4.0,1.0,2.4285714285714284,8.5,100.0,100.0,12.5
VFLje4l5jC,1,39.0,1,7.0,2.0,1.6666666666666667,5.0,100.0,75.0,0.0
l1HEeSZr8n,0,38.0,0,0.0,0.0,5.0,15.0,100.0,50.0,0.0
TahGOKYZ2o,3,39.0,0,0.0,0.0,2.0,2.0,100.0,25.0,0.0
l5qsSfMCsw,1,39.0,0,0.0,0.0,1.0,1.0,50.0,0.0,0.0
IHeaG5FaJX,0,42.0,1,0.0,0.0,2.217391304347826,8.5,100.0,100.0,25.0
wqnjeefnMt,0,38.0,0,0.0,0.0,3.0,3.0,100.0,75.0,0.0
jPjnzjyrsp,1,51.0,1,0.0,0.0,4.8,24.0,100.0,100.0,0.0
sJdSnJJ2tY,0,47.0,0,26.0,5.0,2.0,8.0,100.0,75.0,0.0
qXLzs6SSiG,1,36.0,1,0.0,0.0,3.0,3.0,100.0,25.0,0.0
i9nvqiwV5z,3,51.0,0,4.0,1.0,1.3333333333333333,5.333333333333333,100.0,100.0,0.0
dFZBN59I3M,1,31.0,1,14.0,3.0,3.8181818181818183,10.5,100.0,100.0,12.5
bx1pURhBm0,0,39.0,1,0.0,0.0,3.0,3.0,100.0,50.0,0.0
Y06r15vaUp,3,52.0,1,0.0,0.0,7.0,7.0,100.0,25.0,0.0
mu96cikyJE,3,30.0,0,0.0,0.0,2.7,6.75,100.0,100.0,0.0
lfQeKo8UuX,1,29.0,0,0.0,0.0,1.0,1.0,100.0,0.0,0.0
GZwsrvlUme,0,39.0,1,0.0,0.0,1.8333333333333333,5.5,100.0,75.0,0.0
CjANHYcj5Z,3,42.0,1,0.0,0.0,1.0,1.0,100.0,25.0,0.0
KHYBd4nWhl,3,36.0,0,0.0,0.0,1.5,1.5,50.0,0.0,0.0
KRTtHgW7tG,3,39.0,0,0.0,0.0,2.1,4.2,100.0,75.0,0.0
V1CxBkzdY4,1,45.0,0,0.0,0.0,4.647058823529412,19.75,100.0,75.0,0.0
0Clj6yDxdn,1,39.0,0,0.0,0.0,1.0,1.0,100.0,25.0,0.0
9dFq4A4PHE,3,28.0,0,0.0,0.0,2.0,6.666666666666667,100.0,50.0,0.0
M1KABKHpep,3,51.0,1,0.0,0.0,8.0,24.0,100.0,100.0,0.0
QHCVVhymIG,1,55.0,0,0.0,0.0,1.5,3.0,50.0,0.0,0.0
zw91U0nOiN,1,21.0,1,0.0,0.0,2.5,5.0,100.0,50.0,0.0
Y2FvblWuBB,1,23.0,1,7.0,2.0,1.0,1.0,100.0,75.0,0.0
7gQdNF2b4y,3,58.0,1,23.0,4.0,3.0789473684210527,16.714285714285715,100.0,100.0,25.0
48r4cL8oEG,3,39.0,1,0.0,0.0,1.0,1.0,50.0,0.0,0.0
p8qyIC1oyK,2,48.0,0,0.0,0.0,2.5714285714285716,6.0,100.0,50.0,0.0
iuY5P56nyT,3,39.0,1,0.0,0.0,3.0,6.0,100.0,0.0,0.0
Dl3jz2CJ1b,3,18.0,1,0.0,0.0,3.3333333333333335,5.0,100.0,0.0,0.0
WCSuj9YQp3,1,39.0,0,0.0,0.0,3.0,3.0,50.0,0.0,0.0
GLFibTjcyx,1,39.0,1,0.0,0.0,2.0,2.0,100.0,50.0,0.0
xTAVTr2bvq,3,34.0,0,26.0,5.0,2.388888888888889,6.142857142857143,100.0,100.0,12.5
TkvmT1fpgO,0,50.0,1,10.0,2.0,7.3,36.5,100.0,100.0,37.5
u7AiDBmTWy,1,36.0,0,0.0,0.0,2.0,2.0,50.0,0.0,0.0
QnYtJFPzLS,1,61.0,0,2.8,1.0,1.4285714285714286,3.3333333333333335,100.0,100.0,0.0
OlZ9tppY4X,3,57.0,1,29.0,6.0,13.333333333333334,40.0,100.0,100.0,12.5
RzOrY12rC6,3,32.0,0,4.0,1.0,1.0,2.0,100.0,75.0,0.0
U1wBr3ytJr,0,47.0,0,0.0,0.0,2.0,2.0,100.0,75.0,0.0
iIT9hxpK2A,1,57.0,0,0.0,0.0,2.688888888888889,15.125,100.0,100.0,50.0
hjH82DznD4,1,50.0,1,19.599998,5.0,8.857142857142858,31.0,100.0,100.0,12.5
e4AyppOH9i,1,38.0,1,7.0,2.0,2.0,5.333333333333333,100.0,0.0,0.0
AVqpxhAL0b,0,39.0,0,0.0,0.0,2.909090909090909,10.666666666666666,100.0,100.0,12.5
KXVe9i5Ply,0,34.0,1,0.0,0.0,1.3333333333333333,2.0,100.0,50.0,0.0
VzSXQpohEg,3,39.0,0,0.0,0.0,2.0,2.0,100.0,0.0,0.0
FEblEj3yFQ,1,39.0,0,0.0,0.0,2.2,5.5,100.0,50.0,0.0
Ufq16UAO3R,1,39.0,1,0.0,0.0,2.5,2.5,100.0,75.0,0.0
T8HodiepPX,0,39.0,0,0.0,0.0,1.0,1.0,50.0,0.0,0.0
6DsU9kWr18,3,30.0,0,0.0,0.0,2.5454545454545454,9.333333333333334,100.0,50.0,0.0
K2KzzA3dZQ,3,39.0,0,0.0,0.0,2.5,2.5,100.0,25.0,0.0
8jVEIHAUxm,2,18.0,0,0.0,0.0,2.3333333333333335,2.3333333333333335,100.0,25.0,0.0
0UesjX63zR,0,42.0,0,0.0,0.0,2.7142857142857144,19.0,100.0,100.0,0.0
GLHnaOzsOd,0,33.0,1,4.0,1.0,3.75,15.0,100.0,75.0,0.0
n9hPMFsJJg,3,39.0,0,0.0,0.0,1.0,1.0,100.0,0.0,0.0
negSINjqKi,3,57.0,1,0.0,0.0,6.0,18.0,100.0,50.0,0.0
QscMEaX0RA,1,49.0,0,0.0,0.0,1.0,2.0,100.0,25.0,0.0
qLQXipGKor,0,46.0,0,0.0,0.0,3.3333333333333335,3.3333333333333335,100.0,75.0,0.0
5RKlKj6n0s,0,42.0,1,0.0,0.0,1.4285714285714286,3.3333333333333335,100.0,75.0,0.0
6mPuMHBo5n,3,39.0,1,4.0,1.0,1.0,1.0,100.0,25.0,0.0
XeTLc6Rgd8,1,60.0,1,0.0,0.0,2.1666666666666665,6.5,50.0,0.0,0.0
zKgXGuOyT6,1,63.0,0,0.0,0.0,1.0,3.0,100.0,50.0,0.0
QL57O1lZT7,3,39.0,1,0.0,0.0,3.0,6.0,100.0,25.0,0.0
k2d0sxEDVc,1,36.0,0,2.8,1.0,8.181818181818182,30.0,100.0,100.0,75.0
EDbdHZk3QK,0,47.0,1,10.0,2.0,2.75,3.6666666666666665,100.0,75.0,0.0
FRk1M2Mey8,3,41.0,0,0.0,0.0,1.0,1.0,100.0,25.0,0.0
twJIs1V0Ux,0,28.0,1,0.0,0.0,3.4444444444444446,15.5,100.0,100.0,12.5
CplXeyoErR,3,40.0,1,0.0,0.0,1.5555555555555556,2.3333333333333335,100.0,25.0,0.0
TvMpFyhSnM,3,42.0,0,0.0,0.0,1.0,1.0,50.0,0.0,0.0
X8SVsz2B9p,0,31.0,0,0.0,0.0,2.75,3.6666666666666665,100.0,75.0,0.0
WHfIdrDtTg,0,57.0,0,0.0,0.0,2.625,10.5,100.0,50.0,0.0
rfSYpWyzHl,3,39.0,0,0.0,0.0,2.75,3.6666666666666665,100.0,50.0,0.0
QVWtuqPEyb,3,39.0,0,0.0,0.0,1.625,4.333333333333333,100.0,25.0,0.0
IduJEPPKR2,0,41.0,0,0.0,0.0,1.9333333333333333,9.666666666666666,100.0,100.0,12.5
LqjldE1dsQ,2,34.0,1,0.0,0.0,1.0,1.0,50.0,0.0,0.0
4FbbfCRzS9,1,39.0,0,0.0,0.0,1.5,3.0,100.0,50.0,0.0
GHsov42shM,0,39.0,0,0.0,0.0,1.0,1.0,50.0,0.0,0.0
aGnnroJkX3,3,44.0,0,0.0,0.0,2.5714285714285716,10.8,100.0,100.0,0.0
jQcj3YhPXs,0,30.0,1,0.0,0.0,1.0,1.0,100.0,0.0,0.0
zifDEQcB2V,0,62.0,0,0.0,0.0,1.0,1.0,100.0,25.0,0.0
l1AxoNjo7d,3,21.0,0,0.0,0.0,3.0,3.0,100.0,50.0,0.0
kXXCfQ2PWf,3,34.0,0,23.0,4.0,2.4166666666666665,4.833333333333333,100.0,75.0,0.0
9Nc9xP6hUY,3,51.0,0,0.0,0.0,6.333333333333333,29.857142857142858,100.0,100.0,37.5
UPHvYxXjrN,3,39.0,1,0.0,0.0,3.0,3.0,50.0,0.0,0.0
1PJAFINaZz,0,19.0,1,0.0,0.0,1.0,1.0,50.0,0.0,0.0
lnwzth1RFJ,0,42.0,0,4.0,1.0,3.9166666666666665,23.5,100.0,100.0,25.0
c50AH0QrRS,3,46.0,1,0.0,0.0,1.5384615384615385,5.0,100.0,75.0,0.0
SgAwvHHd4m,0,39.0,0,0.0,0.0,1.0,3.5,100.0,50.0,0.0
MrQE7pbMrQ,0,44.0,1,0.0,0.0,1.4545454545454546,3.2,100.0,100.0,0.0
f7Z5mDBoGc,3,36.0,0,0.0,0.0,1.0,1.0,100.0,25.0,0.0
pJUqKWvc2G,1,43.0,1,25.199997,7.0,2.4827586206896552,10.285714285714286,100.0,100.0,12.5
BpnpZWdLmL,1,39.0,0,0.0,0.0,1.25,5.0,100.0,50.0,0.0
gS70urS2yi,0,39.0,1,32.0,7.0,2.0,8.0,100.0,0.0,0.0
Bm52x05rOv,1,56.0,0,2.8,1.0,3.0833333333333335,18.5,100.0,100.0,37.5
17Cu89zQ9I,0,55.0,1,4.0,1.0,1.5555555555555556,4.666666666666667,100.0,100.0,0.0
fRi7C9Qadd,3,31.0,1,0.0,0.0,2.1,5.25,100.0,50.0,0.0
LeVGDOxYYD,0,39.0,1,0.0,0.0,3.0,7.5,100.0,75.0,0.0
D4zzCsQHWk,0,39.0,0,0.0,0.0,5.428571428571429,19.0,100.0,100.0,0.0
gD6hZ3GyxS,0,41.0,0,4.0,1.0,3.851063829787234,22.625,100.0,100.0,62.5
2lHm3GkNjF,3,40.0,1,23.0,4.0,1.75,3.5,100.0,25.0,0.0
7JUjJueRLU,2,39.0,1,0.0,0.0,4.0,8.0,100.0,25.0,0.0
uajXrDKmvE,0,25.0,1,0.0,0.0,2.0,2.0,100.0,50.0,0.0
0oXPS0pBCn,3,52.0,1,4.0,1.0,2.7142857142857144,6.333333333333333,100.0,50.0,0.0
f7jK6WJFVm,3,57.0,1,0.0,0.0,7.181818181818182,26.333333333333332,100.0,100.0,0.0
3FpZdeW0Mk,0,36.0,1,0.0,0.0,2.3548387096774195,14.6,100.0,100.0,12.5
MVnITPICnp,1,51.0,1,0.0,0.0,5.4,34.714285714285715,100.0,100.0,75.0
xWjMz1I8Qc,1,46.0,0,0.0,0.0,3.5,21.0,100.0,100.0,25.0
ibZOJOM3HD,0,39.0,1,0.0,0.0,1.5,3.0,100.0,25.0,0.0
JDgbA51L49,3,41.0,1,4.0,1.0,11.933333333333334,59.666666666666664,100.0,100.0,37.5
3YXL7DQZbF,3,55.0,1,0.0,0.0,3.861111111111111,17.375,100.0,100.0,0.0
DIKmzD8dCi,0,36.0,1,4.0,1.0,3.3333333333333335,10.0,100.0,75.0,0.0
ydLYPpCvpn,0,64.0,0,0.0,0.0,3.6,9.0,100.0,100.0,0.0
rjViaaLXC9,1,27.0,1,2.8,1.0,1.0,1.0,50.0,0.0,0.0
TJ4GPl3KDM,0,39.0,0,0.0,0.0,1.6666666666666667,5.0,100.0,75.0,0.0
9Y8OPEpZLT,3,42.0,0,20.0,3.0,2.0,2.0,100.0,25.0,0.0
nShn4Ltsqb,3,27.0,1,4.0,1.0,3.0,11.0,100.0,100.0,12.5
Aw9pFIWl5u,3,27.0,0,0.0,0.0,1.6,4.0,100.0,25.0,0.0
Yf8vmUXzim,3,32.0,1,10.0,2.0,3.0,4.5,100.0,50.0,0.0
atrmbzrGt4,1,32.0,0,0.0,0.0,1.0,2.0,100.0,50.0,0.0
JdolSsdqm6,0,39.0,0,0.0,0.0,1.0,1.0,100.0,0.0,0.0
yiCMHLiMNn,0,21.0,0,0.0,0.0,2.0,4.0,100.0,50.0,0.0
sfxeGbhq8O,0,39.0,0,4.0,1.0,1.75,7.0,100.0,100.0,0.0
DrgaHmWfKx,3,26.0,0,0.0,0.0,1.25,2.5,100.0,25.0,0.0
HhHZaGBqX3,1,47.0,0,0.0,0.0,1.3409090909090908,7.375,100.0,0.0,0.0
SSx2MWgw4C,1,48.0,1,0.0,0.0,2.0,4.0,50.0,0.0,0.0
NguAaz1p8a,3,39.0,1,0.0,0.0,1.6666666666666667,2.5,100.0,0.0,0.0
dj3hYAoGpG,0,26.0,0,0.0,0.0,3.1818181818181817,11.666666666666666,100.0,100.0,25.0
jwFlbfWrn1,3,36.0,0,0.0,0.0,1.5,1.5,50.0,0.0,0.0
dsYk06AaIF,0,39.0,0,0.0,0.0,1.5714285714285714,8.25,100.0,100.0,25.0
dc0dAyg0xy,3,39.0,1,0.0,0.0,1.0,1.0,50.0,0.0,0.0
3vFU3RH6lW,3,51.0,1,0.0,0.0,1.0,1.0,100.0,0.0,0.0
OiX8qSonrl,3,27.0,0,0.0,0.0,7.555555555555555,34.0,100.0,100.0,12.5
QAMElRPzjZ,0,35.0,1,0.0,0.0,2.3333333333333335,4.666666666666667,100.0,50.0,0.0
9g7PNBWknA,0,39.0,0,0.0,0.0,1.5,1.5,100.0,50.0,0.0
Kqi4MT8rxp,1,40.0,0,0.0,0.0,2.25,9.0,100.0,75.0,0.0
ISCSl234oe,0,34.0,0,0.0,0.0,2.4242424242424243,11.428571428571429,100.0,75.0,0.0
w1JRfrWNdu,0,60.0,0,0.0,0.0,2.5789473684210527,16.333333333333332,100.0,100.0,25.0
bg8bqt83y8,0,28.0,1,0.0,0.0,8.5,17.0,100.0,50.0,0.0
LHQ2IuvP52,0,39.0,0,10.0,2.0,1.6,8.0,100.0,100.0,0.0
B71zaCfzeC,0,24.0,0,0.0,0.0,1.0,1.0,100.0,0.0,0.0
Xweja2NZyA,0,32.0,1,0.0,0.0,2.5,5.0,100.0,50.0,0.0
1GMQmWQ9Re,0,39.0,0,0.0,0.0,6.7368421052631575,42.666666666666664,100.0,100.0,37.5
U9SiA3L7zz,3,42.0,0,4.0,1.0,1.0,1.0,100.0,50.0,0.0
q6bWtpJMjM,3,33.0,0,0.0,0.0,1.0,1.0,100.0,0.0,0.0
BrnqshvECI,1,51.0,1,0.0,0.0,1.5,3.0,100.0,75.0,0.0
8UvNxWbBgT,0,19.0,1,0.0,0.0,2.5,5.0,100.0,50.0,0.0
UfZq51aUwI,0,31.0,0,0.0,0.0,4.115384615384615,26.75,100.0,100.0,25.0
hnON3DSqEa,3,30.0,1,4.0,1.0,5.8,29.0,100.0,100.0,25.0
KTVKJLMYn2,3,39.0,0,0.0,0.0,1.5,4.5,100.0,25.0,0.0
2engLmfxev,1,38.0,1,0.0,0.0,1.0,1.0,100.0,50.0,0.0
5JNmy3Jt0b,3,54.0,0,0.0,0.0,1.0,1.0,50.0,0.0,0.0
R93TdtkyB9,3,39.0,0,0.0,0.0,1.0,1.0,50.0,0.0,0.0
tDDdmIloHP,1,31.0,0,2.8,1.0,6.461538461538462,33.6,100.0,100.0,37.5
77O6ZcPiYf,1,39.0,1,0.0,0.0,1.0,1.0,100.0,25.0,0.0
65sXbtkLoY,3,39.0,1,0.0,0.0,1.0,1.0,100.0,0.0,0.0
cZGlyyhqOV,1,33.0,1,0.0,0.0,2.5,5.0,50.0,0.0,0.0
7Q9ApfkJUD,1,39.0,0,0.0,0.0,1.0,1.0,100.0,25.0,0.0
eOveH8dsN6,3,56.0,1,0.0,0.0,2.875,11.5,100.0,25.0,0.0
s01y0ZmnNC,3,30.0,1,0.0,0.0,1.0,1.5,100.0,50.0,0.0
hD8w7NNXEu,0,48.0,0,0.0,0.0,1.0,1.0,50.0,0.0,0.0
M5iSB6tpel,2,49.0,0,0.0,0.0,2.090909090909091,5.75,100.0,50.0,0.0
nCoTTy9vrj,1,39.0,1,0.0,0.0,1.0,1.0,50.0,0.0,0.0
u9XhXuqygU,3,39.0,0,0.0,0.0,1.0,1.0,50.0,0.0,0.0
tonDqGCgTs,3,44.0,1,10.0,2.0,3.0,3.0,100.0,25.0,0.0
DzmGQAYe7m,3,18.0,1,0.0,0.0,4.0,10.666666666666666,100.0,75.0,0.0
DGNKHe0zG1,0,31.0,0,20.0,3.0,2.0,9.0,100.0,100.0,0.0
y6SAdPSsAV,3,32.0,0,4.0,1.0,1.5,3.0,50.0,0.0,0.0
X8YsZpHpRr,3,35.0,0,4.4,1.0,2.6666666666666665,4.0,100.0,25.0,0.0
1nLlO25zom,0,33.0,0,0.0,0.0,1.6666666666666667,5.0,100.0,50.0,0.0
1BYtYjNczJ,0,53.0,1,4.0,1.0,2.3636363636363638,6.5,100.0,100.0,12.5
SFBWd5hFeV,3,39.0,1,0.0,0.0,2.0,2.0,50.0,0.0,0.0
hTdIERdBUF,0,39.0,0,0.0,0.0,6.0,6.0,100.0,25.0,0.0
M9IJSBB003,3,39.0,0,0.0,0.0,2.0,2.0,100.0,50.0,0.0
AhR3gpTcXM,1,48.0,1,0.0,0.0,1.1111111111111112,2.0,100.0,100.0,0.0
W30C26mlmA,3,39.0,1,0.0,0.0,1.0,1.0,50.0,0.0,0.0
cFuUFVWFn0,2,39.0,1,7.59,3.0,2.5454545454545454,11.2,100.0,100.0,0.0
oE8TX8R04Z,1,39.0,0,0.0,0.0,3.0,3.0,100.0,50.0,0.0
qENOLOG6iB,0,36.0,1,0.0,0.0,1.5714285714285714,5.5,100.0,0.0,0.0
klswZFeK44,1,49.0,0,0.0,0.0,1.0,1.0,100.0,25.0,0.0
dkcY3ehDf5,0,65.0,1,0.0,0.0,2.3636363636363638,13.0,100.0,100.0,25.0
Zl6IBB9U9s,1,39.0,0,0.0,0.0,4.291666666666667,29.428571428571427,100.0,100.0,50.0
8VkX2IE90E,1,38.0,0,0.0,0.0,5.0,16.666666666666668,100.0,75.0,0.0
5jqwgCsZfC,0,39.0,1,0.0,0.0,4.0,8.0,100.0,75.0,0.0
KpYJRhBtes,1,44.0,1,0.0,0.0,2.142857142857143,7.5,100.0,100.0,0.0
rDhU60BSWY,3,39.0,0,0.0,0.0,1.3333333333333333,2.0,50.0,0.0,0.0
u5kuLUIRUb,2,40.0,0,0.0,0.0,11.23076923076923,73.0,100.0,100.0,50.0
jPhCMwHa3T,0,43.0,0,0.0,0.0,2.2222222222222223,10.0,100.0,100.0,12.5
nrx4RrfgXf,1,37.0,1,14.0,3.0,2.5714285714285716,4.5,100.0,100.0,0.0
ShlpD3cUiW,1,39.0,1,0.0,0.0,2.0,2.0,100.0,50.0,0.0
tVHrswdbf4,0,42.0,1,4.0,1.0,2.8333333333333335,10.2,100.0,100.0,25.0
8qJDmBDjrV,0,29.0,0,0.0,0.0,4.0,8.0,100.0,100.0,0.0
Iu6dpeLD0U,3,32.0,0,4.4,1.0,1.0,1.0,100.0,0.0,0.0
bVieh3kBhn,3,38.0,1,0.0,0.0,2.0,2.0,100.0,25.0,0.0
hatizK2Iyr,0,39.0,1,0.0,0.0,1.0,1.0,50.0,0.0,0.0
o21IT345HS,1,34.0,0,0.0,0.0,1.7916666666666667,7.166666666666667,100.0,100.0,12.5
dIyCcPjHtK,0,46.0,0,10.0,2.0,4.107142857142857,23.0,100.0,100.0,25.0
izxUGpQ3nR,2,39.0,0,0.0,0.0,1.4444444444444444,6.5,100.0,100.0,0.0
1Sv9e46Dz0,3,34.0,0,0.0,0.0,2.3333333333333335,3.5,100.0,25.0,0.0
ISHBYrVbI5,0,39.0,0,0.0,0.0,1.3333333333333333,1.3333333333333333,100.0,50.0,0.0
9RkBMobdZS,1,49.0,1,0.0,0.0,2.0,2.0,50.0,0.0,0.0
9VX6irpref,3,36.0,0,0.0,0.0,2.0,2.0,50.0,0.0,0.0
F6pfDD4xEV,2,35.0,1,5.0,2.0,2.3333333333333335,3.5,100.0,0.0,0.0
64YXEk7J3k,3,40.0,0,0.0,0.0,1.0,1.0,100.0,25.0,0.0
Uuf1H710hz,0,39.0,0,0.0,0.0,6.363636363636363,28.0,100.0,100.0,50.0
XOqEPfbf0I,3,42.0,1,0.0,0.0,1.0,1.0,100.0,0.0,0.0
mP5R5rpfnX,0,39.0,0,0.0,0.0,2.5,5.0,100.0,75.0,0.0
iM8z1cFIpE,1,39.0,1,0.0,0.0,1.0,1.0,100.0,25.0,0.0
2iMr4ZpCmk,1,48.0,0,0.0,0.0,1.3333333333333333,2.6666666666666665,100.0,75.0,0.0
iUOadtK4lv,1,35.0,0,2.8,1.0,2.2222222222222223,10.0,100.0,100.0,0.0
CMAsb3LSjk,3,35.0,1,4.0,1.0,1.8518518518518519,6.25,100.0,50.0,0.0
OvX8qFTdDr,0,36.0,1,0.0,0.0,1.4285714285714286,2.5,100.0,75.0,0.0
gD5OBiDK5O,0,46.0,0,0.0,0.0,1.5,4.5,100.0,75.0,0.0
2IF8LuItiF,3,41.0,0,0.0,0.0,2.5,7.0,100.0,75.0,0.0
l9IGr68W5S,3,39.0,1,4.0,1.0,3.888888888888889,17.5,100.0,100.0,12.5
7NEuntwHcP,3,27.0,0,4.0,1.0,3.0,4.5,100.0,25.0,0.0
7fgRlgII1Y,0,49.0,1,0.0,0.0,2.5,5.0,100.0,25.0,0.0
3ZPkDSoAaI,0,20.0,0,0.0,0.0,1.3076923076923077,3.4,100.0,0.0,0.0
ZBTnGnq74d,1,39.0,1,0.0,0.0,2.0,2.0,100.0,25.0,0.0
fPubjANLa3,3,38.0,0,0.0,0.0,5.0,5.0,100.0,0.0,0.0
uBABLAEgJR,3,42.0,0,10.0,2.0,1.96,9.8,100.0,100.0,25.0
cvW1eo1TFV,0,39.0,0,0.0,0.0,2.1333333333333333,8.0,100.0,100.0,0.0
vLKIoDC8br,1,39.0,1,2.8,1.0,3.625,14.5,100.0,100.0,12.5
NTH3MknTDS,3,35.0,0,0.0,0.0,2.3333333333333335,7.0,100.0,75.0,0.0
J6yfT08nW3,0,39.0,0,0.0,0.0,3.4285714285714284,12.0,100.0,75.0,0.0
FxyWpCcClf,3,41.0,1,0.0,0.0,5.666666666666667,5.666666666666667,100.0,25.0,0.0
FIw7IVTz47,3,39.0,1,0.0,0.0,1.0,1.0,50.0,0.0,0.0
vAOIFrHDR3,0,39.0,0,4.0,1.0,3.0,8.25,100.0,100.0,0.0
jAgD2f5SAG,3,42.0,1,0.0,0.0,1.0,1.5,100.0,25.0,0.0
OeFjsbJUkn,3,37.0,1,0.0,0.0,1.5,1.5,100.0,0.0,0.0
N6ULSUVSdW,1,32.0,1,0.0,0.0,1.3333333333333333,4.0,100.0,75.0,0.0
SW4JQnQ6Wr,3,39.0,1,0.0,0.0,13.0,13.0,100.0,50.0,0.0
1I3DREokcJ,0,39.0,0,0.0,0.0,1.0,1.0,50.0,0.0,0.0
c48qcelEtj,0,39.0,0,0.0,0.0,4.58,28.625,100.0,100.0,25.0
9IOjCcqxnq,3,40.0,0,0.0,0.0,1.6363636363636365,5.142857142857143,100.0,100.0,12.5
4tDuPc5G3l,3,34.0,1,0.0,0.0,1.0,1.0,50.0,0.0,0.0
TpvilLXIx6,0,35.0,1,0.0,0.0,2.5454545454545454,9.333333333333334,100.0,100.0,0.0
QowAk49bqc,0,18.0,0,4.0,1.0,10.962962962962964,74.0,100.0,100.0,62.5
ofhKcN2zjO,0,39.0,1,0.0,0.0,2.5660377358490565,17.0,100.0,100.0,37.5
KRL1BpeeUf,0,39.0,0,0.0,0.0,4.0,4.0,100.0,25.0,0.0
6JIW0K89YV,3,50.0,0,0.0,0.0,1.0,1.0,100.0,25.0,0.0
zcC0pYtvDl,0,36.0,1,4.0,1.0,4.823529411764706,32.8,100.0,100.0,62.5
UCAGSGbUxc,3,43.0,1,4.4,1.0,4.333333333333333,6.5,100.0,25.0,0.0
i4KjFN8nla,0,45.0,0,0.0,0.0,1.0,1.0,100.0,50.0,0.0
4JxSoHXbMM,0,39.0,0,0.0,0.0,3.4,8.5,100.0,75.0,0.0
9xxrpowJE3,1,39.0,1,0.0,0.0,3.0,3.0,50.0,0.0,0.0
A2CmZritJC,2,93.0,1,0.0,0.0,3.0,3.0,100.0,50.0,0.0
AihKkm2EXV,1,20.0,1,2.8,1.0,3.25,6.5,100.0,75.0,0.0
GgQMXzT5wB,3,39.0,1,0.0,0.0,1.0,1.0,100.0,25.0,0.0
kplNQsNfyA,0,36.0,1,0.0,0.0,2.3076923076923075,6.0,100.0,75.0,0.0
uVFJb2nkWM,1,42.0,1,14.0,3.0,2.6,13.0,100.0,100.0,0.0
UimwDZoxeo,0,39.0,1,0.0,0.0,9.666666666666666,14.5,100.0,75.0,0.0
myv57sCd3h,3,35.0,0,0.0,0.0,3.0,7.0,100.0,75.0,0.0
Bwk5nbbTKr,3,42.0,1,0.0,0.0,1.0,1.0,50.0,0.0,0.0
p7fQxXwKiB,0,39.0,0,0.0,0.0,1.6,2.6666666666666665,100.0,100.0,0.0
NMHbb7q2fy,3,41.0,0,0.0,0.0,2.0,2.0,50.0,0.0,0.0
JnS3eZJyLV,0,36.0,1,0.0,0.0,3.0,6.0,100.0,75.0,0.0
Kh73apIHVI,3,39.0,0,0.0,0.0,1.0,1.0,50.0,0.0,0.0
dbNx4PEleR,3,39.0,0,0.0,0.0,1.0,1.0,100.0,25.0,0.0
JTJxmdqCPD,0,39.0,0,0.0,0.0,1.0,2.0,100.0,25.0,0.0
9Mf7i5qAFp,0,57.0,1,0.0,0.0,7.173913043478261,41.25,100.0,0.0,0.0
SSR2zAuTPu,1,44.0,1,0.0,0.0,3.3333333333333335,20.0,100.0,100.0,0.0
8B9brLPBaO,1,32.0,0,0.0,0.0,2.0,4.0,100.0,75.0,0.0
f2BbTLN4w3,3,53.0,0,0.0,0.0,1.0,1.0,50.0,0.0,0.0
UCZYFAVNTh,0,41.0,0,0.0,0.0,1.7142857142857142,4.8,100.0,100.0,0.0
TAW0zuVNQd,3,31.0,0,0.0,0.0,1.0,2.0,100.0,0.0,0.0
k43lgaZuam,3,54.0,0,4.0,1.0,2.625,7.0,100.0,75.0,0.0
TvaWxEh3jb,3,51.0,0,0.0,0.0,2.0,4.0,100.0,0.0,0.0
gwU28CXz3A,1,44.0,1,0.0,0.0,1.0,1.5,100.0,50.0,0.0
SCjHc8inT7,0,45.0,1,35.0,8.0,2.1818181818181817,8.0,100.0,100.0,12.5
fnQlDAAoWC,3,39.0,1,0.0,0.0,1.1428571428571428,4.0,100.0,50.0,0.0
9xQX9vJt1a,1,48.0,1,0.0,0.0,1.3333333333333333,2.0,100.0,50.0,0.0
FCscuB23Tk,3,39.0,0,0.0,0.0,6.5,13.0,100.0,50.0,0.0
Hmku9NIjay,1,56.0,0,0.0,0.0,8.115384615384615,42.2,100.0,100.0,37.5
UiOpmV39Xy,3,39.0,0,0.0,0.0,1.0,1.0,100.0,25.0,0.0
ltx7ba3EZ0,1,48.0,1,16.8,4.0,8.0,32.0,100.0,100.0,12.5
V5USHQeFLg,0,39.0,0,0.0,0.0,2.3333333333333335,10.5,100.0,100.0,12.5
S0pP4cNIgA,3,40.0,0,0.0,0.0,2.0,4.0,100.0,25.0,0.0
XppQdQYQ9z,2,53.0,1,0.0,0.0,2.4,12.0,100.0,50.0,0.0
jXpGTbLi68,3,45.0,0,0.0,0.0,2.1904761904761907,5.111111111111111,100.0,100.0,0.0
koMxSbabni,1,39.0,0,0.0,0.0,3.0,9.0,100.0,100.0,0.0
N3qHN2mDaY,2,43.0,0,2.0,1.0,1.0,1.0,50.0,0.0,0.0
Ugcny3aZCU,0,39.0,0,0.0,0.0,2.466666666666667,7.4,100.0,100.0,12.5
cVmgKl67DP,0,48.0,1,0.0,0.0,1.0,1.0,100.0,50.0,0.0
cqydcCWYj7,3,39.0,0,0.0,0.0,2.5384615384615383,8.25,100.0,50.0,0.0
FW237bI2BN,1,22.0,1,2.8,1.0,2.0,4.0,100.0,50.0,0.0
ZG5RiaSKW7,3,39.0,0,0.0,0.0,3.25,13.0,100.0,100.0,0.0
bt9qoJfy8n,0,32.0,1,14.0,2.0,1.0,1.0,100.0,50.0,0.0
V4il653S6I,1,21.0,1,0.0,0.0,7.0,7.0,100.0,50.0,0.0
QMsmHx3joV,3,36.0,0,0.0,0.0,1.0,1.0,50.0,0.0,0.0
vo8nHJ6JU2,1,62.0,0,0.0,0.0,3.0,6.0,100.0,25.0,0.0
07qrTqk13k,3,20.0,0,0.0,0.0,2.25,4.5,100.0,50.0,0.0
suE5MkBXQY,3,45.0,0,4.0,1.0,2.25,3.6,100.0,50.0,0.0
gKW4jYij4g,1,39.0,0,0.0,0.0,3.1,15.5,50.0,0.0,0.0
fcMFW0RvwC,3,39.0,0,0.0,0.0,1.5,3.0,100.0,50.0,0.0
BUN2KI2Lhe,3,52.0,0,0.0,0.0,1.7222222222222223,7.75,100.0,100.0,0.0
dZ82i5tWkr,3,39.0,0,0.0,0.0,1.6666666666666667,5.0,100.0,50.0,0.0
GkNiK8chFC,1,34.0,1,14.0,3.0,2.4166666666666665,14.5,100.0,100.0,25.0
7aaNXHlsuC,1,39.0,1,0.0,0.0,1.0,1.0,100.0,0.0,0.0
AfmBI7qvSk,0,39.0,1,0.0,0.0,1.0,2.0,100.0,75.0,0.0
QuuIEtE7V0,1,62.0,0,7.0,2.0,4.2272727272727275,18.6,100.0,100.0,12.5
KLDxh7PhS6,3,50.0,1,0.0,0.0,4.0,12.0,100.0,50.0,0.0
QRUW7CPoIl,3,39.0,0,0.0,0.0,2.0,2.0,100.0,25.0,0.0
pgd3ja1uME,3,53.0,1,0.0,0.0,1.4,4.666666666666667,100.0,50.0,0.0
Sbzt8ThuPY,3,21.0,0,0.0,0.0,1.0,1.0,100.0,25.0,0.0
bvt5FyjiUY,0,34.0,1,4.0,1.0,3.902439024390244,26.666666666666668,100.0,100.0,50.0
aNqGOOTt1Q,3,45.0,1,0.0,0.0,1.5,1.5,100.0,25.0,0.0
5TZake1jJb,1,50.0,0,0.0,0.0,1.8181818181818181,10.0,100.0,100.0,12.5
0GMrLU3lqu,0,34.0,0,4.0,1.0,3.0,15.0,100.0,100.0,25.0
Y8BpaYzbXL,0,39.0,1,0.0,0.0,3.0,4.5,100.0,75.0,0.0
kpqqmvkFIy,3,34.0,0,4.0,1.0,1.5,2.25,100.0,50.0,0.0
FnNB97kNnh,3,38.0,1,0.0,0.0,4.0,4.0,100.0,50.0,0.0
sjegATMmSy,3,43.0,1,4.0,1.0,2.0,6.0,100.0,75.0,0.0
m5Kgx4Ofsh,3,38.0,0,4.0,1.0,4.0,4.0,100.0,25.0,0.0
kBS0zAa5k0,3,39.0,1,0.0,0.0,1.0,1.0,100.0,25.0,0.0
ghZFNYkmQk,3,58.0,0,0.0,0.0,3.5,7.0,50.0,0.0,0.0
UKj8cuBn6b,0,21.0,0,4.0,1.0,5.0,10.0,100.0,75.0,0.0
pGI6sBSUTD,3,60.0,0,0.0,0.0,7.903225806451613,49.0,100.0,100.0,37.5
eUHtpG0yRs,1,34.0,0,0.0,0.0,3.3333333333333335,10.0,100.0,100.0,0.0
tN5yLgOnnY,0,39.0,1,0.0,0.0,2.0,2.6666666666666665,100.0,75.0,0.0
CpRBiR9zNG,1,37.0,0,0.0,0.0,2.3076923076923075,10.0,100.0,100.0,0.0
iOuZ30Pkyq,1,39.0,1,0.0,0.0,1.9375,7.75,100.0,100.0,0.0
OWMMEf7i03,3,39.0,0,4.0,1.0,2.0,4.0,100.0,25.0,0.0
619IjBphkH,1,35.0,0,0.0,0.0,1.3125,5.25,100.0,100.0,0.0
7cziqrKw6L,3,34.0,0,0.0,0.0,1.6666666666666667,3.3333333333333335,100.0,25.0,0.0
Z60LYIbkhW,0,18.0,1,0.0,0.0,1.7142857142857142,6.0,100.0,75.0,0.0
Q40npPcj7n,1,39.0,1,0.0,0.0,1.0,1.0,100.0,50.0,0.0
0SkC2akv0S,3,32.0,0,10.0,2.0,1.875,3.75,100.0,50.0,0.0
yAYpQvXU4U,3,54.0,0,0.0,0.0,2.2857142857142856,10.666666666666666,100.0,75.0,0.0
dQUKlbzTR5,0,32.0,0,0.0,0.0,3.142857142857143,14.666666666666666,100.0,100.0,12.5
kpokyrJdtj,0,34.0,0,4.0,1.0,1.7142857142857142,4.0,100.0,75.0,0.0
RdBoe10sJW,0,33.0,0,0.0,0.0,4.117647058823529,14.0,100.0,100.0,25.0
E31j4lNBfS,2,39.0,0,0.0,0.0,4.066666666666666,20.333333333333332,100.0,100.0,0.0
QqNW0AXzbe,3,47.0,1,0.0,0.0,2.0,2.0,50.0,0.0,0.0
rAL5JK2FAq,1,39.0,0,0.0,0.0,1.0,1.0,50.0,0.0,0.0
0TbVGEiBbU,3,55.0,0,23.0,4.0,1.9,3.8,100.0,75.0,0.0
s7x25uh2uO,0,37.0,1,0.0,0.0,3.0,3.0,100.0,0.0,0.0
pQSQWnoatT,1,39.0,0,0.0,0.0,2.0,4.0,100.0,75.0,0.0
wlhXLwQS3S,1,51.0,0,0.0,0.0,1.4666666666666666,4.4,100.0,100.0,12.5
EROZ949kFL,2,31.0,1,0.0,0.0,6.666666666666667,20.0,100.0,50.0,0.0
XhlDBWgEB9,0,27.0,1,0.0,0.0,19.0,19.0,100.0,75.0,0.0
rimPHVeqjD,1,39.0,0,0.0,0.0,2.75,11.0,100.0,75.0,0.0
zI68wshljq,0,46.0,0,0.0,0.0,3.0,6.0,100.0,0.0,0.0
sXFyf2NsGf,1,56.0,1,0.0,0.0,2.0,2.0,100.0,50.0,0.0
Eon9onFtXq,0,28.0,1,0.0,0.0,1.3333333333333333,2.0,100.0,50.0,0.0
D92FuTWB0o,3,35.0,1,0.0,0.0,1.0,1.0,100.0,25.0,0.0
CwGTy61FpR,0,39.0,1,0.0,0.0,2.5,5.0,100.0,0.0,0.0
DfF2UqUXXu,0,37.0,1,4.0,1.0,4.666666666666667,28.0,100.0,100.0,50.0
CsT3TG9VRE,0,40.0,0,4.0,1.0,2.7142857142857144,9.5,50.0,0.0,0.0
4H6r4PJMXo,0,39.0,0,0.0,0.0,1.5,3.0,50.0,0.0,0.0
okMVA8kP07,1,52.0,0,0.0,0.0,2.0,2.0,100.0,50.0,0.0
Oi1IJV2s2H,1,34.0,0,0.0,0.0,5.0,10.0,100.0,75.0,0.0
Qewv4P4nIv,1,39.0,0,0.0,0.0,3.0,3.0,100.0,0.0,0.0
goPG6L1Ibx,1,39.0,0,0.0,0.0,2.0,3.0,100.0,75.0,0.0
ejQEO7eQk9,1,24.0,0,0.0,0.0,2.0,2.0,100.0,50.0,0.0
fDhVwzYhDT,0,44.0,1,0.0,0.0,4.95,33.0,100.0,100.0,37.5
SdW7gdMxfk,0,39.0,1,0.0,0.0,2.0,2.0,100.0,50.0,0.0
vqckAMa18F,3,40.0,0,0.0,0.0,1.0,1.0,50.0,0.0,0.0
h5cw5ZWDiO,1,44.0,0,16.8,4.0,2.375,9.5,100.0,100.0,25.0
OUAj8T2Q2a,1,39.0,1,0.0,0.0,1.0,2.0,100.0,50.0,0.0
XyvuSM9F1l,0,39.0,0,0.0,0.0,10.333333333333334,15.5,100.0,100.0,0.0
w7oIDpJK3V,0,39.0,0,0.0,0.0,3.75,7.5,100.0,100.0,12.5
v7ZkUdyMnp,1,65.0,0,0.0,0.0,2.9545454545454546,16.25,100.0,100.0,12.5
i8RzAskuO9,0,37.0,1,0.0,0.0,1.0,1.0,100.0,25.0,0.0
pZ3O0BYwcj,0,47.0,0,4.0,1.0,2.9,14.5,100.0,100.0,12.5
PbJNBYz5qG,3,28.0,0,4.0,1.0,1.1666666666666667,2.3333333333333335,100.0,25.0,0.0
EoyYBNkQrv,0,39.0,1,0.0,0.0,3.5,7.0,100.0,75.0,0.0
oz7KtGY9iA,0,48.0,0,0.0,0.0,1.0,1.0,100.0,75.0,0.0
UvyHrW8xSY,3,39.0,0,0.0,0.0,1.0,1.0,100.0,25.0,0.0
oIIm3vDWUS,1,39.0,1,0.0,0.0,4.0,4.0,100.0,0.0,0.0
Mqpga2UKSP,3,35.0,0,0.0,0.0,1.0,1.0,100.0,25.0,0.0
eKiSKvgau4,0,39.0,1,0.0,0.0,1.8,4.5,100.0,75.0,0.0
Hay4PDHl5D,2,19.0,1,2.0,1.0,4.0,10.0,100.0,75.0,0.0
gifvzUO5yQ,1,32.0,0,0.0,0.0,10.0,10.0,100.0,50.0,0.0
syzU2CA4Z3,0,38.0,1,0.0,0.0,5.0,22.5,100.0,100.0,25.0
0CxpwLtdF5,0,40.0,0,0.0,0.0,3.0,12.0,100.0,75.0,0.0
tVgelSPx25,0,49.0,0,0.0,0.0,1.0,2.0,100.0,50.0,0.0
ntRxSDg38Z,0,56.0,1,0.0,0.0,3.5,7.0,100.0,50.0,0.0
NyUfJKWcpF,1,44.0,1,0.0,0.0,2.857142857142857,13.333333333333334,100.0,100.0,0.0
3w8iwIwBrX,3,39.0,1,0.0,0.0,2.0,8.5,100.0,100.0,0.0
mmSiVtcAyC,3,44.0,0,0.0,0.0,1.3333333333333333,1.3333333333333333,100.0,25.0,0.0
CD4SPOagnx,1,25.0,0,0.0,0.0,4.548387096774194,23.5,100.0,100.0,25.0
sUqABjVuEt,1,36.0,0,7.0,2.0,3.8444444444444446,24.714285714285715,100.0,100.0,62.5
BdmjsCiQtS,3,39.0,0,0.0,0.0,3.5,11.2,100.0,100.0,0.0
m39E2uXk8o,3,36.0,1,0.0,0.0,1.0,2.0,100.0,25.0,0.0
P9xh8bJlQY,0,39.0,1,0.0,0.0,4.0,22.0,100.0,100.0,0.0
HB8ct97sAr,3,36.0,1,0.0,0.0,2.3333333333333335,7.0,100.0,25.0,0.0
QqoRTKV7w0,3,35.0,1,20.0,3.0,3.5454545454545454,7.8,100.0,100.0,0.0
izjGjXOddO,0,29.0,1,0.0,0.0,5.833333333333333,23.333333333333332,100.0,100.0,12.5
u5jaisrXIf,1,39.0,0,0.0,0.0,1.0,1.5,100.0,50.0,0.0
XWc46gqfvH,1,32.0,1,0.0,0.0,2.0833333333333335,8.333333333333334,100.0,100.0,0.0
yUVY1A3a7B,0,39.0,1,0.0,0.0,3.75,5.0,100.0,100.0,12.5
ZpKy7f7WYb,0,41.0,0,0.0,0.0,1.0,3.0,100.0,50.0,0.0
ZHeD8DABxe,3,52.0,1,0.0,0.0,1.0,1.0,50.0,0.0,0.0
5vyCzmA7eG,3,48.0,0,0.0,0.0,3.2,8.0,100.0,75.0,0.0
0Qgds7Iy7e,0,50.0,0,0.0,0.0,3.466666666666667,17.333333333333332,100.0,100.0,0.0
D5hfDVLJ9n,3,35.0,0,0.0,0.0,2.9047619047619047,10.166666666666666,100.0,100.0,12.5
8HPJ4fIVDk,3,39.0,0,0.0,0.0,2.0,4.0,100.0,25.0,0.0
nrjLtAR3U4,3,38.0,0,4.0,1.0,1.2,2.0,100.0,50.0,0.0
FN8cUI7n0P,0,53.0,1,4.0,1.0,1.4705882352941178,3.5714285714285716,100.0,0.0,0.0
19aoeNc3ks,1,58.0,0,0.0,0.0,1.0,1.5,100.0,75.0,0.0
PdR1ES1GkR,3,39.0,0,0.0,0.0,1.8695652173913044,8.6,100.0,100.0,0.0
65ybsjqKFc,3,39.0,0,0.0,0.0,2.0625,9.428571428571429,100.0,100.0,12.5
n8p6Bel2aN,0,39.0,0,0.0,0.0,4.5,9.0,100.0,50.0,0.0
D4rYN8ryrj,3,34.0,0,4.0,1.0,2.142857142857143,5.0,100.0,75.0,0.0
Fcm8TypLMd,0,39.0,1,0.0,0.0,5.0,15.0,50.0,0.0,0.0
5SK1NuznBD,3,53.0,1,44.0,11.0,2.0,4.0,100.0,75.0,0.0
Rsuw3OAdCv,3,29.0,0,0.0,0.0,2.0,2.0,50.0,0.0,0.0
BPR7PioxjL,0,39.0,0,0.0,0.0,4.0,22.4,100.0,25.0,0.0
9UCv4KtvEM,0,39.0,1,0.0,0.0,1.6,2.6666666666666665,100.0,75.0,0.0
U9qES2hRba,0,46.0,1,4.0,1.0,6.0,24.0,100.0,75.0,0.0
D0n3zglifb,3,27.0,1,4.0,1.0,7.25,9.666666666666666,100.0,75.0,0.0
KQKe68zb9u,0,52.0,1,4.0,1.0,2.0,3.0,100.0,50.0,0.0
6W0exSWZqs,0,49.0,0,0.0,0.0,1.0,1.0,50.0,0.0,0.0
VIFfiqiQsn,0,34.0,1,0.0,0.0,4.5,12.0,100.0,100.0,12.5
DjIBKrk3gy,1,51.0,0,0.0,0.0,1.0,1.0,100.0,25.0,0.0
E6iUuc2TLY,3,32.0,0,4.0,1.0,4.375,8.75,100.0,75.0,0.0
KQu94LjveL,1,39.0,0,30.8,9.0,3.0,13.0,100.0,25.0,0.0
kxuOFn8FjC,1,43.0,0,0.0,0.0,1.0,2.0,100.0,50.0,0.0
lOQXjA02wm,0,43.0,0,0.0,0.0,1.0,1.0,50.0,0.0,0.0
UlzmP5aXJx,1,46.0,1,2.8,1.0,2.066666666666667,7.75,100.0,100.0,25.0
3xmItB4lAo,0,33.0,1,0.0,0.0,2.375,6.333333333333333,100.0,100.0,0.0
FIlmdOSYaW,3,39.0,0,4.0,1.0,2.0,5.333333333333333,100.0,75.0,0.0
xGc1llMVzp,0,39.0,1,0.0,0.0,5.0588235294117645,21.5,100.0,100.0,37.5
EGcl7ollyc,2,39.0,0,0.0,0.0,2.4615384615384617,10.666666666666666,100.0,100.0,0.0
xPRNHEWeqg,0,39.0,0,0.0,0.0,2.7142857142857144,9.5,100.0,100.0,12.5
sBaCQgs6eo,1,25.0,0,0.0,0.0,2.6666666666666665,4.0,100.0,75.0,0.0
Vc6kkBKCQU,0,18.0,1,20.0,3.0,3.066666666666667,13.142857142857142,100.0,100.0,25.0
Mw8C9mxE2A,3,27.0,0,0.0,0.0,2.3333333333333335,3.5,100.0,50.0,0.0
xKJFdOk9Yn,1,23.0,0,2.8,1.0,2.7777777777777777,8.333333333333334,100.0,100.0,12.5
fJx6UNRcie,1,60.0,1,46.200005,13.0,1.4545454545454546,2.6666666666666665,100.0,0.0,0.0
Lz84kjBHfX,1,39.0,0,0.0,0.0,2.4444444444444446,11.0,100.0,100.0,12.5
u6xmJh03io,0,46.0,0,0.0,0.0,2.1666666666666665,4.333333333333333,100.0,75.0,0.0
un2zKhSxDs,3,43.0,0,0.0,0.0,1.0,1.0,50.0,0.0,0.0
HeLydRgPnF,3,44.0,0,4.0,1.0,2.3333333333333335,4.666666666666667,100.0,50.0,0.0
4GB8LBIpvz,3,52.0,0,26.0,5.0,3.272727272727273,9.0,100.0,75.0,0.0
KqbeNkkEdQ,3,58.0,0,0.0,0.0,2.0,2.0,100.0,50.0,0.0
HRGIhUln8Z,1,50.0,0,0.0,0.0,3.0,3.0,100.0,50.0,0.0
b237XIVbsu,0,39.0,1,0.0,0.0,2.5,2.5,100.0,75.0,0.0
Q2soKnQnCF,1,55.0,1,0.0,0.0,1.3333333333333333,4.0,100.0,25.0,0.0
f7RhuI3mjN,3,65.0,1,0.0,0.0,2.0,2.0,50.0,0.0,0.0
FnbZY4C1Oj,0,39.0,0,0.0,0.0,4.375,17.5,100.0,100.0,0.0
QVtXOudxYj,3,60.0,0,0.0,0.0,2.8333333333333335,8.5,50.0,0.0,0.0
gJBjx2ZRiH,0,47.0,0,0.0,0.0,2.857142857142857,20.0,100.0,100.0,25.0
7Q0wu7KQuM,0,28.0,0,0.0,0.0,2.0,6.0,100.0,50.0,0.0
3QBEmNPl2c,0,39.0,1,0.0,0.0,5.315789473684211,33.666666666666664,100.0,100.0,25.0
8yt5Hi3oxx,1,39.0,0,0.0,0.0,2.5,5.0,100.0,50.0,0.0
jZyG4EkGxa,2,28.0,1,0.0,0.0,1.0,1.0,50.0,0.0,0.0
On8VkrzFbL,0,48.0,0,29.0,6.0,2.8,7.0,100.0,100.0,0.0
ob6a1UvyZR,1,32.0,0,2.8,1.0,3.235294117647059,13.75,100.0,100.0,25.0
OtpNOinOXd,0,40.0,1,4.0,1.0,1.5,3.0,100.0,50.0,0.0
umqZkQ9PFd,0,39.0,1,0.0,0.0,4.045454545454546,22.25,100.0,100.0,25.0
AfiAjMOwJf,3,25.0,0,0.0,0.0,1.5,2.0,100.0,50.0,0.0
aibyOAx1aO,3,39.0,1,0.0,0.0,2.0,3.0,100.0,50.0,0.0
BwjVw9g9k8,0,42.0,0,20.0,3.0,2.2,11.0,100.0,100.0,12.5
MHMgP4Hca4,3,43.0,0,0.0,0.0,1.7777777777777777,4.0,100.0,75.0,0.0
zbyodqOwMh,3,39.0,0,0.0,0.0,1.0,1.0,100.0,25.0,0.0
cF8EJK9BoO,0,59.0,1,20.0,3.0,2.0,2.0,100.0,50.0,0.0
vz5r5HMh2i,2,44.0,1,0.0,0.0,1.0,1.0,50.0,0.0,0.0
jLE8ZhUY6Y,3,46.0,1,29.0,6.0,1.2727272727272727,3.5,100.0,100.0,0.0
t3X9NZqbEQ,1,32.0,0,0.0,0.0,3.4166666666666665,20.5,100.0,100.0,12.5
ajB79YaNVV,0,18.0,0,0.0,0.0,6.1,20.333333333333332,100.0,100.0,12.5
cuWCL7qTbv,1,50.0,0,0.0,0.0,1.56,4.875,100.0,25.0,0.0
sU8k9oL0v9,3,50.0,0,4.0,1.0,1.0,1.5,100.0,0.0,0.0
eidKtjDMTP,0,39.0,1,0.0,0.0,4.0,4.0,100.0,100.0,0.0
PBk40IlEgW,3,50.0,0,4.4,1.0,1.75,2.3333333333333335,50.0,0.0,0.0
iooGoQZ9zr,0,44.0,0,0.0,0.0,3.3333333333333335,15.0,100.0,100.0,25.0
n8hPnoxGMu,1,47.0,1,0.0,0.0,2.2,11.0,100.0,75.0,0.0
o8JJ4oZ9YO,1,39.0,1,19.599998,5.0,2.6,13.0,100.0,75.0,0.0
6eczCVERMN,0,29.0,1,20.0,3.0,6.2,15.5,100.0,75.0,0.0
3ZVeebtCV6,1,43.0,0,0.0,0.0,4.5,9.0,100.0,50.0,0.0
SBgodZ8iCi,1,39.0,1,0.0,0.0,1.0,1.0,100.0,50.0,0.0
912JL1jmRp,1,39.0,0,0.0,0.0,2.5,2.5,100.0,25.0,0.0
lavnP3FzB0,2,23.0,1,2.0,1.0,1.0,1.0,50.0,0.0,0.0
28CMiljjFs,0,39.0,1,0.0,0.0,4.0,4.0,100.0,50.0,0.0
rIKKpUVdlx,3,45.0,0,20.0,3.0,2.5925925925925926,14.0,100.0,100.0,25.0
QxaDYpfBgH,3,24.0,1,0.0,0.0,1.0,1.0,50.0,0.0,0.0
QS2NjD6APK,3,36.0,1,0.0,0.0,1.0,1.0,100.0,25.0,0.0
eXL0kfijKE,0,39.0,1,0.0,0.0,2.1333333333333333,10.666666666666666,100.0,100.0,0.0
2Jl8AMebYL,0,39.0,0,0.0,0.0,2.0,2.0,100.0,50.0,0.0
zLKbQV33dN,1,39.0,0,30.8,9.0,8.590909090909092,47.25,100.0,100.0,62.5
SXNwnKiIYB,1,39.0,1,0.0,0.0,1.3333333333333333,2.6666666666666665,100.0,50.0,0.0
AhvL4bVv68,0,40.0,0,23.0,4.0,2.0,7.0,100.0,100.0,0.0
cx9ISgMFId,0,39.0,1,0.0,0.0,1.5,3.0,100.0,50.0,0.0
BF4H9b9YNa,0,40.0,1,0.0,0.0,1.6,8.0,100.0,75.0,0.0
pZUL8Y4wUg,3,39.0,0,4.4,1.0,1.2,2.0,100.0,50.0,0.0
mukWD0zW5n,0,39.0,1,0.0,0.0,1.0,2.0,50.0,0.0,0.0
EoIOIEtYRD,3,30.0,0,0.0,0.0,1.5,3.0,100.0,50.0,0.0
oms8OpULgs,3,58.0,0,0.0,0.0,1.0,1.0,50.0,0.0,0.0
ii0jdDYKLk,1,37.0,1,16.8,4.0,5.0,5.0,100.0,75.0,0.0
nsuEtkhI1E,1,39.0,1,0.0,0.0,1.0,1.0,100.0,0.0,0.0
DYXMsDRMJE,3,42.0,0,4.0,1.0,3.9523809523809526,16.6,100.0,100.0,12.5
sAH97bkHTZ,0,53.0,0,0.0,0.0,2.125,4.25,100.0,75.0,0.0
Xre0KIesPq,3,35.0,1,0.0,0.0,4.0,4.0,100.0,0.0,0.0
4bXYdiGPhM,0,39.0,0,0.0,0.0,5.0,5.0,50.0,0.0,0.0
R12v99jzKt,3,27.0,1,0.0,0.0,3.0,3.0,100.0,25.0,0.0
k47O0F1ZEp,3,99.0,0,0.0,0.0,4.0,8.0,100.0,25.0,0.0
dqVGcH9IkU,2,24.0,1,0.0,0.0,10.875,29.0,100.0,100.0,12.5
lGFjjaZswx,1,27.0,0,0.0,0.0,1.0,1.0,100.0,50.0,0.0
PYgvqY1kBD,0,23.0,1,20.0,3.0,4.0,4.0,100.0,0.0,0.0
FZJYW2ZrZw,3,32.0,0,0.0,0.0,4.0256410256410255,26.166666666666668,100.0,100.0,12.5
nJFKN9zcWR,1,62.0,1,0.0,0.0,13.588235294117647,57.75,100.0,100.0,37.5
KKrB7uRaaW,3,35.0,1,0.0,0.0,3.0,3.0,50.0,0.0,0.0
E0UsKyRBkt,3,26.0,0,0.0,0.0,4.5,9.0,100.0,25.0,0.0
YKWd08J91u,1,23.0,0,0.0,0.0,3.0,6.0,100.0,50.0,0.0
IML4PaJ8dF,1,40.0,1,0.0,0.0,2.4,6.0,100.0,75.0,0.0
lgbZFrINcg,3,64.0,0,0.0,0.0,1.0,1.0,50.0,0.0,0.0
xjvh5Uzo1h,0,39.0,1,4.0,1.0,3.0,3.0,100.0,50.0,0.0
X5AHnH7Rhl,3,45.0,0,0.0,0.0,1.0,1.0,100.0,25.0,0.0
YDebwAlvO6,3,34.0,1,0.0,0.0,1.7142857142857142,4.8,100.0,75.0,0.0
UyjhLJhjXq,1,37.0,1,16.8,4.0,3.4347826086956523,15.8,100.0,100.0,37.5
vuRarfO8Oy,0,22.0,1,20.0,3.0,2.0,8.5,100.0,100.0,0.0
i8l1uMMRC6,0,39.0,1,0.0,0.0,3.0,3.0,100.0,0.0,0.0
lhhwBGf58z,3,43.0,0,0.0,0.0,2.0,2.0,100.0,50.0,0.0
KFfuSPMWgY,3,30.0,1,4.0,1.0,1.5,6.0,100.0,50.0,0.0
pJK7bL61vf,1,39.0,0,0.0,0.0,2.6666666666666665,4.0,100.0,100.0,0.0
yy5cWWSMqW,0,35.0,1,4.0,1.0,1.5833333333333333,3.8,100.0,100.0,12.5
yFCHVUeKGO,1,60.0,1,0.0,0.0,2.0,3.0,100.0,100.0,37.5
EKeQkLXhBC,0,24.0,1,0.0,0.0,1.0,1.0,50.0,0.0,0.0
fqNSBKA3KV,1,53.0,0,0.0,0.0,4.0,12.0,100.0,100.0,0.0
IExMUX1oaH,0,49.0,0,0.0,0.0,2.5384615384615383,13.2,100.0,100.0,12.5
y8BH1dVtyK,3,22.0,0,0.0,0.0,2.25,9.0,100.0,25.0,0.0
4QDkhD2UOy,3,18.0,0,4.0,1.0,1.75,7.0,100.0,25.0,0.0
GTDFyTNUtw,0,43.0,1,0.0,0.0,1.0,3.0,100.0,100.0,0.0
oLPsU1rZkt,2,39.0,0,0.0,0.0,3.5,7.0,100.0,50.0,0.0
aZoEyg9VVI,0,49.0,0,0.0,0.0,4.0,4.0,100.0,50.0,0.0
nYgQL8sN4y,0,51.0,1,0.0,0.0,5.75,38.333333333333336,100.0,100.0,37.5
IH7mjUXdZY,0,42.0,0,0.0,0.0,1.9361702127659575,13.0,100.0,100.0,37.5
CvaUOTcPEz,0,37.0,0,20.0,3.0,4.782608695652174,18.333333333333332,100.0,100.0,25.0
yLUbquFIzY,0,36.0,1,0.0,0.0,1.3333333333333333,4.0,100.0,50.0,0.0
VH39CToxXF,1,43.0,0,0.0,0.0,2.0,2.6666666666666665,100.0,50.0,0.0
Pjd4sOy6wT,0,39.0,1,0.0,0.0,2.5294117647058822,14.333333333333334,100.0,100.0,0.0
d69ia0L9YC,3,39.0,1,0.0,0.0,4.5,4.5,100.0,25.0,0.0
rfxt94SNPx,3,39.0,0,0.0,0.0,1.0,1.0,100.0,25.0,0.0
fanFldmUdI,1,39.0,1,0.0,0.0,3.5,7.0,100.0,50.0,0.0
aViO74v6eM,0,41.0,1,0.0,0.0,3.5,9.333333333333334,100.0,100.0,25.0
oMI9PzMJUd,0,44.0,1,0.0,0.0,2.2222222222222223,6.666666666666667,100.0,75.0,0.0
XuNVXxl1UB,0,20.0,0,0.0,0.0,6.0,12.0,100.0,75.0,0.0
fKedxW3mOq,0,39.0,1,0.0,0.0,1.0,1.0,50.0,0.0,0.0
BGMMIfByHL,1,46.0,0,0.0,0.0,3.5,10.5,100.0,50.0,0.0
NmRR0bKtTk,0,39.0,1,0.0,0.0,1.5,3.0,100.0,25.0,0.0
z4FCDw32fq,0,32.0,0,4.0,1.0,2.25,11.25,100.0,100.0,0.0
x21vJHJj1p,3,36.0,0,20.0,3.0,5.314814814814815,31.88888888888889,100.0,100.0,62.5
5ht4iW2xa2,3,52.0,0,0.0,0.0,2.0,5.0,100.0,50.0,0.0
QY0ORjy1za,0,24.0,1,0.0,0.0,5.714285714285714,26.666666666666668,100.0,100.0,25.0
ZTuRoVZu2z,3,39.0,0,0.0,0.0,1.5,3.0,100.0,25.0,0.0
00yxittskM,3,28.0,1,4.0,1.0,2.0,4.0,100.0,75.0,0.0
ijyu9pSWSO,3,39.0,1,0.0,0.0,3.0,3.0,100.0,0.0,0.0
XYfMaweeH5,2,89.0,0,1.4,1.0,1.96,9.8,100.0,100.0,0.0
MVWwfBnGKp,3,35.0,1,0.0,0.0,2.0,2.0,100.0,25.0,0.0
9YdlzEquNq,0,19.0,1,0.0,0.0,2.75,5.5,100.0,50.0,0.0
3pwIl7m76Y,0,38.0,1,0.0,0.0,1.0,1.0,100.0,50.0,0.0
8WUZoTkzXM,0,39.0,1,0.0,0.0,1.8666666666666667,11.2,100.0,100.0,12.5
gzZoGGWrvu,2,46.0,1,0.0,0.0,4.0,20.0,100.0,100.0,0.0
XXxzhNBAUP,3,39.0,0,0.0,0.0,1.3333333333333333,2.0,100.0,25.0,0.0
YYm68EeiZh,1,44.0,0,0.0,0.0,1.3333333333333333,2.6666666666666665,100.0,75.0,0.0
IdTtkAFv9v,0,40.0,1,4.0,1.0,2.16,13.5,100.0,25.0,0.0
xwMDoW2qco,1,39.0,1,0.0,0.0,1.5,1.5,100.0,50.0,0.0
77b84y6HOC,1,55.0,0,0.0,0.0,3.0,12.0,100.0,100.0,0.0
huMVZ9i5sx,3,36.0,1,4.0,1.0,3.0,6.0,100.0,0.0,0.0
uoN2Ht5vm2,0,42.0,0,0.0,0.0,1.0,1.0,100.0,25.0,0.0
QxW2DWKAOC,1,39.0,0,0.0,0.0,1.0,1.0,100.0,25.0,0.0
fhq2Wzcbqh,2,39.0,0,0.0,0.0,1.2,3.0,100.0,50.0,0.0
rZ5wmTxqjs,0,41.0,0,0.0,0.0,5.6521739130434785,21.666666666666668,100.0,100.0,12.5
ZhXPJODvYP,0,38.0,0,26.0,5.0,2.625,10.5,100.0,75.0,0.0
g8gnOFm7pm,3,39.0,0,0.0,0.0,2.0,2.0,100.0,25.0,0.0
XWiNy3uPAs,1,25.0,1,0.0,0.0,1.5,1.5,100.0,25.0,0.0
jSOscC7DyU,0,40.0,1,20.0,3.0,1.6875,6.75,100.0,100.0,0.0
3MgPW33jtv,3,30.0,0,0.0,0.0,1.0,2.0,100.0,25.0,0.0
PQp6MERmCm,0,40.0,1,0.0,0.0,3.6666666666666665,16.5,100.0,100.0,0.0
oy9qxxzlS5,3,39.0,1,0.0,0.0,1.6666666666666667,2.5,50.0,0.0,0.0
KBOWnsoJCN,0,42.0,1,0.0,0.0,3.0,3.0,100.0,25.0,0.0
FHtBJPMRZL,3,33.0,0,4.0,1.0,2.7916666666666665,16.75,100.0,100.0,12.5
U41PY5ElKt,0,38.0,1,0.0,0.0,1.0,2.0,100.0,50.0,0.0
8M0AncvuRP,0,31.0,1,0.0,0.0,2.823529411764706,16.0,100.0,100.0,12.5
KDjmsv6BNd,3,26.0,0,23.0,4.0,2.0,9.0,100.0,75.0,0.0
AFtAC9ePJz,0,38.0,0,0.0,0.0,3.0,3.0,100.0,50.0,0.0
9DCsHY37MY,0,40.0,1,0.0,0.0,2.0,2.0,100.0,0.0,0.0
aj7XKI7Y6x,3,63.0,0,4.0,1.0,6.428571428571429,22.5,100.0,100.0,0.0
uSKV5p0o6I,1,33.0,1,0.0,0.0,2.0,2.0,100.0,25.0,0.0
doUi8c4EZ4,0,46.0,1,4.0,1.0,1.5714285714285714,5.5,100.0,75.0,0.0
Zbh1luTB8j,3,22.0,1,0.0,0.0,1.8333333333333333,3.6666666666666665,100.0,25.0,0.0
Eqn18Nlo7y,1,36.0,0,0.0,0.0,2.5,5.0,50.0,0.0,0.0
u2qlvy519b,3,54.0,1,4.4,1.0,1.4782608695652173,6.8,100.0,75.0,0.0
IwVtVX9OHS,0,43.0,0,4.0,1.0,3.5,14.0,100.0,100.0,0.0
o5j3Hml3ep,3,35.0,0,4.0,1.0,2.0,5.0,100.0,50.0,0.0
Qgki6j4rb2,0,39.0,1,4.0,1.0,1.2222222222222223,5.5,100.0,100.0,0.0
rSpgSlVN5X,1,44.0,0,0.0,0.0,2.1333333333333333,10.666666666666666,100.0,100.0,25.0
bRJel6N5Au,3,38.0,0,0.0,0.0,2.5,5.0,100.0,25.0,0.0
3PHAj56kNh,1,39.0,0,7.0,2.0,3.25,13.0,100.0,100.0,0.0
lMdCYMatSW,0,42.0,0,0.0,0.0,2.3333333333333335,7.0,100.0,50.0,0.0
Vni4lxbKnh,0,40.0,1,0.0,0.0,1.9523809523809523,6.833333333333333,100.0,100.0,12.5
3bSHE0fzKy,1,40.0,0,0.0,0.0,1.0,1.0,50.0,0.0,0.0
D65aRtrjJd,1,26.0,0,19.599998,5.0,3.0,9.0,100.0,100.0,0.0
n6xWnq3Cu5,3,39.0,1,4.4,1.0,3.5,7.0,100.0,25.0,0.0
FkJTXUjLUg,1,50.0,0,0.0,0.0,4.451612903225806,27.6,100.0,100.0,50.0
bqZW30f5UN,1,46.0,1,0.0,0.0,1.0,3.0,100.0,50.0,0.0
rvnQGVUS0S,0,39.0,1,0.0,0.0,2.5,5.0,100.0,50.0,0.0
QLqBPA9xLE,3,41.0,1,4.0,1.0,1.75,4.666666666666667,100.0,75.0,0.0
esHxMl8sNo,1,43.0,1,0.0,0.0,4.0,8.0,100.0,50.0,0.0
ELxFqY35OO,0,46.0,1,0.0,0.0,1.5,3.0,100.0,50.0,0.0
7tt3j9b4bb,1,32.0,1,0.0,0.0,2.0,2.0,50.0,0.0,0.0
bBmhJcdZuc,3,54.0,0,0.0,0.0,1.6363636363636365,6.0,100.0,75.0,0.0
Zb9oW3sxAU,3,44.0,0,0.0,0.0,3.0,12.0,100.0,75.0,0.0
KKasUMiDCu,3,55.0,0,0.0,0.0,2.0,2.0,50.0,0.0,0.0
DE6Sw9HshX,3,57.0,0,10.0,2.0,1.3076923076923077,2.8333333333333335,100.0,50.0,0.0
gZSjVVTh2W,1,36.0,0,0.0,0.0,1.0,1.0,100.0,50.0,0.0
44SREV0Y0M,3,45.0,0,0.0,0.0,1.0,1.6666666666666667,100.0,50.0,0.0
qfmTePAIXp,3,32.0,0,0.0,0.0,3.0,3.0,100.0,25.0,0.0
UqBJuFO9By,3,42.0,0,0.0,0.0,1.0,1.0,50.0,0.0,0.0
4sXPLzbuTf,0,45.0,1,4.0,1.0,5.222222222222222,23.5,100.0,100.0,0.0
3vVJ5jzAON,1,39.0,1,0.0,0.0,1.5555555555555556,7.0,100.0,75.0,0.0
JsMTSk83pP,1,54.0,1,0.0,0.0,1.0,1.0,50.0,0.0,0.0
N4joCpbBi7,1,34.0,1,2.8,1.0,5.333333333333333,20.0,100.0,100.0,37.5
QeJOiRzw7s,1,26.0,0,0.0,0.0,4.75,19.0,100.0,75.0,0.0
6KicOfunJj,3,36.0,1,0.0,0.0,2.5555555555555554,7.666666666666667,100.0,75.0,0.0
7lRtQOuDpP,1,31.0,0,0.0,0.0,1.5,3.0,50.0,0.0,0.0
HZEt1ScvjL,3,23.0,0,0.0,0.0,2.2,5.5,100.0,50.0,0.0
bRrq0sC4pQ,0,44.0,1,0.0,0.0,2.75,5.5,100.0,75.0,0.0
gDHne6fJY8,0,28.0,1,0.0,0.0,1.0,1.0,50.0,0.0,0.0
KtpsHvAMxo,0,39.0,0,0.0,0.0,3.2,16.0,100.0,75.0,0.0
vjy1fVaBW8,1,39.0,0,0.0,0.0,14.0,14.0,100.0,50.0,0.0
kvovrachAc,0,43.0,0,0.0,0.0,3.1666666666666665,9.5,100.0,100.0,0.0
zwAHjN3vel,3,46.0,1,0.0,0.0,1.0,1.0,100.0,25.0,0.0
wdjGEDunpB,1,41.0,0,0.0,0.0,2.0,2.0,100.0,50.0,0.0
Xid3sMvGfi,2,46.0,1,0.0,0.0,1.5,4.5,100.0,100.0,0.0
6NCsLa3waw,0,41.0,1,0.0,0.0,2.75,11.0,100.0,100.0,0.0
Hx7dBMvDFz,3,38.0,1,0.0,0.0,1.3333333333333333,2.0,100.0,0.0,0.0
QmEt7X2jg9,3,25.0,0,0.0,0.0,3.0,3.0,50.0,0.0,0.0
98pt4IbeRu,1,39.0,0,0.0,0.0,1.0,2.0,50.0,0.0,0.0
IXQzdrsgPt,1,39.0,1,2.8,1.0,1.6666666666666667,7.5,100.0,100.0,0.0
3qaKiOxoWf,1,40.0,1,0.0,0.0,1.0,1.0,100.0,0.0,0.0
N9riS0UGih,3,29.0,0,10.0,2.0,3.5428571428571427,20.666666666666668,100.0,100.0,37.5
OXMatQVPMB,3,44.0,1,0.0,0.0,4.2,25.2,100.0,100.0,37.5
vLPDbzA4kz,1,39.0,1,0.0,0.0,1.0,1.0,100.0,25.0,0.0
T7LkewqtRC,3,39.0,1,0.0,0.0,4.25,8.5,100.0,50.0,0.0
Y4MALYxTLd,3,23.0,0,0.0,0.0,1.0,2.0,50.0,0.0,0.0
NPRoCXzsP9,0,39.0,0,0.0,0.0,1.5,3.0,100.0,50.0,0.0
UfHIEEyE5a,2,39.0,0,0.0,0.0,5.666666666666667,28.333333333333332,100.0,100.0,0.0
psSSxlnwD4,0,39.0,1,20.0,3.0,3.4,6.8,100.0,100.0,12.5
0CcpX3j8y8,1,45.0,1,0.0,0.0,12.714285714285714,44.5,100.0,100.0,0.0
osGo7XN0tb,0,39.0,0,4.0,1.0,3.0588235294117645,17.333333333333332,100.0,100.0,0.0
pRT8iRob7S,0,39.0,0,0.0,0.0,1.25,2.5,100.0,25.0,0.0
xcYgsVxAu4,0,39.0,0,0.0,0.0,2.625,7.0,100.0,100.0,0.0
tg2anAQxcC,1,48.0,0,41.999992,13.0,3.4693877551020407,24.285714285714285,100.0,100.0,75.0
oEdSNb2mc6,0,52.0,0,0.0,0.0,2.4,6.0,100.0,100.0,0.0
HzPmlWfe8S,0,39.0,0,0.0,0.0,2.25,4.5,100.0,50.0,0.0
gCyAE7y7BD,1,39.0,1,0.0,0.0,1.5192307692307692,8.777777777777779,100.0,100.0,25.0
rxDfd3NoPs,3,39.0,0,0.0,0.0,1.0,1.0,50.0,0.0,0.0
kY3fXlEW9C,1,39.0,0,0.0,0.0,6.0,6.0,100.0,50.0,0.0
yjCkZFVSLm,2,18.0,1,0.0,0.0,2.857142857142857,10.0,100.0,75.0,0.0
lspwmllZGb,1,36.0,0,0.0,0.0,2.642857142857143,12.333333333333334,100.0,100.0,0.0
FkQQVP0SQb,0,49.0,0,10.0,2.0,1.6666666666666667,2.5,100.0,100.0,0.0
P37iJDX3uY,0,39.0,1,0.0,0.0,1.0,1.0,50.0,0.0,0.0
qNP7O5hhOm,3,39.0,1,0.0,0.0,7.444444444444445,22.333333333333332,100.0,100.0,12.5
bHQRBDjSgQ,1,39.0,1,0.0,0.0,1.4,3.5,100.0,75.0,0.0
QmyM474Cmp,3,37.0,1,10.0,2.0,5.071428571428571,17.75,100.0,75.0,0.0
CgKUlspeqP,3,39.0,1,0.0,0.0,2.5,2.5,100.0,25.0,0.0
2YEsGtjcLP,0,39.0,0,0.0,0.0,1.0,1.0,50.0,0.0,0.0
eJyeFwVck8,0,39.0,1,0.0,0.0,2.0,2.0,100.0,0.0,0.0
tX1uPTRmTj,3,39.0,1,0.0,0.0,1.0,1.0,100.0,0.0,0.0
bTaHzy1mfJ,2,39.0,0,0.0,0.0,2.0,2.0,50.0,0.0,0.0
9xRpLu8zWr,3,39.0,1,0.0,0.0,3.0,3.0,100.0,25.0,0.0
hls7KYIrpL,3,39.0,1,0.0,0.0,1.0,1.0,100.0,25.0,0.0
NJ1zVk5ULH,0,25.0,1,4.0,1.0,2.923076923076923,12.666666666666666,100.0,100.0,12.5
lyeGSO07Bw,0,32.0,1,0.0,0.0,4.8125,25.666666666666668,100.0,100.0,25.0
YbkPAoqpur,2,25.0,1,0.0,0.0,1.5,3.0,100.0,25.0,0.0
y0TzfTCJet,3,40.0,1,20.0,3.0,3.0,6.0,100.0,100.0,0.0
vhDEJDSsJ9,3,39.0,1,0.0,0.0,1.0,1.0,100.0,25.0,0.0
B0S2Bkue7u,0,39.0,0,0.0,0.0,1.75,4.666666666666667,100.0,100.0,0.0
1AiLFIOJZB,3,45.0,0,0.0,0.0,1.0,1.0,100.0,25.0,0.0
h1gjcXRT5N,3,21.0,0,0.0,0.0,1.0,1.0,100.0,0.0,0.0
9WNX5aaMPR,1,28.0,0,22.4,6.0,7.666666666666667,46.0,100.0,100.0,37.5
ZDKceZiH6h,3,51.0,1,10.0,2.0,2.08,10.4,100.0,100.0,25.0
NTvlsdErEO,0,18.0,1,0.0,0.0,5.5,11.0,100.0,50.0,0.0
0TR8m8lwdy,3,39.0,1,0.0,0.0,2.0,8.0,100.0,50.0,0.0
29qmaywAAi,1,24.0,1,0.0,0.0,2.5384615384615383,8.25,100.0,100.0,0.0
6nfNxI0jfi,1,34.0,0,0.0,0.0,4.521739130434782,26.0,100.0,100.0,25.0
4IcMJdQbcB,0,40.0,0,0.0,0.0,7.0,7.0,100.0,75.0,0.0
KJOKSjZ8yv,0,46.0,0,0.0,0.0,4.944444444444445,22.25,100.0,100.0,12.5
OSPhNXPNyL,3,38.0,1,4.0,1.0,2.6666666666666665,4.0,100.0,50.0,0.0
7YqqCmxsOz,3,39.0,1,0.0,0.0,2.6666666666666665,8.0,100.0,25.0,0.0
EUpDDdxPeP,3,34.0,0,0.0,0.0,1.0,1.0,50.0,0.0,0.0
UqjRQKJvu3,1,34.0,1,30.799995,9.0,2.5714285714285716,9.0,100.0,75.0,0.0
wxSRrwd0fm,3,50.0,0,0.0,0.0,4.0,8.0,100.0,50.0,0.0
3lrWeVPuJf,2,18.0,1,6.8999996,3.0,2.6470588235294117,9.0,100.0,100.0,0.0
kg1Z9B5fqh,1,23.0,0,0.0,0.0,2.0,4.0,100.0,75.0,0.0
VCXr773xrb,0,39.0,1,0.0,0.0,2.0,4.0,100.0,75.0,0.0
rX9DAi5D5I,3,39.0,0,0.0,0.0,2.28,7.125,100.0,100.0,12.5
0vEivjYyA5,1,39.0,0,0.0,0.0,1.5,1.5,50.0,0.0,0.0
49QYC3asyn,3,33.0,0,0.0,0.0,1.0,1.0,100.0,0.0,0.0
wn4B4486kp,3,46.0,1,0.0,0.0,2.2857142857142856,8.0,100.0,50.0,0.0
qDmKFlZE5m,0,51.0,1,0.0,0.0,6.333333333333333,19.0,100.0,100.0,12.5
5G6Rm1AScw,3,29.0,0,4.0,1.0,2.5714285714285716,7.2,100.0,100.0,0.0
755yh3oF1y,3,72.0,0,20.0,3.0,3.8333333333333335,11.5,100.0,75.0,0.0
sVKhhrywSZ,0,36.0,0,0.0,0.0,1.6666666666666667,1.6666666666666667,100.0,25.0,0.0
chVB4DjiAT,0,39.0,1,0.0,0.0,2.0,2.0,50.0,0.0,0.0
uXuQK0sMXJ,0,61.0,1,10.0,2.0,2.3214285714285716,13.0,100.0,100.0,25.0
wg7GvQm00h,0,35.0,1,0.0,0.0,1.2,3.0,100.0,75.0,0.0
H9BTEN1rO1,3,44.0,1,0.0,0.0,1.0,1.0,50.0,0.0,0.0
Zg4tWs1Nqp,1,50.0,1,0.0,0.0,1.7777777777777777,2.6666666666666665,100.0,50.0,0.0
I5VNxZEIPu,0,39.0,1,0.0,0.0,2.0,2.0,100.0,25.0,0.0
VUcwsCdgfI,3,46.0,0,20.0,3.0,2.4516129032258065,15.2,100.0,100.0,25.0
gqUCesOkrc,1,36.0,1,0.0,0.0,3.8666666666666667,23.2,100.0,100.0,37.5
jO8YwPlwMB,1,38.0,1,0.0,0.0,1.0,1.0,100.0,25.0,0.0
Xfzxx3xMFk,3,24.0,0,0.0,0.0,1.0,2.0,50.0,0.0,0.0
nZhP2mQ6dp,0,33.0,1,0.0,0.0,1.6666666666666667,1.6666666666666667,100.0,50.0,0.0
DJsiz6AvXS,3,55.0,1,0.0,0.0,2.6666666666666665,8.0,100.0,75.0,0.0
eNWYd8rTYA,1,43.0,0,0.0,0.0,2.2857142857142856,5.333333333333333,100.0,75.0,0.0
IMxh7qgzoN,0,42.0,1,0.0,0.0,2.2222222222222223,10.0,100.0,100.0,25.0
At24u84yz8,1,38.0,1,2.8,1.0,4.0,4.0,100.0,75.0,0.0
4IaIGIvkPw,1,40.0,0,0.0,0.0,1.0,1.0,100.0,0.0,0.0
n8vmj6dJay,1,25.0,0,0.0,0.0,1.3333333333333333,4.0,100.0,100.0,0.0
MuCHTcIjMA,1,41.0,1,19.599998,5.0,3.0,14.25,100.0,100.0,12.5
KwyiOEi5bx,0,32.0,0,0.0,0.0,2.7142857142857144,9.5,100.0,100.0,0.0
WFQE6XTLbe,0,23.0,0,4.0,1.0,4.285714285714286,10.0,100.0,100.0,12.5
ModJQBjKEO,1,53.0,0,67.200005,21.0,3.272727272727273,12.0,100.0,100.0,25.0
qMXfandzUM,1,38.0,0,0.0,0.0,2.0,2.0,100.0,50.0,0.0
aH82D8iIAg,0,60.0,0,0.0,0.0,8.113636363636363,51.0,100.0,100.0,75.0
bweABjO4YX,1,44.0,1,0.0,0.0,4.0,8.0,100.0,75.0,0.0
P4apt8WGAm,2,31.0,0,0.0,0.0,2.0588235294117645,8.75,100.0,100.0,12.5
u4FquKZ4KI,0,58.0,0,4.0,1.0,1.75,3.5,100.0,50.0,0.0
cS2i0vSPGM,0,39.0,0,0.0,0.0,2.0,2.0,100.0,25.0,0.0
zWaesdfH1V,1,44.0,0,0.0,0.0,4.933333333333334,24.666666666666668,100.0,100.0,37.5
CM8kQmQ4YQ,0,39.0,1,0.0,0.0,1.5,6.0,100.0,75.0,0.0
icwes43zRW,1,46.0,1,0.0,0.0,2.3142857142857145,11.571428571428571,100.0,100.0,50.0
8oH5FUgtgM,1,49.0,1,0.0,0.0,1.0,1.0,100.0,25.0,0.0
eSOJz8rZuL,1,36.0,0,0.0,0.0,3.0,18.0,100.0,100.0,12.5
BVXhs0IDid,0,39.0,1,0.0,0.0,3.0,9.0,100.0,25.0,0.0
DXIoGoKBlJ,3,36.0,1,0.0,0.0,3.7333333333333334,18.666666666666668,100.0,75.0,0.0
7xNzpkw2cp,0,64.0,0,20.0,3.0,2.064516129032258,9.142857142857142,100.0,100.0,37.5
1C6UGCv0xs,3,55.0,1,20.0,3.0,1.8571428571428572,4.333333333333333,100.0,50.0,0.0
nbSgrA3jj9,0,55.0,0,0.0,0.0,2.6666666666666665,8.0,100.0,75.0,0.0
JfOYgF6LJv,0,39.0,0,0.0,0.0,3.0,3.0,100.0,75.0,0.0
h2Esippe3E,3,58.0,0,0.0,0.0,1.0,1.0,50.0,0.0,0.0
dezpZ8GZAY,3,39.0,0,0.0,0.0,1.0,1.0,50.0,0.0,0.0
wlA51QVlsb,0,53.0,1,0.0,0.0,3.0,3.0,100.0,75.0,0.0
D9SiV3sBu2,1,45.0,0,2.8,1.0,1.0,1.0,100.0,75.0,0.0
cA89X4wfrP,0,55.0,0,0.0,0.0,1.4375,4.6,100.0,100.0,25.0
9KmuWlQbKX,1,47.0,1,0.0,0.0,2.0,2.6666666666666665,100.0,50.0,0.0
N09hEAOaJ2,3,34.0,0,10.0,2.0,4.406779661016949,28.88888888888889,100.0,100.0,62.5
9RxtPkDf2l,0,53.0,0,0.0,0.0,3.0,13.5,100.0,100.0,12.5
3XeNnGDvsG,3,43.0,0,0.0,0.0,1.0,1.0,100.0,0.0,0.0
9QtF0K6R4X,3,34.0,0,0.0,0.0,5.0,5.0,100.0,25.0,0.0
YafZXBTTzP,1,40.0,0,2.8,1.0,3.4,8.5,100.0,100.0,12.5
efnGqip2dI,0,48.0,1,20.0,3.0,7.285714285714286,25.5,100.0,100.0,0.0
HVpkKdWIwg,0,32.0,1,0.0,0.0,8.8,44.0,100.0,100.0,37.5
qBMXR2YCU8,3,63.0,0,0.0,0.0,1.6666666666666667,1.6666666666666667,100.0,0.0,0.0
BBrH0BgV9C,0,39.0,0,20.0,3.0,6.0,18.0,100.0,100.0,37.5
gBwiQFCae6,1,38.0,1,0.0,0.0,2.875,5.75,100.0,75.0,0.0
8lcExR6lAP,3,23.0,0,0.0,0.0,2.0,2.0,50.0,0.0,0.0
GFgeOFuO7u,3,35.0,0,0.0,0.0,1.6666666666666667,3.3333333333333335,100.0,75.0,0.0
439w9DL3Mw,3,46.0,0,0.0,0.0,5.0,5.0,100.0,25.0,0.0
86ZVFNR8Ck,1,32.0,1,0.0,0.0,9.5,19.0,100.0,75.0,0.0
lofZaFzo3h,0,60.0,1,0.0,0.0,2.25,4.5,100.0,50.0,0.0
66ZxidkrZd,1,39.0,0,0.0,0.0,1.5,2.4,100.0,75.0,0.0
H8YqHWi8ga,0,22.0,1,4.0,1.0,1.55,5.166666666666667,100.0,100.0,12.5
USZZhLzD8h,1,39.0,1,0.0,0.0,1.25,2.5,100.0,50.0,0.0
0CDJGmuXne,3,45.0,1,4.0,1.0,1.1666666666666667,2.3333333333333335,100.0,75.0,0.0
H6I2r1rsXb,3,51.0,0,0.0,0.0,1.6666666666666667,1.6666666666666667,100.0,0.0,0.0
kP91jOHiVo,1,41.0,0,0.0,0.0,2.0,2.0,100.0,25.0,0.0
rosZUp3pmN,0,37.0,1,0.0,0.0,1.0,1.0,50.0,0.0,0.0
ryM1bvzco3,0,41.0,1,23.0,4.0,1.0,1.0,100.0,50.0,0.0
9iPySpWndl,3,39.0,0,4.0,1.0,1.0,1.0,100.0,50.0,0.0
SaZT9ULrnw,3,48.0,1,0.0,0.0,8.096153846153847,52.625,100.0,100.0,62.5
SkpX4eOPlZ,0,46.0,1,0.0,0.0,5.333333333333333,16.0,100.0,75.0,0.0
9geMDIQKdB,3,43.0,0,0.0,0.0,1.4285714285714286,3.3333333333333335,100.0,0.0,0.0
vH4uXQ539b,3,57.0,0,0.0,0.0,3.5,3.5,100.0,25.0,0.0
QiKGlZRoyg,0,26.0,1,0.0,0.0,7.045454545454546,38.75,100.0,100.0,50.0
cvW79UGEB0,3,39.0,0,0.0,0.0,1.5,3.0,100.0,50.0,0.0
0R1zUNhBlZ,0,39.0,1,0.0,0.0,1.0,1.0,100.0,0.0,0.0
qoLByDRY84,1,60.0,0,2.8,1.0,1.8,4.5,100.0,75.0,0.0
UFW8vOLmgl,3,39.0,1,0.0,0.0,2.0,2.0,50.0,0.0,0.0
CoYKD3YvJg,3,25.0,0,4.0,1.0,1.6666666666666667,2.5,100.0,50.0,0.0
yj0K42M8aE,1,61.0,0,0.0,0.0,1.0,1.0,100.0,25.0,0.0
YCh6zR0DFd,1,61.0,1,0.0,0.0,4.178571428571429,23.4,100.0,100.0,25.0
g1orSInkyU,3,39.0,0,4.0,1.0,2.3333333333333335,2.3333333333333335,100.0,50.0,0.0
TCBp3XpmKU,3,39.0,0,0.0,0.0,1.0,3.0,100.0,0.0,0.0
LbPvtmOgud,0,38.0,1,0.0,0.0,6.155555555555556,39.714285714285715,100.0,100.0,50.0
N9MfjHNNce,3,39.0,1,0.0,0.0,2.0,2.0,100.0,0.0,0.0
mqkVbdyMiL,3,26.0,0,0.0,0.0,15.0,15.0,100.0,25.0,0.0
Cypcoug9TF,1,39.0,1,0.0,0.0,1.0,1.0,100.0,25.0,0.0
6kif8XjXMP,3,34.0,1,0.0,0.0,4.0,4.0,100.0,25.0,0.0
FitNC55NYJ,1,53.0,1,0.0,0.0,3.0,6.0,100.0,50.0,0.0
Q4yatIeUmQ,0,36.0,1,4.0,1.0,2.272727272727273,8.333333333333334,100.0,100.0,0.0
CpJOcClkAW,3,39.0,0,0.0,0.0,3.6666666666666665,11.0,100.0,50.0,0.0
g84h7393V1,1,51.0,0,0.0,0.0,1.5,2.0,100.0,50.0,0.0
kzOHwAyomD,1,36.0,1,0.0,0.0,1.5,1.5,100.0,50.0,0.0
TxBOWWQYH8,3,52.0,0,0.0,0.0,1.0,2.0,100.0,0.0,0.0
AW8MzBUYQ6,3,39.0,0,4.0,1.0,1.2,3.0,100.0,75.0,0.0
J895cPdtLA,3,32.0,1,0.0,0.0,3.7,12.333333333333334,100.0,75.0,0.0
eok5lGIdUA,1,39.0,0,0.0,0.0,4.0,4.0,50.0,0.0,0.0
v7hR984sJP,3,39.0,1,0.0,0.0,2.0,2.0,100.0,0.0,0.0
S2WkmdfLHI,0,39.0,0,0.0,0.0,1.0,1.0,50.0,0.0,0.0
1DPkDDj8G0,2,39.0,0,0.0,0.0,5.125,13.666666666666666,100.0,75.0,0.0
QtJ4fQWX7J,3,39.0,0,0.0,0.0,1.6666666666666667,8.75,100.0,100.0,12.5
5UgnXFWFWw,3,64.0,0,4.0,1.0,8.0,24.0,100.0,100.0,0.0
cgJeR4unKK,1,43.0,1,0.0,0.0,1.0,1.0,50.0,0.0,0.0
Y1wDy3aQOl,3,48.0,0,20.0,3.0,3.5357142857142856,12.375,100.0,100.0,12.5
SC3JGZIlkZ,0,39.0,1,0.0,0.0,4.764705882352941,27.0,100.0,75.0,0.0
1Ea1vTn6c9,0,39.0,0,0.0,0.0,3.125,6.25,100.0,0.0,0.0
1IoQdWkL59,0,39.0,1,0.0,0.0,3.3333333333333335,10.0,100.0,75.0,0.0
9wgPg3y3Mk,0,34.0,1,0.0,0.0,2.5454545454545454,9.333333333333334,100.0,100.0,0.0
rPPzdCtQsW,3,50.0,1,4.0,1.0,2.0,3.0,100.0,75.0,0.0
FEkLyaAVht,0,58.0,0,0.0,0.0,2.1818181818181817,6.0,100.0,100.0,0.0
wIjwytB8wP,3,39.0,1,4.0,1.0,5.0,5.0,100.0,25.0,0.0
TArsdZfvBu,0,54.0,0,0.0,0.0,2.357142857142857,5.5,100.0,100.0,12.5
DQjEEGLx88,3,37.0,0,0.0,0.0,1.5,3.0,100.0,0.0,0.0
zJKl3pscVo,1,44.0,1,2.8,1.0,3.375,20.25,100.0,100.0,62.5
wXhi0wyCIY,3,63.0,0,0.0,0.0,1.0,2.0,100.0,0.0,0.0
ybx4xMWCre,3,53.0,0,0.0,0.0,1.5454545454545454,5.666666666666667,50.0,0.0,0.0
TPkHaEzW7q,0,39.0,1,0.0,0.0,1.0,1.0,100.0,100.0,0.0
pTeHtnBwC6,0,37.0,1,0.0,0.0,5.6,14.0,100.0,25.0,0.0
cl49BQXW2i,3,39.0,1,0.0,0.0,1.0,1.0,50.0,0.0,0.0
MDnfZEwLXq,3,51.0,0,0.0,0.0,2.0,2.0,100.0,25.0,0.0
v20l5B6iVm,0,39.0,0,4.0,1.0,1.0,1.0,100.0,100.0,75.0
FVhkPEjC3W,1,39.0,0,0.0,0.0,9.5,9.5,100.0,100.0,0.0
Tr31qF6b5d,1,36.0,0,0.0,0.0,9.0,9.0,100.0,50.0,0.0
HiSfdgf72K,0,37.0,1,0.0,0.0,9.75,39.0,100.0,100.0,37.5
mRrhq3fU4A,1,39.0,1,0.0,0.0,2.0,2.0,100.0,0.0,0.0
Utmfva7sjl,0,34.0,1,0.0,0.0,2.0,4.0,100.0,75.0,0.0
G44KxV26BR,0,34.0,0,4.0,1.0,1.5714285714285714,3.6666666666666665,100.0,100.0,12.5
eALj8ZfXVt,0,33.0,1,0.0,0.0,2.0,2.0,100.0,25.0,0.0
Vp0wC1sb7j,0,18.0,1,0.0,0.0,1.0,2.0,100.0,50.0,0.0
bzjcvHxAqH,0,37.0,1,0.0,0.0,1.0,1.0,50.0,0.0,0.0
HKsxX2qIKw,3,45.0,1,0.0,0.0,5.163265306122449,31.625,100.0,100.0,50.0
NnWZyJWp7T,0,48.0,1,4.0,1.0,8.666666666666666,55.714285714285715,100.0,100.0,87.5
5gD06grQii,3,39.0,1,0.0,0.0,3.8157894736842106,24.166666666666668,100.0,100.0,50.0
irh78eSKJg,0,39.0,1,0.0,0.0,1.7142857142857142,8.0,100.0,100.0,0.0
DR7aqUlGua,1,39.0,0,0.0,0.0,1.5,3.0,100.0,50.0,0.0
VEJWJa8K01,1,38.0,0,0.0,0.0,4.421052631578948,21.0,100.0,100.0,25.0
ABzuJndpaO,3,38.0,0,4.0,1.0,2.6,6.5,100.0,75.0,0.0
FBt3krzbXx,1,39.0,0,0.0,0.0,4.032258064516129,25.0,100.0,100.0,50.0
Smag1yTcvr,2,18.0,1,0.0,0.0,3.206896551724138,18.6,100.0,25.0,0.0
cxp1QCeRIi,1,39.0,0,0.0,0.0,2.0,4.666666666666667,100.0,75.0,0.0
GRNyjM4q9n,1,32.0,0,2.8,1.0,5.8,38.666666666666664,100.0,100.0,12.5
IW7ym88oId,3,29.0,1,4.4,1.0,2.6666666666666665,8.0,100.0,25.0,0.0
np7eS3gTsn,3,33.0,0,4.0,1.0,1.2,3.0,100.0,25.0,0.0
AY3E1Ay0FU,3,18.0,1,0.0,0.0,2.0,2.0,100.0,25.0,0.0
MLfptB8xqV,1,33.0,1,14.0,3.0,3.0714285714285716,14.333333333333334,100.0,100.0,12.5
XAeJhUPjtc,1,39.0,0,0.0,0.0,4.4,11.0,100.0,100.0,0.0
uUVBf40XwT,3,71.0,1,0.0,0.0,3.2666666666666666,19.6,100.0,75.0,0.0
bOgiJPdvKW,0,39.0,1,0.0,0.0,3.2,16.0,100.0,75.0,0.0
HYFLJH636C,3,39.0,0,0.0,0.0,3.5,10.5,100.0,50.0,0.0
X43SOH1lts,1,33.0,0,0.0,0.0,1.5,1.5,100.0,25.0,0.0
3i8oKH12GX,3,39.0,0,0.0,0.0,5.5,5.5,100.0,0.0,0.0
JLszBywLCf,0,24.0,1,4.0,1.0,5.571428571428571,15.6,100.0,100.0,25.0
cOkywBn1le,0,39.0,0,20.0,3.0,3.090909090909091,17.0,100.0,100.0,12.5
p9DZg8HPPp,1,42.0,0,2.8,1.0,2.5121951219512195,14.714285714285714,100.0,100.0,37.5
LkCAkUfWBg,3,50.0,0,0.0,0.0,1.5,2.4,50.0,0.0,0.0
tinIVkhJLk,0,39.0,1,0.0,0.0,1.0,1.0,100.0,50.0,0.0
L88ynIoIwk,3,26.0,0,4.0,1.0,2.5,5.0,100.0,50.0,0.0
1Q79H7JQDK,1,39.0,0,0.0,0.0,5.3125,28.333333333333332,100.0,100.0,12.5
yYcGFLVDU9,1,24.0,0,0.0,0.0,10.5,10.5,100.0,50.0,0.0
BigapXCBh4,3,39.0,1,0.0,0.0,1.0,1.2,100.0,25.0,0.0
GEFADYHt63,3,39.0,0,4.0,1.0,2.4,8.0,100.0,75.0,0.0
8aNMUgpCaw,0,42.0,0,0.0,0.0,1.5,6.75,100.0,100.0,0.0
VxvjPzbYDt,0,39.0,0,0.0,0.0,1.75,4.2,100.0,50.0,0.0
xCeNZhDY2m,3,39.0,1,0.0,0.0,2.0,2.0,100.0,25.0,0.0
7ztR22H4Ox,3,62.0,0,4.4,1.0,3.9615384615384617,20.6,100.0,100.0,25.0
qcCwVwnQTl,3,28.0,1,0.0,0.0,1.0,1.0,100.0,25.0,0.0
3WXFnw78Sa,0,39.0,0,0.0,0.0,1.0,1.0,50.0,0.0,0.0
RCHQeSAd0L,3,47.0,0,4.0,1.0,3.0,12.0,100.0,25.0,0.0
MfymSMyNzH,3,25.0,0,0.0,0.0,1.0,1.0,50.0,0.0,0.0
0uSrP1BJBJ,0,39.0,0,0.0,0.0,5.0,10.0,100.0,75.0,0.0
IQ3L3lzvLW,3,39.0,1,0.0,0.0,8.0,8.0,100.0,50.0,0.0
3dz6VNdCI7,0,57.0,0,20.0,3.0,2.0,2.8,100.0,100.0,0.0
F3wdnC0hiK,1,39.0,0,0.0,0.0,1.0,1.0,100.0,0.0,0.0
wX2iDhZQOy,1,58.0,0,0.0,0.0,1.0,1.0,50.0,0.0,0.0
37ntOHMKhn,0,39.0,1,0.0,0.0,1.5,1.5,50.0,0.0,0.0
ZDfPrzBuVk,3,35.0,0,0.0,0.0,2.0,2.0,100.0,25.0,0.0
EeH5R0RSJf,0,29.0,1,0.0,0.0,1.8571428571428572,6.5,100.0,75.0,0.0
g7eugWonPF,0,42.0,0,0.0,0.0,1.6363636363636365,4.5,100.0,100.0,12.5
XeFnM48Yew,0,25.0,1,0.0,0.0,1.0,1.0,100.0,0.0,0.0
ot8wOxmLmw,0,57.0,0,0.0,0.0,3.6666666666666665,11.0,100.0,75.0,0.0
UyjdqqoRXT,3,39.0,0,0.0,0.0,5.75,23.0,100.0,75.0,0.0
yJZX5gznOa,0,46.0,1,0.0,0.0,6.888888888888889,31.0,100.0,50.0,0.0
KVd9B38uRG,3,19.0,1,0.0,0.0,2.25,6.75,100.0,50.0,0.0
54vIP13wJ2,0,40.0,0,0.0,0.0,1.0,1.5,100.0,75.0,0.0
tp6H0drsjB,3,52.0,1,0.0,0.0,1.0,1.8,100.0,50.0,0.0
MAMzSgih6j,0,39.0,0,0.0,0.0,3.6785714285714284,17.166666666666668,100.0,100.0,50.0
Jv6413QAju,3,40.0,0,51.699997,12.0,3.4130434782608696,15.7,100.0,100.0,37.5
dxxf8n0Wce,3,50.0,1,4.0,1.0,2.4242424242424243,10.0,100.0,100.0,37.5
xb8yIO6hdz,1,30.0,0,0.0,0.0,1.0,2.0,100.0,50.0,0.0
HbxgGIqB32,3,18.0,0,20.0,3.0,6.0,6.0,100.0,50.0,0.0
sU5DS3Gk72,3,45.0,1,0.0,0.0,2.25,4.5,100.0,0.0,0.0
7MvVmLcBXU,0,23.0,1,20.0,3.0,3.111111111111111,9.333333333333334,100.0,75.0,0.0
E8sPii6BOK,1,41.0,0,0.0,0.0,1.5,3.0,50.0,0.0,0.0
sH5UcCJmyp,1,45.0,1,0.0,0.0,1.6666666666666667,2.5,100.0,75.0,0.0
lEc5vdArlV,0,44.0,1,0.0,0.0,3.0,4.5,100.0,75.0,0.0
YlteAimiDX,2,46.0,1,2.0,1.0,3.0,3.0,100.0,0.0,0.0
WRycbKAYDY,1,40.0,0,0.0,0.0,2.0,2.0,100.0,50.0,0.0
iKyz0jIKnZ,3,29.0,0,0.0,0.0,2.0,2.0,100.0,0.0,0.0
IWtsnsKYGk,3,21.0,0,4.0,1.0,2.8,11.2,100.0,100.0,0.0
sgKcH8db6N,0,44.0,0,0.0,0.0,3.4444444444444446,15.5,100.0,100.0,0.0
TZ0jx2BTYk,3,39.0,0,0.0,0.0,1.0,1.0,50.0,0.0,0.0
EjJQg06Zzv,0,36.0,0,0.0,0.0,3.0,7.5,100.0,100.0,0.0
xTyy6ZCC1m,3,34.0,1,4.0,1.0,1.625,2.6,100.0,75.0,0.0
3qQR497Tkb,3,36.0,0,0.0,0.0,1.8571428571428572,4.333333333333333,100.0,50.0,0.0
iTX2kMuuNf,1,49.0,1,2.8,1.0,5.142857142857143,20.571428571428573,100.0,100.0,50.0
VgtqBnECvc,3,28.0,1,4.0,1.0,8.0,8.0,100.0,0.0,0.0
YEnh1vsa0T,3,28.0,0,0.0,0.0,1.0,1.0,100.0,0.0,0.0
gRshtE6WxZ,2,39.0,0,0.0,0.0,4.208333333333333,25.25,100.0,100.0,50.0
jugY0cOj5Z,0,33.0,0,4.0,1.0,4.636363636363637,17.0,100.0,100.0,12.5
UmLejVuHH1,3,23.0,1,4.0,1.0,7.0,14.0,100.0,50.0,0.0
pKnfcyedty,0,32.0,0,0.0,0.0,1.0,1.0,50.0,0.0,0.0
Cd9Zt8Jvmh,2,35.0,0,0.0,0.0,11.5,23.0,100.0,50.0,0.0
tdeyMggJqk,2,39.0,0,2.0,1.0,1.0,1.0,100.0,25.0,0.0
AipWkrb39c,3,29.0,1,0.0,0.0,1.625,6.5,100.0,75.0,0.0
tiMnNtcTjF,0,19.0,1,0.0,0.0,6.5,13.0,100.0,75.0,0.0
hmE8bHbea9,0,23.0,0,0.0,0.0,2.0,2.0,100.0,25.0,0.0
UH45PN9QT9,0,39.0,1,10.0,2.0,1.0,1.0,100.0,100.0,12.5
ffB2QXm7My,0,63.0,0,20.0,3.0,5.142857142857143,30.857142857142858,100.0,100.0,62.5
qkdBJQa6tO,1,50.0,0,0.0,0.0,2.0,4.666666666666667,100.0,100.0,0.0
JRf2UmGzU0,0,26.0,1,20.0,3.0,2.4285714285714284,4.25,100.0,75.0,0.0
HIOOH2ZCnf,3,39.0,1,4.0,1.0,1.8,4.5,100.0,0.0,0.0
sO8Xxkf6Jy,0,38.0,0,10.0,2.0,2.75,11.0,100.0,75.0,0.0
huqpn6v94W,0,44.0,0,0.0,0.0,6.777777777777778,45.75,100.0,0.0,0.0
xUTM4kNWFS,1,39.0,0,0.0,0.0,2.0,2.0,100.0,0.0,0.0
ugo43GWRXi,3,44.0,1,4.0,1.0,2.3333333333333335,10.5,100.0,75.0,0.0
e3m5fN2nHy,0,39.0,0,0.0,0.0,2.0,2.0,100.0,0.0,0.0
l7RFkrTy1g,1,39.0,0,0.0,0.0,6.0,6.0,100.0,50.0,0.0
yjAi0Vz277,0,40.0,1,0.0,0.0,4.0,4.0,50.0,0.0,0.0
uJ0g4RR6t3,3,42.0,1,4.0,1.0,1.0,1.0,100.0,25.0,0.0
xQaq3xukVU,2,39.0,0,2.0,1.0,4.0,4.0,100.0,25.0,0.0
ohBPAWWOJW,3,60.0,1,0.0,0.0,3.0,3.0,100.0,25.0,0.0
uGUBe6IcGr,0,21.0,1,4.0,1.0,1.0,1.5,100.0,0.0,0.0
RneNFnkfcI,0,54.0,0,0.0,0.0,9.8,24.5,100.0,100.0,0.0
tjjz7hglAk,3,39.0,1,0.0,0.0,3.3333333333333335,5.0,100.0,25.0,0.0
hnK8FORkdY,0,43.0,1,0.0,0.0,1.0,1.0,100.0,50.0,0.0
3gEqu1bVya,1,32.0,1,0.0,0.0,2.6666666666666665,8.0,100.0,50.0,0.0
GdmNUFcaBL,0,18.0,1,0.0,0.0,3.5,7.0,100.0,50.0,0.0
x6ObpQkjHK,1,39.0,0,0.0,0.0,2.0,2.0,100.0,0.0,0.0
mgmgazYoso,3,27.0,1,4.0,1.0,2.4,4.0,100.0,50.0,0.0
ZgjBIPdJXg,0,41.0,1,4.0,1.0,2.533333333333333,9.5,100.0,100.0,12.5
ugvkHHeX7n,1,39.0,0,2.8,1.0,3.375,9.0,100.0,75.0,0.0
46xD5kYDDz,3,34.0,0,0.0,0.0,1.0,1.0,50.0,0.0,0.0
ELHQCR7Sw3,1,18.0,1,14.0,3.0,3.0869565217391304,17.75,100.0,100.0,25.0
RGj9fX6vPV,0,57.0,1,4.0,1.0,3.022727272727273,19.0,100.0,100.0,37.5
Mw49ncsCbe,0,39.0,1,0.0,0.0,4.0,4.0,100.0,25.0,0.0
AK555WssiS,0,29.0,1,0.0,0.0,2.0,3.5,100.0,75.0,0.0
yMuMqhFmbp,0,39.0,1,0.0,0.0,4.0,8.0,100.0,75.0,0.0
bleVvVI2Kf,0,41.0,1,0.0,0.0,1.4,2.3333333333333335,100.0,75.0,0.0
ROQfy9m9da,1,29.0,0,0.0,0.0,2.727272727272727,7.5,100.0,100.0,0.0
5SgskzoUgr,3,39.0,0,0.0,0.0,3.0,3.0,50.0,0.0,0.0
u6AUbY0L9H,3,41.0,1,4.0,1.0,1.5,2.4,50.0,0.0,0.0
BaFqScOOwm,0,39.0,0,0.0,0.0,4.821428571428571,27.0,100.0,100.0,37.5
oOYxAKI7Oa,2,42.0,1,0.0,0.0,3.0,6.0,100.0,50.0,0.0
iFM0D3hslu,1,46.0,1,0.0,0.0,1.0,1.5,50.0,0.0,0.0
LYWGruYrVX,0,23.0,0,0.0,0.0,3.0,3.0,100.0,25.0,0.0
HdJV0b6TtH,3,66.0,0,0.0,0.0,1.8181818181818181,4.0,100.0,50.0,0.0
cRnwKlpA81,0,46.0,1,4.0,1.0,1.8181818181818181,5.0,100.0,100.0,12.5
DKv6qhlfsP,3,38.0,0,0.0,0.0,2.3333333333333335,7.0,100.0,0.0,0.0
t2r0SRd7Zf,3,39.0,1,0.0,0.0,1.0,1.0,100.0,25.0,0.0
JT9nas3Gzc,3,54.0,1,0.0,0.0,1.5,1.5,100.0,50.0,0.0
3aQlvkXPcm,1,63.0,1,0.0,0.0,2.0,2.0,100.0,25.0,0.0
Y8Nha7MCLJ,3,48.0,1,0.0,0.0,1.25,1.25,100.0,25.0,0.0
k8L6HtdGFw,3,36.0,1,4.0,1.0,1.8333333333333333,3.6666666666666665,100.0,0.0,0.0
ITHS6iFbhO,0,32.0,1,22.0,3.0,2.272727272727273,6.25,100.0,75.0,0.0
XZcNTxr6EX,1,18.0,1,0.0,0.0,2.0,2.0,100.0,75.0,0.0
n3AvpT20Bl,1,39.0,0,0.0,0.0,1.0,1.0,50.0,0.0,0.0
qukoLYa8qa,2,39.0,0,2.0,1.0,2.5,5.0,100.0,75.0,0.0
wWrBVd8lfJ,0,36.0,1,0.0,0.0,1.0,2.5,100.0,75.0,0.0
PAIbgWcQWo,0,39.0,1,0.0,0.0,7.5,15.0,100.0,75.0,0.0
j0cw0h15gF,3,37.0,1,0.0,0.0,10.0,10.0,100.0,25.0,0.0
Rl29M2iKlC,2,19.0,0,6.2999997,3.0,10.666666666666666,16.0,100.0,75.0,0.0
qZg8nlQfUi,3,60.0,1,0.0,0.0,5.0,5.0,100.0,25.0,0.0
TtxTYjifj5,3,39.0,0,0.0,0.0,5.0,10.0,100.0,25.0,0.0
pc76CqBG5V,3,34.0,0,0.0,0.0,1.0,1.0,50.0,0.0,0.0
ES2rruOwAI,1,53.0,1,30.799995,9.0,1.3333333333333333,4.0,100.0,100.0,12.5
ItroV4dziu,0,39.0,1,0.0,0.0,5.0,5.0,100.0,50.0,0.0
2D6WBsYp1r,1,47.0,0,0.0,0.0,1.0,1.0,100.0,0.0,0.0
35j0uni0xm,1,25.0,0,0.0,0.0,1.5,1.5,50.0,0.0,0.0
cyzkWEMHue,2,39.0,1,0.0,0.0,2.6666666666666665,14.0,100.0,100.0,37.5
iiPLbkw27O,1,37.0,0,0.0,0.0,3.3333333333333335,10.0,100.0,75.0,0.0
U5wL1K2ao8,1,25.0,0,0.0,0.0,4.0,6.0,100.0,100.0,0.0
7QeJC4IPTl,0,39.0,1,0.0,0.0,6.333333333333333,9.5,100.0,75.0,0.0
xllcLSGON9,0,40.0,1,0.0,0.0,3.857142857142857,13.5,100.0,100.0,0.0
I0cKDZyDvR,3,50.0,0,0.0,0.0,1.0,1.0,50.0,0.0,0.0
41np4zCHUp,3,31.0,0,0.0,0.0,1.0,1.0,100.0,25.0,0.0
YGEjtKfpQK,3,44.0,0,0.0,0.0,9.0,9.0,100.0,50.0,0.0
TJxWiepBdv,0,39.0,0,4.0,1.0,2.6,13.0,100.0,100.0,0.0
sO5H4UCSuL,0,42.0,1,0.0,0.0,3.0,3.0,100.0,25.0,0.0
PeClt0wSA1,1,39.0,0,0.0,0.0,5.0,10.0,100.0,75.0,0.0
Xl0VPSrUL6,0,48.0,0,0.0,0.0,1.6666666666666667,5.0,100.0,100.0,0.0
o7eErZLmhR,0,39.0,0,0.0,0.0,1.0,1.0,100.0,50.0,0.0
Hh5R8oIGxA,1,39.0,0,0.0,0.0,3.0,6.0,100.0,25.0,0.0
bTD986KEj2,0,32.0,1,0.0,0.0,2.5,2.5,100.0,50.0,0.0
7bPIeQRKib,3,39.0,1,0.0,0.0,5.0,5.0,100.0,25.0,0.0
1CUjyUaySk,1,18.0,0,0.0,0.0,1.0,1.0,100.0,50.0,0.0
8WSkFETrqn,3,39.0,1,0.0,0.0,2.2222222222222223,5.0,100.0,50.0,0.0
KzYy1O4BDi,2,39.0,0,2.0,1.0,6.857142857142857,24.0,100.0,75.0,0.0
Vfw34egTTg,0,30.0,1,0.0,0.0,4.111111111111111,18.5,100.0,100.0,0.0
7I2XVkIe58,3,39.0,1,4.0,1.0,2.3636363636363638,5.2,100.0,50.0,0.0
T5GUriGbXc,3,28.0,1,0.0,0.0,4.2439024390243905,19.333333333333332,100.0,100.0,37.5
zAOh9KTOT5,2,23.0,1,0.0,0.0,5.0,10.0,100.0,50.0,0.0
ZCUX4pHHZj,0,45.0,1,0.0,0.0,5.5,16.5,100.0,75.0,0.0
UhqcerLV8x,0,39.0,0,0.0,0.0,1.0,1.0,100.0,50.0,0.0
IS97uGRSWR,3,54.0,1,0.0,0.0,3.3333333333333335,5.0,100.0,50.0,0.0
rf0D0IvIsU,0,44.0,1,0.0,0.0,4.090909090909091,15.0,100.0,100.0,37.5
xlBchOKUi9,0,28.0,0,0.0,0.0,5.4,13.5,100.0,100.0,0.0
9zKaz4TOpZ,0,45.0,1,4.0,1.0,2.3636363636363638,6.5,100.0,75.0,0.0
FV0GSEydXv,0,55.0,0,0.0,0.0,2.0,8.8,100.0,25.0,0.0
rksW5AfsGW,3,39.0,0,0.0,0.0,1.0,1.0,50.0,0.0,0.0
dy6juqzQpF,0,21.0,1,0.0,0.0,5.0,5.0,50.0,0.0,0.0
dhOvEo4d2k,0,39.0,1,0.0,0.0,1.5,1.5,100.0,0.0,0.0
jv0ttaePUZ,1,39.0,0,0.0,0.0,4.666666666666667,14.0,50.0,0.0,0.0
Dlq66PMzAC,3,43.0,0,0.0,0.0,1.9333333333333333,5.8,100.0,50.0,0.0
IFTY2AYBXZ,3,41.0,0,23.0,4.0,3.0,3.75,100.0,75.0,0.0
s6x4zDGEYZ,3,35.0,0,4.0,1.0,4.333333333333333,6.5,100.0,50.0,0.0
W32T13JGPN,0,38.0,0,4.0,1.0,1.6666666666666667,6.25,100.0,100.0,0.0
7DUe76X43p,0,39.0,1,0.0,0.0,1.0,1.0,50.0,0.0,0.0
f9f9pH7JJi,0,60.0,1,29.0,6.0,8.130434782608695,46.75,100.0,100.0,75.0
sQy5qlqaPU,0,43.0,1,0.0,0.0,1.9142857142857144,11.166666666666666,100.0,100.0,25.0
lJw316cDU5,3,39.0,1,0.0,0.0,2.8333333333333335,8.5,100.0,75.0,0.0
ldnmbcw5l6,0,32.0,1,0.0,0.0,2.5217391304347827,14.5,100.0,100.0,12.5
KdVLigj7AM,3,35.0,0,4.0,1.0,1.5,6.0,100.0,50.0,0.0
SQN2whqaPW,3,30.0,0,0.0,0.0,2.6666666666666665,4.0,100.0,50.0,0.0
RxplUZbGdr,0,47.0,0,0.0,0.0,26.0,95.33333333333333,100.0,100.0,37.5
85UlTabz4G,2,39.0,1,0.0,0.0,9.833333333333334,59.0,100.0,100.0,37.5
ZyZN080747,3,41.0,1,0.0,0.0,3.0,3.0,100.0,25.0,0.0
FBaDtcGcT0,3,47.0,1,0.0,0.0,2.6666666666666665,2.6666666666666665,100.0,50.0,0.0
qgpqPgkKc9,0,57.0,0,0.0,0.0,5.2,26.0,100.0,100.0,12.5
4MbBHGs2xt,1,30.0,1,0.0,0.0,3.3333333333333335,21.666666666666668,100.0,100.0,37.5
PCJ20RMoRz,3,39.0,0,0.0,0.0,2.0,2.0,100.0,0.0,0.0
Zz57d5kMac,0,39.0,1,0.0,0.0,2.0,2.0,100.0,25.0,0.0
A8HMjVrCae,0,28.0,0,0.0,0.0,1.5555555555555556,5.6,100.0,50.0,0.0
fHuokCxzfU,3,49.0,0,10.0,2.0,3.411764705882353,8.285714285714286,100.0,100.0,25.0
GyySznYuyK,0,45.0,0,0.0,0.0,2.0,2.0,100.0,50.0,0.0
5cGwum4fja,1,36.0,1,0.0,0.0,3.0,6.0,100.0,50.0,0.0
pDfkVnKizP,3,39.0,0,4.0,1.0,1.608695652173913,6.166666666666667,100.0,100.0,12.5
vKAxm7Yf7K,0,39.0,0,0.0,0.0,1.0,1.0,100.0,50.0,0.0
xw4Tpvwzr1,3,55.0,0,0.0,0.0,3.375,6.75,100.0,50.0,0.0
GLTrCF0Ir9,1,31.0,0,0.0,0.0,7.5,37.5,100.0,100.0,12.5
CWfXqBFx29,1,31.0,0,0.0,0.0,1.5,1.5,50.0,0.0,0.0
vfQqyaPWce,2,39.0,1,0.0,0.0,1.4,5.25,50.0,0.0,0.0
4AYtGmpY0d,0,37.0,1,20.0,3.0,7.375,19.666666666666668,100.0,100.0,12.5
sfF48AFQOV,0,39.0,1,0.0,0.0,3.0,3.0,100.0,75.0,0.0
jNksRH27m2,2,39.0,1,0.0,0.0,4.611111111111111,20.75,100.0,100.0,25.0
Br4WP25qgF,0,39.0,0,0.0,0.0,9.523809523809524,66.66666666666667,100.0,100.0,50.0
Rkgz9yhyq6,1,20.0,0,22.399998,6.0,3.757575757575758,20.666666666666668,100.0,100.0,62.5
g8e3NsvP1g,3,39.0,1,0.0,0.0,2.5,10.0,100.0,100.0,0.0
FfRupFW1BI,3,39.0,0,0.0,0.0,2.0,2.0,100.0,25.0,0.0
Cpo5IJgwyX,3,46.0,1,4.4,1.0,2.227272727272727,8.166666666666666,100.0,100.0,0.0
mgE6fxhygb,1,37.0,0,16.8,4.0,3.25,6.5,100.0,100.0,0.0
vTE36TWcA2,2,39.0,0,0.0,0.0,1.9090909090909092,7.0,100.0,75.0,0.0
ErkXCWAt9F,3,39.0,0,0.0,0.0,1.0,1.0,50.0,0.0,0.0
WOkoap3vyO,1,56.0,0,2.8,1.0,9.0,36.0,100.0,100.0,0.0
prH9RHrAvr,3,56.0,0,0.0,0.0,4.0,4.0,100.0,25.0,0.0
It5yhDwszq,0,39.0,0,0.0,0.0,1.0,1.5,100.0,25.0,0.0
LjM73el5zs,1,43.0,1,3.08,1.0,3.4285714285714284,12.0,100.0,75.0,0.0
Lwy9KRfUGW,3,50.0,1,0.0,0.0,1.0,1.3333333333333333,100.0,25.0,0.0
XiCB6LbgVr,3,41.0,1,0.0,0.0,1.0,1.0,50.0,0.0,0.0
jQAIqBJ44O,0,39.0,1,0.0,0.0,1.6666666666666667,5.0,100.0,75.0,0.0
TuwtlyYyzB,1,35.0,0,0.0,0.0,1.8571428571428572,4.333333333333333,100.0,75.0,0.0
kkucvgNVBZ,1,31.0,0,0.0,0.0,4.709677419354839,29.2,100.0,100.0,50.0
BvnsUdrkSq,0,34.0,1,0.0,0.0,1.5,3.0,100.0,50.0,0.0
pFNlhUMZxX,1,30.0,0,0.0,0.0,2.6666666666666665,8.0,100.0,25.0,0.0
CNHCjSjrxK,1,26.0,0,0.0,0.0,1.0,1.0,50.0,0.0,0.0
yIkSxSV764,3,42.0,1,4.4,1.0,4.0,4.0,100.0,25.0,0.0
GfqzuwTEIy,1,39.0,0,0.0,0.0,1.5,1.5,100.0,75.0,0.0
24zQZt8CdF,1,39.0,1,0.0,0.0,7.166666666666667,43.0,100.0,100.0,25.0
gFl3QNwjRt,1,39.0,1,2.8,1.0,2.652173913043478,15.25,100.0,100.0,37.5
5umCRH2pMr,1,34.0,0,0.0,0.0,2.0,10.285714285714286,100.0,100.0,0.0
fXaxJX2hT8,0,47.0,0,0.0,0.0,2.259259259259259,10.166666666666666,100.0,100.0,37.5
SYisQOiQjU,0,47.0,1,0.0,0.0,5.0,5.0,100.0,50.0,0.0
BnDpKRckW2,3,51.0,0,0.0,0.0,1.0,1.5,100.0,0.0,0.0
N1JIAnaeno,3,37.0,1,0.0,0.0,2.0,2.0,100.0,25.0,0.0
wLOWntTuu1,1,51.0,0,0.0,0.0,1.0,1.0,100.0,50.0,0.0
u1h0qxVDZZ,1,46.0,1,0.0,0.0,2.8780487804878048,14.75,100.0,100.0,25.0
nlxWIohQAk,0,34.0,0,0.0,0.0,4.0,4.0,100.0,0.0,0.0
sUtY926jxN,0,33.0,0,4.0,1.0,3.0,15.0,100.0,100.0,0.0
qL4j0UyPEy,3,44.0,1,0.0,0.0,2.142857142857143,3.75,100.0,75.0,0.0
Q5bcngoE4d,1,29.0,0,0.0,0.0,1.0,1.0,50.0,0.0,0.0
OHocYQ4DCY,3,47.0,0,0.0,0.0,3.0,3.0,100.0,25.0,0.0
nKA660bzR6,1,39.0,1,2.8,1.0,1.0,1.0,100.0,50.0,0.0
AmduM0xp45,3,27.0,1,0.0,0.0,2.0,7.2,100.0,100.0,0.0
pbYxclBRKv,0,39.0,0,0.0,0.0,2.0,2.0,100.0,50.0,0.0
HDdptdUb1B,3,62.0,0,20.0,3.0,2.076923076923077,3.375,100.0,100.0,0.0
fKInnxcGEO,3,36.0,0,0.0,0.0,2.625,10.5,100.0,50.0,0.0
30xRTynyqH,0,39.0,1,26.0,5.0,3.7222222222222223,13.4,100.0,100.0,25.0
DW6aOEkk7b,3,49.0,0,4.0,1.0,1.5,6.5,100.0,100.0,12.5
oWTqnS1LPH,3,30.0,1,0.0,0.0,10.0,10.0,100.0,0.0,0.0
AuaN4GytzM,1,54.0,1,0.0,0.0,4.0,4.0,100.0,50.0,0.0
XsD9hDPuoS,0,39.0,1,0.0,0.0,1.5,3.0,100.0,50.0,0.0
zwXA4B9hGO,1,36.0,1,0.0,0.0,4.428571428571429,15.5,100.0,75.0,0.0
1KTIGmSlu1,3,53.0,0,0.0,0.0,1.0,1.0,50.0,0.0,0.0
wQGQKQo5Na,0,39.0,0,0.0,0.0,7.75,31.0,100.0,75.0,0.0
g1ETZTcQLv,3,39.0,1,0.0,0.0,1.0,1.0,100.0,0.0,0.0
b7RFDssllN,0,39.0,0,0.0,0.0,2.0,4.0,100.0,75.0,0.0
4hpYpogHZw,3,50.0,0,0.0,0.0,8.444444444444445,38.0,100.0,75.0,0.0
WuADm3NdMM,3,45.0,0,23.0,4.0,3.375,9.0,100.0,50.0,0.0
uD7DpuCCuu,3,37.0,1,0.0,0.0,3.0,6.0,100.0,50.0,0.0
TYW5Am10DH,3,55.0,1,0.0,0.0,1.0,1.0,100.0,0.0,0.0
coeLQNfL7c,0,39.0,1,0.0,0.0,2.0,2.0,100.0,0.0,0.0
1zTmX4LtZW,0,39.0,0,0.0,0.0,1.0,2.0,100.0,0.0,0.0
6F8mbzIf0W,0,35.0,1,11.0,2.0,3.6176470588235294,15.375,100.0,100.0,25.0
D0Ovj0zj5o,0,26.0,0,4.0,1.0,2.0,4.0,100.0,50.0,0.0
2TmhN3Cusd,0,39.0,1,0.0,0.0,2.0,6.0,100.0,75.0,0.0
QuMSXlnvU8,3,48.0,1,0.0,0.0,1.0,1.0,100.0,0.0,0.0
C1tgshflI3,3,35.0,0,0.0,0.0,3.5,7.0,100.0,25.0,0.0
ZxibEDOgGl,0,39.0,1,20.0,3.0,3.75,15.0,100.0,100.0,0.0
p9W1riFtY3,1,24.0,1,14.0,3.0,3.75,11.25,100.0,100.0,0.0
TLrDDADi6a,0,40.0,1,0.0,0.0,3.0,8.0,100.0,75.0,0.0
YVaTq9qgvm,3,50.0,0,74.0,21.0,10.372881355932204,68.0,100.0,100.0,75.0
romsJr1TjL,1,29.0,1,0.0,0.0,14.375,76.66666666666667,100.0,100.0,25.0
me4PYiDlX4,1,45.0,1,0.0,0.0,1.0,1.0,100.0,50.0,0.0
IpPXnIhIYL,3,45.0,0,0.0,0.0,1.25,2.0,100.0,75.0,0.0
WaOJtQitM5,1,39.0,1,0.0,0.0,1.0,1.0,50.0,0.0,0.0
v4z5Dj8mFQ,1,39.0,0,0.0,0.0,1.5,3.0,100.0,75.0,0.0
jCofJ9tPJH,0,39.0,1,0.0,0.0,2.0,2.0,100.0,0.0,0.0
d6haHmqLTG,0,58.0,0,0.0,0.0,3.024390243902439,17.714285714285715,100.0,100.0,50.0
UTgN1Ds3uK,3,20.0,0,0.0,0.0,1.5,3.0,100.0,0.0,0.0
68FqDLOU5M,3,36.0,0,0.0,0.0,1.0,2.0,50.0,0.0,0.0
3YMnlJn2JU,0,25.0,0,0.0,0.0,2.6,13.0,100.0,75.0,0.0
1YYVqRiwiy,0,56.0,0,0.0,0.0,2.0,4.0,100.0,75.0,0.0
HvIGfnA71M,0,45.0,1,0.0,0.0,1.4,2.3333333333333335,100.0,50.0,0.0
SFNFI85V3g,0,44.0,0,0.0,0.0,1.0,1.0,100.0,25.0,0.0
Tl2Bcu7JC1,0,67.0,1,0.0,0.0,4.428571428571429,31.0,100.0,100.0,62.5
B8XyGICh47,3,36.0,1,0.0,0.0,1.8181818181818181,5.0,100.0,75.0,0.0
vGtZs2AHCI,0,37.0,0,0.0,0.0,4.0,4.0,100.0,50.0,0.0
YKlfC8aqAF,0,39.0,0,0.0,0.0,1.5,1.5,100.0,0.0,0.0
bIC1bMYHYB,0,39.0,1,0.0,0.0,12.0,12.0,100.0,50.0,0.0
EkWx4Ycq9r,0,25.0,0,0.0,0.0,3.0,3.0,100.0,50.0,0.0
8zesNxayFg,0,34.0,1,0.0,0.0,1.5,3.0,100.0,50.0,0.0
mF0vr1lSop,0,39.0,1,0.0,0.0,2.6666666666666665,4.0,100.0,50.0,0.0
6hrZvsS6jh,3,38.0,0,0.0,0.0,3.4,5.666666666666667,100.0,50.0,0.0
l04Vyk8pCL,0,39.0,0,0.0,0.0,2.5714285714285716,9.0,100.0,100.0,0.0
Rj7knnTPG6,3,31.0,1,4.0,1.0,6.454545454545454,35.5,100.0,100.0,12.5
WGL3Q7glHM,1,45.0,0,7.0,2.0,2.25,3.0,100.0,100.0,0.0
767aK4YkKE,3,52.0,1,0.0,0.0,4.0,4.0,100.0,0.0,0.0
rTug8atX8I,0,45.0,0,0.0,0.0,1.0,1.0,100.0,0.0,0.0
MiFwGm5nFf,0,42.0,1,10.0,2.0,2.0,5.0,100.0,75.0,0.0
fI2O98ONDV,3,42.0,0,0.0,0.0,5.0,5.0,50.0,0.0,0.0
mVI8kION5B,3,40.0,0,0.0,0.0,1.0,1.0,50.0,0.0,0.0
XzYQJpbqRW,1,51.0,1,0.0,0.0,4.790697674418604,25.75,100.0,100.0,75.0
gm9mEGiYHq,0,44.0,1,0.0,0.0,1.0,1.0,50.0,0.0,0.0
13BXvyR9Zg,0,34.0,0,0.0,0.0,2.25,3.0,100.0,75.0,0.0
NnrjfWcwpG,0,25.0,0,4.0,1.0,6.159090909090909,38.714285714285715,100.0,100.0,62.5
Kei2Y6YFGB,0,37.0,1,0.0,0.0,1.0,2.0,100.0,0.0,0.0
kM0SpgsHpw,3,39.0,1,0.0,0.0,1.9230769230769231,3.5714285714285716,100.0,25.0,0.0
brLmQt4WaQ,0,39.0,0,0.0,0.0,1.3333333333333333,4.0,50.0,0.0,0.0
NcAFAbRmyg,3,24.0,0,0.0,0.0,2.6,13.0,100.0,100.0,12.5
HacZuAzII6,0,43.0,1,0.0,0.0,1.75,7.0,100.0,75.0,0.0
cv2ujF0HxX,1,39.0,1,0.0,0.0,2.35,11.75,100.0,100.0,37.5
1iYeJXvoka,0,39.0,1,0.0,0.0,1.5,3.0,100.0,25.0,0.0
yUhyDVzql9,3,50.0,1,0.0,0.0,1.0,1.0,100.0,25.0,0.0
UmfLo2YjmD,3,27.0,0,0.0,0.0,7.576923076923077,39.4,100.0,100.0,37.5
kdbObZQXE5,0,39.0,0,0.0,0.0,2.0,2.0,100.0,25.0,0.0
M7fiW6yeMK,1,37.0,0,0.0,0.0,2.0,2.0,50.0,0.0,0.0
QsbkpctRq2,3,39.0,0,0.0,0.0,1.5,1.5,100.0,25.0,0.0
v6Ul1WTCdx,0,19.0,0,0.0,0.0,2.142857142857143,5.0,100.0,100.0,0.0
Tm6zAcWYhV,3,43.0,1,0.0,0.0,1.0,1.5,50.0,0.0,0.0
fRQl4jh1m1,1,26.0,1,2.8,1.0,1.8333333333333333,5.5,100.0,100.0,0.0
impZ31nJBH,1,39.0,1,0.0,0.0,2.0,2.0,100.0,25.0,0.0
doA7lOQMoF,3,35.0,0,0.0,0.0,1.25,1.6666666666666667,100.0,25.0,0.0
K3GGrhBQyb,0,55.0,0,0.0,0.0,5.5,22.0,100.0,100.0,50.0
49ZpfSv09X,3,30.0,1,4.0,1.0,1.0,2.5,100.0,50.0,0.0
7k5YWd3Vmt,0,27.0,1,0.0,0.0,4.6,23.0,100.0,100.0,0.0
mYAM0C3aoa,1,35.0,1,0.0,0.0,3.764705882352941,21.333333333333332,100.0,100.0,12.5
BygdnM9QYC,3,40.0,0,0.0,0.0,1.5454545454545454,5.666666666666667,100.0,100.0,0.0
79X49YQ6WS,3,39.0,1,0.0,0.0,7.5,33.75,100.0,100.0,25.0
dOESFCp1IU,1,39.0,0,0.0,0.0,1.0,1.0,50.0,0.0,0.0
aZagdQVXF0,0,39.0,0,0.0,0.0,2.0,2.0,100.0,0.0,0.0
OVlTRg3HA7,0,30.0,1,0.0,0.0,2.0,4.0,100.0,50.0,0.0
tSyBiP5QdR,1,42.0,0,0.0,0.0,10.666666666666666,32.0,100.0,100.0,0.0
7JddkK3eYm,0,39.0,0,0.0,0.0,8.666666666666666,13.0,50.0,0.0,0.0
8nSanxqBOc,1,30.0,0,0.0,0.0,2.6,6.5,100.0,75.0,0.0
jO4rlsH2Pu,2,18.0,1,0.0,0.0,1.0,1.0,100.0,0.0,0.0
fcxxMqPTjP,1,40.0,1,0.0,0.0,2.25,9.0,100.0,75.0,0.0
YJ3YGH7ZhZ,1,57.0,0,2.8,1.0,2.5,5.0,100.0,75.0,0.0
NwzRlN7BdY,1,39.0,1,0.0,0.0,1.3076923076923077,4.25,100.0,75.0,0.0
D5G6AsbYNG,0,49.0,1,4.0,1.0,2.6,13.0,100.0,75.0,0.0
6coq5ORexm,3,41.0,1,0.0,0.0,2.5,5.0,100.0,25.0,0.0
g5uPUiIRU9,0,39.0,0,0.0,0.0,1.0,1.0,100.0,0.0,0.0
TGwwBjKJ5s,0,18.0,0,0.0,0.0,5.363636363636363,29.5,100.0,100.0,12.5
iQ3hIMOMMF,0,65.0,1,0.0,0.0,2.3333333333333335,14.875,100.0,100.0,37.5
Q2vP9eszlX,1,39.0,1,0.0,0.0,1.0,1.0,50.0,0.0,0.0
bhJqxUGEXS,0,39.0,1,0.0,0.0,1.0,1.0,100.0,0.0,0.0
rNHSBeL9OV,0,39.0,0,0.0,0.0,4.583333333333333,18.333333333333332,50.0,0.0,0.0
V3hhr9oaOE,1,39.0,0,0.0,0.0,1.0,2.0,100.0,75.0,0.0
V8fFMPMc0R,1,34.0,0,2.8,1.0,2.4,6.0,100.0,50.0,0.0
56w2DQbH4r,3,46.0,1,0.0,0.0,1.5,3.0,100.0,25.0,0.0
OPGloVNKU3,3,39.0,0,0.0,0.0,1.0,1.0,100.0,0.0,0.0
qUh7eKlEKs,0,29.0,0,0.0,0.0,1.5,3.0,100.0,50.0,0.0
xYeq0vtBtQ,3,35.0,0,0.0,0.0,1.4444444444444444,4.333333333333333,100.0,100.0,0.0
lXy83uaNL4,3,39.0,0,0.0,0.0,1.0,1.0,100.0,25.0,0.0
EGyk8Tns9Z,3,53.0,0,4.0,1.0,2.9411764705882355,12.5,100.0,75.0,0.0
AuR8z4uEtg,0,18.0,1,0.0,0.0,8.333333333333334,25.0,50.0,0.0,0.0
wbsEGAlkqt,3,39.0,0,0.0,0.0,1.0,1.0,50.0,0.0,0.0
Jjt1eE2yHE,1,52.0,1,0.0,0.0,3.409090909090909,12.5,100.0,100.0,37.5
1tXB2sqFPI,3,39.0,0,0.0,0.0,1.0,1.0,100.0,25.0,0.0
RxAw0e0AkV,3,39.0,1,0.0,0.0,1.0,1.0,100.0,0.0,0.0
fBjhexlyTL,1,39.0,1,70.0,23.0,9.9,49.5,100.0,100.0,37.5
rHRgBRbYXg,1,21.0,0,7.0,2.0,2.4,12.0,100.0,75.0,0.0
PftKPkWeig,2,39.0,1,0.0,0.0,4.0,18.0,100.0,100.0,0.0
d3sHyEW5dL,0,55.0,0,4.0,1.0,2.52,10.5,100.0,100.0,25.0
jo8DxSEC3w,3,38.0,1,0.0,0.0,4.0,6.0,100.0,100.0,0.0
7NOzl2jzuK,3,39.0,0,0.0,0.0,1.0,1.0,100.0,0.0,0.0
15WbZExHt6,1,52.0,1,2.8,1.0,4.5,18.0,100.0,100.0,25.0
7w5nGVwfaX,1,37.0,0,0.0,0.0,2.0,2.0,100.0,75.0,0.0
e7YRKBckyD,0,39.0,0,0.0,0.0,2.5,5.0,100.0,75.0,0.0
Eo7HYJBjlo,1,39.0,0,0.0,0.0,2.0,2.0,100.0,0.0,0.0
cJx56IYUEI,0,43.0,1,0.0,0.0,2.0,6.0,100.0,100.0,0.0
OIjfdN84w4,3,39.0,0,0.0,0.0,4.0,4.0,100.0,0.0,0.0
PILTb6wgnt,0,32.0,0,0.0,0.0,1.5,3.0,50.0,0.0,0.0
r2Ap4EPLYd,1,19.0,0,0.0,0.0,1.5,3.0,100.0,50.0,0.0
8NYKLkkKJk,1,30.0,0,0.0,0.0,8.65,43.25,100.0,100.0,25.0
qSg9syqatf,3,33.0,1,4.0,1.0,2.5,5.0,100.0,50.0,0.0
iJ3RZPr38F,3,34.0,1,0.0,0.0,1.3333333333333333,4.0,100.0,25.0,0.0
zDJWF7YKik,1,18.0,1,0.0,0.0,3.5,7.0,100.0,75.0,0.0
WMQwbRFQFG,3,41.0,0,4.0,1.0,1.25,1.6666666666666667,100.0,25.0,0.0
6Oxw3Tn3OO,1,32.0,0,19.599998,5.0,5.454545454545454,30.0,100.0,100.0,50.0
GKQGxJMUMh,3,39.0,0,0.0,0.0,2.0,2.0,50.0,0.0,0.0
tu1CqcjfFm,3,39.0,0,0.0,0.0,2.5,5.0,100.0,50.0,0.0
0wB1BM3BId,1,43.0,1,0.0,0.0,1.5,3.0,100.0,25.0,0.0
JYDGBeV4Io,0,43.0,0,0.0,0.0,7.0,7.0,50.0,0.0,0.0
KPwP3pdrar,0,32.0,0,0.0,0.0,2.75,5.5,100.0,75.0,0.0
KULbCi3LxH,0,33.0,1,0.0,0.0,7.862068965517241,45.6,100.0,100.0,62.5
Ca7E9hRfct,1,26.0,1,0.0,0.0,6.0,6.0,100.0,50.0,0.0
BQfuuw3Vq6,3,35.0,0,0.0,0.0,3.0,3.0,100.0,25.0,0.0
xiOrogo1nK,0,49.0,0,0.0,0.0,1.8823529411764706,5.333333333333333,100.0,75.0,0.0
vJuRUFAAIk,0,39.0,1,0.0,0.0,19.384615384615383,100.8,100.0,100.0,50.0
YtvveAt46R,3,23.0,1,0.0,0.0,3.3333333333333335,10.0,100.0,50.0,0.0
5nrHKM06L2,2,39.0,1,2.0,1.0,2.0,6.0,100.0,50.0,0.0
2AbqWSkt3i,3,19.0,1,4.0,1.0,2.75,5.5,100.0,50.0,0.0
jSKL81V8Qy,3,46.0,1,0.0,0.0,17.0,68.0,100.0,100.0,12.5
lXa0eFzVjM,3,39.0,1,4.0,1.0,3.75,15.0,100.0,100.0,12.5
vJgPOdzUsN,1,41.0,1,3.08,1.0,2.6666666666666665,8.0,100.0,75.0,0.0
h847Y9fQl3,0,39.0,0,10.0,2.0,1.96,8.166666666666666,100.0,50.0,0.0
PnCMvYCvMl,0,39.0,0,4.0,1.0,4.8,24.0,100.0,100.0,25.0
dOooak5DPk,0,39.0,1,0.0,0.0,1.0,1.0,100.0,25.0,0.0
CDv78FCSYg,3,32.0,0,26.0,5.0,5.375,21.5,100.0,75.0,0.0
EJfCGrNOK8,0,39.0,1,0.0,0.0,4.0,8.0,100.0,75.0,0.0
kMWwNl9hh9,1,32.0,1,0.0,0.0,3.1666666666666665,9.5,100.0,100.0,0.0
mROOtLUwhr,3,25.0,0,0.0,0.0,1.0,2.0,100.0,25.0,0.0
l2QdL0cifL,3,55.0,0,0.0,0.0,3.260869565217391,18.75,100.0,100.0,25.0
D04tLPnzrO,1,38.0,1,0.0,0.0,3.0,3.0,100.0,50.0,0.0
8Gdqk4rbnz,2,18.0,1,7.8,3.0,3.7142857142857144,10.4,100.0,25.0,0.0
sXKvclaZne,0,31.0,0,0.0,0.0,1.0,1.5,100.0,100.0,0.0
FkQPvfsYR5,1,38.0,0,0.0,0.0,5.208333333333333,25.0,100.0,100.0,12.5
iSELT0cCtm,3,42.0,1,0.0,0.0,5.0,5.0,100.0,50.0,0.0
bvrPVsujla,1,33.0,0,0.0,0.0,2.0,2.0,100.0,50.0,0.0
mcpBaM1ybI,0,18.0,1,0.0,0.0,3.5,10.5,100.0,75.0,0.0
RnrOe1ExpC,0,36.0,0,0.0,0.0,2.25,9.0,100.0,50.0,0.0
yFnShC4TMS,3,36.0,0,0.0,0.0,1.5,3.0,100.0,50.0,0.0
UEyeUqTObl,0,24.0,0,0.0,0.0,2.533333333333333,15.2,100.0,100.0,50.0
khHR3Uy8QL,0,35.0,0,0.0,0.0,3.5,14.0,100.0,0.0,0.0
hyauX2WEji,0,36.0,0,0.0,0.0,1.0,1.0,100.0,25.0,0.0
YvmBuk5Z9q,3,43.0,0,0.0,0.0,2.0,3.0,100.0,50.0,0.0
ncIWALzjdt,0,29.0,0,4.0,1.0,3.1951219512195124,18.714285714285715,100.0,100.0,25.0
jushi4hrnx,3,49.0,0,0.0,0.0,3.0,6.0,100.0,25.0,0.0
CvETtvTYvE,3,39.0,1,4.0,1.0,3.0,11.25,100.0,75.0,0.0
nGAjhkyfc8,0,43.0,1,4.0,1.0,2.103448275862069,10.166666666666666,100.0,0.0,0.0
MIGXlTZ0RU,0,39.0,1,4.0,1.0,4.0,4.0,100.0,25.0,0.0
IJluUaYhQy,0,39.0,1,0.0,0.0,1.0,1.0,100.0,75.0,0.0
lAXtM98CEi,3,53.0,1,4.0,1.0,1.5,1.5,100.0,50.0,0.0
euDllCeSMR,3,29.0,1,0.0,0.0,3.0,3.0,50.0,0.0,0.0
uBKw3eOTzm,1,47.0,0,0.0,0.0,1.2307692307692308,4.0,100.0,100.0,0.0
Z5mWoXqOR1,3,39.0,0,0.0,0.0,2.0,2.0,100.0,0.0,0.0
qET2LeAzo0,0,32.0,1,0.0,0.0,10.0,60.0,100.0,100.0,75.0
xfhOmJ6yZQ,0,51.0,1,4.0,1.0,2.5,5.0,100.0,100.0,0.0
l3g0Rr83W8,3,36.0,0,0.0,0.0,3.0,3.0,100.0,25.0,0.0
2pIira5nS7,1,56.0,1,0.0,0.0,1.5,1.5,50.0,0.0,0.0
fsekC3JGDo,0,40.0,0,0.0,0.0,1.0,2.0,100.0,75.0,0.0
NrhZ69JNYc,3,47.0,1,0.0,0.0,2.066666666666667,7.75,100.0,25.0,0.0
ToA5rjXfLs,3,39.0,1,0.0,0.0,4.0,14.666666666666666,100.0,100.0,0.0
VthpgGsAyd,3,43.0,1,0.0,0.0,2.2857142857142856,5.333333333333333,100.0,50.0,0.0
Iq0MeZOQRo,0,40.0,1,0.0,0.0,1.0,1.0,100.0,0.0,0.0
kbCW7OCZyG,1,44.0,0,15.4,3.0,1.3125,3.5,100.0,100.0,0.0
Y88R4kULy1,0,43.0,1,0.0,0.0,1.3333333333333333,4.0,100.0,50.0,0.0
NI8xmkIvsM,0,39.0,1,0.0,0.0,1.0,1.0,100.0,50.0,0.0
DtRM8xSOd3,1,41.0,0,14.0,3.0,2.230769230769231,9.666666666666666,100.0,100.0,0.0
MBn9z2jF6X,3,51.0,1,0.0,0.0,1.0,1.0,50.0,0.0,0.0
gcOkNifLYq,3,40.0,1,0.0,0.0,3.0,3.0,100.0,25.0,0.0
LI5AXxprly,0,39.0,0,0.0,0.0,3.25,6.5,100.0,50.0,0.0
VSbORT4dOd,3,36.0,1,0.0,0.0,1.0,1.0,100.0,25.0,0.0
Hf3iOgEVpB,1,47.0,0,0.0,0.0,5.0,5.0,50.0,0.0,0.0
Dahhc5Qxfz,2,39.0,0,0.0,0.0,1.0,2.0,100.0,25.0,0.0
D9eK0eECxQ,1,36.0,0,2.8,1.0,2.0,10.0,100.0,100.0,0.0
1kTwtcqGtQ,1,39.0,0,0.0,0.0,1.0,1.0,100.0,0.0,0.0
xH4k6ABI8P,3,54.0,0,4.0,1.0,2.5,7.5,100.0,75.0,0.0
yJCx2IMr9x,3,47.0,0,20.0,3.0,2.1666666666666665,7.8,100.0,75.0,0.0
a3UbUm3kBx,3,39.0,0,4.0,1.0,3.0,7.5,100.0,50.0,0.0
XwBxQNihAu,0,39.0,1,0.0,0.0,3.2,5.333333333333333,100.0,50.0,0.0
as1ikUXlca,1,47.0,0,3.08,1.0,2.0,7.0,50.0,0.0,0.0
YCSPXuPTkA,0,39.0,0,0.0,0.0,1.0,1.0,50.0,0.0,0.0
udRGuIOA6m,3,39.0,0,0.0,0.0,1.0,1.0,100.0,50.0,0.0
fzjXS8cqH2,3,43.0,1,0.0,0.0,1.0,1.0,50.0,0.0,0.0
u1jm1PWdHI,0,58.0,0,20.0,3.0,2.875,11.5,100.0,100.0,12.5
C5ONTh4bPZ,3,39.0,1,4.0,1.0,2.5,5.0,100.0,75.0,0.0
RR0nRmVtb2,0,39.0,0,0.0,0.0,2.1538461538461537,7.0,100.0,100.0,0.0
I9z7XOktpj,3,45.0,1,0.0,0.0,2.96,14.8,100.0,75.0,0.0
L0yK6hTiXT,3,39.0,1,0.0,0.0,8.0,8.0,100.0,25.0,0.0
1gyfCYvnbN,0,54.0,0,0.0,0.0,3.9591836734693877,24.25,100.0,0.0,0.0
1tCSwIOQLI,1,25.0,1,0.0,0.0,6.333333333333333,19.0,100.0,75.0,0.0
4VVyeeKy0E,2,23.0,1,0.0,0.0,7.0,7.0,100.0,50.0,0.0
pA6iWSxlnM,0,37.0,0,0.0,0.0,9.1,45.5,100.0,100.0,12.5
ae6No0RCg0,0,39.0,1,20.0,3.0,2.0,2.0,100.0,50.0,0.0
bKd6GTGN1g,0,50.0,1,10.0,2.0,2.75,11.0,100.0,100.0,0.0
etfJO7HSSW,3,21.0,1,4.0,1.0,3.0,3.0,100.0,25.0,0.0
FShVSKlnCQ,3,34.0,0,0.0,0.0,1.0,1.0,100.0,25.0,0.0
72ZcU1gKfa,3,45.0,1,4.0,1.0,3.3421052631578947,21.166666666666668,100.0,100.0,37.5
gmDkX8H2qf,1,40.0,1,0.0,0.0,2.5,6.0,100.0,100.0,0.0
5jFouQ2KHR,0,41.0,1,0.0,0.0,1.25,2.5,100.0,75.0,0.0
ode5Tv5Uvw,3,37.0,0,0.0,0.0,1.25,2.0,100.0,75.0,0.0
KSpgh2yDkY,0,30.0,0,0.0,0.0,2.272727272727273,12.5,100.0,100.0,0.0
VuREfkJvIB,1,45.0,1,2.8,1.0,1.5,3.0,100.0,75.0,0.0
BCGymzXhy9,3,43.0,0,0.0,0.0,1.9782608695652173,13.0,100.0,100.0,37.5
tgrpLCPLBT,3,39.0,0,0.0,0.0,1.5,1.5,100.0,25.0,0.0
jMM5rcoop8,0,34.0,1,0.0,0.0,4.461538461538462,19.333333333333332,100.0,100.0,12.5
rQiq2jdOPg,3,20.0,1,0.0,0.0,3.2,5.333333333333333,100.0,50.0,0.0
MpSjf2nw6O,3,54.0,1,0.0,0.0,2.5,3.75,100.0,50.0,0.0
L1UhE41H8l,0,39.0,1,4.0,1.0,4.0,4.0,100.0,75.0,0.0
YFIDHWgW9B,3,37.0,1,0.0,0.0,2.5,5.0,100.0,25.0,0.0
uQ2KvbF6I7,0,19.0,1,0.0,0.0,1.0,1.0,50.0,0.0,0.0
jYUfUm2dYc,3,41.0,0,4.0,1.0,2.6956521739130435,10.333333333333334,100.0,100.0,50.0
Qp0p3MdymV,1,39.0,1,0.0,0.0,7.0,35.0,100.0,100.0,12.5
Lj1nX7KkVs,0,31.0,0,0.0,0.0,3.736842105263158,17.75,100.0,100.0,25.0
U9l07P3g8e,0,54.0,1,0.0,0.0,5.75,23.0,100.0,75.0,0.0
e89SBCk06n,0,40.0,1,0.0,0.0,7.344827586206897,42.6,100.0,100.0,50.0
lofcZzNK67,1,47.0,0,0.0,0.0,1.0,2.0,100.0,75.0,0.0
3wYtlRFBEu,1,49.0,0,0.0,0.0,1.0,2.0,100.0,50.0,0.0
mOMbd4FrZD,3,39.0,0,0.0,0.0,1.0,1.0,50.0,0.0,0.0
hNajFwAjOr,0,39.0,1,4.0,1.0,4.916666666666667,14.75,100.0,100.0,37.5
lWRnKFgJvo,3,39.0,0,0.0,0.0,6.0,6.0,50.0,0.0,0.0
ALQgH0atUH,0,35.0,1,4.0,1.0,2.0,4.0,100.0,0.0,0.0
PSw0goNvgF,3,36.0,0,0.0,0.0,1.0,1.0,100.0,25.0,0.0
RHKxC82wFq,3,54.0,0,0.0,0.0,1.5,3.0,50.0,0.0,0.0
7XRTQ2FaFe,1,43.0,0,14.0,3.0,2.0869565217391304,9.6,100.0,100.0,37.5
5Fg05atMnZ,3,18.0,0,0.0,0.0,2.0,4.0,100.0,25.0,0.0
