user_key_id,country,age,sex,total_spent_in_usd,total_spent_time,avg_daily_session,avg_weekly_session,easy_completion_rate,medium_completion_rate,hard_completion_rate
bVas4SMsXQ,GB,30.0,Men,14.0,3.0,2.8666666666666667,14.333333333333334,100.0,100.0,25.0
Hm917zE2Mc,GB,36.0,Women,16.8,4.0,2.0,5.0,100.0,50.0,0.0
wFfzWC1Ydt,US,40.0,Men,0.0,0.0,3.6470588235294117,15.5,100.0,100.0,0.0
73S29MCQWv,DE,39.0,Men,0.0,0.0,1.8571428571428572,4.333333333333333,100.0,75.0,0.0
B4A9tTZMAE,US,21.0,Women,0.0,0.0,1.0,2.0,100.0,0.0,0.0
FVAffG7oT4,DE,39.0,Men,4.0,1.0,1.1111111111111112,2.5,100.0,100.0,25.0
rhRrt93kDx,DE,30.0,Women,0.0,0.0,4.0,8.0,100.0,75.0,0.0
DhgEAI6KZN,DE,39.0,Men,0.0,0.0,4.733333333333333,23.666666666666668,100.0,100.0,12.5
CwJLDEtRLC,DE,35.0,Men,0.0,0.0,7.266666666666667,36.333333333333336,100.0,100.0,12.5
SH1i4vTu9W,DE,45.0,Men,0.0,0.0,1.0,1.0,100.0,25.0,0.0
rAIxxyP5xL,DE,39.0,Men,0.0,0.0,1.0,1.0,50.0,0.0,0.0
P7F9ZURnfQ,GB,39.0,Men,0.0,0.0,2.0,4.0,100.0,100.0,0.0
VU8clZR8OZ,DE,50.0,Women,0.0,0.0,1.0,1.0,100.0,25.0,0.0
BLs3r1kVp3,DE,25.0,Women,0.0,0.0,2.0,2.0,100.0,0.0,0.0
vfouJzoTmH,DE,42.0,Women,0.0,0.0,2.3333333333333335,7.0,100.0,75.0,0.0
KQAxJeSg4n,GB,28.0,Men,0.0,0.0,2.888888888888889,13.0,100.0,25.0,0.0
mCMuM0XF3e,US,59.0,Women,23.0,4.0,2.4285714285714284,17.0,100.0,100.0,12.5
scJElP7SHY,GB,39.0,Women,2.8,1.0,3.5294117647058822,15.0,100.0,100.0,12.5
5LLhWORaHo,US,47.0,Women,0.0,0.0,1.0,2.0,100.0,0.0,0.0
516zkxikR6,US,39.0,Men,0.0,0.0,1.0,1.0,50.0,0.0,0.0
2FDcZdbK8w,GB,46.0,Men,0.0,0.0,9.4,47.0,100.0,100.0,25.0
6ZJLI4nLtQ,DE,39.0,Men,0.0,0.0,2.0,2.0,100.0,25.0,0.0
vSctvD4E5n,US,18.0,Men,10.0,2.0,1.1111111111111112,1.6666666666666667,100.0,75.0,0.0
JcF1iGH5my,US,37.0,Men,4.0,1.0,1.6666666666666667,3.75,100.0,75.0,0.0
ltb9WlnYAb,DE,50.0,Women,4.0,1.0,2.0,4.0,100.0,100.0,0.0
9PZQ34YAIn,DE,37.0,Women,0.0,0.0,2.0,2.0,50.0,0.0,0.0
zPL3IqOA1P,GB,46.0,Women,0.0,0.0,15.857142857142858,74.0,100.0,100.0,37.5
QzLq2jayxk,JP,39.0,Men,0.0,0.0,1.0,1.0,50.0,0.0,0.0
Nhx4AhSCOW,US,42.0,Women,0.0,0.0,3.5555555555555554,16.0,100.0,100.0,12.5
F5z5GX3kZ9,DE,27.0,Women,26.0,5.0,6.666666666666667,30.0,100.0,100.0,12.5
kluSjW2Wah,GB,57.0,Women,0.0,0.0,1.8333333333333333,6.6,100.0,100.0,12.5
Cn4N78emyw,DE,39.0,Women,0.0,0.0,1.0,2.0,100.0,25.0,0.0
KhTYoocPjC,US,49.0,Women,0.0,0.0,1.0,1.0,100.0,25.0,0.0
6ZgyxXDVan,US,39.0,Women,10.6,2.0,2.7,6.75,100.0,75.0,0.0
9MRJ5quIBk,US,30.0,Men,0.0,0.0,2.3333333333333335,4.666666666666667,100.0,50.0,0.0
p5FapG0q8a,US,39.0,Women,0.0,0.0,1.0,1.0,50.0,0.0,0.0
UDhTBFcbqx,DE,39.0,Men,20.0,3.0,1.8333333333333333,2.75,100.0,75.0,0.0
INMgcEEmAi,US,34.0,Men,0.0,0.0,1.0,1.0,100.0,25.0,0.0
w0AcgSaFrn,DE,30.0,Men,0.0,0.0,2.5,7.5,100.0,75.0,0.0
aZC8ThU3s6,US,32.0,Women,0.0,0.0,5.333333333333333,16.0,100.0,25.0,0.0
zUgKRPB5b8,US,32.0,Women,4.0,1.0,4.076923076923077,13.25,100.0,75.0,0.0
CpNWNGA9fc,DE,31.0,Men,0.0,0.0,1.0,1.0,100.0,0.0,0.0
oVwZYc24rR,DE,39.0,Women,0.0,0.0,1.0,4.0,50.0,0.0,0.0
15MGIYpCdr,US,41.0,Men,0.0,0.0,1.0,1.0,100.0,0.0,0.0
r7doayCDHS,US,34.0,Men,0.0,0.0,1.0,1.0,50.0,0.0,0.0
BQmZU0dEUC,GB,29.0,Men,7.0,2.0,2.5714285714285716,6.0,100.0,75.0,0.0
YtN4VOipPl,DE,39.0,Women,0.0,0.0,1.0,1.0,100.0,25.0,0.0
cICUrgexLO,US,54.0,Men,0.0,0.0,10.0,25.0,100.0,25.0,0.0
d4IEJ1QI49,US,46.0,Men,0.0,0.0,1.5,1.5,100.0,25.0,0.0
dT3NcahGie,US,35.0,Women,0.0,0.0,3.857142857142857,13.5,100.0,50.0,0.0
exVwJoMsyn,GB,40.0,Women,0.0,0.0,2.5,5.0,100.0,0.0,0.0
7gsvOoFpO0,US,39.0,Women,0.0,0.0,11.0,11.0,100.0,25.0,0.0
DFptIM2xw8,DE,28.0,Women,20.0,3.0,4.0,8.0,100.0,75.0,0.0
RjGBpXiJir,DE,35.0,Men,0.0,0.0,4.111111111111111,18.5,100.0,100.0,0.0
wpfWOHNl14,GB,41.0,Men,2.8,1.0,4.625,18.5,100.0,100.0,0.0
GpMePw5PlS,US,39.0,Women,0.0,0.0,1.0,1.0,50.0,0.0,0.0
5N31MRqGt0,GB,39.0,Women,0.0,0.0,2.0,2.0,100.0,25.0,0.0
XfT7hkanyk,US,39.0,Men,0.0,0.0,1.0,1.0,50.0,0.0,0.0
WtXFi8KHqJ,DE,39.0,Women,0.0,0.0,2.0,2.0,100.0,0.0,0.0
WQOkGTjejS,US,49.0,Women,0.0,0.0,2.1,3.0,100.0,50.0,0.0
DWPaUz29dU,DE,49.0,Women,20.0,3.0,4.555555555555555,20.5,100.0,25.0,0.0
eVPVA35PHw,DE,33.0,Men,0.0,0.0,3.5,7.0,100.0,0.0,0.0
A3W2Fv0x1Z,DE,39.0,Men,4.0,1.0,2.6666666666666665,12.0,100.0,100.0,0.0
9TkDV0l9KR,US,38.0,Men,0.0,0.0,2.2,11.0,100.0,50.0,0.0
cQ2Wf7WiIv,GB,25.0,Women,0.0,0.0,3.0,6.0,100.0,75.0,0.0
Z1q2tyf9Lh,DE,39.0,Men,4.0,1.0,1.5714285714285714,3.6666666666666665,100.0,100.0,12.5
osZtx1iRos,GB,24.0,Women,0.0,0.0,1.0,1.0,100.0,0.0,0.0
NX4xjSkVhW,GB,39.0,Men,0.0,0.0,2.0,4.0,100.0,50.0,0.0
N6vUye4134,US,32.0,Men,0.0,0.0,1.5,2.0,100.0,50.0,0.0
qbcmJNwOkg,DE,39.0,Women,0.0,0.0,1.1666666666666667,2.3333333333333335,100.0,75.0,0.0
7zcTMau6ix,US,50.0,Men,4.0,1.0,8.0,8.0,100.0,0.0,0.0
tps9ghE91P,GB,31.0,Men,0.0,0.0,2.5,5.0,100.0,75.0,0.0
PC1XTx1uXT,US,41.0,Men,0.0,0.0,1.8,3.0,100.0,25.0,0.0
zQiJRCr7QU,GB,37.0,Women,0.0,0.0,1.25,2.5,100.0,75.0,0.0
JdQfMVv9zx,DE,46.0,Men,0.0,0.0,2.5555555555555554,7.666666666666667,100.0,100.0,0.0
IZfNuSVqRw,US,53.0,Women,0.0,0.0,5.5,11.0,100.0,50.0,0.0
GchNZykCtO,US,39.0,Women,4.0,1.0,1.5,1.5,100.0,25.0,0.0
osiYITIl4I,US,39.0,Men,0.0,0.0,2.0,2.0,50.0,0.0,0.0
ckA7PZCJRG,US,39.0,Men,0.0,0.0,1.8888888888888888,4.25,100.0,75.0,0.0
UAhBrSL6Eq,DE,39.0,Men,0.0,0.0,2.625,10.5,100.0,25.0,0.0
oSSlMv06BE,US,39.0,Women,0.0,0.0,1.0,1.0,100.0,25.0,0.0
3azltA4zRq,GB,49.0,Women,0.0,0.0,1.6666666666666667,5.0,100.0,100.0,0.0
eaRTKcrBoH,JP,39.0,Men,0.0,0.0,3.2857142857142856,11.5,100.0,100.0,0.0
AHSETIbW5M,US,35.0,Women,0.0,0.0,1.6666666666666667,5.0,100.0,50.0,0.0
nDyasIZTFa,DE,39.0,Men,0.0,0.0,2.8846153846153846,10.714285714285714,100.0,100.0,37.5
EjIFEEcHUr,DE,45.0,Men,0.0,0.0,1.0,1.3333333333333333,100.0,50.0,0.0
ara87ojhEv,US,37.0,Men,0.0,0.0,2.0,4.0,100.0,25.0,0.0
x5nq0z7cd0,US,39.0,Women,0.0,0.0,1.25,1.6666666666666667,100.0,50.0,0.0
RmPgrUfyKw,DE,39.0,Women,0.0,0.0,1.0,2.0,100.0,75.0,0.0
QwsBSmKehA,US,39.0,Men,4.0,1.0,1.967741935483871,6.1,100.0,100.0,50.0
3UCqqehFtE,GB,34.0,Women,0.0,0.0,1.0,1.0,100.0,0.0,0.0
uVQOL9ybjC,US,45.0,Women,4.0,1.0,3.9473684210526314,25.0,100.0,25.0,0.0
c8LbEoJhql,US,39.0,Men,0.0,0.0,1.5714285714285714,5.5,100.0,75.0,0.0
YIk1baAWBA,GB,39.0,Men,0.0,0.0,2.0,4.0,100.0,25.0,0.0
rMlorYXp8k,GB,37.0,Women,0.0,0.0,2.5454545454545454,5.6,100.0,100.0,12.5
574WKNFqsF,DE,33.0,Men,0.0,0.0,1.6,2.6666666666666665,50.0,0.0,0.0
kK4gWsRuld,US,43.0,Men,0.0,0.0,3.0833333333333335,9.25,100.0,75.0,0.0
PxtMIfUudp,DE,59.0,Women,0.0,0.0,1.4166666666666667,5.666666666666667,100.0,100.0,0.0
Lf4x1kDbOG,DE,46.0,Women,4.0,1.0,1.6451612903225807,6.375,100.0,100.0,12.5
JG7xqmmtEM,US,39.0,Women,0.0,0.0,1.0,1.0,100.0,25.0,0.0
msb7xMS6PM,DE,39.0,Women,4.0,1.0,2.25,4.5,100.0,75.0,0.0
ZEr7IxskgL,DE,39.0,Men,0.0,0.0,1.0,1.0,100.0,75.0,0.0
jjUCMb1iyK,DE,39.0,Men,4.0,1.0,1.625,5.2,100.0,100.0,0.0
cVmizMSITX,US,35.0,Men,4.0,1.0,1.0,1.0,100.0,0.0,0.0
FAXJH4r4MX,GB,43.0,Women,0.0,0.0,4.5,9.0,100.0,50.0,0.0
psi3GRQf16,DE,39.0,Men,0.0,0.0,1.0,2.0,100.0,50.0,0.0
ayAMlZ65xL,US,44.0,Women,0.0,0.0,2.8,9.333333333333334,100.0,100.0,12.5
XxazrBGQEH,US,39.0,Women,0.0,0.0,2.0,2.0,100.0,25.0,0.0
cyaLfBcXXU,US,40.0,Women,0.0,0.0,4.172413793103448,24.2,100.0,100.0,25.0
q54P79fkSr,GB,47.0,Men,0.0,0.0,5.205128205128205,33.833333333333336,100.0,100.0,50.0
oEy9bvZmSG,DE,47.0,Women,0.0,0.0,1.5,3.0,50.0,0.0,0.0
yvy7h8qyR4,DE,43.0,Men,0.0,0.0,1.9166666666666667,7.666666666666667,100.0,100.0,12.5
YY7iwOw7Vq,GB,39.0,Women,0.0,0.0,2.5,5.0,100.0,75.0,0.0
q3beLEmj2b,DE,39.0,Women,0.0,0.0,1.3333333333333333,4.0,100.0,75.0,0.0
InRzCnR9bz,GB,38.0,Women,0.0,0.0,2.25,4.5,100.0,75.0,0.0
rws4JoEzPw,US,32.0,Women,0.0,0.0,1.0,1.0,100.0,25.0,0.0
ZAYhpGKXtP,DE,35.0,Women,0.0,0.0,4.888888888888889,14.666666666666666,100.0,100.0,12.5
hdt76sCAGz,DE,53.0,Women,0.0,0.0,3.953488372093023,24.285714285714285,100.0,100.0,62.5
rHMgnCWHpb,US,39.0,Men,0.0,0.0,1.7857142857142858,4.166666666666667,50.0,0.0,0.0
S0V0yL984f,US,20.0,Men,4.0,1.0,1.6923076923076923,4.4,100.0,75.0,0.0
SdMHskkLav,US,61.0,Men,80.0,23.0,2.769230769230769,14.4,100.0,100.0,12.5
SegU0xS2Ag,US,37.0,Women,0.0,0.0,2.0,2.0,100.0,25.0,0.0
bveOZs0fzz,DE,52.0,Men,10.0,2.0,1.6153846153846154,5.25,100.0,100.0,12.5
kIwdb2zuSH,GB,43.0,Men,2.8,1.0,3.5,7.0,100.0,50.0,0.0
jhMc0xm0s2,DE,50.0,Women,38.0,9.0,9.454545454545455,52.0,100.0,100.0,37.5
lmWoS0c6X4,US,44.0,Women,0.0,0.0,3.0,3.0,100.0,25.0,0.0
inDQcpYm5L,US,39.0,Women,0.0,0.0,2.0,2.0,50.0,0.0,0.0
D0NEa6HbSg,US,39.0,Men,4.4,1.0,1.5,1.5,100.0,25.0,0.0
qDwR48wg4x,US,50.0,Men,0.0,0.0,2.0,2.0,50.0,0.0,0.0
3wXo7GQbOu,US,52.0,Women,0.0,0.0,7.0476190476190474,37.0,100.0,100.0,25.0
jGyJHvAJz6,US,34.0,Women,4.0,1.0,1.7391304347826086,6.666666666666667,100.0,100.0,12.5
l282BUJwi0,US,31.0,Men,4.0,1.0,3.0,6.0,100.0,25.0,0.0
KtXYvWQY0a,US,40.0,Men,23.0,4.0,11.0,11.0,100.0,100.0,25.0
vBYOXl6wWR,DE,39.0,Women,0.0,0.0,7.0,25.666666666666668,100.0,100.0,12.5
BTiV6sNiIa,US,33.0,Men,0.0,0.0,1.0,1.0,100.0,25.0,0.0
wraPYPkCKD,DE,40.0,Men,0.0,0.0,1.6153846153846154,3.0,100.0,0.0,0.0
FLo7JBhEme,DE,39.0,Women,0.0,0.0,4.0,4.0,100.0,0.0,0.0
cC6SxGwF3u,DE,39.0,Men,4.0,1.0,3.125,8.333333333333334,100.0,75.0,0.0
1hheWAloca,DE,36.0,Men,10.0,2.0,6.583333333333333,39.5,100.0,100.0,62.5
egU2gAh9fF,GB,42.0,Women,0.0,0.0,4.0,4.0,100.0,0.0,0.0
XkJ5nSLNin,US,50.0,Women,0.0,0.0,7.761904761904762,54.333333333333336,100.0,100.0,50.0
8PnkmhWpyl,GB,45.0,Women,0.0,0.0,2.0,3.2,100.0,100.0,0.0
gReZjThjDQ,US,33.0,Women,4.4,1.0,3.0,3.0,100.0,0.0,0.0
yARL6wsrxf,DE,39.0,Women,0.0,0.0,2.642857142857143,14.8,100.0,100.0,0.0
C5ZIIphZlS,US,44.0,Men,4.0,1.0,1.125,3.0,100.0,25.0,0.0
s1DcrD2yF1,GB,42.0,Women,2.8,1.0,2.1818181818181817,10.285714285714286,100.0,100.0,25.0
Hn517axbTJ,GB,39.0,Men,0.0,0.0,3.0,12.0,100.0,75.0,0.0
BxdZy44ESm,US,39.0,Women,4.0,1.0,2.25,3.6,100.0,75.0,0.0
2pMfLgoLxF,GB,39.0,Women,0.0,0.0,2.7142857142857144,9.5,100.0,100.0,0.0
mtvgmuHnf3,US,39.0,Women,4.4,1.0,3.0,3.0,100.0,25.0,0.0
hji9ExHAlL,GB,52.0,Women,0.0,0.0,3.3333333333333335,5.0,50.0,0.0,0.0
dgTletHts0,DE,35.0,Men,0.0,0.0,3.0,15.75,100.0,100.0,37.5
yvWTZjdOTC,JP,42.0,Women,1.4,1.0,1.6,2.6666666666666665,100.0,100.0,0.0
8k8PqRixWl,DE,39.0,Men,0.0,0.0,1.0,1.0,100.0,75.0,0.0
27sIFdUQT5,GB,34.0,Women,0.0,0.0,1.0,1.3333333333333333,100.0,25.0,0.0
ngolyuM7wR,US,50.0,Women,0.0,0.0,2.2162162162162162,13.666666666666666,100.0,0.0,0.0
6Vu7MZmhG4,DE,39.0,Women,0.0,0.0,1.8,4.5,100.0,0.0,0.0
PP14CfVj3j,US,39.0,Women,0.0,0.0,5.5,11.0,100.0,50.0,0.0
caWrDzLwhR,GB,45.0,Women,0.0,0.0,1.2307692307692308,3.2,100.0,100.0,25.0
SVK1s1Zn9b,DE,39.0,Women,0.0,0.0,2.0,2.0,50.0,0.0,0.0
tWeaDmy2Ly,DE,43.0,Women,4.0,1.0,1.3333333333333333,2.0,100.0,0.0,0.0
7eiaRS6uK0,US,39.0,Men,0.0,0.0,1.0,2.0,100.0,25.0,0.0
tHwoxoGznj,US,23.0,Women,23.0,4.0,8.291666666666666,49.75,100.0,100.0,50.0
b7Q8oKQPEt,US,49.0,Men,0.0,0.0,2.0,4.0,100.0,25.0,0.0
D9ywOP0z8D,GB,38.0,Men,0.0,0.0,2.1666666666666665,5.2,100.0,100.0,12.5
Sc4bUIfI35,US,39.0,Men,0.0,0.0,5.478260869565218,36.0,100.0,100.0,50.0
HEMJoDTUi0,GB,39.0,Men,0.0,0.0,10.0,10.0,100.0,50.0,0.0
3kVzfGBBYl,US,39.0,Men,0.0,0.0,1.0,2.0,100.0,0.0,0.0
k9lauxyChm,US,35.0,Women,4.0,1.0,2.588235294117647,8.8,100.0,100.0,0.0
xsFCjdFIB8,DE,37.0,Women,0.0,0.0,4.0,4.0,100.0,100.0,37.5
xI4jo9DVr2,JP,23.0,Men,0.0,0.0,7.0,16.333333333333332,50.0,0.0,0.0
AGx0BnXsVr,GB,37.0,Men,0.0,0.0,1.8333333333333333,3.6666666666666665,100.0,75.0,0.0
gx78rX0qzK,GB,36.0,Women,0.0,0.0,2.0,2.0,100.0,0.0,0.0
Kh2r4d3Nvq,DE,29.0,Men,0.0,0.0,2.0,2.0,100.0,0.0,0.0
v3iA8HUBrd,US,42.0,Men,0.0,0.0,2.2,3.6666666666666665,100.0,75.0,0.0
SAppmhhMJF,DE,39.0,Men,0.0,0.0,1.0,1.0,50.0,0.0,0.0
ysywBqAYKS,GB,32.0,Men,2.8,1.0,3.25,13.0,100.0,100.0,0.0
VxrSkeiLMa,JP,47.0,Women,0.0,0.0,1.5,3.0,100.0,25.0,0.0
meow1WbP2S,GB,19.0,Women,0.0,0.0,1.6666666666666667,5.0,100.0,50.0,0.0
ATWp0NHjUh,US,39.0,Men,0.0,0.0,1.0,1.0,100.0,0.0,0.0
VJPcSmMa7Y,US,47.0,Men,4.0,1.0,2.0,4.666666666666667,100.0,50.0,0.0
XiYD4QbEUE,US,23.0,Women,22.0,3.0,2.25,4.5,100.0,75.0,0.0
cgCDVlYP4i,DE,40.0,Women,4.0,1.0,3.6,13.5,100.0,100.0,25.0
9lsbYI17CU,DE,39.0,Men,0.0,0.0,1.25,2.5,100.0,50.0,0.0
JitEX7q8yU,US,39.0,Women,0.0,0.0,2.0,2.0,100.0,25.0,0.0
D0bMrhnvsJ,US,39.0,Women,0.0,0.0,1.0,1.0,50.0,0.0,0.0
HIMSdxdQ3k,DE,38.0,Women,0.0,0.0,1.5,3.0,100.0,75.0,0.0
UUjClelf3a,US,39.0,Women,0.0,0.0,2.0,2.0,100.0,0.0,0.0
SEDjdCLEu2,JP,41.0,Women,6.3,3.0,1.4285714285714286,5.0,100.0,75.0,0.0
lr0nPhKV83,US,55.0,Men,0.0,0.0,2.0,2.0,100.0,0.0,0.0
Eg5OdzNVOu,DE,53.0,Men,0.0,0.0,1.0,1.5,100.0,25.0,0.0
gkeJMKFRcU,US,39.0,Women,0.0,0.0,3.0,3.0,50.0,0.0,0.0
orwoZ80tNc,DE,47.0,Women,4.0,1.0,4.5,4.5,100.0,75.0,0.0
o8U6thzw5B,US,20.0,Men,0.0,0.0,3.0,3.0,100.0,100.0,0.0
zz81JZ6cFF,DE,48.0,Women,0.0,0.0,4.133333333333334,20.666666666666668,100.0,100.0,25.0
pqUttFTPlb,GB,39.0,Women,2.8,1.0,1.5,1.5,100.0,75.0,0.0
wWOO60d69X,JP,39.0,Men,0.0,0.0,1.5714285714285714,5.5,100.0,25.0,0.0
mEnoFEvQ1p,US,50.0,Men,0.0,0.0,2.0,2.0,100.0,25.0,0.0
MXaclfxRAE,DE,39.0,Men,0.0,0.0,2.3636363636363638,8.666666666666666,100.0,100.0,0.0
RikvXEYJO8,GB,39.0,Men,0.0,0.0,3.0,3.0,100.0,25.0,0.0
ed5PsLlNGx,GB,36.0,Women,0.0,0.0,2.0952380952380953,6.285714285714286,100.0,75.0,0.0
3CuDxoxYUx,DE,55.0,Men,4.0,1.0,3.5,7.0,100.0,75.0,0.0
nwWawQUIcj,US,39.0,Women,0.0,0.0,2.0,2.0,100.0,25.0,0.0
VllMEznf89,GB,35.0,Women,0.0,0.0,2.0,2.0,100.0,0.0,0.0
C63IWUKJjZ,DE,18.0,Women,0.0,0.0,4.4,14.666666666666666,100.0,100.0,12.5
Qzt1qF1wnt,GB,52.0,Women,0.0,0.0,1.0,1.0,100.0,0.0,0.0
UlGId8AUHL,US,39.0,Men,0.0,0.0,2.0,2.0,100.0,25.0,0.0
ReKFlwOfay,DE,18.0,Women,4.0,1.0,2.0,2.0,50.0,0.0,0.0
ochytcIMhq,US,40.0,Women,0.0,0.0,1.5,1.5,100.0,25.0,0.0
o3V9EkLNEF,DE,40.0,Women,0.0,0.0,2.6666666666666665,4.0,100.0,75.0,0.0
GUvFx9cYzd,GB,39.0,Men,0.0,0.0,5.0,5.0,100.0,75.0,0.0
vd6CIBfmYm,GB,62.0,Women,2.8,1.0,10.2,51.0,100.0,100.0,75.0
2uBSDr8MHt,JP,44.0,Women,2.0,1.0,3.125,15.0,100.0,100.0,12.5
8VYbKosuAN,DE,21.0,Women,0.0,0.0,2.5555555555555554,7.666666666666667,100.0,100.0,0.0
LdcS9zddeP,US,31.0,Women,4.0,1.0,2.4615384615384617,8.0,100.0,75.0,0.0
2q6SuQzuEF,US,42.0,Women,20.0,3.0,2.111111111111111,6.333333333333333,100.0,50.0,0.0
YGFgq2w2B2,DE,45.0,Women,4.0,1.0,3.5,3.5,100.0,50.0,0.0
aggraoVuqe,DE,47.0,Men,4.0,1.0,8.307692307692308,54.0,100.0,100.0,50.0
YNUacQuTkc,DE,32.0,Men,0.0,0.0,2.625,10.5,100.0,100.0,12.5
UWLKFyvZYp,US,45.0,Men,4.0,1.0,2.3333333333333335,3.5,100.0,50.0,0.0
vsxKN2Bh9L,US,18.0,Men,0.0,0.0,4.0,4.0,100.0,25.0,0.0
xl6paff8aa,US,31.0,Men,0.0,0.0,1.0,2.0,100.0,25.0,0.0
nt12ZolWan,US,29.0,Women,0.0,0.0,1.0,1.0,100.0,25.0,0.0
EaidY4VneU,GB,20.0,Women,0.0,0.0,1.5,1.5,100.0,50.0,0.0
41B2hdPMyu,US,47.0,Men,0.0,0.0,1.9565217391304348,6.428571428571429,100.0,100.0,12.5
Kav66DHLsS,JP,39.0,Men,0.0,0.0,1.0,1.0,100.0,25.0,0.0
yNt3XnhcTk,GB,39.0,Men,0.0,0.0,2.0,2.0,100.0,0.0,0.0
dF47SO7rfA,JP,40.0,Women,0.0,0.0,1.0,1.0,50.0,0.0,0.0
P4h8Hc3pdj,DE,33.0,Women,0.0,0.0,1.8888888888888888,5.666666666666667,100.0,100.0,0.0
wdhPfuhbD0,US,39.0,Women,0.0,0.0,1.0,1.0,100.0,25.0,0.0
FRSnc3BwGG,US,48.0,Women,0.0,0.0,5.285714285714286,18.5,100.0,100.0,0.0
pb0nqw692K,US,35.0,Women,0.0,0.0,1.6666666666666667,5.0,100.0,25.0,0.0
AIxSzRSOLk,US,41.0,Women,0.0,0.0,1.0,1.0,100.0,25.0,0.0
21Md7qy8zu,GB,53.0,Men,0.0,0.0,1.0,1.0,100.0,50.0,0.0
5sRtcmq1ba,US,30.0,Men,4.0,1.0,4.769230769230769,20.666666666666668,100.0,100.0,37.5
tlG4kht4ai,DE,39.0,Men,0.0,0.0,2.6666666666666665,8.0,100.0,75.0,0.0
KyCLTBRY8T,JP,18.0,Women,0.0,0.0,1.3333333333333333,8.8,100.0,25.0,0.0
EWy5E1pGaS,DE,30.0,Women,0.0,0.0,1.75,7.0,100.0,75.0,0.0
DD1es0GvoI,DE,33.0,Men,0.0,0.0,3.3529411764705883,14.25,100.0,100.0,12.5
rGEUELygYY,US,39.0,Men,0.0,0.0,1.0,1.0,50.0,0.0,0.0
AivgP6c5jJ,US,46.0,Women,4.0,1.0,1.5,3.0,100.0,25.0,0.0
qp09OhSePk,US,28.0,Men,0.0,0.0,2.0,3.0,100.0,25.0,0.0
cIyXREa4Yd,JP,39.0,Women,6.8999996,3.0,3.5384615384615383,18.4,100.0,100.0,62.5
LKtv45kj80,US,39.0,Men,0.0,0.0,1.3333333333333333,4.0,100.0,25.0,0.0
UKH0Og2vXg,US,39.0,Women,0.0,0.0,3.0,3.0,100.0,0.0,0.0
16K8Vtx9kH,DE,39.0,Women,0.0,0.0,2.0,2.0,100.0,25.0,0.0
LOvpK2pUd0,DE,30.0,Men,10.0,2.0,5.64,35.25,100.0,100.0,25.0
mlk29yw7vo,DE,42.0,Men,0.0,0.0,3.0,6.0,100.0,100.0,0.0
IcMA5DuQOQ,GB,39.0,Men,0.0,0.0,2.3333333333333335,4.666666666666667,100.0,50.0,0.0
nXfVA2u3Xn,DE,25.0,Women,0.0,0.0,1.8333333333333333,5.5,100.0,100.0,0.0
Hd91U4Ant0,GB,31.0,Women,19.599998,5.0,10.384615384615385,67.5,100.0,100.0,37.5
GpDOjA9Ch3,GB,43.0,Women,0.0,0.0,1.5,3.0,100.0,75.0,0.0
tPBmfyUzmN,GB,58.0,Men,0.0,0.0,3.2,8.0,100.0,75.0,0.0
OhKd3oIE96,JP,39.0,Women,0.0,0.0,1.5454545454545454,8.5,100.0,25.0,0.0
cy2INrbgRM,DE,38.0,Men,0.0,0.0,3.5,7.0,100.0,100.0,0.0
oeGHdsKDWS,DE,39.0,Men,0.0,0.0,4.125,11.0,100.0,75.0,0.0
URmrWL3EAF,US,39.0,Women,0.0,0.0,1.6666666666666667,2.5,100.0,25.0,0.0
etfAqswOI5,DE,41.0,Women,0.0,0.0,1.875,7.5,100.0,100.0,0.0
t9ptbUswyw,US,39.0,Women,0.0,0.0,1.0,1.0,100.0,0.0,0.0
QUxhhK1Fk1,US,37.0,Men,4.0,1.0,3.888888888888889,17.5,100.0,75.0,0.0
MMUtnYrBeq,US,39.0,Women,4.0,1.0,3.0,7.5,100.0,50.0,0.0
YmhGkizggO,DE,29.0,Men,0.0,0.0,4.909090909090909,27.0,100.0,100.0,12.5
Fd9sgs1xb9,US,21.0,Men,0.0,0.0,3.0,3.0,100.0,0.0,0.0
WojStQvfkc,DE,35.0,Women,0.0,0.0,1.3333333333333333,4.0,100.0,100.0,37.5
kn84USVYYK,GB,39.0,Men,0.0,0.0,1.0,2.0,50.0,0.0,0.0
h0Z3QGeNn9,GB,41.0,Men,2.8,1.0,3.96,24.75,100.0,100.0,62.5
WDNz9ZRNia,DE,39.0,Women,0.0,0.0,1.0,1.0,50.0,0.0,0.0
P6AxqDizra,US,23.0,Men,4.0,1.0,1.9090909090909092,6.0,100.0,100.0,12.5
xUpsjVcZS6,GB,58.0,Men,0.0,0.0,2.6,6.5,100.0,100.0,12.5
ttsuAQAkC5,US,34.0,Women,0.0,0.0,1.3333333333333333,4.0,100.0,50.0,0.0
GL2D8rzHOF,DE,45.0,Men,4.0,1.0,1.0714285714285714,5.0,100.0,100.0,12.5
dy7KW0QWsy,GB,39.0,Men,0.0,0.0,2.0,2.0,100.0,0.0,0.0
GoqmNknU0M,GB,37.0,Men,0.0,0.0,2.3333333333333335,3.5,100.0,75.0,0.0
kPl3pv1933,DE,39.0,Women,0.0,0.0,1.75,4.666666666666667,100.0,50.0,0.0
tFHFyf4MLP,GB,39.0,Men,0.0,0.0,2.0,2.0,100.0,75.0,0.0
JVzxBi2lJC,GB,39.0,Men,0.0,0.0,2.0,3.0,100.0,50.0,0.0
p0LMon68Hp,GB,39.0,Men,0.0,0.0,2.4,4.0,100.0,100.0,0.0
EYgCOCzyWr,DE,50.0,Women,20.0,3.0,4.526315789473684,21.5,100.0,100.0,37.5
KXNyCy13Km,GB,39.0,Women,7.0,2.0,1.725,8.625,100.0,100.0,25.0
xzr9a0fcGX,US,41.0,Men,0.0,0.0,1.75,2.3333333333333335,50.0,0.0,0.0
yo2vW8zgFs,GB,31.0,Men,0.0,0.0,6.5,13.0,50.0,0.0,0.0
syXX2hpfkW,DE,43.0,Women,0.0,0.0,3.076923076923077,20.0,100.0,100.0,25.0
6uNOJhC23s,US,39.0,Men,20.0,3.0,1.8596491228070176,10.6,100.0,100.0,37.5
FWghPjqHmg,GB,40.0,Men,0.0,0.0,1.0,3.0,100.0,50.0,0.0
DMr9PpyVkg,DE,74.0,Women,20.0,3.0,3.6551724137931036,17.833333333333332,100.0,100.0,12.5
hVhTBnxhIG,US,39.0,Women,0.0,0.0,2.0,2.0,100.0,25.0,0.0
xtMMkUd8yU,US,60.0,Women,0.0,0.0,4.0,8.0,100.0,25.0,0.0
B4Ym1d4M33,GB,35.0,Women,0.0,0.0,2.0,7.0,100.0,75.0,0.0
yLWqqR5RoG,GB,39.0,Women,0.0,0.0,1.6,4.0,100.0,100.0,0.0
iV7EoMUpaC,DE,35.0,Women,0.0,0.0,2.0,4.0,100.0,50.0,0.0
GgPrIuhOm7,US,36.0,Men,0.0,0.0,1.5,1.5,100.0,0.0,0.0
DpEXE5VOJv,GB,36.0,Women,0.0,0.0,1.3333333333333333,2.0,100.0,50.0,0.0
Meh9mJZy0C,GB,43.0,Women,0.0,0.0,1.0,1.0,50.0,0.0,0.0
MaslLN4Tdj,JP,38.0,Women,0.0,0.0,4.0,16.0,100.0,75.0,0.0
mNNe6MCp4R,US,63.0,Men,0.0,0.0,2.0,8.0,100.0,25.0,0.0
yvSviBc1kw,US,44.0,Men,0.0,0.0,1.6666666666666667,5.0,100.0,50.0,0.0
wRtkIJ7XRQ,GB,32.0,Women,0.0,0.0,2.5,5.0,100.0,0.0,0.0
ofvQUnwwcI,US,39.0,Men,0.0,0.0,7.0,7.0,100.0,25.0,0.0
D6VqHE4HwJ,US,28.0,Men,0.0,0.0,1.5714285714285714,3.6666666666666665,100.0,75.0,0.0
aWZ9MWrhrU,DE,24.0,Women,0.0,0.0,1.0,1.0,50.0,0.0,0.0
GEbb2rxyNB,US,30.0,Men,0.0,0.0,7.333333333333333,22.0,100.0,50.0,0.0
LY61qhojP9,DE,42.0,Women,0.0,0.0,2.0,4.0,100.0,50.0,0.0
cePX58UxwD,DE,33.0,Women,4.0,1.0,7.555555555555555,45.333333333333336,100.0,100.0,37.5
S52RYvuwV7,GB,39.0,Women,0.0,0.0,2.0,2.0,100.0,0.0,0.0
g3Hukp0vNl,GB,40.0,Women,2.8,1.0,3.96,19.8,100.0,100.0,50.0
J5vYysJGuL,US,48.0,Men,0.0,0.0,2.5,5.0,100.0,25.0,0.0
CJmBmybTaW,GB,38.0,Women,0.0,0.0,1.0,1.0,100.0,50.0,0.0
M6idYTy2Xw,GB,28.0,Men,0.0,0.0,1.0,1.0,100.0,0.0,0.0
XShdcmC3QN,US,39.0,Women,0.0,0.0,1.0,1.0,50.0,0.0,0.0
nCMgdo8WWe,DE,40.0,Women,29.0,6.0,3.6666666666666665,18.333333333333332,100.0,25.0,0.0
OyEj3Q9TBK,DE,21.0,Women,4.0,1.0,2.0,2.0,100.0,75.0,0.0
3D0vKdrD2f,GB,39.0,Women,0.0,0.0,12.5,25.0,100.0,75.0,0.0
Vv5IGb8n9F,US,47.0,Women,0.0,0.0,2.5,5.0,100.0,25.0,0.0
krumvpMNxT,JP,44.0,Men,0.0,0.0,5.5,16.5,100.0,25.0,0.0
cHWqmVFUtj,DE,39.0,Women,0.0,0.0,4.0,16.0,100.0,75.0,0.0
YTWScrZmo5,GB,39.0,Men,0.0,0.0,3.0,3.0,100.0,50.0,0.0
QnypiKtIO5,GB,39.0,Men,0.0,0.0,1.5,3.0,100.0,75.0,0.0
o55mBKZgie,DE,28.0,Men,0.0,0.0,2.5,5.0,100.0,50.0,0.0
uxinFqZ95B,US,29.0,Men,0.0,0.0,2.0,3.0,100.0,25.0,0.0
0hJGS9TL9f,DE,25.0,Men,0.0,0.0,2.0,4.0,100.0,50.0,0.0
odJO8udcZY,GB,49.0,Women,2.8,1.0,4.5,9.0,100.0,50.0,0.0
reb22i0l8o,DE,39.0,Women,0.0,0.0,2.3333333333333335,7.0,100.0,75.0,0.0
7ut9Qyu0Um,DE,39.0,Men,0.0,0.0,2.0,2.0,100.0,0.0,0.0
jlnPLAKnpD,US,45.0,Men,0.0,0.0,2.0,7.0,100.0,50.0,0.0
ehAM8AvwkS,DE,39.0,Men,0.0,0.0,2.0,8.0,100.0,25.0,0.0
9uHmsbOyoK,DE,39.0,Women,20.0,3.0,3.111111111111111,9.333333333333334,100.0,100.0,0.0
Hj6m7ruiWd,GB,39.0,Men,0.0,0.0,3.1538461538461537,13.666666666666666,100.0,100.0,25.0
F4xve9gKG3,US,31.0,Women,10.0,2.0,1.6666666666666667,2.5,100.0,50.0,0.0
YiDooDAWjK,GB,45.0,Women,0.0,0.0,3.1315789473684212,14.875,100.0,100.0,37.5
A1MimJMhR0,DE,31.0,Women,0.0,0.0,2.0,2.0,100.0,25.0,0.0
RQ3V0Fy6gJ,DE,39.0,Women,0.0,0.0,5.0,5.0,100.0,25.0,0.0
TqU3deaiN2,US,39.0,Men,4.0,1.0,1.5,1.5,100.0,25.0,0.0
Ot8Zi1NsxH,GB,38.0,Men,0.0,0.0,3.0,3.0,100.0,25.0,0.0
NwBk45k1hO,DE,42.0,Men,10.0,2.0,5.611111111111111,28.857142857142858,100.0,100.0,75.0
7GvSWxBgca,GB,39.0,Men,2.8,1.0,2.0,2.0,50.0,0.0,0.0
YZ4Qm7AWMp,GB,39.0,Women,0.0,0.0,2.0,2.0,100.0,0.0,0.0
pz1o2G9DzM,GB,36.0,Women,0.0,0.0,3.0,6.0,100.0,75.0,0.0
n6JDK5i6CA,GB,59.0,Men,15.4,3.0,1.0,2.5,100.0,75.0,0.0
AfWa0TQhEi,US,35.0,Women,0.0,0.0,2.0,2.0,100.0,25.0,0.0
Fo9KFzD3hf,US,29.0,Men,0.0,0.0,5.666666666666667,17.0,100.0,50.0,0.0
LkzeeRiffU,GB,38.0,Men,0.0,0.0,7.0,7.0,100.0,25.0,0.0
O3B1DDPglL,GB,39.0,Women,0.0,0.0,2.4,12.0,100.0,75.0,0.0
u7gYhkWWwH,GB,36.0,Women,0.0,0.0,7.0,24.5,100.0,100.0,12.5
dsBSc6ych4,DE,55.0,Men,0.0,0.0,1.8235294117647058,7.75,100.0,100.0,37.5
c4ZZlcQT3J,US,37.0,Men,0.0,0.0,1.5,1.5,100.0,25.0,0.0
0rlmcoHgJW,GB,28.0,Women,0.0,0.0,3.0,3.0,50.0,0.0,0.0
4F1sRArX9g,GB,39.0,Men,0.0,0.0,3.0,18.0,100.0,25.0,0.0
oJysiikLwL,GB,39.0,Women,0.0,0.0,2.903225806451613,11.25,100.0,25.0,0.0
dPrVZLKWcu,GB,36.0,Women,0.0,0.0,2.875,5.75,100.0,75.0,0.0
l1kz9R63fO,US,49.0,Men,0.0,0.0,1.0,1.0,100.0,0.0,0.0
piDRl1Son8,US,54.0,Men,0.0,0.0,1.0,1.0,100.0,25.0,0.0
q5kUewkRml,US,23.0,Women,0.0,0.0,1.0,2.0,100.0,25.0,0.0
ErB5eqm37i,US,39.0,Men,0.0,0.0,2.0,2.0,100.0,25.0,0.0
srTqqAeiDN,GB,39.0,Women,2.8,1.0,3.2857142857142856,7.666666666666667,100.0,100.0,0.0
eEzKxbpkGq,DE,39.0,Women,0.0,0.0,2.3333333333333335,7.0,100.0,50.0,0.0
dlGmEqBWIj,DE,44.0,Women,0.0,0.0,2.375,9.5,100.0,100.0,0.0
alFDPLQs1x,DE,35.0,Women,0.0,0.0,3.0,6.0,50.0,0.0,0.0
EzfAp4Eheq,US,39.0,Men,10.0,2.0,2.272727272727273,5.0,100.0,75.0,0.0
CTcxQje9yo,DE,39.0,Men,4.0,1.0,6.0,10.0,100.0,100.0,0.0
zch1S0BJBz,US,39.0,Women,0.0,0.0,2.0,2.0,100.0,0.0,0.0
krRTAzRQZy,DE,46.0,Men,0.0,0.0,4.0,12.0,100.0,50.0,0.0
CAXYwjzoRV,US,45.0,Men,4.0,1.0,2.4705882352941178,10.5,100.0,25.0,0.0
46giDlCfrA,GB,26.0,Women,0.0,0.0,5.0,5.0,100.0,0.0,0.0
gd06bTrVoZ,DE,41.0,Women,0.0,0.0,2.5,5.0,100.0,25.0,0.0
0WlC0YBd22,JP,42.0,Women,0.0,0.0,6.583333333333333,39.5,100.0,75.0,0.0
U97GlkdAcf,DE,23.0,Men,20.0,3.0,2.5,10.0,100.0,100.0,0.0
gpvgwFhI5C,GB,54.0,Men,7.0,2.0,3.6956521739130435,21.25,100.0,50.0,0.0
zdrXCpZnD2,DE,39.0,Women,0.0,0.0,6.0,6.0,100.0,25.0,0.0
bW3TetVUrT,US,42.0,Women,0.0,0.0,1.0,1.0,100.0,25.0,0.0
uRizJks3Ci,GB,39.0,Women,2.8,1.0,1.4,3.5,100.0,50.0,0.0
NdZJEhMSn1,GB,37.0,Men,0.0,0.0,2.0,2.0,100.0,25.0,0.0
RPTVd5NPK8,GB,30.0,Men,0.0,0.0,2.0,2.0,100.0,25.0,0.0
Nzc4lDf3YY,US,36.0,Men,0.0,0.0,2.272727272727273,6.25,50.0,0.0,0.0
ST1TBGYIWG,US,44.0,Women,20.0,3.0,4.761904761904762,25.0,100.0,100.0,25.0
oShv5mVBC2,DE,30.0,Men,20.0,3.0,3.0,3.0,100.0,25.0,0.0
2TP0cQ0AJM,US,23.0,Men,0.0,0.0,1.0,1.0,50.0,0.0,0.0
ISUnfNzy3j,US,39.0,Women,0.0,0.0,1.0,1.0,100.0,25.0,0.0
yYqfnXpMDx,US,47.0,Women,0.0,0.0,5.0,5.0,100.0,25.0,0.0
MdjQo3St2c,DE,39.0,Men,0.0,0.0,2.4444444444444446,11.0,100.0,50.0,0.0
e89MduVLjQ,DE,40.0,Women,0.0,0.0,10.8,54.0,100.0,100.0,37.5
ff8p8Wk2Ai,GB,27.0,Men,0.0,0.0,1.5,3.0,100.0,50.0,0.0
R52uSr5ce6,GB,65.0,Women,2.8,1.0,1.7142857142857142,6.0,100.0,100.0,0.0
T4i693xiSw,US,39.0,Men,0.0,0.0,1.0,1.0,100.0,25.0,0.0
ltctxfInrK,GB,40.0,Men,0.0,0.0,1.0,1.0,100.0,75.0,0.0
1GcLUZ7drh,DE,39.0,Men,0.0,0.0,1.5,3.0,100.0,100.0,0.0
V9T1uUsrX1,US,37.0,Women,0.0,0.0,2.0,2.0,100.0,25.0,0.0
RXUbTEGvj1,GB,44.0,Women,33.6,10.0,4.923076923076923,32.0,100.0,100.0,25.0
j6BOPw7sTy,US,59.0,Women,0.0,0.0,2.769230769230769,9.0,100.0,75.0,0.0
lPVC3E81AI,GB,39.0,Women,0.0,0.0,2.0,2.0,100.0,50.0,0.0
20AJUxUeuZ,JP,46.0,Women,0.0,0.0,4.0,16.0,100.0,75.0,0.0
0Oe9mLPP74,US,39.0,Men,4.0,1.0,2.0,2.0,100.0,0.0,0.0
RW6dqFueHR,US,39.0,Men,0.0,0.0,1.0,1.0,100.0,0.0,0.0
bP7FMn9qxy,US,39.0,Women,0.0,0.0,1.0,1.0,100.0,25.0,0.0
BV3ue2oEXz,DE,47.0,Women,0.0,0.0,3.0,3.0,50.0,0.0,0.0
qeKZVvxWjU,GB,39.0,Women,0.0,0.0,1.6666666666666667,2.5,100.0,50.0,0.0
5higut0m5P,US,39.0,Women,0.0,0.0,3.0,3.0,100.0,25.0,0.0
DyED4fOzsr,GB,39.0,Women,0.0,0.0,4.0,8.0,100.0,75.0,0.0
Mcu4UCxdAB,US,39.0,Women,4.4,1.0,1.4,2.3333333333333335,100.0,50.0,0.0
8ieIzWzoNq,US,46.0,Women,0.0,0.0,2.0,2.0,100.0,0.0,0.0
vCiYHyFSO1,DE,39.0,Women,0.0,0.0,3.0,3.0,100.0,25.0,0.0
eEclYrcJmz,US,34.0,Men,4.0,1.0,2.0,3.0,100.0,0.0,0.0
R5yJmP2Ujg,DE,40.0,Men,0.0,0.0,2.2857142857142856,12.0,100.0,100.0,12.5
YDN95uW7JO,DE,47.0,Men,0.0,0.0,4.75,19.0,100.0,50.0,0.0
p3MAfxexw5,US,45.0,Men,0.0,0.0,1.5625,4.166666666666667,100.0,100.0,0.0
M5eLyrnj2R,US,57.0,Men,0.0,0.0,1.0,1.0,50.0,0.0,0.0
Tvas2w1bgV,US,54.0,Men,0.0,0.0,1.1428571428571428,2.0,100.0,25.0,0.0
dS6S2GvECs,DE,39.0,Men,0.0,0.0,3.0,3.0,100.0,50.0,0.0
AnnDxJVY4f,DE,25.0,Women,0.0,0.0,2.5,5.0,100.0,50.0,0.0
oV6O61IgRP,DE,39.0,Men,0.0,0.0,2.6666666666666665,8.0,100.0,75.0,0.0
S2DIDgaA0K,DE,51.0,Women,0.0,0.0,4.333333333333333,6.5,100.0,75.0,0.0
PbZSHgasOJ,GB,54.0,Women,0.0,0.0,6.0,6.0,100.0,25.0,0.0
WNAcsjYcDv,DE,36.0,Women,0.0,0.0,3.0,3.0,100.0,25.0,0.0
xWrCbS2h0X,US,48.0,Men,0.0,0.0,1.5,3.0,100.0,25.0,0.0
j0CTuUmKay,US,18.0,Men,0.0,0.0,4.333333333333333,13.0,100.0,75.0,0.0
OirnAyibR6,US,50.0,Women,0.0,0.0,2.2903225806451615,10.142857142857142,100.0,100.0,0.0
JEt5FBqY71,US,37.0,Women,4.0,1.0,2.0,5.5,100.0,100.0,25.0
6htEaFKXb8,DE,53.0,Women,10.0,2.0,3.236842105263158,20.5,100.0,0.0,0.0
5Q2NrmMeg3,DE,44.0,Women,0.0,0.0,5.0,10.0,100.0,50.0,0.0
QiZbp1CJEC,US,18.0,Women,0.0,0.0,1.0,1.0,100.0,0.0,0.0
qi6p5xOYxg,US,53.0,Women,0.0,0.0,2.0,2.0,100.0,50.0,0.0
OGuGtJcf2o,US,24.0,Men,0.0,0.0,1.0,1.0,100.0,25.0,0.0
Q1kenPYzRH,GB,41.0,Women,7.0,2.0,1.625,6.5,100.0,100.0,25.0
4v65Abclin,US,51.0,Men,0.0,0.0,1.5,3.0,100.0,25.0,0.0
O2F4tcgxnq,DE,35.0,Men,4.0,1.0,5.571428571428571,26.0,100.0,100.0,37.5
njWd7SHWfg,DE,39.0,Women,0.0,0.0,1.0,1.0,50.0,0.0,0.0
JpIDW79vpt,DE,58.0,Men,4.0,1.0,2.0,10.0,100.0,100.0,25.0
2KMwshXiXZ,US,41.0,Men,0.0,0.0,4.5,9.0,100.0,25.0,0.0
fDFzkuEuDt,US,48.0,Men,0.0,0.0,2.5,2.5,100.0,25.0,0.0
sZzKy9re79,DE,39.0,Men,0.0,0.0,1.0,1.0,50.0,0.0,0.0
3yIe0mFiby,DE,37.0,Women,0.0,0.0,2.0,2.0,50.0,0.0,0.0
YSs0pFIeSg,JP,25.0,Women,0.0,0.0,1.0,1.0,100.0,25.0,0.0
LlWyVh0QVH,JP,34.0,Men,0.0,0.0,1.3333333333333333,4.0,100.0,25.0,0.0
SVQpOS9DIK,DE,39.0,Men,0.0,0.0,3.4444444444444446,15.5,100.0,100.0,0.0
lnElBGxJdv,DE,38.0,Men,10.0,2.0,3.357142857142857,20.142857142857142,100.0,100.0,37.5
5yKvx7PzZb,DE,23.0,Women,0.0,0.0,2.375,13.571428571428571,100.0,100.0,37.5
tjYtd6PHaB,US,45.0,Men,0.0,0.0,3.0,3.0,100.0,25.0,0.0
2mDIQ9Cb9F,US,67.0,Men,20.0,3.0,5.388059701492537,36.1,100.0,100.0,62.5
TluJcGtTWd,DE,39.0,Men,0.0,0.0,1.3333333333333333,4.0,100.0,50.0,0.0
S1HVO7x6eo,DE,41.0,Men,0.0,0.0,3.75,10.0,100.0,25.0,0.0
qviDOe3P5u,US,35.0,Women,0.0,0.0,1.0,2.0,100.0,25.0,0.0
3rXefWPlSs,GB,39.0,Women,2.8,1.0,2.5,15.0,100.0,100.0,0.0
eqaUHWTHbd,GB,29.0,Women,0.0,0.0,5.583333333333333,33.5,100.0,100.0,12.5
Dw4izsiuvC,GB,45.0,Men,0.0,0.0,3.0,3.0,100.0,50.0,0.0
xpEeMHep5Q,US,48.0,Women,0.0,0.0,4.5,4.5,100.0,25.0,0.0
rneGgF8fuh,US,39.0,Men,0.0,0.0,2.3333333333333335,7.0,100.0,50.0,0.0
5uN8L193bA,US,59.0,Women,0.0,0.0,1.0,1.0,100.0,25.0,0.0
3MrHSiYY0r,US,50.0,Men,4.0,1.0,1.9210526315789473,8.11111111111111,100.0,100.0,12.5
pXyAnUruXS,DE,39.0,Men,0.0,0.0,1.68,10.5,100.0,100.0,50.0
qY7ynUD7b3,GB,53.0,Men,0.0,0.0,1.0,1.0,100.0,50.0,0.0
b6NHXHCLXz,JP,39.0,Men,0.0,0.0,1.5454545454545454,4.25,100.0,25.0,0.0
JMrpGtyGhP,GB,41.0,Men,0.0,0.0,1.75,7.0,100.0,75.0,0.0
4WzujjpL06,JP,39.0,Women,0.0,0.0,3.0,3.0,100.0,25.0,0.0
2jeFgTJbiL,DE,42.0,Men,0.0,0.0,1.0,1.0,100.0,0.0,0.0
yY2oeSACxy,DE,45.0,Women,0.0,0.0,1.0,1.0,100.0,25.0,0.0
ubqCkHfVkK,GB,27.0,Women,0.0,0.0,1.0,1.0,50.0,0.0,0.0
1oYIb2OPKZ,US,39.0,Women,0.0,0.0,1.0,1.0,50.0,0.0,0.0
cmSsdocXAR,GB,39.0,Women,0.0,0.0,2.0,2.0,100.0,0.0,0.0
NRNgpWHZFG,US,54.0,Women,0.0,0.0,1.0,1.0,100.0,0.0,0.0
reNlyEf75c,US,31.0,Women,0.0,0.0,2.3333333333333335,3.5,100.0,100.0,0.0
xCI45dnbOX,DE,39.0,Men,0.0,0.0,4.0,4.0,100.0,50.0,0.0
ZOOhw8wwiK,US,51.0,Women,0.0,0.0,2.0,4.0,100.0,0.0,0.0
V0KbPTKJbW,US,38.0,Men,20.0,3.0,1.631578947368421,3.875,100.0,100.0,0.0
raXxzKk6Qk,US,28.0,Women,20.0,3.0,3.25,13.0,100.0,50.0,0.0
1Y2XEJZJlH,US,22.0,Women,0.0,0.0,2.0,2.0,50.0,0.0,0.0
j7kOFfrFDz,GB,39.0,Men,0.0,0.0,4.0,4.0,100.0,50.0,0.0
WJBAsDvuYf,GB,39.0,Women,0.0,0.0,3.8,6.333333333333333,100.0,25.0,0.0
t4F4hz6LzF,DE,45.0,Women,0.0,0.0,3.6842105263157894,17.5,100.0,100.0,25.0
0uO4Kil2oM,JP,53.0,Men,0.0,0.0,1.0,1.0,50.0,0.0,0.0
GIcd5Pyi30,DE,39.0,Men,0.0,0.0,1.6666666666666667,2.5,100.0,25.0,0.0
iQWGNMqGhB,US,29.0,Men,4.0,1.0,2.0,6.0,100.0,25.0,0.0
ARITAW91cr,DE,39.0,Men,0.0,0.0,2.6,13.0,100.0,100.0,12.5
q7D2e1bPAl,DE,39.0,Women,0.0,0.0,2.0,2.0,100.0,50.0,0.0
B7WU6Ynuex,DE,40.0,Men,0.0,0.0,4.842105263157895,23.0,100.0,75.0,0.0
92GEgIMdHe,US,36.0,Women,0.0,0.0,1.875,3.75,100.0,100.0,0.0
rMxWnUFzD6,JP,41.0,Men,0.0,0.0,3.0,4.5,100.0,25.0,0.0
qIGh22eRiv,DE,30.0,Men,10.0,2.0,1.0,2.0,100.0,50.0,0.0
L874uw76zl,GB,57.0,Men,0.0,0.0,2.4285714285714284,12.75,100.0,50.0,0.0
gE8vKqmEMr,JP,39.0,Men,0.0,0.0,6.666666666666667,20.0,100.0,50.0,0.0
ZGTdcaogyq,US,39.0,Men,4.0,1.0,4.02,25.125,100.0,100.0,75.0
oizcIKwpIL,US,21.0,Men,0.0,0.0,3.0,9.0,100.0,75.0,0.0
5yxa4Da5gG,GB,46.0,Women,0.0,0.0,8.571428571428571,60.0,100.0,100.0,50.0
47Ezak2Yno,US,45.0,Women,4.0,1.0,2.0,8.0,100.0,75.0,0.0
LD8xUMJ99E,US,67.0,Men,4.0,1.0,2.7083333333333335,9.285714285714286,100.0,100.0,0.0
3PTT6IuLHk,DE,39.0,Men,4.0,1.0,3.6666666666666665,11.0,100.0,100.0,0.0
sYoiplA3Zs,US,36.0,Men,4.0,1.0,1.5,3.0,100.0,0.0,0.0
8zxH4D6rga,GB,40.0,Men,0.0,0.0,2.0,2.0,100.0,75.0,0.0
JABcm6CjC3,US,39.0,Women,0.0,0.0,2.0,2.0,100.0,0.0,0.0
Hip1ZneHAP,DE,39.0,Men,0.0,0.0,3.0526315789473686,11.6,100.0,100.0,25.0
yaf8bFNjKZ,US,39.0,Women,0.0,0.0,3.5,3.5,100.0,50.0,0.0
pPKiKvaBp3,DE,39.0,Men,0.0,0.0,1.0,1.5,100.0,50.0,0.0
abfMTpUANN,US,39.0,Men,0.0,0.0,1.0,1.0,50.0,0.0,0.0
LBFRa7HXLv,GB,39.0,Men,2.8,1.0,2.5,5.0,100.0,50.0,0.0
3UMUd8mKa1,US,34.0,Women,0.0,0.0,2.0,2.0,100.0,25.0,0.0
poKU4sYqKJ,DE,39.0,Men,0.0,0.0,4.510204081632653,31.571428571428573,100.0,100.0,25.0
JSPOoBZG1Q,DE,33.0,Men,0.0,0.0,3.6666666666666665,22.0,100.0,75.0,0.0
m8jw2zYXHv,US,38.0,Men,0.0,0.0,2.0,2.0,100.0,0.0,0.0
5o6L4ONIkV,DE,40.0,Women,0.0,0.0,1.0,1.0,100.0,25.0,0.0
oxPLQBOKQD,DE,46.0,Women,4.0,1.0,2.6,6.5,100.0,75.0,0.0
e0B2H3G9Mv,GB,49.0,Women,0.0,0.0,2.64,13.2,100.0,100.0,12.5
w4gOSHuIEb,GB,39.0,Men,0.0,0.0,1.0,1.0,50.0,0.0,0.0
xlNQmi0s90,US,38.0,Women,0.0,0.0,3.0,6.0,100.0,25.0,0.0
U5LcIsz0xo,DE,33.0,Women,0.0,0.0,2.0,2.0,100.0,0.0,0.0
a3bKYjbqyG,DE,39.0,Women,0.0,0.0,1.0,1.0,50.0,0.0,0.0
0OR4I8VuE7,US,39.0,Women,4.0,1.0,4.774193548387097,29.6,100.0,100.0,25.0
sIHLtZMD3e,DE,39.0,Men,0.0,0.0,4.0,4.0,100.0,50.0,0.0
OKmOazSOSd,US,39.0,Women,0.0,0.0,1.0,1.0,100.0,25.0,0.0
GbkqjW0vBk,US,39.0,Women,0.0,0.0,2.5,2.5,100.0,0.0,0.0
l7vbcblKZL,US,39.0,Men,0.0,0.0,3.0,3.0,100.0,25.0,0.0
IasypOGHOh,US,22.0,Women,4.0,1.0,3.090909090909091,8.5,100.0,50.0,0.0
TXOpA7OZiE,GB,39.0,Women,0.0,0.0,1.0,1.0,50.0,0.0,0.0
BHhe1QvWED,DE,29.0,Women,4.0,1.0,7.5,33.0,100.0,100.0,50.0
k4wt4wp5Du,US,57.0,Men,0.0,0.0,1.0,1.0,100.0,0.0,0.0
kGOQflBEuf,US,48.0,Women,0.0,0.0,2.1666666666666665,3.25,100.0,50.0,0.0
nurynNcRvJ,DE,41.0,Women,4.0,1.0,1.3333333333333333,4.0,100.0,75.0,0.0
6VPPEIxK17,GB,39.0,Men,0.0,0.0,1.9285714285714286,6.75,100.0,100.0,12.5
CCqgIzRYSO,US,26.0,Men,0.0,0.0,5.0,5.0,100.0,0.0,0.0
9hU115A6Pl,US,48.0,Women,0.0,0.0,1.0,1.0,100.0,0.0,0.0
cU933wsDk4,DE,23.0,Men,0.0,0.0,3.0,6.0,100.0,50.0,0.0
TjekCmKnwD,US,39.0,Women,0.0,0.0,1.5,3.0,100.0,25.0,0.0
NrXJdI2yjL,US,56.0,Men,77.0,22.0,4.142857142857143,29.0,100.0,100.0,75.0
foceaiNFHm,DE,24.0,Women,0.0,0.0,1.0,1.0,100.0,50.0,0.0
DtA93cjGCJ,DE,34.0,Men,0.0,0.0,1.6666666666666667,2.5,100.0,50.0,0.0
qOU9BcYSoc,GB,30.0,Women,0.0,0.0,1.0,1.0,100.0,50.0,0.0
KNvW9IpSgM,DE,39.0,Women,0.0,0.0,2.0,4.0,100.0,75.0,0.0
H0jwoWZXvg,DE,38.0,Men,4.0,1.0,1.8333333333333333,5.5,100.0,75.0,0.0
Y5qPnA3wZH,DE,35.0,Men,0.0,0.0,3.5,3.5,100.0,50.0,0.0
Pxf3S1AQdV,GB,74.0,Women,16.8,4.0,1.5,1.5,100.0,50.0,0.0
QCWSMHRLRi,DE,55.0,Women,0.0,0.0,2.0,4.0,100.0,100.0,0.0
OHt3Hr4D1V,US,44.0,Women,0.0,0.0,1.0,1.0,100.0,0.0,0.0
sHCZIHtSxs,US,32.0,Men,0.0,0.0,4.25,5.666666666666667,50.0,0.0,0.0
nulRyZdddG,DE,39.0,Women,0.0,0.0,2.5,5.0,50.0,0.0,0.0
YS5e4eyeiO,DE,36.0,Men,0.0,0.0,2.5,5.0,100.0,75.0,0.0
twsAhVOiGk,DE,43.0,Women,0.0,0.0,3.0,3.0,100.0,75.0,0.0
OFHaWf3HHi,GB,47.0,Men,0.0,0.0,2.0,2.0,100.0,25.0,0.0
m7HvWwaEOA,GB,48.0,Men,0.0,0.0,1.8666666666666667,5.6,100.0,100.0,0.0
KJMsg1Kyoe,US,59.0,Men,0.0,0.0,3.3783783783783785,17.857142857142858,100.0,100.0,37.5
OtdCVUZy1y,DE,28.0,Men,0.0,0.0,1.9444444444444444,8.75,100.0,25.0,0.0
HswGn7zCqY,US,29.0,Women,0.0,0.0,2.0,4.0,100.0,50.0,0.0
yM4rize5NE,DE,45.0,Men,10.0,2.0,4.651162790697675,28.571428571428573,100.0,100.0,50.0
yFruM0X3fO,GB,30.0,Men,14.0,3.0,1.8,4.5,100.0,75.0,0.0
YDLOQ9TG2R,DE,39.0,Men,0.0,0.0,1.0,1.0,100.0,0.0,0.0
rHW43R7Fyi,JP,39.0,Men,0.0,0.0,3.0,3.0,100.0,25.0,0.0
tA8ZzbuNwI,GB,43.0,Men,0.0,0.0,3.3333333333333335,18.333333333333332,100.0,100.0,50.0
gnBKMoZwrR,GB,39.0,Men,0.0,0.0,3.0,3.0,100.0,50.0,0.0
p9UyHTPBhK,GB,47.0,Men,0.0,0.0,13.142857142857142,92.0,100.0,100.0,75.0
F36a6HRboS,DE,39.0,Women,0.0,0.0,2.0,6.0,100.0,25.0,0.0
OwRu3721IN,DE,39.0,Women,0.0,0.0,5.0,5.0,100.0,50.0,0.0
x6xu8GzpQp,US,30.0,Women,0.0,0.0,2.5,5.0,100.0,25.0,0.0
R3lYfWmXAj,JP,39.0,Women,1.4,1.0,2.0,8.0,100.0,75.0,0.0
QIuH3AAumR,DE,42.0,Women,4.0,1.0,4.648648648648648,28.666666666666668,100.0,0.0,0.0
GqtnBvo3P3,GB,40.0,Women,7.0,2.0,1.75,3.5,100.0,50.0,0.0
2x70va0UGV,GB,59.0,Men,0.0,0.0,1.0,1.0,100.0,0.0,0.0
3WpfaokEa3,US,33.0,Men,4.0,1.0,2.0,3.5,100.0,25.0,0.0
knMyzQ0ZxT,DE,41.0,Women,0.0,0.0,2.0,4.0,100.0,75.0,0.0
JbbSvwfecv,US,57.0,Men,10.0,2.0,2.5384615384615383,6.6,100.0,100.0,12.5
xWxlrQnAFC,DE,25.0,Men,0.0,0.0,1.0,1.6666666666666667,100.0,75.0,0.0
ICC9bjBRz3,US,39.0,Women,0.0,0.0,1.0,2.0,100.0,25.0,0.0
gFWdeaG7Xf,DE,33.0,Men,0.0,0.0,2.8333333333333335,17.0,100.0,75.0,0.0
PGLlRBfa7G,DE,44.0,Women,0.0,0.0,12.5,25.0,100.0,100.0,0.0
6KHlngomjr,DE,41.0,Men,0.0,0.0,3.08,19.25,100.0,100.0,25.0
58d1jZpPbj,GB,39.0,Women,0.0,0.0,2.15625,13.8,100.0,100.0,12.5
7sbgSp08aW,GB,45.0,Women,3.08,1.0,5.222222222222222,7.833333333333333,100.0,75.0,0.0
Se8CRuSCt4,US,67.0,Men,0.0,0.0,1.3333333333333333,3.0,100.0,75.0,0.0
loPrU4Rn2V,DE,39.0,Women,0.0,0.0,3.5,10.5,100.0,100.0,0.0
FR02Poq4Ip,GB,39.0,Men,0.0,0.0,2.0,2.0,100.0,0.0,0.0
ArUzULa57X,US,49.0,Men,0.0,0.0,1.1666666666666667,2.3333333333333335,100.0,50.0,0.0
ZMiRCqCuRO,DE,29.0,Men,0.0,0.0,9.0,22.5,100.0,75.0,0.0
osuzFFRYVQ,GB,45.0,Men,0.0,0.0,2.3333333333333335,7.0,100.0,100.0,62.5
Td1rlwTO9n,GB,53.0,Women,0.0,0.0,6.0,36.0,100.0,50.0,0.0
ubTxw5r74v,DE,39.0,Women,0.0,0.0,3.0,12.0,100.0,75.0,0.0
fA5mInVThT,US,39.0,Men,0.0,0.0,2.0,2.0,100.0,25.0,0.0
0sZJ2wWn9l,GB,39.0,Men,0.0,0.0,5.193548387096774,26.833333333333332,100.0,100.0,50.0
4gE4Labhqn,GB,39.0,Women,0.0,0.0,1.0,1.0,100.0,50.0,0.0
afr7jvbkF0,US,39.0,Women,0.0,0.0,1.0,2.0,50.0,0.0,0.0
MmRzWvLjr0,GB,39.0,Men,0.0,0.0,11.0,11.0,100.0,75.0,0.0
1ct8xbb7Mr,US,18.0,Women,0.0,0.0,5.0,10.0,100.0,25.0,0.0
bfo7XhpIpv,GB,26.0,Women,0.0,0.0,3.0,9.0,100.0,100.0,0.0
7KNpGRHNPY,DE,48.0,Women,0.0,0.0,2.0,4.0,100.0,50.0,0.0
1L4da9OI5v,US,35.0,Men,0.0,0.0,2.5,2.5,100.0,25.0,0.0
Lw8NBYVbHX,GB,30.0,Men,3.08,1.0,3.8484848484848486,15.875,100.0,100.0,37.5
b5rwprkH8R,DE,25.0,Women,10.0,2.0,3.0,7.5,100.0,75.0,0.0
3ynHTykg1f,DE,39.0,Women,0.0,0.0,1.0,1.0,100.0,75.0,0.0
x3uuE04fTE,DE,39.0,Men,0.0,0.0,1.0,1.0,100.0,25.0,0.0
ot6sRs5y44,US,54.0,Women,0.0,0.0,1.0,1.0,50.0,0.0,0.0
zvd1W92EWE,GB,47.0,Women,2.8,1.0,3.0869565217391304,20.285714285714285,100.0,100.0,50.0
PB1r2kLKc4,GB,42.0,Men,2.8,1.0,2.3333333333333335,9.333333333333334,50.0,0.0,0.0
ARtaeMnNYR,US,45.0,Women,0.0,0.0,1.5,3.0,50.0,0.0,0.0
eqUDBCtRP3,US,43.0,Men,4.0,1.0,1.8,4.5,100.0,25.0,0.0
8SzS5dv57I,US,39.0,Men,4.0,1.0,1.8333333333333333,5.5,100.0,75.0,0.0
GVZ6ywCabT,GB,49.0,Men,0.0,0.0,7.0,7.0,100.0,50.0,0.0
Ez9ks8Fodd,JP,40.0,Women,4.1,2.0,2.9047619047619047,12.2,100.0,100.0,50.0
tvU9HVG4rQ,GB,36.0,Men,0.0,0.0,2.7333333333333334,10.25,100.0,100.0,25.0
PyHDt2BRAk,DE,39.0,Men,0.0,0.0,1.0,1.0,50.0,0.0,0.0
o8pAEGF4eF,DE,39.0,Women,0.0,0.0,2.4,6.0,100.0,75.0,0.0
oLrIr3hmnA,GB,36.0,Men,2.8,1.0,2.25,9.0,100.0,75.0,0.0
pj02v9itT2,GB,53.0,Men,0.0,0.0,2.0,2.0,100.0,75.0,0.0
c4i68CYBoB,DE,34.0,Men,0.0,0.0,1.6666666666666667,5.0,100.0,75.0,0.0
LtkTbRcnL2,GB,47.0,Women,0.0,0.0,8.375,47.857142857142854,100.0,100.0,62.5
HfUvYblRMJ,GB,54.0,Men,0.0,0.0,3.1666666666666665,9.5,100.0,75.0,0.0
2qupa2EJr7,DE,36.0,Men,0.0,0.0,1.5714285714285714,5.5,100.0,75.0,0.0
LixsfCGVDG,US,39.0,Men,4.0,1.0,1.4285714285714286,2.5,100.0,75.0,0.0
jxNWxmNwLp,US,39.0,Women,4.0,1.0,1.3333333333333333,2.6666666666666665,100.0,50.0,0.0
UlSbKDpVKg,US,39.0,Men,0.0,0.0,1.0,1.0,100.0,0.0,0.0
FxlQjXWd6f,US,39.0,Men,0.0,0.0,1.0,1.0,50.0,0.0,0.0
GklOCWSODK,GB,44.0,Men,0.0,0.0,4.615384615384615,20.0,100.0,100.0,12.5
Sf429BEmBP,GB,51.0,Men,7.0,2.0,3.8484848484848486,25.4,100.0,100.0,37.5
kVFIKqPXLf,GB,39.0,Men,0.0,0.0,1.0,1.0,50.0,0.0,0.0
qPQTC6mJFB,DE,42.0,Women,0.0,0.0,1.6551724137931034,8.0,50.0,0.0,0.0
jIOgKB14mJ,DE,58.0,Men,0.0,0.0,1.5,3.0,100.0,75.0,0.0
TQOZKkASUC,GB,30.0,Men,0.0,0.0,4.0,4.0,100.0,50.0,0.0
z99Fwh2E5X,GB,41.0,Men,0.0,0.0,3.75,15.0,100.0,75.0,0.0
YyRhCWAoGv,US,40.0,Women,4.0,1.0,1.4615384615384615,3.1666666666666665,100.0,75.0,0.0
dEQZyA6BnP,US,41.0,Women,29.0,6.0,3.6,22.5,100.0,100.0,12.5
iQDy8AAZDy,US,56.0,Women,0.0,0.0,1.6666666666666667,5.0,100.0,25.0,0.0
cu2gibCcmS,GB,42.0,Women,0.0,0.0,1.0,1.0,50.0,0.0,0.0
0vQm7t0fRf,DE,28.0,Men,0.0,0.0,2.7142857142857144,6.333333333333333,100.0,75.0,0.0
32U0lqYrrr,US,39.0,Men,0.0,0.0,1.0,1.0,100.0,50.0,0.0
uJLThSIuTx,US,56.0,Men,4.0,1.0,1.0,1.0,100.0,50.0,0.0
1yF5f8KyMJ,DE,42.0,Women,0.0,0.0,1.0,1.0,100.0,0.0,0.0
OJVpGykjtU,DE,39.0,Women,0.0,0.0,2.0,2.0,100.0,50.0,0.0
2Fm8EklHOu,DE,39.0,Men,26.0,5.0,3.2,16.0,100.0,100.0,0.0
MwBUB7C3NQ,US,21.0,Men,0.0,0.0,1.5,3.0,50.0,0.0,0.0
MeFEYOmGCR,US,39.0,Women,0.0,0.0,1.0,1.0,100.0,25.0,0.0
dgwMy78mez,DE,39.0,Women,0.0,0.0,2.6666666666666665,8.0,100.0,50.0,0.0
o6QQkTRU3W,DE,48.0,Men,0.0,0.0,2.0,4.0,100.0,75.0,0.0
3P0ICdhXTh,DE,55.0,Men,4.0,1.0,2.1818181818181817,6.0,100.0,100.0,0.0
O9aECGEu59,GB,50.0,Women,0.0,0.0,3.2857142857142856,9.2,100.0,75.0,0.0
qy4DwmV0im,JP,51.0,Women,5.0,2.0,2.0,6.0,100.0,25.0,0.0
wJSq82oeTC,US,45.0,Men,0.0,0.0,1.5,3.0,50.0,0.0,0.0
h0ioiV8hNy,DE,39.0,Women,0.0,0.0,2.0,2.0,50.0,0.0,0.0
1wDq9xDzvf,DE,39.0,Men,0.0,0.0,2.659090909090909,14.625,100.0,100.0,0.0
0BI1q3aMMR,DE,39.0,Women,0.0,0.0,1.3333333333333333,1.3333333333333333,100.0,50.0,0.0
96K83hvjIX,US,36.0,Men,0.0,0.0,1.0,1.0,50.0,0.0,0.0
01nTD19uNO,DE,43.0,Men,0.0,0.0,1.0,1.0,100.0,0.0,0.0
uCTfIuptlm,GB,38.0,Women,2.8,1.0,6.4,42.666666666666664,100.0,100.0,12.5
4YVBfWehhl,US,49.0,Men,0.0,0.0,2.0,2.0,100.0,0.0,0.0
Z4VhWmZqMG,DE,39.0,Men,0.0,0.0,4.0,4.0,100.0,75.0,0.0
cxZyGfj240,US,38.0,Men,4.4,1.0,2.176470588235294,7.4,100.0,25.0,0.0
xKtlhzUMm5,GB,32.0,Men,0.0,0.0,1.0,1.0,50.0,0.0,0.0
xSNLRL0z91,US,54.0,Men,0.0,0.0,4.193548387096774,26.0,100.0,100.0,12.5
XpjMME2BeK,US,57.0,Women,0.0,0.0,1.5833333333333333,3.8,50.0,0.0,0.0
nncdJjnRbG,GB,27.0,Men,0.0,0.0,2.5,5.0,100.0,50.0,0.0
qUjk4sJuYI,DE,33.0,Women,0.0,0.0,3.0,3.0,100.0,50.0,0.0
yazc5jORG6,DE,39.0,Men,0.0,0.0,4.0,4.0,100.0,50.0,0.0
mTpPiUIflu,US,46.0,Men,0.0,0.0,1.0,2.0,100.0,25.0,0.0
zlYTp1m8BG,DE,39.0,Women,0.0,0.0,2.6,10.833333333333334,100.0,100.0,25.0
Q6uEfOUhmy,DE,55.0,Women,0.0,0.0,1.25,5.0,100.0,75.0,0.0
YumBj8AzZm,DE,39.0,Women,0.0,0.0,1.5,3.0,100.0,25.0,0.0
ufb6Pz1c4c,DE,53.0,Women,20.0,3.0,1.6666666666666667,2.5,100.0,75.0,0.0
RHhFhuXKXX,US,63.0,Women,0.0,0.0,4.0,4.0,50.0,0.0,0.0
lV72eysTu1,DE,39.0,Women,0.0,0.0,2.2666666666666666,11.333333333333334,100.0,75.0,0.0
AO5g6or38Z,US,31.0,Men,0.0,0.0,3.0,6.0,100.0,25.0,0.0
XIFcCa801U,GB,68.0,Men,14.0,3.0,5.090909090909091,33.6,100.0,100.0,62.5
q9i3Yfvqiy,DE,39.0,Women,41.0,10.0,6.0,6.0,100.0,75.0,0.0
uG6tPo2g21,GB,31.0,Women,0.0,0.0,3.0,9.0,100.0,75.0,0.0
I91nrIHXIj,DE,34.0,Women,0.0,0.0,2.0,8.0,100.0,100.0,0.0
AQxVLHqCCY,US,47.0,Women,47.0,12.0,2.0,5.333333333333333,100.0,100.0,0.0
BTjP48T2Ue,DE,38.0,Women,0.0,0.0,1.0,1.0,100.0,75.0,0.0
OHZEIianWe,JP,42.0,Women,0.0,0.0,1.3333333333333333,4.0,100.0,25.0,0.0
gp7XLFpqmi,US,39.0,Men,10.0,2.0,8.5,45.333333333333336,100.0,100.0,25.0
kBId6nBWMx,DE,33.0,Men,0.0,0.0,1.3333333333333333,4.0,100.0,50.0,0.0
nj7SZcmVh8,DE,36.0,Women,0.0,0.0,2.0,4.0,100.0,50.0,0.0
1XyG5xS3qL,JP,43.0,Men,1.4,1.0,10.5,42.0,100.0,100.0,12.5
o6tC55mGAz,DE,36.0,Men,10.0,2.0,3.9473684210526314,25.0,100.0,100.0,25.0
bgfo2SeaVP,GB,37.0,Women,2.8,1.0,1.5609756097560976,8.0,100.0,100.0,50.0
ggbO7riBNg,DE,39.0,Women,4.0,1.0,3.0,6.0,100.0,50.0,0.0
CiRyWulbUr,GB,35.0,Men,0.0,0.0,4.5,30.0,100.0,100.0,37.5
UxEUwwMkgm,GB,53.0,Women,0.0,0.0,6.857142857142857,48.0,100.0,100.0,12.5
rPvlG59hlF,DE,37.0,Men,0.0,0.0,1.0,1.0,50.0,0.0,0.0
qFFvMkNANE,DE,25.0,Women,0.0,0.0,1.5,3.0,100.0,50.0,0.0
kBlclzJhAQ,US,33.0,Men,0.0,0.0,1.0,1.0,100.0,0.0,0.0
Vof1jApYcE,DE,42.0,Women,0.0,0.0,3.857142857142857,9.0,100.0,75.0,0.0
Ae9jEPNk86,DE,39.0,Men,0.0,0.0,4.25,17.0,100.0,100.0,12.5
ZVX2LwMEAt,US,28.0,Men,0.0,0.0,1.0,1.0,50.0,0.0,0.0
w6qRhGlxhL,US,26.0,Men,4.0,1.0,3.0,6.0,100.0,25.0,0.0
flhRo6XbwD,US,34.0,Women,0.0,0.0,3.857142857142857,13.5,50.0,0.0,0.0
hi1KtpOgGQ,GB,52.0,Women,0.0,0.0,2.875,11.5,100.0,100.0,0.0
Nfw9vBwlS1,US,39.0,Women,0.0,0.0,1.0,1.0,50.0,0.0,0.0
JSsTMFvLR3,GB,38.0,Women,0.0,0.0,3.4,17.0,100.0,75.0,0.0
YqhblF0o9k,DE,28.0,Men,0.0,0.0,5.0,10.0,100.0,100.0,0.0
A9UukxWw4h,JP,39.0,Men,0.0,0.0,1.5,3.0,50.0,0.0,0.0
EtthZYPpCC,US,47.0,Women,0.0,0.0,1.4,3.5,100.0,25.0,0.0
7qzUgR1OiB,GB,39.0,Men,0.0,0.0,1.5,3.0,100.0,100.0,0.0
GtAtBMmUCQ,GB,39.0,Men,0.0,0.0,4.0,7.0,100.0,100.0,0.0
MxGlNjgqM5,DE,39.0,Men,0.0,0.0,2.0,2.0,100.0,50.0,0.0
OasRG3cLbj,DE,40.0,Men,0.0,0.0,1.5714285714285714,3.6666666666666665,100.0,100.0,0.0
rt0RTBuFBG,US,53.0,Women,0.0,0.0,2.793103448275862,9.0,100.0,100.0,0.0
JPKv2DpKVW,US,31.0,Men,4.0,1.0,2.0,2.0,100.0,75.0,0.0
tRd0a9rcXY,US,58.0,Men,0.0,0.0,1.0,1.0,50.0,0.0,0.0
b5lDb709sQ,JP,34.0,Women,2.0,1.0,12.5,25.0,100.0,25.0,0.0
ugGAJlFUen,GB,30.0,Women,0.0,0.0,2.0,2.0,100.0,0.0,0.0
n0V8NXD4SQ,GB,41.0,Men,0.0,0.0,2.611111111111111,5.875,100.0,100.0,25.0
LFGd6Nrt0G,DE,32.0,Women,0.0,0.0,3.0,3.0,100.0,25.0,0.0
gNkhQ5ew8i,GB,39.0,Women,0.0,0.0,8.642857142857142,60.5,100.0,100.0,37.5
AjsixNIMrZ,DE,39.0,Women,0.0,0.0,2.6666666666666665,8.0,100.0,50.0,0.0
Bkr1Lemhvl,DE,20.0,Men,0.0,0.0,3.111111111111111,10.5,100.0,100.0,0.0
k4TnHqinFF,GB,45.0,Men,2.8,1.0,3.3333333333333335,16.666666666666668,100.0,100.0,12.5
fwVgfPkuPb,GB,45.0,Women,14.0,3.0,1.0,1.0,100.0,50.0,0.0
pssAzJtSSx,DE,39.0,Men,4.0,1.0,2.5,10.0,100.0,100.0,0.0
Vo5ctwQrGv,US,39.0,Men,4.0,1.0,3.1666666666666665,9.5,100.0,75.0,0.0
IsbzxzbnVE,DE,61.0,Women,0.0,0.0,10.958333333333334,75.14285714285714,100.0,25.0,0.0
IlFDCMOVX1,US,25.0,Women,20.0,3.0,6.461538461538462,21.0,100.0,100.0,0.0
WOdAdNbk6x,GB,41.0,Men,7.0,2.0,2.35,9.4,100.0,100.0,0.0
2GFwlCpOSv,GB,37.0,Women,0.0,0.0,1.75,2.3333333333333335,100.0,50.0,0.0
eVyrw0g4sm,GB,53.0,Women,7.0,2.0,2.0,4.0,100.0,100.0,0.0
mWr776mfiR,US,39.0,Men,0.0,0.0,1.5,1.5,100.0,25.0,0.0
0RT7mFzfpS,GB,39.0,Men,0.0,0.0,3.0,3.0,50.0,0.0,0.0
ZgfDxuKuGp,DE,38.0,Men,0.0,0.0,1.9333333333333333,9.666666666666666,100.0,100.0,0.0
M6rTqiX7gr,JP,32.0,Women,2.0,1.0,2.238095238095238,11.75,100.0,100.0,37.5
VpeDPg2gh9,DE,39.0,Men,4.0,1.0,5.333333333333333,26.666666666666668,100.0,100.0,25.0
7lItZrJQIV,DE,36.0,Women,0.0,0.0,3.0,14.25,100.0,100.0,12.5
SvdRUNQubm,DE,39.0,Women,0.0,0.0,1.5,3.0,100.0,50.0,0.0
JjyKYoeubL,US,39.0,Women,0.0,0.0,2.8421052631578947,13.5,100.0,0.0,0.0
hMs6diBDql,DE,39.0,Women,0.0,0.0,2.0,2.0,50.0,0.0,0.0
r8lPv6hJ11,US,44.0,Women,0.0,0.0,1.0,1.0,100.0,0.0,0.0
EBvTDhJjLe,US,36.0,Women,4.0,1.0,1.25,1.6666666666666667,100.0,75.0,0.0
7IKCLolb2r,US,63.0,Men,0.0,0.0,3.4285714285714284,12.0,100.0,25.0,0.0
4MG9PGxGGv,GB,39.0,Men,0.0,0.0,2.0,2.0,100.0,25.0,0.0
5dZZeGrgzt,DE,39.0,Men,0.0,0.0,1.5,1.5,100.0,50.0,0.0
GgbrcjIkAi,GB,26.0,Men,2.8,1.0,1.7142857142857142,4.0,100.0,0.0,0.0
NQ05lzimm1,DE,34.0,Men,0.0,0.0,7.0,7.0,50.0,0.0,0.0
N4K37sxRET,DE,39.0,Men,20.0,3.0,7.0625,32.285714285714285,100.0,100.0,75.0
1Eed6O57kz,US,49.0,Men,0.0,0.0,1.0,1.0,50.0,0.0,0.0
4j4tZh4VJ2,DE,58.0,Men,0.0,0.0,2.84,12.909090909090908,50.0,0.0,0.0
Bqiass0H3o,DE,39.0,Men,10.0,2.0,2.5384615384615383,13.2,100.0,100.0,12.5
Qx5Lq3dxoE,JP,33.0,Men,3.5,2.0,4.142857142857143,14.5,100.0,75.0,0.0
EGqOgPyL2p,US,51.0,Women,4.0,1.0,3.125,8.333333333333334,100.0,75.0,0.0
woiwVRr3Xg,US,40.0,Women,0.0,0.0,2.0,2.0,100.0,25.0,0.0
xtXs1DO2AJ,GB,32.0,Women,3.08,1.0,5.0,7.5,100.0,75.0,0.0
Pt9UPvPmaX,US,50.0,Men,4.0,1.0,2.0,4.333333333333333,100.0,100.0,0.0
RXyPm5krRW,JP,24.0,Men,0.0,0.0,1.5,3.0,100.0,0.0,0.0
XObE9VeRo7,DE,53.0,Men,4.0,1.0,2.1666666666666665,6.5,100.0,100.0,0.0
6GxhJTE3Cs,GB,63.0,Women,0.0,0.0,5.2631578947368425,33.333333333333336,100.0,100.0,37.5
aAtizzwxbX,DE,26.0,Men,0.0,0.0,1.0,1.0,100.0,25.0,0.0
nmzr264Rwh,US,39.0,Men,0.0,0.0,3.0,3.0,100.0,0.0,0.0
HbL16r9Kn7,US,45.0,Women,0.0,0.0,2.5,2.5,100.0,25.0,0.0
OclGjRmKYm,US,39.0,Men,4.0,1.0,4.277777777777778,19.25,100.0,100.0,12.5
j4rDd8FEGl,DE,38.0,Women,10.0,2.0,3.909090909090909,14.333333333333334,100.0,0.0,0.0
ddA1hXaX26,US,50.0,Women,0.0,0.0,2.6666666666666665,4.0,100.0,25.0,0.0
Mu35g3wMz0,GB,51.0,Men,14.0,3.0,3.272727272727273,14.4,100.0,100.0,0.0
C23JL3KEsm,DE,39.0,Women,0.0,0.0,4.0,4.0,100.0,50.0,0.0
hNzSDG7Nma,DE,43.0,Men,0.0,0.0,5.4,18.0,100.0,100.0,12.5
kKHrcKZXoq,US,36.0,Men,0.0,0.0,1.875,7.5,100.0,100.0,0.0
CDMl6fGsuz,DE,36.0,Men,0.0,0.0,7.545454545454546,41.5,100.0,100.0,25.0
zuSu1qlePq,GB,46.0,Men,0.0,0.0,5.4,13.5,100.0,100.0,0.0
oULwRou1eY,DE,25.0,Men,0.0,0.0,2.3333333333333335,2.3333333333333335,100.0,50.0,0.0
GVvVsM6gMQ,DE,56.0,Women,0.0,0.0,2.0,4.0,100.0,100.0,0.0
yOYgU4SCr3,US,39.0,Men,0.0,0.0,1.75,3.5,100.0,50.0,0.0
ZvJQR45xR4,GB,39.0,Women,0.0,0.0,2.0,2.0,100.0,50.0,0.0
DiD9vYP38p,US,39.0,Men,0.0,0.0,1.0,1.0,100.0,0.0,0.0
5RlGzirPcA,US,32.0,Women,0.0,0.0,1.5,3.0,100.0,25.0,0.0
BLajvemOwk,US,60.0,Women,0.0,0.0,1.5,3.0,100.0,25.0,0.0
RZxN828QlL,US,34.0,Women,0.0,0.0,2.0,2.0,100.0,0.0,0.0
8gWSRUvByk,GB,39.0,Women,0.0,0.0,1.0,1.0,100.0,50.0,0.0
l4aaH75Wo6,US,39.0,Women,4.0,1.0,4.238095238095238,14.833333333333334,100.0,100.0,25.0
CZOMOcL2l1,DE,39.0,Women,0.0,0.0,1.0,1.0,50.0,0.0,0.0
uKXRbtN321,GB,34.0,Women,0.0,0.0,1.5,1.5,100.0,25.0,0.0
lCTXe4reC6,DE,48.0,Women,35.0,8.0,3.0,7.5,100.0,100.0,37.5
mFH4XRU7h5,DE,26.0,Women,0.0,0.0,1.3333333333333333,2.0,100.0,50.0,0.0
eW0Nv2JOKA,DE,55.0,Women,0.0,0.0,2.217391304347826,12.75,100.0,100.0,0.0
bJCS1fj0P6,GB,50.0,Women,0.0,0.0,5.82051282051282,32.42857142857143,100.0,75.0,0.0
Ji1bZrESIs,DE,22.0,Men,0.0,0.0,2.2,11.0,100.0,100.0,0.0
33ECvai27X,DE,52.0,Men,4.0,1.0,2.2777777777777777,10.25,100.0,100.0,12.5
N7NwphWIvC,DE,39.0,Men,0.0,0.0,3.8863636363636362,21.375,100.0,100.0,62.5
Q2Rwjpm4t6,GB,30.0,Men,0.0,0.0,1.0,2.0,100.0,25.0,0.0
AVgV4NQo2k,US,46.0,Men,0.0,0.0,2.5,5.0,100.0,50.0,0.0
1ghCDYuZLm,GB,32.0,Women,0.0,0.0,7.0,7.0,100.0,75.0,0.0
QZ4yWU4l9f,DE,39.0,Men,4.0,1.0,3.3,16.5,100.0,100.0,0.0
OLAA64UMts,DE,39.0,Men,0.0,0.0,4.0,4.0,100.0,25.0,0.0
p89K63G3Iq,GB,36.0,Men,0.0,0.0,1.4,2.3333333333333335,100.0,75.0,0.0
IIe57Q9c0b,DE,39.0,Women,0.0,0.0,1.0,2.0,100.0,75.0,0.0
ZZbcDnAgU5,DE,37.0,Men,4.0,1.0,2.1666666666666665,3.25,100.0,50.0,0.0
nue94sBGzm,DE,39.0,Women,0.0,0.0,4.666666666666667,14.0,100.0,100.0,0.0
0HHtRiQZsz,GB,47.0,Women,14.0,3.0,2.0,4.4,100.0,50.0,0.0
zbEISP275d,US,34.0,Men,4.4,1.0,2.5454545454545454,7.0,100.0,100.0,0.0
Oq0ns012Bp,US,27.0,Women,4.0,1.0,3.6666666666666665,5.5,100.0,75.0,0.0
HzMBexwXVN,DE,29.0,Men,0.0,0.0,2.230769230769231,5.8,100.0,100.0,0.0
pwNgIjJPhe,DE,56.0,Women,20.0,3.0,6.72,42.25,100.0,100.0,62.5
9y0Bf6UpB1,DE,39.0,Men,0.0,0.0,1.0,1.0,50.0,0.0,0.0
5B2K2upzZT,DE,38.0,Men,0.0,0.0,3.0833333333333335,12.333333333333334,100.0,75.0,0.0
k12po9ygpN,GB,39.0,Women,0.0,0.0,1.1875,4.75,100.0,100.0,0.0
oEcXzT3Uz7,GB,40.0,Men,14.0,3.0,4.75,19.0,100.0,75.0,0.0
PWztiaFfRc,JP,19.0,Women,1.4,1.0,1.5,4.0,100.0,50.0,0.0
AgzjGhT4Q9,US,52.0,Women,0.0,0.0,3.0,3.0,100.0,0.0,0.0
XWcogN2Mo0,DE,34.0,Women,0.0,0.0,3.75,15.0,100.0,100.0,0.0
a6z3bzVQau,US,44.0,Men,0.0,0.0,3.3636363636363638,12.333333333333334,100.0,75.0,0.0
fk5yngIe8f,DE,39.0,Men,0.0,0.0,1.0,1.0,50.0,0.0,0.0
gAg1uYtwjF,GB,45.0,Women,27.44,7.0,3.9318181818181817,21.625,100.0,100.0,37.5
uYJOoQJ0jl,DE,39.0,Women,26.0,5.0,2.6666666666666665,8.0,100.0,75.0,0.0
J0RNrpgV5F,DE,32.0,Men,0.0,0.0,28.0,28.0,50.0,0.0,0.0
OCzKHL8745,US,39.0,Women,4.0,1.0,4.0,12.0,100.0,50.0,0.0
2oraoPheZn,US,48.0,Women,0.0,0.0,1.0,1.0,100.0,25.0,0.0
qMfxMSMbRV,DE,18.0,Women,0.0,0.0,2.0,2.0,100.0,25.0,0.0
AlMgDNbUB7,DE,53.0,Women,0.0,0.0,4.0,4.0,100.0,50.0,0.0
UHGIDPpKzT,US,42.0,Men,4.0,1.0,3.5,14.0,100.0,100.0,0.0
6Zq4uPlvxW,US,38.0,Men,0.0,0.0,1.0,1.0,100.0,0.0,0.0
mp9tRNgbwn,GB,29.0,Women,2.8,1.0,2.7058823529411766,15.333333333333334,100.0,100.0,37.5
wekBYErXmM,US,44.0,Men,0.0,0.0,8.0,8.0,100.0,50.0,0.0
pL5DFvqn9T,DE,20.0,Men,0.0,0.0,3.0,6.0,50.0,0.0,0.0
gbhUXfHtI3,DE,39.0,Women,0.0,0.0,1.0,1.0,50.0,0.0,0.0
6blSTc2Msi,DE,39.0,Men,0.0,0.0,3.0,3.0,100.0,0.0,0.0
gzXstSSmpc,GB,30.0,Men,14.0,3.0,5.111111111111111,23.0,100.0,100.0,12.5
2VWWQara1v,US,18.0,Women,4.0,1.0,6.440677966101695,42.22222222222222,100.0,100.0,50.0
sfVBVUFqEH,GB,26.0,Women,0.0,0.0,1.5,3.0,100.0,50.0,0.0
u7RHVyiZG9,GB,19.0,Women,0.0,0.0,3.5,7.0,100.0,50.0,0.0
wt6TMAhSag,US,28.0,Men,0.0,0.0,1.0,1.0,50.0,0.0,0.0
PUnXOemlv7,US,34.0,Women,4.0,1.0,3.0,4.5,100.0,50.0,0.0
jnXPGyCnzr,US,44.0,Women,0.0,0.0,2.5,8.125,100.0,100.0,50.0
qPQi3Zz2AA,GB,39.0,Women,0.0,0.0,1.0,1.0,50.0,0.0,0.0
jKc3Qxpctm,DE,36.0,Women,0.0,0.0,3.2,8.0,100.0,50.0,0.0
uoxF9l713E,DE,39.0,Men,0.0,0.0,3.5,14.0,100.0,75.0,0.0
AThEXj79Oc,GB,66.0,Women,25.199997,7.0,4.548387096774194,28.2,100.0,100.0,37.5
0WyG6PB4sW,DE,34.0,Women,4.0,1.0,5.666666666666667,17.0,100.0,100.0,0.0
AQfYe1hh9h,DE,66.0,Men,4.0,1.0,1.25,5.0,100.0,100.0,12.5
HVlo0v4q7t,DE,32.0,Men,0.0,0.0,2.0,10.0,100.0,75.0,0.0
o5Deg4o4K8,US,24.0,Women,4.4,1.0,5.0,5.0,100.0,25.0,0.0
ocJAtH7iEL,US,39.0,Men,0.0,0.0,1.0,1.0,100.0,0.0,0.0
ILgHSC5jAN,US,33.0,Women,0.0,0.0,1.5,3.0,100.0,75.0,0.0
rqRgZBnMfc,US,39.0,Women,0.0,0.0,2.8823529411764706,9.8,100.0,100.0,12.5
gHQ08yRiDw,US,35.0,Men,4.4,1.0,16.0,16.0,100.0,50.0,0.0
9ega7Vpl1e,DE,46.0,Women,4.0,1.0,3.238095238095238,17.0,100.0,100.0,12.5
FztPXfFyWn,DE,40.0,Women,41.0,10.0,5.75,11.5,100.0,100.0,0.0
ydCN7rPjrE,US,60.0,Women,0.0,0.0,1.0,1.0,100.0,0.0,0.0
YajBm0w9Hq,US,43.0,Women,0.0,0.0,2.0,2.0,100.0,25.0,0.0
7ukFpIlnDH,US,72.0,Men,4.0,1.0,2.888888888888889,6.5,50.0,0.0,0.0
rwyG1cw7O4,US,37.0,Women,0.0,0.0,2.0,5.0,100.0,50.0,0.0
y6nGHs4Qsl,DE,46.0,Women,0.0,0.0,2.1333333333333333,10.666666666666666,100.0,100.0,12.5
TXdnd6IKzV,US,31.0,Men,0.0,0.0,1.0,1.0,50.0,0.0,0.0
DTqQ3eqnu1,DE,39.0,Men,0.0,0.0,1.0,1.0,100.0,25.0,0.0
xwhCriNxoU,DE,33.0,Women,0.0,0.0,4.666666666666667,14.0,100.0,50.0,0.0
5ucdDlzpEQ,GB,39.0,Men,0.0,0.0,1.0,1.0,50.0,0.0,0.0
7kysewaMB1,US,41.0,Women,4.0,1.0,3.3333333333333335,6.666666666666667,100.0,100.0,0.0
hPNNijipBl,US,39.0,Women,0.0,0.0,2.5,6.25,100.0,100.0,0.0
ZvXucX127K,DE,39.0,Men,0.0,0.0,1.0,1.0,100.0,50.0,0.0
v2FuQuUNfl,US,45.0,Men,4.4,1.0,3.3529411764705883,11.4,100.0,100.0,62.5
lE8WFSHZxh,DE,39.0,Women,0.0,0.0,4.0,4.0,100.0,25.0,0.0
dSn1lhAP9q,DE,39.0,Women,0.0,0.0,2.0,2.0,50.0,0.0,0.0
cXl7YCKGnl,DE,39.0,Men,0.0,0.0,6.0,6.0,100.0,25.0,0.0
klDVL1sMGV,DE,39.0,Men,0.0,0.0,1.0,1.0,50.0,0.0,0.0
nIq5EqpPfc,DE,39.0,Women,0.0,0.0,1.0,1.0,100.0,0.0,0.0
IAfdZ6jNAa,GB,44.0,Men,0.0,0.0,1.0,1.0,100.0,25.0,0.0
9nxCHO8nUs,DE,25.0,Men,0.0,0.0,5.0,10.0,100.0,75.0,0.0
aPksWNakwQ,GB,40.0,Men,0.0,0.0,1.75,2.3333333333333335,100.0,50.0,0.0
0O94YqunoV,JP,39.0,Men,0.0,0.0,4.142857142857143,14.5,100.0,100.0,0.0
010IzufCfQ,DE,45.0,Women,0.0,0.0,3.2857142857142856,11.5,100.0,100.0,0.0
Y58KpLabvf,GB,40.0,Women,0.0,0.0,1.0,1.0,50.0,0.0,0.0
c4P8cLu3qV,US,39.0,Men,0.0,0.0,2.0,2.0,100.0,25.0,0.0
MQstWiIMpf,DE,41.0,Men,0.0,0.0,2.2222222222222223,8.571428571428571,100.0,100.0,12.5
Gr8RqNkWG2,US,39.0,Women,0.0,0.0,1.0,1.0,100.0,0.0,0.0
8fmJgWEAwJ,US,61.0,Men,0.0,0.0,3.0,3.0,100.0,25.0,0.0
z4j7sLOzs3,US,41.0,Men,0.0,0.0,2.3684210526315788,9.0,100.0,75.0,0.0
YkV7ojIgjj,US,37.0,Men,0.0,0.0,4.666666666666667,18.666666666666668,100.0,100.0,12.5
tmCqloSmkk,US,38.0,Men,0.0,0.0,1.2,2.0,100.0,50.0,0.0
XJJJR0UA2Q,GB,36.0,Men,0.0,0.0,1.0,2.0,50.0,0.0,0.0
8nduLq3n70,GB,43.0,Women,0.0,0.0,4.238095238095238,22.25,100.0,100.0,37.5
3rjE2dcKQM,DE,53.0,Men,0.0,0.0,7.0,37.333333333333336,100.0,100.0,0.0
tN2NTtRXz7,US,39.0,Men,0.0,0.0,2.090909090909091,7.666666666666667,100.0,75.0,0.0
luzufkoUEW,DE,38.0,Men,0.0,0.0,5.571428571428571,29.25,100.0,100.0,37.5
wN5jvr8tvf,US,37.0,Women,0.0,0.0,4.0,4.0,100.0,25.0,0.0
bZ6fX4dgmQ,US,39.0,Women,0.0,0.0,4.333333333333333,26.0,100.0,100.0,0.0
zYncGqwpWu,DE,39.0,Men,0.0,0.0,2.8,14.0,100.0,100.0,12.5
ofCaa0xzuU,US,49.0,Women,4.0,1.0,2.3333333333333335,10.5,100.0,25.0,0.0
mQxKYSe0xe,US,35.0,Men,0.0,0.0,2.0,2.0,100.0,25.0,0.0
8nDKi5NT65,JP,39.0,Women,2.0,1.0,6.166666666666667,37.0,100.0,100.0,50.0
ZEDHa5NtRi,US,45.0,Men,0.0,0.0,1.0,1.0,100.0,25.0,0.0
0VmxY6LBHl,JP,38.0,Women,0.0,0.0,1.0,2.0,100.0,25.0,0.0
oaOSH5C2ed,US,48.0,Women,0.0,0.0,6.0,6.0,100.0,25.0,0.0
CuwrKVjDno,US,39.0,Men,0.0,0.0,6.333333333333333,9.5,100.0,50.0,0.0
wGNBY3hyLl,DE,36.0,Women,26.0,5.0,3.142857142857143,5.5,50.0,0.0,0.0
ZTf8YuEndI,US,42.0,Women,0.0,0.0,3.25,6.5,100.0,50.0,0.0
ZpfeFgD8eU,DE,29.0,Men,0.0,0.0,1.5,6.0,100.0,75.0,0.0
HAQH17wi7X,US,39.0,Women,4.4,1.0,1.6666666666666667,2.5,100.0,25.0,0.0
qfQGrY73TZ,DE,42.0,Men,74.0,21.0,4.8125,25.666666666666668,100.0,100.0,37.5
Ul2VKUu8Iv,US,24.0,Men,20.0,3.0,4.666666666666667,7.0,100.0,25.0,0.0
Q13Y80ISwx,DE,44.0,Women,0.0,0.0,1.0,1.5,100.0,0.0,0.0
OBxwd4vU0M,DE,44.0,Women,0.0,0.0,1.0,3.0,100.0,75.0,0.0
AYNw9ugZE4,DE,39.0,Men,0.0,0.0,1.5,2.0,100.0,50.0,0.0
Eler8nsFpF,US,35.0,Women,0.0,0.0,1.0,2.0,100.0,0.0,0.0
YAUKHNLOUZ,GB,49.0,Men,49.0,14.0,3.5,9.333333333333334,100.0,100.0,12.5
YhWXvzlCcL,DE,33.0,Women,4.0,1.0,2.1875,7.0,100.0,75.0,0.0
dE39INbvHi,GB,47.0,Men,0.0,0.0,3.0277777777777777,13.625,100.0,100.0,50.0
pnppvVuwYK,GB,49.0,Women,19.6,5.0,3.5555555555555554,21.333333333333332,100.0,100.0,25.0
VxYzbSw6h0,US,66.0,Women,26.0,5.0,1.2857142857142858,3.0,100.0,100.0,12.5
eIgsc1hXUC,DE,37.0,Men,0.0,0.0,2.0,4.0,100.0,25.0,0.0
R6GbtsgqYw,DE,39.0,Men,0.0,0.0,1.4285714285714286,2.0,100.0,75.0,0.0
9YkifKM0hD,DE,18.0,Women,0.0,0.0,1.0,1.5,100.0,50.0,0.0
QT3GDFcKup,GB,58.0,Women,16.8,4.0,4.0285714285714285,23.5,100.0,100.0,75.0
yZIVNov2bC,DE,48.0,Women,0.0,0.0,2.0,2.0,100.0,25.0,0.0
LU9RCJmyxK,DE,39.0,Men,0.0,0.0,2.4444444444444446,11.0,100.0,100.0,37.5
8Twccw0Nic,GB,39.0,Women,0.0,0.0,3.0,9.0,100.0,75.0,0.0
MsNcelv9g7,US,69.0,Women,0.0,0.0,1.0,1.0,50.0,0.0,0.0
e77eAZ9XxI,DE,45.0,Men,0.0,0.0,1.0,1.0,50.0,0.0,0.0
vNKIuYa4L9,US,42.0,Men,0.0,0.0,1.3333333333333333,2.0,100.0,0.0,0.0
hJk0wpqnPL,DE,39.0,Men,0.0,0.0,2.6666666666666665,4.0,100.0,50.0,0.0
bDAanw74he,US,39.0,Men,0.0,0.0,5.5,11.0,100.0,50.0,0.0
xKCtytEKmW,DE,39.0,Men,0.0,0.0,3.4,12.75,100.0,25.0,0.0
wtiA8V5AmU,US,44.0,Women,4.4,1.0,2.0,3.3333333333333335,100.0,75.0,0.0
gybxBeUmVb,GB,42.0,Women,2.8,1.0,3.1666666666666665,15.2,100.0,100.0,37.5
BtJdCMOOlu,GB,36.0,Women,2.8,1.0,2.5,5.0,100.0,75.0,0.0
s9Iw2xnd5M,DE,29.0,Men,0.0,0.0,4.6,11.5,100.0,0.0,0.0
g2nbaRTdTs,US,39.0,Men,0.0,0.0,1.0,1.0,50.0,0.0,0.0
RtsQkXNTfX,DE,19.0,Women,0.0,0.0,3.782608695652174,17.4,100.0,100.0,25.0
Atfataa1hg,US,35.0,Women,0.0,0.0,1.0,1.0,100.0,25.0,0.0
0I9fmOU6Z0,US,39.0,Men,0.0,0.0,4.0,4.0,100.0,25.0,0.0
PrRTxNJds7,DE,28.0,Men,4.4,1.0,2.0,2.0,100.0,25.0,0.0
zF5BGWwpuO,GB,51.0,Men,0.0,0.0,1.0,1.0,100.0,0.0,0.0
Zshmz15t6S,GB,43.0,Women,0.0,0.0,1.0,1.0,100.0,0.0,0.0
64kGplUriZ,US,27.0,Women,0.0,0.0,2.0,2.0,100.0,25.0,0.0
1iBndmgKSU,GB,37.0,Women,0.0,0.0,1.0,1.0,100.0,0.0,0.0
TubhM8f3sJ,US,31.0,Women,0.0,0.0,3.5,7.0,100.0,25.0,0.0
WnnOK0Gpgg,US,36.0,Men,0.0,0.0,1.8,6.0,100.0,50.0,0.0
S7EZNSrqam,US,64.0,Men,0.0,0.0,1.3333333333333333,4.0,100.0,0.0,0.0
3YzTMKinYo,GB,33.0,Men,19.599998,5.0,3.8,19.0,100.0,100.0,37.5
lVqTvOxbVq,US,59.0,Men,4.0,1.0,4.181818181818182,23.0,100.0,0.0,0.0
N2ltQrASZW,DE,39.0,Men,0.0,0.0,2.0,2.0,50.0,0.0,0.0
bwD5ipXB0H,GB,29.0,Women,0.0,0.0,1.3333333333333333,4.0,100.0,50.0,0.0
dwKwbAmhDB,GB,44.0,Women,14.0,3.0,2.0,4.0,100.0,75.0,0.0
xAVlz8IWye,US,29.0,Men,0.0,0.0,2.5714285714285716,6.0,100.0,75.0,0.0
CJi0tuFH0j,US,39.0,Women,10.0,2.0,3.4871794871794872,19.428571428571427,100.0,100.0,25.0
xdi8MnCBZF,DE,40.0,Women,0.0,0.0,3.7710843373493974,19.5625,50.0,0.0,0.0
WYpXxGtaJ3,JP,32.0,Women,6.2999997,3.0,2.5384615384615383,11.0,100.0,100.0,25.0
EOP9TpLkwD,GB,53.0,Men,0.0,0.0,2.0,2.0,50.0,0.0,0.0
4TJ8cuvLKM,DE,48.0,Women,0.0,0.0,2.8,7.0,100.0,100.0,0.0
IGZf3csOTg,JP,27.0,Women,0.0,0.0,4.25,17.0,100.0,75.0,0.0
dLY1bfWGyY,GB,39.0,Men,0.0,0.0,7.6,12.666666666666666,100.0,75.0,0.0
HHm4Fw5llE,GB,39.0,Men,0.0,0.0,1.0,1.0,50.0,0.0,0.0
9VRiK5IuzN,DE,52.0,Men,0.0,0.0,2.235294117647059,9.5,100.0,0.0,0.0
WzR4uCBM9L,GB,22.0,Women,2.8,1.0,4.0,12.0,100.0,100.0,0.0
tKQcoiZQPX,US,39.0,Women,0.0,0.0,2.0,4.0,100.0,50.0,0.0
psrezRHz56,US,30.0,Women,0.0,0.0,2.0,6.0,100.0,50.0,0.0
CGKWooygzz,GB,47.0,Women,2.8,1.0,4.2444444444444445,27.285714285714285,100.0,100.0,62.5
AaTCtrtSBb,DE,42.0,Men,0.0,0.0,3.0,3.0,100.0,0.0,0.0
F0jjsQ3XfJ,DE,39.0,Men,4.0,1.0,2.0,11.2,100.0,100.0,25.0
xl6K14oXyS,US,25.0,Women,0.0,0.0,3.0,3.0,50.0,0.0,0.0
TFlBGmMkFA,US,39.0,Women,0.0,0.0,1.0,2.0,100.0,0.0,0.0
kbY7YO3vsX,GB,35.0,Men,0.0,0.0,2.3333333333333335,10.5,100.0,100.0,25.0
Eyd5fhjSMi,DE,18.0,Women,0.0,0.0,2.0,2.0,50.0,0.0,0.0
bLhNmBrDsr,US,33.0,Women,0.0,0.0,1.2,2.0,100.0,25.0,0.0
GiP0iwUacj,DE,33.0,Women,0.0,0.0,1.9375,7.75,100.0,100.0,0.0
rsRBVyet7S,US,39.0,Women,0.0,0.0,1.0,3.5,100.0,25.0,0.0
Vvm5X5SoxB,US,46.0,Women,23.0,4.0,2.4166666666666665,7.25,100.0,50.0,0.0
3kEgYnqLNv,US,45.0,Women,4.0,1.0,9.333333333333334,28.0,100.0,100.0,0.0
bZxVDLrikr,DE,52.0,Men,0.0,0.0,4.545454545454546,25.0,100.0,100.0,37.5
CYUusqpyFB,US,37.0,Men,4.0,1.0,3.0,3.0,100.0,50.0,0.0
Zq0wzBbUdV,GB,25.0,Men,0.0,0.0,5.0,5.0,100.0,50.0,0.0
i3pEH8UGVP,GB,42.0,Women,0.0,0.0,4.0,18.666666666666668,100.0,100.0,12.5
s5FfGUkQTc,DE,46.0,Men,0.0,0.0,2.6666666666666665,4.0,100.0,75.0,0.0
GdY95GFdkU,GB,52.0,Men,0.0,0.0,3.0,10.5,100.0,75.0,0.0
Zd7cBjWLVD,US,49.0,Men,0.0,0.0,2.914285714285714,17.0,100.0,100.0,25.0
SKffivGjBV,US,39.0,Women,4.0,1.0,2.5,13.75,100.0,100.0,0.0
8XoHPl7YWd,US,37.0,Women,0.0,0.0,2.0,2.0,100.0,0.0,0.0
gpTcrw5PSp,US,46.0,Men,4.0,1.0,1.8571428571428572,4.333333333333333,100.0,25.0,0.0
1vC4mbbWZI,DE,25.0,Men,4.0,1.0,3.1481481481481484,14.166666666666666,100.0,100.0,50.0
ZvgDP0Wjj0,GB,45.0,Men,0.0,0.0,4.285714285714286,15.0,100.0,100.0,0.0
2lDFuqeGwc,DE,48.0,Men,20.0,3.0,2.823529411764706,16.0,100.0,100.0,25.0
tJikbw3I2y,DE,39.0,Women,0.0,0.0,2.3333333333333335,7.0,100.0,100.0,0.0
hfWc38o1vP,GB,32.0,Men,2.8,1.0,3.6666666666666665,11.0,100.0,75.0,0.0
kMwMrh2o0N,US,29.0,Women,4.0,1.0,1.0,1.0,100.0,25.0,0.0
m4O7DKqTGf,GB,39.0,Men,2.8,1.0,3.0,12.0,100.0,75.0,0.0
GIry7jyb4C,US,39.0,Men,0.0,0.0,2.0,2.0,50.0,0.0,0.0
YQ4XSYqGkM,US,43.0,Men,0.0,0.0,4.0,4.0,50.0,0.0,0.0
F1SyOqUNWg,GB,19.0,Women,0.0,0.0,2.0,2.0,100.0,25.0,0.0
P12sT96Ljr,DE,49.0,Women,0.0,0.0,2.3333333333333335,7.0,100.0,50.0,0.0
Yf7SFYwUl7,US,39.0,Women,0.0,0.0,1.0,1.0,50.0,0.0,0.0
upLduvZRWH,DE,42.0,Men,0.0,0.0,7.5,7.5,100.0,75.0,0.0
zOvxF04Pha,JP,40.0,Men,1.4,1.0,2.888888888888889,8.666666666666666,100.0,75.0,0.0
oF7cS1c9bM,DE,29.0,Men,4.0,1.0,2.0,4.0,100.0,25.0,0.0
GvON2wp2kn,US,55.0,Women,23.0,4.0,11.0,11.0,100.0,0.0,0.0
cwrRb1U3N8,GB,22.0,Men,0.0,0.0,5.5,5.5,100.0,50.0,0.0
qbdJfSW57l,US,42.0,Women,0.0,0.0,1.0,1.0,100.0,0.0,0.0
DiRxoZDmpd,DE,25.0,Women,0.0,0.0,2.0,2.0,100.0,0.0,0.0
4lHAcBiI2a,DE,39.0,Men,0.0,0.0,2.25,2.25,100.0,100.0,0.0
Xo28utmXV5,US,63.0,Women,0.0,0.0,1.0,1.0,50.0,0.0,0.0
qy1xO7GKap,DE,39.0,Women,0.0,0.0,4.0,4.0,100.0,50.0,0.0
gluoUlOFIM,DE,33.0,Men,0.0,0.0,1.0,1.0,50.0,0.0,0.0
rt42UBkKlG,DE,41.0,Men,0.0,0.0,3.727272727272727,13.666666666666666,100.0,100.0,12.5
9OlQ5Ygvpj,US,20.0,Women,84.30002,22.0,2.6153846153846154,6.8,100.0,100.0,12.5
8VXPtoHydZ,US,41.0,Men,0.0,0.0,1.6666666666666667,2.5,100.0,50.0,0.0
OAK7yhFviL,DE,34.0,Women,0.0,0.0,3.5,21.0,100.0,100.0,0.0
FJylGmNzlq,DE,39.0,Women,0.0,0.0,2.0,2.0,50.0,0.0,0.0
0aYzbIIm8U,GB,44.0,Women,0.0,0.0,5.5,35.75,100.0,100.0,37.5
4GoX8Q7VZF,US,39.0,Women,0.0,0.0,1.0,1.0,100.0,25.0,0.0
mksOlRlVic,DE,37.0,Men,0.0,0.0,2.25,4.5,100.0,50.0,0.0
sfrXCda0zE,DE,29.0,Men,0.0,0.0,2.525,12.625,100.0,100.0,12.5
iH082z52Fy,US,46.0,Men,0.0,0.0,1.625,3.25,100.0,75.0,0.0
xkt0x3Eu9L,GB,54.0,Men,0.0,0.0,1.0,1.0,50.0,0.0,0.0
2lQ8UDZZjA,DE,20.0,Women,0.0,0.0,2.0,4.0,100.0,75.0,0.0
c4PAc2pa6l,US,39.0,Women,0.0,0.0,1.0,1.0,100.0,0.0,0.0
xofYQxn4Rj,GB,20.0,Men,7.0,2.0,1.8571428571428572,3.25,100.0,75.0,0.0
wOUba8ybQP,US,38.0,Women,0.0,0.0,2.0,2.0,100.0,50.0,0.0
3WcN5KBxGx,JP,39.0,Women,0.0,0.0,1.5714285714285714,3.6666666666666665,100.0,25.0,0.0
TwJmhm9P9k,JP,39.0,Women,0.0,0.0,2.4285714285714284,5.666666666666667,100.0,75.0,0.0
hZ492yCEwZ,US,25.0,Men,0.0,0.0,2.0,6.0,100.0,50.0,0.0
3YUKLMEfZj,DE,39.0,Men,4.0,1.0,2.6818181818181817,9.833333333333334,100.0,100.0,0.0
uB88cbbEW7,US,39.0,Women,0.0,0.0,1.0,1.0,100.0,0.0,0.0
YOF2qfz1bG,GB,43.0,Women,0.0,0.0,1.5,3.0,100.0,75.0,0.0
CIVBYuIWnB,GB,31.0,Women,0.0,0.0,2.76,9.857142857142858,100.0,100.0,25.0
f6O6Es8qsj,GB,39.0,Women,0.0,0.0,1.0,3.0,100.0,50.0,0.0
2BVMdghjsN,DE,39.0,Men,0.0,0.0,6.285714285714286,29.333333333333332,100.0,100.0,37.5
haRisDrijf,US,39.0,Women,0.0,0.0,2.0714285714285716,8.7,100.0,100.0,25.0
ZvtGeefGQF,DE,39.0,Men,0.0,0.0,2.1052631578947367,6.666666666666667,100.0,100.0,0.0
yLO0u3n7pa,DE,34.0,Men,0.0,0.0,2.823529411764706,12.0,100.0,100.0,0.0
mMHycl5CxB,GB,45.0,Women,0.0,0.0,1.6666666666666667,2.5,100.0,50.0,0.0
p3XXPpwewR,DE,36.0,Men,0.0,0.0,1.0,1.0,100.0,50.0,0.0
ZC7EEzy83e,DE,39.0,Women,0.0,0.0,8.0,8.0,100.0,50.0,0.0
D3XZQ28qbB,US,58.0,Men,20.0,3.0,5.321428571428571,29.8,100.0,100.0,25.0
JVwbXRgYLL,US,25.0,Women,0.0,0.0,1.9230769230769231,6.25,100.0,75.0,0.0
3Oz2CmNFi3,DE,39.0,Women,0.0,0.0,2.0,2.0,100.0,25.0,0.0
0uC98ku0tc,DE,35.0,Men,0.0,0.0,1.0,2.0,100.0,25.0,0.0
09I2Wsze20,GB,51.0,Men,7.0,2.0,2.6666666666666665,4.0,100.0,75.0,0.0
V6niiqR4jh,DE,40.0,Women,0.0,0.0,3.5294117647058822,15.0,100.0,100.0,25.0
XCt1GSu2n7,US,52.0,Men,0.0,0.0,1.0,1.0,100.0,50.0,0.0
Xe4H4iIukz,GB,39.0,Men,0.0,0.0,2.0,3.0,100.0,50.0,0.0
Ylsc2DJgZR,DE,46.0,Women,4.4,1.0,1.6,2.6666666666666665,50.0,0.0,0.0
qe77NIKOiO,GB,32.0,Men,0.0,0.0,2.142857142857143,3.75,100.0,50.0,0.0
LYUQhURKTc,US,30.0,Women,0.0,0.0,3.0,3.0,100.0,25.0,0.0
sRnMKn9N4g,US,39.0,Women,0.0,0.0,1.0,1.0,100.0,25.0,0.0
OoZ7GGIYV0,DE,18.0,Women,20.0,3.0,4.076923076923077,17.666666666666668,100.0,100.0,37.5
cWeII6W2mx,US,65.0,Women,0.0,0.0,2.0,2.0,100.0,25.0,0.0
zRahkwFG8h,DE,47.0,Women,0.0,0.0,1.0,1.0,100.0,75.0,0.0
xzztLu2lIl,US,41.0,Men,0.0,0.0,1.0,1.0,50.0,0.0,0.0
YT0zlrVvYa,US,41.0,Men,0.0,0.0,1.5,3.0,100.0,0.0,0.0
ZtCoM4SFzN,DE,28.0,Men,20.0,3.0,1.619047619047619,6.8,100.0,100.0,0.0
6nSgEQLwbX,DE,37.0,Men,4.0,1.0,1.8181818181818181,6.666666666666667,100.0,100.0,37.5
uKyfcGdgFc,DE,31.0,Men,0.0,0.0,2.4,6.0,100.0,75.0,0.0
tH2EUvBK2R,GB,52.0,Men,0.0,0.0,1.5,3.0,100.0,50.0,0.0
aLQUYuYCI6,DE,33.0,Men,0.0,0.0,1.0,1.0,50.0,0.0,0.0
j4CGNuaZ9q,DE,34.0,Men,4.0,1.0,2.9285714285714284,13.666666666666666,100.0,100.0,12.5
cLeqUB0IWJ,GB,37.0,Women,0.0,0.0,5.0,5.0,100.0,0.0,0.0
e9tQW6aIob,GB,28.0,Men,0.0,0.0,2.0,2.0,100.0,0.0,0.0
pJnmpJTAUh,GB,34.0,Men,14.0,3.0,3.772727272727273,16.6,100.0,100.0,12.5
oJhTqcQHGv,GB,47.0,Men,25.2,7.0,7.435897435897436,48.333333333333336,100.0,100.0,75.0
kzbaRGlR5A,DE,39.0,Men,0.0,0.0,1.75,7.0,100.0,75.0,0.0
ega6wSaArR,DE,36.0,Men,0.0,0.0,6.304347826086956,24.166666666666668,100.0,100.0,0.0
yUHzOziT7E,US,27.0,Men,0.0,0.0,2.0,5.333333333333333,100.0,50.0,0.0
2osjJwGz9g,DE,26.0,Women,0.0,0.0,2.0,8.0,100.0,25.0,0.0
7RQgSfu3xz,GB,20.0,Women,0.0,0.0,1.0,1.0,100.0,25.0,0.0
mJPdNUK2pR,GB,27.0,Women,7.0,2.0,2.0,4.0,100.0,25.0,0.0
k8cASWBIDY,GB,46.0,Women,0.0,0.0,1.0,1.0,50.0,0.0,0.0
cZJgjiIDcD,DE,35.0,Women,11.0,2.0,1.4864864864864864,6.875,100.0,100.0,50.0
TKZGPUXYQ2,DE,39.0,Men,0.0,0.0,7.0,36.75,100.0,100.0,25.0
w3Aqk1ofJ6,US,39.0,Men,0.0,0.0,1.0,1.0,100.0,0.0,0.0
BGUHW3tC1F,DE,45.0,Men,0.0,0.0,1.6666666666666667,5.0,100.0,25.0,0.0
H7C6CcyoOZ,US,42.0,Women,0.0,0.0,4.565217391304348,21.0,100.0,100.0,25.0
sohnS7g7rs,DE,40.0,Women,34.2,7.0,4.0,17.0,100.0,100.0,37.5
kzXpzBFs1t,DE,42.0,Men,0.0,0.0,7.133333333333334,35.666666666666664,100.0,100.0,12.5
KLoY7sDCt0,US,26.0,Men,0.0,0.0,1.5,4.5,100.0,50.0,0.0
ffJaAxRX5c,US,36.0,Men,0.0,0.0,1.0,1.0,50.0,0.0,0.0
vJK7csizg1,US,39.0,Women,0.0,0.0,1.0,1.0,100.0,25.0,0.0
1InHpfeTVC,GB,39.0,Men,3.08,1.0,6.4,16.0,100.0,100.0,12.5
jXQYxyQDfv,US,76.0,Men,0.0,0.0,3.5,7.0,100.0,75.0,0.0
MRzLeLW85U,DE,39.0,Women,0.0,0.0,2.75,3.6666666666666665,100.0,75.0,0.0
3oQ884do51,DE,38.0,Women,29.0,6.0,9.375,50.0,100.0,100.0,62.5
KhCvQ0OR7j,DE,35.0,Women,20.0,3.0,5.0,20.0,100.0,75.0,0.0
vnEcIViney,GB,39.0,Men,0.0,0.0,12.0,12.0,100.0,50.0,0.0
K5QfRDXc9C,US,39.0,Men,0.0,0.0,1.5,3.0,100.0,75.0,0.0
1heM0T9Ksl,US,36.0,Men,0.0,0.0,1.0,1.0,50.0,0.0,0.0
GcPXLCIxF3,US,39.0,Men,0.0,0.0,2.0,4.0,100.0,25.0,0.0
kTHeMYBZgC,GB,36.0,Men,0.0,0.0,1.4,2.3333333333333335,100.0,25.0,0.0
3yfvc7hNr8,GB,37.0,Men,0.0,0.0,1.1666666666666667,1.75,100.0,75.0,0.0
U1yg0QNixM,US,35.0,Men,0.0,0.0,3.0,3.0,100.0,0.0,0.0
3ZSiL1hcPh,GB,39.0,Women,0.0,0.0,4.5,9.0,100.0,75.0,0.0
j3rMFShI3Z,DE,26.0,Women,0.0,0.0,1.6666666666666667,2.5,100.0,50.0,0.0
pUAZoRfmtl,DE,30.0,Women,0.0,0.0,5.5,16.5,100.0,50.0,0.0
P8X1VujdqZ,DE,39.0,Men,0.0,0.0,1.0,2.0,100.0,50.0,0.0
n5TkZCebCv,DE,39.0,Men,0.0,0.0,1.6666666666666667,2.5,100.0,50.0,0.0
RBbt4rCDnn,GB,35.0,Men,0.0,0.0,4.333333333333333,13.0,100.0,75.0,0.0
S8QTPWg0AK,US,39.0,Men,0.0,0.0,1.3333333333333333,4.0,100.0,25.0,0.0
DPbPdhzW24,US,33.0,Women,0.0,0.0,1.0,1.0,50.0,0.0,0.0
8Y5yTlRnUI,DE,48.0,Women,0.0,0.0,2.7777777777777777,12.5,100.0,100.0,12.5
Zq0x2EjpRZ,DE,28.0,Women,20.0,3.0,3.0,3.0,50.0,0.0,0.0
BjDRqsXGsu,US,37.0,Women,0.0,0.0,1.5,3.0,100.0,25.0,0.0
jT5P37U6YA,DE,39.0,Women,0.0,0.0,6.454545454545454,35.5,100.0,100.0,37.5
uHG0TWB9TV,US,39.0,Men,0.0,0.0,3.0,10.5,100.0,100.0,0.0
ykI0uu8Exg,DE,39.0,Men,0.0,0.0,2.1666666666666665,13.0,100.0,75.0,0.0
rZO2D2XhLC,DE,39.0,Women,0.0,0.0,3.9,19.5,100.0,100.0,25.0
hWRlrdeWuQ,DE,45.0,Women,0.0,0.0,6.285714285714286,22.0,100.0,100.0,0.0
LnMGZsTSVq,DE,48.0,Women,0.0,0.0,2.0,2.0,100.0,75.0,0.0
jdkxg80ffc,US,60.0,Men,0.0,0.0,3.736842105263158,20.285714285714285,100.0,100.0,25.0
Ha3r81up8y,DE,39.0,Women,0.0,0.0,1.0,1.0,100.0,50.0,0.0
0MaXwykqKY,GB,39.0,Women,0.0,0.0,2.2,11.0,100.0,75.0,0.0
lVQHdZ9045,GB,20.0,Men,0.0,0.0,3.0,3.0,100.0,50.0,0.0
N39hExRMKB,US,57.0,Women,4.0,1.0,1.8571428571428572,4.333333333333333,100.0,25.0,0.0
lWh8eiUKmK,GB,38.0,Men,0.0,0.0,2.0,2.0,100.0,25.0,0.0
ZhYIAFDTTH,US,54.0,Women,0.0,0.0,2.128205128205128,8.3,100.0,25.0,0.0
FbQU2dPT1j,GB,39.0,Men,0.0,0.0,5.25,31.5,100.0,100.0,25.0
kVTs0E8NYf,GB,39.0,Men,0.0,0.0,1.6666666666666667,2.5,100.0,0.0,0.0
u46qhUnjPw,GB,42.0,Men,0.0,0.0,2.0,2.0,100.0,0.0,0.0
jImOqUcqAd,DE,35.0,Women,0.0,0.0,1.5,1.5,100.0,0.0,0.0
CxdChPzond,GB,32.0,Men,0.0,0.0,2.4545454545454546,6.75,100.0,100.0,0.0
9xSIrGeJwy,US,47.0,Women,4.0,1.0,2.3333333333333335,4.666666666666667,100.0,50.0,0.0
oAC2pDvqpj,JP,39.0,Women,0.0,0.0,1.0,1.0,50.0,0.0,0.0
ekxBfEhpkx,JP,18.0,Women,2.0,1.0,3.5,9.333333333333334,100.0,25.0,0.0
elwYnmzE7E,JP,38.0,Women,0.0,0.0,1.3333333333333333,4.0,100.0,50.0,0.0
CRs1RdFyz1,US,24.0,Men,0.0,0.0,1.0,2.0,100.0,25.0,0.0
5TEj966d5I,DE,42.0,Women,20.0,3.0,2.1842105263157894,13.833333333333334,100.0,100.0,25.0
nG8VvteDpb,GB,33.0,Men,0.0,0.0,3.0,3.0,100.0,25.0,0.0
gHu9hpUiNl,JP,39.0,Men,0.0,0.0,1.3333333333333333,2.0,100.0,25.0,0.0
20DSddISuC,US,58.0,Men,0.0,0.0,1.25,2.5,100.0,25.0,0.0
YNh4DxfVWH,DE,35.0,Men,0.0,0.0,1.5,3.0,100.0,50.0,0.0
q4DAuYeyhM,GB,39.0,Men,2.8,1.0,13.3,66.5,100.0,100.0,50.0
LrkzFKVJpz,US,39.0,Men,0.0,0.0,1.0,1.0,100.0,0.0,0.0
PoqpEXnr2g,DE,39.0,Women,0.0,0.0,9.333333333333334,37.333333333333336,100.0,100.0,25.0
I4fGKKRNSB,DE,39.0,Women,0.0,0.0,3.3333333333333335,5.0,100.0,50.0,0.0
B2QbJCb1x1,US,39.0,Men,0.0,0.0,1.625,6.5,100.0,0.0,0.0
qMsKbm2XiG,US,35.0,Women,4.0,1.0,5.666666666666667,34.0,100.0,100.0,25.0
iEHty5GsVi,US,39.0,Men,0.0,0.0,1.0,1.0,50.0,0.0,0.0
bIdDNdRjKp,US,34.0,Women,0.0,0.0,4.428571428571429,10.333333333333334,100.0,50.0,0.0
Rk36fWz30w,GB,41.0,Women,0.0,0.0,1.4666666666666666,7.333333333333333,100.0,75.0,0.0
Ib71qARRgn,GB,49.0,Men,0.0,0.0,3.9,19.5,100.0,100.0,0.0
zm2kTuyCaQ,US,39.0,Men,0.0,0.0,1.0,1.0,100.0,25.0,0.0
RK9MXrfgej,US,48.0,Men,0.0,0.0,1.3333333333333333,1.3333333333333333,100.0,25.0,0.0
RtcxMwlq2P,GB,28.0,Men,2.8,1.0,2.0,5.0,100.0,75.0,0.0
LYwOtJJixY,GB,47.0,Women,7.0,2.0,10.60377358490566,70.25,100.0,100.0,87.5
KuXTKstnHr,DE,39.0,Women,0.0,0.0,1.3333333333333333,2.0,100.0,50.0,0.0
blilWgr5eJ,GB,50.0,Men,0.0,0.0,3.3157894736842106,12.6,100.0,100.0,0.0
XY0EmsKa5w,DE,39.0,Men,29.0,6.0,2.25,4.5,100.0,0.0,0.0
8fllDdIMJl,GB,39.0,Men,0.0,0.0,3.0,3.0,50.0,0.0,0.0
yajbdJmbIt,DE,40.0,Men,0.0,0.0,1.0,1.0,50.0,0.0,0.0
SouYEzorO8,US,39.0,Women,0.0,0.0,1.0,1.0,50.0,0.0,0.0
xQiJkgYZI1,US,33.0,Women,32.0,7.0,4.0625,21.666666666666668,100.0,100.0,0.0
aumdiB1uQd,GB,33.0,Women,0.0,0.0,2.0,2.0,100.0,0.0,0.0
DF0abFn3pI,GB,32.0,Men,7.0,2.0,6.142857142857143,21.5,100.0,100.0,0.0
I1HGrjqGwz,US,39.0,Men,0.0,0.0,4.0,4.0,50.0,0.0,0.0
yKgcLnkyNf,US,22.0,Men,0.0,0.0,3.466666666666667,13.0,100.0,100.0,12.5
0MAuzDCTX3,US,36.0,Women,0.0,0.0,5.266666666666667,19.75,100.0,100.0,25.0
hLGLG35zda,DE,39.0,Women,20.0,3.0,17.666666666666668,53.0,100.0,75.0,0.0
MHZoQAGZbJ,GB,39.0,Women,0.0,0.0,5.12,32.0,100.0,100.0,37.5
NZTZPASOPk,DE,23.0,Men,0.0,0.0,1.0,1.0,50.0,0.0,0.0
aqn15pcD6o,US,39.0,Women,0.0,0.0,1.0,1.0,100.0,25.0,0.0
JBoQuZtWs0,DE,37.0,Men,0.0,0.0,1.0,1.0,50.0,0.0,0.0
sfBwupDPoE,US,39.0,Men,0.0,0.0,2.5,5.0,100.0,0.0,0.0
W7oV8R74Si,US,28.0,Women,0.0,0.0,4.161290322580645,21.5,100.0,100.0,12.5
vizoReYbJv,GB,40.0,Women,0.0,0.0,1.375,3.6666666666666665,100.0,100.0,12.5
bZD3OB0pPj,DE,44.0,Women,0.0,0.0,1.75,2.3333333333333335,100.0,75.0,0.0
6alg9Xjt2F,US,39.0,Men,0.0,0.0,3.45,11.5,100.0,100.0,12.5
5KP5ZQXfNu,DE,36.0,Women,4.0,1.0,1.75,2.3333333333333335,100.0,50.0,0.0
Y6nHicH4az,US,43.0,Women,0.0,0.0,1.0,1.0,100.0,0.0,0.0
UJdAzv8LK1,DE,58.0,Women,0.0,0.0,5.75,34.5,100.0,100.0,12.5
6RJIqM1d2q,GB,47.0,Men,14.0,3.0,2.4,9.6,100.0,100.0,25.0
Szk6MYNLhx,DE,38.0,Women,10.0,2.0,2.25,9.0,100.0,75.0,0.0
BBy8VJ0uy1,DE,26.0,Men,0.0,0.0,1.0,1.0,100.0,25.0,0.0
FttS2nIERI,GB,39.0,Women,0.0,0.0,2.5,2.5,100.0,25.0,0.0
SxLDg7BX4F,US,27.0,Men,4.0,1.0,5.0,5.0,100.0,25.0,0.0
575IedKxh4,GB,57.0,Men,0.0,0.0,3.1923076923076925,20.75,100.0,100.0,50.0
gjSjVsXZdm,DE,39.0,Men,0.0,0.0,1.7857142857142858,6.25,100.0,100.0,0.0
FDLHy7b1I6,DE,37.0,Men,0.0,0.0,1.5,3.0,100.0,100.0,0.0
78IXH4uqPD,DE,39.0,Men,23.0,4.0,5.888888888888889,26.5,100.0,100.0,37.5
wH5FGxPGgw,DE,52.0,Men,10.0,2.0,2.84,17.75,100.0,75.0,0.0
7Ws70MWPl6,DE,39.0,Men,0.0,0.0,3.4285714285714284,24.0,100.0,100.0,0.0
YOrjye7IZX,DE,39.0,Men,0.0,0.0,1.0,1.0,50.0,0.0,0.0
vCkvUgKAPm,DE,33.0,Women,4.0,1.0,1.75,1.75,100.0,75.0,0.0
cBTucwnhb7,GB,32.0,Women,0.0,0.0,3.0,3.0,100.0,50.0,0.0
cwtWYaUPde,US,50.0,Men,0.0,0.0,1.9473684210526316,9.25,100.0,0.0,0.0
6K1kj6FNmZ,DE,39.0,Women,4.0,1.0,2.0,2.0,100.0,25.0,0.0
6cymTyx7FB,DE,43.0,Women,0.0,0.0,1.0,2.0,100.0,50.0,0.0
vH488rvqTR,GB,18.0,Women,0.0,0.0,5.636363636363637,31.0,100.0,100.0,12.5
sBz9S8tg6w,US,51.0,Women,4.0,1.0,2.8,7.0,100.0,50.0,0.0
sD09jqJ9cT,DE,35.0,Men,0.0,0.0,5.238095238095238,18.333333333333332,100.0,100.0,25.0
X2CIeG1Jas,DE,38.0,Women,0.0,0.0,1.7777777777777777,8.0,100.0,75.0,0.0
VBcLhIRuPS,GB,39.0,Men,0.0,0.0,1.0,1.0,100.0,25.0,0.0
y1ULF7guup,GB,33.0,Men,0.0,0.0,1.1176470588235294,6.333333333333333,100.0,50.0,0.0
jrtppqRr3V,GB,20.0,Men,2.8,1.0,2.0,4.0,100.0,75.0,0.0
FmgjuJoSyw,DE,37.0,Men,0.0,0.0,1.0,1.0,100.0,0.0,0.0
MBL0D8yzx4,GB,18.0,Men,0.0,0.0,1.0,1.0,100.0,0.0,0.0
nilKcht9QW,US,38.0,Men,0.0,0.0,5.0,5.0,100.0,0.0,0.0
1puISaDUOU,US,30.0,Men,0.0,0.0,1.0,1.0,50.0,0.0,0.0
DVV8Tbpru8,US,49.0,Men,4.0,1.0,3.242424242424242,15.285714285714286,100.0,100.0,0.0
KLKEPMLSsg,JP,33.0,Women,0.0,0.0,1.2666666666666666,4.75,100.0,75.0,0.0
VhUcfbBaE9,US,31.0,Men,0.0,0.0,3.0,3.0,100.0,25.0,0.0
Z5Pzejz9ke,DE,39.0,Men,0.0,0.0,5.566666666666666,33.4,100.0,75.0,0.0
k3JVCHWPKe,GB,60.0,Women,0.0,0.0,2.0,2.0,50.0,0.0,0.0
4oGGnQuit0,DE,39.0,Women,0.0,0.0,2.5,5.0,100.0,25.0,0.0
EmJAy8L4GJ,GB,50.0,Men,0.0,0.0,5.2894736842105265,33.5,100.0,100.0,62.5
qmlAT1WOI4,GB,45.0,Men,0.0,0.0,1.75,3.5,100.0,25.0,0.0
ZFq6t5XrTJ,US,35.0,Men,0.0,0.0,1.0,1.0,100.0,25.0,0.0
QpRzHfLoya,US,51.0,Women,4.0,1.0,3.6,9.0,50.0,0.0,0.0
jimJmMFfuS,US,28.0,Men,0.0,0.0,2.7142857142857144,4.75,100.0,25.0,0.0
zqtto7ldf3,JP,45.0,Women,0.0,0.0,2.0,2.0,100.0,25.0,0.0
1x0vr11TpD,DE,22.0,Women,35.0,8.0,2.3333333333333335,7.0,100.0,75.0,0.0
LvQXj4k8VZ,US,39.0,Women,0.0,0.0,2.0,2.0,100.0,0.0,0.0
LTJ6JY6AbW,GB,43.0,Men,22.400002,6.0,3.2,8.0,100.0,100.0,25.0
d41ySP7FkL,GB,47.0,Women,0.0,0.0,1.7575757575757576,9.666666666666666,100.0,100.0,12.5
hrZ6fmrlTV,GB,30.0,Women,2.8,1.0,2.0,3.5,100.0,100.0,25.0
H0q1XI1ZGj,DE,36.0,Women,0.0,0.0,1.6666666666666667,5.0,100.0,50.0,0.0
i7NYO8SbNj,US,28.0,Women,0.0,0.0,1.0,1.0,50.0,0.0,0.0
4ZQbIHYrGo,US,31.0,Men,4.0,1.0,1.0,1.0,100.0,25.0,0.0
F5TlG3bszz,DE,37.0,Women,0.0,0.0,3.2,16.0,100.0,100.0,0.0
42XngIeLut,US,37.0,Men,4.4,1.0,1.75,3.5,100.0,25.0,0.0
AG5C92DReC,GB,34.0,Men,0.0,0.0,2.6,7.8,100.0,100.0,12.5
ErSn2c8kyh,GB,33.0,Men,0.0,0.0,1.0,1.5,50.0,0.0,0.0
HkBBUQDCD3,US,39.0,Men,0.0,0.0,1.0,1.0,100.0,0.0,0.0
JcAfTNMWKb,DE,39.0,Women,0.0,0.0,1.75,7.0,100.0,100.0,0.0
MJWlrqpgqV,DE,36.0,Women,0.0,0.0,4.666666666666667,14.0,100.0,0.0,0.0
Hyn67kfODt,US,40.0,Men,0.0,0.0,5.0,5.0,100.0,50.0,0.0
EX5kz0d0yC,US,39.0,Women,0.0,0.0,1.6666666666666667,1.6666666666666667,100.0,25.0,0.0
Ejp2lBpEW5,DE,39.0,Men,0.0,0.0,5.393939393939394,29.666666666666668,100.0,100.0,37.5
13xKVJFNNk,DE,39.0,Women,0.0,0.0,3.0,3.0,100.0,50.0,0.0
SQO7KubM3C,US,38.0,Men,4.4,1.0,2.823529411764706,12.0,100.0,100.0,0.0
BW4A881sV2,US,39.0,Men,0.0,0.0,1.0,1.0,50.0,0.0,0.0
eDmUuTfGDn,DE,36.0,Women,0.0,0.0,1.5,3.0,100.0,25.0,0.0
RC8AlaSGp0,GB,49.0,Men,0.0,0.0,10.5,52.5,100.0,100.0,25.0
wss7qgAhTy,US,39.0,Women,0.0,0.0,2.25,4.5,50.0,0.0,0.0
hdwVRHzLt5,US,39.0,Men,0.0,0.0,1.0,1.0,50.0,0.0,0.0
b2mfrrmkL7,DE,33.0,Women,0.0,0.0,1.0,1.0,100.0,0.0,0.0
figIRTOATY,GB,39.0,Women,0.0,0.0,1.0,2.0,100.0,75.0,0.0
g7CK5AaGrH,GB,50.0,Women,0.0,0.0,4.0,23.0,100.0,100.0,25.0
FJ6WY5qDyE,DE,53.0,Men,4.0,1.0,2.625,7.0,100.0,100.0,12.5
qVUH6IEW7P,JP,39.0,Women,9.0,3.0,4.0,18.0,100.0,50.0,0.0
GDA5kJNaaA,DE,39.0,Women,4.0,1.0,5.0,25.0,100.0,50.0,0.0
7pE8cLZxdn,DE,34.0,Women,0.0,0.0,4.538461538461538,14.75,100.0,100.0,25.0
DrjmA6kSFs,DE,39.0,Men,0.0,0.0,1.3333333333333333,2.0,100.0,50.0,0.0
yvnAXF03yX,JP,30.0,Women,6.2999997,3.0,2.2857142857142856,8.0,100.0,75.0,0.0
N5hmGrAuOl,DE,28.0,Women,0.0,0.0,1.0,1.0,100.0,0.0,0.0
igx1ZwIhU3,US,46.0,Men,0.0,0.0,1.0,1.0,100.0,25.0,0.0
5R8cPsstT3,GB,44.0,Women,7.0,2.0,4.382352941176471,24.833333333333332,100.0,100.0,50.0
kfJhg3ptdw,US,39.0,Women,0.0,0.0,1.5,3.0,100.0,25.0,0.0
YcRixIkmZb,US,39.0,Women,0.0,0.0,1.0,1.0,100.0,0.0,0.0
f3YxjmAaNm,DE,55.0,Women,0.0,0.0,1.5,3.0,100.0,75.0,0.0
tXrxRy6Cby,US,39.0,Men,0.0,0.0,4.0,4.0,100.0,25.0,0.0
ropTDnHLGS,DE,50.0,Women,4.0,1.0,3.466666666666667,13.0,100.0,50.0,0.0
t33udrikVO,US,39.0,Men,0.0,0.0,1.5,3.0,100.0,25.0,0.0
FJRQKlZB7l,DE,39.0,Women,20.0,3.0,3.0,12.75,100.0,100.0,37.5
qB7cY8UUZH,US,45.0,Men,0.0,0.0,1.0,2.0,100.0,25.0,0.0
qdlsqbIl2b,GB,42.0,Men,0.0,0.0,1.0,3.0,100.0,50.0,0.0
yzA9TWHDqL,US,52.0,Men,4.0,1.0,3.888888888888889,17.5,100.0,100.0,25.0
idVvTIdatr,GB,30.0,Women,0.0,0.0,2.5,2.5,100.0,50.0,0.0
VOY8oI1niD,GB,39.0,Men,0.0,0.0,2.0,4.0,100.0,25.0,0.0
fEYZ6DhSvp,JP,39.0,Women,0.0,0.0,5.0,7.5,100.0,75.0,0.0
Lfqjj9SAoq,US,44.0,Men,0.0,0.0,3.0,3.0,100.0,25.0,0.0
PIEA9X1hD6,GB,36.0,Women,0.0,0.0,2.8,4.666666666666667,100.0,75.0,0.0
yUvYmY4aiw,US,39.0,Women,0.0,0.0,1.0,2.0,100.0,25.0,0.0
CdVpKKpeQ5,GB,39.0,Women,0.0,0.0,1.0,1.0,50.0,0.0,0.0
F9tKgdSMNC,GB,43.0,Women,0.0,0.0,2.6842105263157894,12.75,100.0,100.0,0.0
VLjWbW3tkg,GB,39.0,Men,0.0,0.0,3.0,6.0,100.0,75.0,0.0
i5JKtqNJFw,DE,34.0,Women,0.0,0.0,1.0,1.0,100.0,25.0,0.0
Y3x7zq71zh,DE,39.0,Men,20.0,3.0,8.0,32.0,100.0,100.0,0.0
h5l0MmJfrQ,GB,39.0,Men,0.0,0.0,3.0,3.0,100.0,0.0,0.0
cKmXvfHEUm,US,40.0,Women,4.0,1.0,2.6,6.5,100.0,50.0,0.0
2mFLeI4j8Q,DE,39.0,Women,0.0,0.0,6.0,12.0,100.0,50.0,0.0
ILmPbNrtaO,DE,39.0,Men,10.0,2.0,1.75,7.0,100.0,75.0,0.0
4idFHKVohh,DE,29.0,Men,0.0,0.0,3.8,9.5,100.0,100.0,0.0
HOUVeHnCRP,US,39.0,Men,4.0,1.0,2.3333333333333335,7.0,100.0,75.0,0.0
AIzTw9qZGK,DE,44.0,Men,0.0,0.0,11.285714285714286,39.5,100.0,100.0,0.0
5gl0IRcAtd,US,19.0,Women,0.0,0.0,2.0,2.0,100.0,25.0,0.0
TJYG6CWW1j,US,38.0,Women,20.0,3.0,6.4375,20.6,100.0,100.0,12.5
6p7BJumuXM,US,49.0,Men,4.0,1.0,4.25,8.5,100.0,25.0,0.0
MaPufV15WJ,US,35.0,Men,4.0,1.0,3.5,11.666666666666666,100.0,75.0,0.0
IS3C1mJoua,GB,39.0,Women,0.0,0.0,1.5714285714285714,4.4,100.0,100.0,0.0
Yd34WYuKbF,JP,24.0,Men,0.0,0.0,2.0,2.0,100.0,25.0,0.0
84u1BEeyAS,DE,39.0,Men,0.0,0.0,3.0,3.0,100.0,25.0,0.0
HWHqUAv1Bt,DE,60.0,Women,0.0,0.0,1.0,1.0,100.0,25.0,0.0
aIqFYs2fwv,GB,25.0,Women,7.0,2.0,4.25,25.5,100.0,100.0,25.0
Q6debvvoAI,US,35.0,Men,4.0,1.0,2.9655172413793105,17.2,100.0,75.0,0.0
rpQbVCPvOh,DE,34.0,Women,0.0,0.0,7.714285714285714,54.0,100.0,100.0,12.5
rDefgowkbH,GB,48.0,Men,0.0,0.0,4.117647058823529,11.666666666666666,100.0,100.0,12.5
idie6dtrqp,DE,39.0,Women,0.0,0.0,5.6875,30.333333333333332,100.0,100.0,50.0
SYIQmqJMUd,GB,43.0,Women,0.0,0.0,1.5714285714285714,5.5,100.0,75.0,0.0
jeGVGkOFsB,GB,45.0,Women,0.0,0.0,2.5,5.0,100.0,50.0,0.0
ADnr2vxAJM,US,54.0,Men,0.0,0.0,1.3333333333333333,2.0,100.0,50.0,0.0
ALbOvnUcv4,DE,39.0,Men,0.0,0.0,8.4,21.0,100.0,100.0,0.0
NtYtKMvC9Q,DE,49.0,Men,0.0,0.0,1.4838709677419355,7.666666666666667,100.0,100.0,0.0
8i9ZGuOIJn,DE,39.0,Men,0.0,0.0,12.454545454545455,68.5,100.0,100.0,50.0
IUaPUeZNHK,DE,39.0,Women,0.0,0.0,1.1666666666666667,3.5,100.0,75.0,0.0
tbuksCquuk,US,55.0,Women,0.0,0.0,1.0,1.0,50.0,0.0,0.0
moa9HvDG5x,GB,35.0,Women,0.0,0.0,2.0,3.0,100.0,100.0,0.0
yW845yUgUr,DE,20.0,Women,0.0,0.0,3.6666666666666665,11.0,100.0,0.0,0.0
ShORh5gJ7H,GB,37.0,Women,0.0,0.0,3.0,9.0,100.0,50.0,0.0
vZehH4b1j7,JP,25.0,Women,0.0,0.0,6.545454545454546,36.0,100.0,50.0,0.0
GXoBu9WC7i,DE,42.0,Men,10.0,2.0,2.0555555555555554,7.4,100.0,100.0,12.5
BN24Bjh8sf,DE,30.0,Women,4.0,1.0,2.5555555555555554,7.666666666666667,100.0,100.0,0.0
ttW8TYCnKx,DE,53.0,Women,0.0,0.0,2.6666666666666665,2.6666666666666665,100.0,25.0,0.0
LEVaLcGmts,DE,37.0,Men,0.0,0.0,2.1666666666666665,6.5,100.0,75.0,0.0
2c6K66Mo2C,US,39.0,Women,0.0,0.0,2.2,3.6666666666666665,100.0,50.0,0.0
oknDHTEUCf,DE,30.0,Women,80.0,23.0,1.9,4.75,100.0,100.0,12.5
Cf8bRWlYlW,US,63.0,Men,41.0,10.0,2.736842105263158,13.0,100.0,100.0,0.0
skJgOtuU9P,US,39.0,Women,0.0,0.0,1.4,3.5,100.0,50.0,0.0
xIT2EcUAwl,US,39.0,Men,0.0,0.0,1.0,2.0,100.0,25.0,0.0
DRfn7xEett,DE,39.0,Women,0.0,0.0,1.3333333333333333,4.0,100.0,50.0,0.0
239mtPpj1w,US,30.0,Men,0.0,0.0,8.842105263157896,28.0,100.0,25.0,0.0
js8xxOy21x,JP,35.0,Men,0.0,0.0,1.5714285714285714,3.6666666666666665,100.0,100.0,0.0
IUDeg4TP6f,DE,36.0,Women,20.0,3.0,2.5625,10.25,100.0,100.0,12.5
cV6wJT7efL,DE,26.0,Women,0.0,0.0,3.0,3.0,100.0,25.0,0.0
wPcC71XvNh,GB,39.0,Women,0.0,0.0,1.0,1.0,100.0,50.0,0.0
LmiVSgqQol,US,36.0,Women,0.0,0.0,6.0,6.0,100.0,25.0,0.0
5RO5jVeu6m,DE,37.0,Men,0.0,0.0,2.2,11.0,100.0,100.0,0.0
SNMDlkURCs,US,40.0,Women,0.0,0.0,2.0,2.0,50.0,0.0,0.0
VW3YpGJP95,US,50.0,Men,0.0,0.0,4.0,12.0,100.0,0.0,0.0
jvjxRmsOuI,DE,57.0,Women,0.0,0.0,10.19047619047619,71.33333333333333,100.0,100.0,50.0
NAo43lSh5l,DE,39.0,Women,0.0,0.0,3.0,4.5,100.0,75.0,0.0
onzrgEDVm4,US,39.0,Men,0.0,0.0,1.3333333333333333,4.0,100.0,25.0,0.0
jTuTFLlRyl,DE,35.0,Men,0.0,0.0,2.2857142857142856,8.0,100.0,75.0,0.0
XJ1AMt4poM,DE,35.0,Men,0.0,0.0,2.0,2.0,50.0,0.0,0.0
0lf6218gVo,DE,33.0,Men,0.0,0.0,2.0,2.0,100.0,0.0,0.0
6lmT7bG69n,GB,32.0,Women,0.0,0.0,1.5,1.5,50.0,0.0,0.0
KMY5t5k8Zt,DE,35.0,Women,0.0,0.0,1.0,1.0,100.0,75.0,0.0
vsh7cMNUth,DE,39.0,Women,0.0,0.0,1.4444444444444444,5.2,100.0,0.0,0.0
fBfsY55f6v,DE,20.0,Men,0.0,0.0,2.0,2.0,100.0,0.0,0.0
485bueZcyU,DE,58.0,Women,20.0,3.0,3.2857142857142856,17.25,100.0,100.0,62.5
xZdb9KnL1R,GB,55.0,Men,22.399998,6.0,3.3333333333333335,5.0,100.0,100.0,12.5
a4lzExubvf,GB,18.0,Women,0.0,0.0,1.0,2.0,50.0,0.0,0.0
nqz6bDTUDl,GB,30.0,Men,0.0,0.0,3.75,15.0,100.0,75.0,0.0
zUOeaPGqBq,GB,38.0,Women,0.0,0.0,1.5,3.0,100.0,25.0,0.0
KFNp8AoNL0,GB,45.0,Women,0.0,0.0,4.085714285714285,20.428571428571427,100.0,100.0,37.5
f2R1Ga4WFK,DE,29.0,Men,0.0,0.0,2.0,2.0,100.0,0.0,0.0
avcHlDSCHD,GB,23.0,Men,7.0,2.0,3.4545454545454546,9.5,100.0,100.0,0.0
37VV7FYg0f,DE,31.0,Men,0.0,0.0,1.0,1.0,100.0,0.0,0.0
clvNfNSDBH,US,36.0,Men,0.0,0.0,7.5,15.0,100.0,25.0,0.0
ktygk2YKt2,US,39.0,Women,0.0,0.0,1.0,1.0,50.0,0.0,0.0
q3VKa21p3Z,US,40.0,Men,0.0,0.0,2.0,2.0,100.0,25.0,0.0
64DguSUI7s,DE,39.0,Men,0.0,0.0,1.8048780487804879,10.571428571428571,100.0,100.0,12.5
XbtV4zEuhb,DE,37.0,Men,23.0,4.0,2.0,2.0,100.0,50.0,0.0
6NKKT2rq9a,DE,37.0,Men,0.0,0.0,3.0,12.0,100.0,75.0,0.0
B20EMwbwwA,DE,39.0,Men,0.0,0.0,2.0,2.0,50.0,0.0,0.0
AlgS8tTT1j,GB,38.0,Men,0.0,0.0,1.0,1.0,100.0,50.0,0.0
8wBLyOyuBZ,GB,37.0,Women,0.0,0.0,5.0,10.0,100.0,75.0,0.0
ZbytdCOBAZ,DE,50.0,Women,0.0,0.0,1.0,1.0,50.0,0.0,0.0
odGGLp9hkf,US,37.0,Men,4.0,1.0,3.6666666666666665,16.5,100.0,100.0,12.5
ZIgSfLHVyQ,DE,40.0,Women,0.0,0.0,3.25,13.0,50.0,0.0,0.0
4vpLPOhqja,US,39.0,Women,0.0,0.0,4.0,8.0,100.0,25.0,0.0
crn1Kll2U3,US,46.0,Women,0.0,0.0,1.1666666666666667,1.75,100.0,50.0,0.0
Q4buTMP78R,DE,39.0,Women,0.0,0.0,1.0,1.0,100.0,50.0,0.0
MC567UgoOC,US,39.0,Men,0.0,0.0,1.5625,5.0,100.0,100.0,0.0
onXq3TQk1b,US,31.0,Men,0.0,0.0,2.0,2.0,100.0,25.0,0.0
Y1Mi7V9Uou,GB,44.0,Men,14.0,3.0,2.3636363636363638,5.2,100.0,100.0,0.0
96kP6CrMpa,DE,53.0,Women,0.0,0.0,9.333333333333334,59.5,100.0,100.0,87.5
F0r5FdRt5M,US,39.0,Men,0.0,0.0,1.0,1.0,100.0,25.0,0.0
bqGdwdMJ0u,DE,29.0,Men,0.0,0.0,1.6666666666666667,2.5,100.0,50.0,0.0
vbEUA8kmfF,GB,39.0,Women,0.0,0.0,1.0,2.0,100.0,0.0,0.0
wcWPuzufKK,US,40.0,Women,0.0,0.0,2.3846153846153846,10.333333333333334,100.0,75.0,0.0
stPVD2ykUv,US,49.0,Men,0.0,0.0,2.0,2.0,100.0,25.0,0.0
ctOSdK5dpn,US,39.0,Women,0.0,0.0,1.0,1.0,100.0,0.0,0.0
3VAexZ8pxy,DE,43.0,Men,0.0,0.0,5.975,39.833333333333336,100.0,100.0,62.5
GFOUP9YIFm,US,39.0,Men,0.0,0.0,2.0,2.0,100.0,100.0,62.5
mLVzlAAfLM,DE,29.0,Men,0.0,0.0,1.5,3.0,100.0,75.0,0.0
2jJdb3bOx0,DE,39.0,Men,0.0,0.0,3.0,3.0,100.0,25.0,0.0
Yhbbp2nGZU,DE,46.0,Men,0.0,0.0,1.5833333333333333,3.8,100.0,100.0,0.0
9Bun2ThGtY,US,39.0,Women,0.0,0.0,1.0,1.0,100.0,25.0,0.0
y6J2Bp6bfC,DE,37.0,Women,0.0,0.0,1.0,1.0,50.0,0.0,0.0
ayug16Twgj,US,68.0,Women,0.0,0.0,2.125,8.5,100.0,75.0,0.0
eFKslOxOMk,DE,44.0,Women,0.0,0.0,1.0,1.0,100.0,25.0,0.0
QKZ0Sq6ek5,DE,28.0,Men,0.0,0.0,2.4444444444444446,5.5,100.0,100.0,25.0
20YN7hrTfQ,US,39.0,Women,0.0,0.0,1.0,1.0,50.0,0.0,0.0
rZmfZXrXdw,US,34.0,Women,4.0,1.0,3.0,6.0,100.0,50.0,0.0
I7PbDvxk3i,US,30.0,Men,0.0,0.0,3.0,3.0,50.0,0.0,0.0
xBgKvYNfPr,US,39.0,Women,0.0,0.0,2.5,5.0,100.0,25.0,0.0
PzcRjrKZaR,US,37.0,Men,4.4,1.0,1.6923076923076923,7.333333333333333,100.0,100.0,25.0
b5PBEAi8k5,US,43.0,Women,0.0,0.0,1.3333333333333333,2.0,100.0,25.0,0.0
jqxfLD2z9Q,DE,36.0,Women,0.0,0.0,1.875,7.5,50.0,0.0,0.0
RD8dHfnhNm,US,39.0,Men,0.0,0.0,4.2,21.0,100.0,75.0,0.0
3qTMoXo80V,DE,49.0,Women,4.0,1.0,11.35,75.66666666666667,100.0,100.0,87.5
CBIOX9z7k2,US,34.0,Women,4.0,1.0,3.0,6.0,100.0,50.0,0.0
CSLUPX9kmC,DE,30.0,Men,4.4,1.0,3.625,14.5,100.0,100.0,25.0
nrnGjtXODA,US,37.0,Women,0.0,0.0,1.0,1.0,100.0,0.0,0.0
GLUGDdOEIr,GB,31.0,Women,0.0,0.0,1.0,1.0,50.0,0.0,0.0
cJ6ivUi2q3,DE,33.0,Women,0.0,0.0,1.8,4.5,100.0,50.0,0.0
nDEzbIVLph,GB,60.0,Women,0.0,0.0,5.696969696969697,31.333333333333332,100.0,100.0,50.0
TKGfummMmu,US,42.0,Men,0.0,0.0,2.076923076923077,6.75,100.0,100.0,0.0
rQ4lVkMbuG,JP,28.0,Men,0.0,0.0,3.0,6.0,100.0,50.0,0.0
H2KIClof6u,US,39.0,Men,0.0,0.0,1.0,1.0,50.0,0.0,0.0
CARJJzOjRc,DE,25.0,Men,0.0,0.0,2.0,2.0,50.0,0.0,0.0
OyXaZ4D9XA,DE,39.0,Men,0.0,0.0,1.0,1.5,100.0,50.0,0.0
D7W4t2L3Pu,DE,38.0,Men,4.4,1.0,2.44,10.166666666666666,100.0,75.0,0.0
g5YCRHUGJN,US,39.0,Men,0.0,0.0,1.0,1.0,50.0,0.0,0.0
k7Yd10Uk7u,DE,39.0,Men,4.0,1.0,2.4444444444444446,11.0,100.0,100.0,0.0
nbGm0o8UF3,DE,39.0,Men,0.0,0.0,1.8,6.0,100.0,75.0,0.0
pa085GwNtY,US,39.0,Men,4.0,1.0,2.75,11.0,100.0,50.0,0.0
0zNMocELTN,GB,39.0,Men,0.0,0.0,3.5714285714285716,12.5,100.0,75.0,0.0
5tgvMOqtps,GB,47.0,Men,0.0,0.0,1.0,1.0,100.0,0.0,0.0
i0s3iQQD7j,GB,39.0,Men,0.0,0.0,2.111111111111111,9.5,100.0,100.0,0.0
oubhK1rfRH,DE,22.0,Women,4.0,1.0,5.25,10.5,100.0,75.0,0.0
BWAQvpnngr,DE,42.0,Men,0.0,0.0,2.0,2.0,100.0,0.0,0.0
GAmP08gOcw,GB,39.0,Women,0.0,0.0,1.5,3.0,100.0,50.0,0.0
M42Br7rLGf,GB,26.0,Women,0.0,0.0,1.0,1.0,50.0,0.0,0.0
LDjONs7iw4,GB,36.0,Men,0.0,0.0,1.9285714285714286,5.4,100.0,100.0,12.5
mTqaK6CXF1,GB,39.0,Women,0.0,0.0,3.6666666666666665,7.333333333333333,100.0,75.0,0.0
vb0rVdZXEJ,US,21.0,Women,4.4,1.0,4.4,11.0,100.0,25.0,0.0
j6YRJ0TT8A,US,34.0,Men,0.0,0.0,1.0,1.0,100.0,25.0,0.0
ix49QAZLdN,DE,52.0,Men,0.0,0.0,2.0,2.0,50.0,0.0,0.0
lv0jRxzujf,GB,39.0,Women,0.0,0.0,3.1538461538461537,10.25,100.0,100.0,0.0
MPYWZ6aKKo,US,42.0,Women,4.0,1.0,2.0,4.0,100.0,50.0,0.0
PpY7tFAu4d,US,53.0,Men,0.0,0.0,2.1,10.5,100.0,50.0,0.0
B9WZhPfv4R,GB,62.0,Women,0.0,0.0,4.0,20.0,100.0,100.0,25.0
VkYqQ4b5wM,US,42.0,Women,0.0,0.0,1.75,3.5,100.0,50.0,0.0
ClicQPTrws,GB,26.0,Men,7.0,2.0,4.645833333333333,27.875,100.0,100.0,75.0
zlGJTV90HC,US,45.0,Women,4.0,1.0,3.1666666666666665,19.0,100.0,75.0,0.0
lKFGEzkE7P,US,35.0,Women,4.0,1.0,2.125,8.5,100.0,25.0,0.0
a5NOuro1Km,US,39.0,Men,4.0,1.0,3.2857142857142856,11.5,100.0,75.0,0.0
09wgO3Axah,US,39.0,Men,0.0,0.0,1.5714285714285714,4.4,100.0,50.0,0.0
a9mIVB6moz,DE,39.0,Women,0.0,0.0,4.0,4.0,100.0,50.0,0.0
DM36HQRBt9,JP,35.0,Men,0.0,0.0,4.7407407407407405,25.6,100.0,100.0,25.0
jAOzmaRQS2,US,47.0,Women,0.0,0.0,2.0,4.0,100.0,25.0,0.0
IGOMtdFpk5,DE,46.0,Women,20.0,3.0,2.6774193548387095,13.833333333333334,100.0,100.0,50.0
nRY89MqGqj,DE,42.0,Women,0.0,0.0,11.0,11.0,100.0,25.0,0.0
VDdWxs9Y4P,GB,23.0,Men,0.0,0.0,3.0,3.0,100.0,50.0,0.0
DMEzPZT4s6,US,46.0,Men,20.0,3.0,1.0,1.0,100.0,25.0,0.0
S460g8Dnoz,JP,39.0,Women,0.0,0.0,6.0,6.0,100.0,100.0,25.0
x9TQdgbGTC,US,39.0,Women,0.0,0.0,2.0,2.0,100.0,25.0,0.0
a8a6bFYYGh,DE,33.0,Women,0.0,0.0,4.0,4.0,100.0,25.0,0.0
niecOzGJGh,JP,25.0,Women,0.0,0.0,1.5,3.0,100.0,25.0,0.0
XvAaSrvXgM,US,34.0,Women,0.0,0.0,2.4,6.0,100.0,25.0,0.0
4FKWoGbDN0,GB,39.0,Men,0.0,0.0,3.7,18.5,100.0,100.0,12.5
Tymvod9TJk,US,40.0,Men,0.0,0.0,1.0,1.0,100.0,0.0,0.0
i6ZrlDFCFZ,US,36.0,Women,0.0,0.0,1.0,1.0,100.0,0.0,0.0
oDHjsM4fHj,DE,39.0,Women,0.0,0.0,1.5,3.0,100.0,50.0,0.0
WdOm5DKRHQ,DE,39.0,Women,0.0,0.0,2.0,2.0,100.0,0.0,0.0
tTwcWKfBep,GB,39.0,Men,0.0,0.0,5.0,25.0,100.0,100.0,37.5
9MV2du6QRJ,US,36.0,Men,0.0,0.0,1.0,2.0,100.0,25.0,0.0
I7LwvfhQeX,DE,34.0,Men,10.0,2.0,8.689655172413794,31.5,100.0,100.0,50.0
uj53viJGM8,DE,39.0,Men,0.0,0.0,2.3,4.6,100.0,100.0,0.0
JvwXKhWjWK,DE,39.0,Women,10.0,2.0,3.45,17.25,100.0,100.0,0.0
1b6028drKU,DE,18.0,Men,0.0,0.0,3.125,12.5,100.0,75.0,0.0
OGXLPKK5RC,US,47.0,Men,0.0,0.0,9.485714285714286,66.4,100.0,100.0,50.0
r7NCUCNuKx,US,35.0,Men,4.0,1.0,1.0,1.0,100.0,50.0,0.0
4c5orMlwiu,GB,31.0,Women,0.0,0.0,3.0,6.0,100.0,25.0,0.0
O6FyvCsBGq,DE,39.0,Men,0.0,0.0,2.0,4.0,100.0,50.0,0.0
VlFvBrNDfz,DE,44.0,Women,0.0,0.0,2.0,2.0,100.0,0.0,0.0
LWfJdhXgrL,DE,36.0,Men,26.0,5.0,2.4054054054054053,12.714285714285714,100.0,100.0,50.0
V8fQmW5Tvg,US,41.0,Men,0.0,0.0,5.5,11.0,100.0,25.0,0.0
Ag8MlC07NT,GB,41.0,Men,0.0,0.0,1.0,1.0,100.0,0.0,0.0
Klu0y96MAF,US,38.0,Men,0.0,0.0,1.0,2.0,50.0,0.0,0.0
BD61TmsPoZ,US,38.0,Men,0.0,0.0,1.5,3.0,100.0,25.0,0.0
P8iNojYUVw,US,42.0,Men,0.0,0.0,1.0,1.0,100.0,25.0,0.0
KU2El3h0is,US,34.0,Women,0.0,0.0,1.9,4.75,100.0,75.0,0.0
YBfQLeGSa9,GB,20.0,Men,0.0,0.0,6.666666666666667,20.0,100.0,100.0,0.0
HimYjFTTMr,GB,38.0,Women,0.0,0.0,1.4,7.0,100.0,100.0,0.0
EhlBABhZJR,US,39.0,Men,0.0,0.0,2.0,4.0,100.0,50.0,0.0
Rt2UM7HrOQ,DE,28.0,Women,4.0,1.0,7.375,29.5,100.0,100.0,12.5
2LT4sysItX,DE,34.0,Men,0.0,0.0,1.6666666666666667,2.5,100.0,75.0,0.0
ar6h64kC3X,US,32.0,Men,0.0,0.0,2.6666666666666665,4.0,100.0,25.0,0.0
a9AEPVB7ef,GB,47.0,Women,0.0,0.0,6.0,10.0,50.0,0.0,0.0
ET6O1kU9DT,US,49.0,Women,0.0,0.0,2.0,2.6666666666666665,100.0,50.0,0.0
8HQzB6LIX8,US,56.0,Women,20.0,3.0,1.6428571428571428,7.666666666666667,100.0,100.0,0.0
Wx0B3PoUtb,DE,42.0,Men,0.0,0.0,2.0,9.333333333333334,100.0,100.0,0.0
OZg16YXLoI,GB,39.0,Women,0.0,0.0,1.5,3.0,100.0,50.0,0.0
t4FaZesHkx,US,32.0,Women,0.0,0.0,3.0,3.0,50.0,0.0,0.0
nfnTx0NyTM,US,49.0,Women,10.0,2.0,2.6666666666666665,12.0,100.0,100.0,0.0
IQ26h1fmZ1,DE,39.0,Men,0.0,0.0,1.0,1.0,100.0,50.0,0.0
FdocLdEuuj,US,38.0,Men,0.0,0.0,2.357142857142857,11.0,100.0,75.0,0.0
misSKgKxaM,DE,25.0,Women,10.0,2.0,1.4615384615384615,4.75,100.0,75.0,0.0
2yfSzxsZW9,GB,39.0,Women,0.0,0.0,1.3333333333333333,1.3333333333333333,100.0,50.0,0.0
cSEkVTyMir,US,39.0,Women,0.0,0.0,1.0,1.0,50.0,0.0,0.0
ntrzX1GwWr,US,34.0,Women,0.0,0.0,1.0,1.0,100.0,25.0,0.0
U0gh2oHnvq,GB,35.0,Men,14.0,3.0,2.857142857142857,6.666666666666667,100.0,100.0,0.0
a4uqJFz5BK,GB,57.0,Women,2.8,1.0,7.0,21.0,100.0,75.0,0.0
3gK3aw2jEn,GB,39.0,Women,0.0,0.0,1.9655172413793103,7.125,100.0,100.0,37.5
CJueFQJmCn,DE,46.0,Women,0.0,0.0,2.5,5.0,100.0,75.0,0.0
l1pDeJnhbN,DE,21.0,Men,0.0,0.0,12.5,25.0,100.0,50.0,0.0
oyHkkkHf0T,US,49.0,Men,4.0,1.0,1.6470588235294117,5.6,100.0,75.0,0.0
JZ4FO559Xd,US,28.0,Women,0.0,0.0,2.3333333333333335,3.5,100.0,50.0,0.0
6WiR7hfHZI,DE,18.0,Women,0.0,0.0,4.0,4.0,100.0,25.0,0.0
eDEfDMus4i,DE,36.0,Men,0.0,0.0,5.0,5.0,100.0,50.0,0.0
i7h7r3jrmB,DE,39.0,Women,0.0,0.0,1.5,1.5,100.0,0.0,0.0
VVCFtedFIo,GB,38.0,Men,0.0,0.0,6.5,13.0,100.0,75.0,0.0
pNtoBm6jdF,DE,26.0,Men,0.0,0.0,2.2,3.6666666666666665,100.0,75.0,0.0
EcaRV5em7X,GB,30.0,Women,0.0,0.0,4.5,18.0,100.0,75.0,0.0
Lx9CD1WLq8,GB,47.0,Women,0.0,0.0,2.875,11.5,100.0,100.0,0.0
QkhpfYXBGa,US,47.0,Men,0.0,0.0,1.0,1.0,50.0,0.0,0.0
q1SQIMofFA,US,39.0,Men,0.0,0.0,1.0,1.0,50.0,0.0,0.0
ePcv2hWBIN,DE,34.0,Men,4.0,1.0,2.0,2.0,100.0,50.0,0.0
HM9QiI8Ql4,DE,45.0,Men,0.0,0.0,15.6,39.0,100.0,100.0,12.5
c1X4iyWW0k,DE,65.0,Women,0.0,0.0,3.0,3.0,100.0,25.0,0.0
6tvlxFr82Y,GB,50.0,Men,0.0,0.0,2.0,2.0,100.0,0.0,0.0
1w4GTEdUnb,US,39.0,Men,4.0,1.0,1.7,7.285714285714286,100.0,100.0,25.0
5HMvYP801X,US,39.0,Women,0.0,0.0,3.75,7.5,100.0,75.0,0.0
sEjvF9TkhZ,DE,45.0,Men,0.0,0.0,2.3333333333333335,5.25,100.0,100.0,0.0
YkVLk9EGKf,DE,31.0,Men,0.0,0.0,3.0,3.0,100.0,50.0,0.0
wb1HWOFEAZ,US,42.0,Women,0.0,0.0,1.0,1.0,100.0,25.0,0.0
ZlPnjzr1iV,DE,36.0,Women,0.0,0.0,2.0,5.0,100.0,50.0,0.0
D3dgoxFEUj,GB,39.0,Women,0.0,0.0,1.0,1.0,100.0,0.0,0.0
W9i0WUrHUz,GB,37.0,Women,0.0,0.0,1.6,4.0,100.0,50.0,0.0
Bf4941adk1,DE,35.0,Women,0.0,0.0,3.0,3.0,100.0,50.0,0.0
nLEPsSTND2,DE,22.0,Men,0.0,0.0,5.333333333333333,8.0,100.0,50.0,0.0
hDfiT921jq,JP,41.0,Men,0.0,0.0,3.0,3.0,100.0,0.0,0.0
l1EOaX5zxU,DE,45.0,Men,0.0,0.0,4.0,4.0,100.0,50.0,0.0
FZ1M4THgxT,GB,58.0,Men,14.0,3.0,2.7,18.0,100.0,100.0,12.5
2Qt8H3fywg,US,35.0,Women,0.0,0.0,1.5,3.0,100.0,100.0,12.5
pnHtCwghJB,US,22.0,Women,0.0,0.0,2.5,5.0,100.0,50.0,0.0
XGpRDr8DfL,GB,46.0,Women,14.0,3.0,1.0,2.0,100.0,50.0,0.0
LUCwTI6fZ7,GB,36.0,Women,16.8,4.0,5.8076923076923075,37.75,100.0,100.0,50.0
ktaA2XOsVP,US,54.0,Men,0.0,0.0,1.0,1.0,100.0,0.0,0.0
ivvapxYZX2,US,39.0,Women,0.0,0.0,1.0,1.5,100.0,0.0,0.0
uVpsN3eUzn,GB,46.0,Men,2.8,1.0,4.25,25.5,100.0,100.0,25.0
TB2GQa8aa2,US,64.0,Women,4.0,1.0,1.0,1.0,50.0,0.0,0.0
u4etAMNkmA,US,39.0,Men,0.0,0.0,1.0,1.0,50.0,0.0,0.0
ehYO1cAOLT,US,21.0,Women,0.0,0.0,3.25,6.5,100.0,75.0,0.0
YX2X8V9Obl,US,36.0,Men,0.0,0.0,2.6,6.5,100.0,25.0,0.0
TBhYdr7NqM,DE,58.0,Women,0.0,0.0,7.037037037037037,47.5,100.0,100.0,50.0
ELLzaPnizV,DE,64.0,Women,29.0,6.0,7.0,10.5,100.0,75.0,0.0
fpo2cFhNVb,DE,42.0,Men,0.0,0.0,2.5,5.0,100.0,75.0,0.0
HTa4UwY26I,DE,41.0,Women,0.0,0.0,1.25,2.5,50.0,0.0,0.0
EDi72ciwka,DE,38.0,Men,0.0,0.0,1.7142857142857142,2.4,50.0,0.0,0.0
8VGcQN5zeP,DE,44.0,Women,4.0,1.0,2.3333333333333335,9.333333333333334,100.0,100.0,0.0
DD8AlMBRBI,GB,49.0,Men,2.8,1.0,5.4,27.0,100.0,100.0,12.5
ZEOGxycNsn,US,35.0,Men,0.0,0.0,1.0,1.6666666666666667,100.0,0.0,0.0
7mx9HM4saU,US,39.0,Men,0.0,0.0,2.0,2.0,50.0,0.0,0.0
h0soQ9B6pG,US,26.0,Men,0.0,0.0,2.1,7.0,100.0,50.0,0.0
KLVsnV0IAq,US,31.0,Men,0.0,0.0,2.0,2.0,100.0,25.0,0.0
Inc497zq49,GB,38.0,Women,0.0,0.0,3.0,9.0,100.0,50.0,0.0
gyFdSS7iyh,GB,26.0,Men,0.0,0.0,1.5,1.5,100.0,50.0,0.0
RIMoZj4XYI,DE,42.0,Women,29.0,6.0,2.6666666666666665,8.0,100.0,0.0,0.0
pL3cCzY7xc,GB,41.0,Women,2.8,1.0,5.352941176470588,22.75,100.0,100.0,37.5
Wu9rwL6ych,US,51.0,Women,0.0,0.0,2.3333333333333335,7.0,100.0,0.0,0.0
YMNwUTbdfG,US,41.0,Women,0.0,0.0,1.6666666666666667,5.0,100.0,25.0,0.0
ayIN6A6QWu,DE,54.0,Women,10.0,2.0,5.392857142857143,30.2,100.0,100.0,37.5
QifwLu3Tbz,US,34.0,Women,0.0,0.0,1.0,1.0,100.0,25.0,0.0
ckPFKfULpy,GB,37.0,Men,0.0,0.0,3.0,11.0,100.0,0.0,0.0
Iavpa44tsU,GB,39.0,Women,0.0,0.0,2.0,4.0,100.0,0.0,0.0
RhvVAhQ7ua,DE,42.0,Men,0.0,0.0,2.857142857142857,10.0,100.0,50.0,0.0
fx3hrdLHps,US,62.0,Women,0.0,0.0,2.6296296296296298,11.833333333333334,100.0,75.0,0.0
Ta5P4XjRfJ,DE,39.0,Women,4.0,1.0,2.3333333333333335,3.5,100.0,75.0,0.0
X68cRoGd83,DE,42.0,Men,62.6,17.0,4.0,14.0,100.0,100.0,12.5
Ls3Kn3txxW,US,39.0,Women,0.0,0.0,7.0,7.0,100.0,25.0,0.0
PAuf6mY8BS,US,24.0,Women,31.9,6.0,2.5238095238095237,13.25,100.0,100.0,0.0
zxYHDXobx5,DE,39.0,Men,10.0,2.0,3.8,19.0,100.0,100.0,12.5
ROOcSHGQWu,US,45.0,Men,4.0,1.0,1.6666666666666667,5.0,100.0,25.0,0.0
uyyEzioQkl,DE,52.0,Women,0.0,0.0,2.0,2.0,50.0,0.0,0.0
APDXzGReel,DE,32.0,Men,0.0,0.0,1.0,1.0,100.0,0.0,0.0
eBgBnY3rvZ,DE,39.0,Women,0.0,0.0,2.0,2.0,50.0,0.0,0.0
6RqiOENJWh,GB,51.0,Women,0.0,0.0,12.4,31.0,100.0,100.0,0.0
ukTji0Bso8,US,58.0,Women,0.0,0.0,3.0,3.0,50.0,0.0,0.0
y5nNiGsnuJ,US,39.0,Men,0.0,0.0,1.0,1.0,50.0,0.0,0.0
1mNoRBaADb,DE,18.0,Men,0.0,0.0,2.0,2.0,100.0,25.0,0.0
RqgjVnFDtW,GB,30.0,Women,0.0,0.0,1.0,2.0,100.0,25.0,0.0
QVKAhy1cOZ,US,39.0,Men,0.0,0.0,5.0,5.0,100.0,50.0,0.0
O6Vi1VZrI5,DE,39.0,Women,0.0,0.0,3.0,3.0,100.0,50.0,0.0
I0cVtD1ZZA,US,56.0,Women,0.0,0.0,2.0,2.0,100.0,25.0,0.0
SvRn9NytNm,GB,57.0,Men,25.199999,7.0,1.4444444444444444,4.333333333333333,100.0,100.0,87.5
Xj54yYYYV0,DE,43.0,Men,0.0,0.0,5.230769230769231,34.0,50.0,0.0,0.0
KDQobXbJJI,GB,39.0,Men,0.0,0.0,1.0,1.0,100.0,0.0,0.0
Zh7ZMmK66k,GB,39.0,Women,0.0,0.0,2.5,5.0,100.0,25.0,0.0
dUNT3kDwo9,DE,25.0,Women,0.0,0.0,3.0,4.5,100.0,25.0,0.0
QkX0CB29RH,DE,41.0,Men,0.0,0.0,3.5714285714285716,12.5,100.0,100.0,25.0
GMfXlyphKK,US,40.0,Women,0.0,0.0,3.5714285714285716,8.333333333333334,100.0,100.0,0.0
JMk9O2KKbM,DE,39.0,Men,0.0,0.0,1.0,1.0,50.0,0.0,0.0
v4DHyreXLS,DE,39.0,Men,4.0,1.0,2.2777777777777777,10.25,100.0,100.0,0.0
6KNwVTS7Ce,DE,44.0,Women,0.0,0.0,2.4,4.0,100.0,75.0,0.0
svZApc7XHU,DE,39.0,Men,0.0,0.0,1.625,4.333333333333333,100.0,75.0,0.0
XYNwkdlsoZ,GB,25.0,Men,19.599998,5.0,2.857142857142857,10.0,100.0,75.0,0.0
603Jl4mKjM,DE,36.0,Women,23.0,4.0,2.6666666666666665,13.333333333333334,100.0,100.0,12.5
qso34O5PiQ,US,55.0,Men,0.0,0.0,1.0,1.0,50.0,0.0,0.0
AEst4D382d,US,51.0,Men,0.0,0.0,2.206896551724138,10.666666666666666,100.0,100.0,0.0
SxvS1uxydM,JP,39.0,Men,0.0,0.0,1.0,1.0,100.0,25.0,0.0
7aL5TCAv38,DE,46.0,Men,0.0,0.0,6.666666666666667,46.666666666666664,100.0,100.0,37.5
FTrjnt4Co4,US,49.0,Men,0.0,0.0,1.8125,7.25,100.0,50.0,0.0
rDA7oyHnBY,GB,34.0,Men,0.0,0.0,1.4444444444444444,4.333333333333333,100.0,75.0,0.0
KpSM9iYjjX,US,51.0,Women,20.0,3.0,1.4,2.3333333333333335,100.0,25.0,0.0
bYjFIopGvQ,GB,41.0,Men,0.0,0.0,4.0,4.0,100.0,50.0,0.0
74jUq0sWE2,GB,39.0,Men,0.0,0.0,3.0,3.0,100.0,0.0,0.0
b8pfcSwxb8,US,39.0,Men,0.0,0.0,2.5,5.0,100.0,25.0,0.0
nkJa4NpJ2C,US,39.0,Women,0.0,0.0,10.0,10.0,100.0,50.0,0.0
WwiCK54yQT,DE,53.0,Men,0.0,0.0,3.0833333333333335,18.5,100.0,100.0,50.0
CAwqGhTI4n,US,39.0,Men,0.0,0.0,1.6666666666666667,5.0,100.0,25.0,0.0
thjHqznbMy,DE,39.0,Women,0.0,0.0,6.4,16.0,100.0,100.0,37.5
l4AT2kZgVF,GB,28.0,Men,0.0,0.0,2.0,2.0,100.0,50.0,0.0
DHDJMpakRE,DE,40.0,Men,0.0,0.0,3.0,18.0,100.0,100.0,12.5
aE7bIaFZM1,US,39.0,Men,0.0,0.0,1.3333333333333333,2.0,100.0,25.0,0.0
e6XioiiGhk,JP,21.0,Women,0.0,0.0,2.888888888888889,13.0,100.0,100.0,12.5
ih5t2UlDBR,GB,39.0,Men,0.0,0.0,1.0,1.0,100.0,25.0,0.0
n2iADoolIL,US,36.0,Men,4.4,1.0,3.7142857142857144,6.5,100.0,100.0,12.5
qYmOaz579c,US,39.0,Men,0.0,0.0,1.2,2.0,100.0,50.0,0.0
Oq7RyVs4r1,GB,35.0,Men,2.8,1.0,8.695652173913043,50.0,100.0,100.0,37.5
GQUoqtNJDQ,DE,54.0,Women,0.0,0.0,1.0,1.0,50.0,0.0,0.0
HfmlyerkzC,DE,39.0,Men,0.0,0.0,2.4285714285714284,8.5,100.0,100.0,0.0
oMLtqeMmax,DE,39.0,Men,4.0,1.0,2.588235294117647,11.0,100.0,100.0,62.5
Vbkb4ymlqF,DE,39.0,Women,0.0,0.0,2.0,2.0,50.0,0.0,0.0
Bva9kl4VoS,DE,36.0,Men,4.0,1.0,4.8604651162790695,29.857142857142858,100.0,100.0,25.0
9qRSXgrWmB,US,42.0,Men,0.0,0.0,1.75,3.5,100.0,75.0,0.0
m1iZxK9xZx,DE,39.0,Women,4.0,1.0,4.1,24.6,100.0,100.0,50.0
Tlor2AHvND,US,39.0,Women,0.0,0.0,2.5,3.75,100.0,25.0,0.0
atfXknVEwJ,US,52.0,Men,4.0,1.0,2.2,3.6666666666666665,100.0,75.0,0.0
DEbsa31lSL,GB,39.0,Men,0.0,0.0,1.3333333333333333,4.0,100.0,50.0,0.0
UI4Pa8bNPI,DE,40.0,Men,0.0,0.0,4.72972972972973,25.0,100.0,100.0,50.0
30p0hBV9oB,GB,40.0,Men,2.8,1.0,2.0,2.0,100.0,50.0,0.0
mgz5CWSepT,US,28.0,Men,0.0,0.0,1.5,1.5,100.0,25.0,0.0
rn84IN1vL2,DE,49.0,Women,4.0,1.0,2.7735849056603774,18.375,100.0,100.0,50.0
law2lBm7Sc,DE,32.0,Men,4.0,1.0,2.586206896551724,15.0,100.0,100.0,25.0
zqWVjpjscJ,DE,26.0,Women,0.0,0.0,5.2,13.0,100.0,100.0,0.0
ELzkZQwP50,US,39.0,Women,0.0,0.0,3.272727272727273,14.4,100.0,100.0,12.5
FAZQDCKYsH,DE,39.0,Women,0.0,0.0,8.153846153846153,42.4,100.0,100.0,50.0
vtHH8Urdy9,US,42.0,Men,0.0,0.0,2.111111111111111,4.75,100.0,50.0,0.0
m5IQW7xOrX,GB,53.0,Women,0.0,0.0,4.333333333333333,21.666666666666668,100.0,100.0,12.5
jnLwfNzk6o,DE,33.0,Women,4.0,1.0,8.4,16.8,100.0,100.0,0.0
qJZM6InWpG,US,39.0,Men,0.0,0.0,2.5,5.0,100.0,25.0,0.0
cpNtGJYCR2,DE,47.0,Women,0.0,0.0,1.619047619047619,5.666666666666667,100.0,100.0,50.0
RBueckB36X,DE,39.0,Women,0.0,0.0,1.0,1.0,100.0,25.0,0.0
d7SLv3VnV6,DE,42.0,Women,10.0,2.0,2.1,7.0,100.0,100.0,0.0
UcJ24pc0MT,GB,39.0,Women,0.0,0.0,2.0,4.0,100.0,25.0,0.0
54WiABiHCL,US,51.0,Men,0.0,0.0,1.625,4.333333333333333,100.0,50.0,0.0
zr2f005zbm,GB,39.0,Men,0.0,0.0,5.0,5.0,100.0,75.0,0.0
jtNqlfFRHG,GB,37.0,Men,0.0,0.0,6.0,6.0,100.0,100.0,0.0
awwEHNnENX,US,46.0,Men,20.0,3.0,7.403225806451613,45.9,100.0,100.0,12.5
LOawrZcjYo,DE,39.0,Women,0.0,0.0,1.0,2.0,50.0,0.0,0.0
HqXbJDFcPY,GB,49.0,Men,7.0,2.0,2.2,11.0,100.0,100.0,0.0
DRswPKXGfl,GB,33.0,Women,0.0,0.0,3.0,3.0,100.0,50.0,0.0
1KsRwlzWZz,GB,26.0,Men,0.0,0.0,2.0,4.0,100.0,50.0,0.0
4rRaiq6Cw2,GB,52.0,Men,0.0,0.0,2.375,3.8,100.0,100.0,25.0
0j7jYhqHoE,DE,39.0,Women,0.0,0.0,3.5,7.0,100.0,75.0,0.0
3eCDBWMQde,DE,45.0,Men,26.0,5.0,3.6153846153846154,18.8,100.0,100.0,0.0
Qr0d3bhkML,DE,39.0,Men,0.0,0.0,2.5,5.0,100.0,50.0,0.0
p8WcFQUINI,JP,18.0,Women,0.0,0.0,3.5714285714285716,12.5,100.0,75.0,0.0
57aGHGF6ON,DE,42.0,Women,0.0,0.0,2.3333333333333335,3.5,100.0,50.0,0.0
iD8LlhcIHh,DE,39.0,Men,0.0,0.0,7.363636363636363,40.5,100.0,100.0,37.5
68ucxolc8v,DE,24.0,Women,4.0,1.0,8.833333333333334,26.5,100.0,100.0,25.0
G6gDGSbuGW,DE,37.0,Women,0.0,0.0,4.534883720930233,27.857142857142858,100.0,100.0,37.5
0SncqMj4F8,DE,42.0,Men,0.0,0.0,1.0,1.0,100.0,100.0,0.0
zjrbmPNs2x,GB,46.0,Women,0.0,0.0,7.0,7.0,100.0,100.0,0.0
ilZy07EgFD,DE,39.0,Women,0.0,0.0,1.1666666666666667,1.75,100.0,75.0,0.0
8XbWghYRA3,GB,42.0,Women,2.8,1.0,4.5,9.0,100.0,75.0,0.0
t085i0B6M0,US,39.0,Men,41.0,10.0,3.58974358974359,17.5,100.0,100.0,37.5
fAIsDy85ln,US,39.0,Women,4.0,1.0,1.5,3.0,100.0,50.0,0.0
F9V1WlYYBF,DE,39.0,Women,0.0,0.0,4.0,4.0,100.0,75.0,0.0
x5e7BHD1aB,US,44.0,Men,4.0,1.0,1.6666666666666667,5.0,100.0,50.0,0.0
dgAXLjDn0S,US,26.0,Men,4.0,1.0,2.0,2.0,100.0,75.0,0.0
ee60Eq52KZ,US,40.0,Men,0.0,0.0,4.466666666666667,14.88888888888889,100.0,100.0,0.0
gBpBQRLvYb,US,39.0,Men,0.0,0.0,2.0,2.0,100.0,25.0,0.0
HUYVTEmk6C,US,39.0,Women,0.0,0.0,1.0,2.0,100.0,50.0,0.0
q0zE5D3VjQ,DE,39.0,Women,4.0,1.0,2.6666666666666665,12.0,100.0,100.0,50.0
O3ocWJ83zG,DE,35.0,Men,0.0,0.0,3.8,19.0,100.0,0.0,0.0
7PRu6pfTRg,DE,18.0,Women,4.0,1.0,1.6666666666666667,3.3333333333333335,100.0,50.0,0.0
j9kNsUGyJo,US,39.0,Women,4.0,1.0,9.0,9.0,100.0,50.0,0.0
4aNZNaSgX6,US,47.0,Women,0.0,0.0,1.5,1.5,100.0,0.0,0.0
Fc9lbOdUM9,DE,39.0,Men,0.0,0.0,1.5,4.5,100.0,75.0,0.0
PISBVOzUM0,DE,55.0,Men,0.0,0.0,1.7777777777777777,5.333333333333333,100.0,75.0,0.0
sSgeSJBA9T,GB,36.0,Men,0.0,0.0,1.8333333333333333,3.6666666666666665,100.0,75.0,0.0
2VEa7Kvsva,GB,34.0,Men,0.0,0.0,2.4761904761904763,10.4,100.0,100.0,12.5
o7lwyvJnid,US,39.0,Women,0.0,0.0,1.0,1.0,100.0,0.0,0.0
JVIHVcoF4k,US,58.0,Men,11.0,2.0,2.1052631578947367,10.0,100.0,75.0,0.0
fItXcbpIRL,US,39.0,Men,0.0,0.0,2.588235294117647,8.8,50.0,0.0,0.0
KY3NHsTAOE,DE,39.0,Men,0.0,0.0,3.5,7.0,100.0,50.0,0.0
KkSK7HHD2K,DE,39.0,Women,0.0,0.0,4.0,6.0,100.0,75.0,0.0
4ujY3DzNkE,GB,34.0,Men,0.0,0.0,3.5,14.0,100.0,75.0,0.0
AODXqbA5f2,DE,36.0,Men,0.0,0.0,1.0,1.0,50.0,0.0,0.0
qoQnniTUE6,JP,39.0,Men,2.0,1.0,11.0,16.5,100.0,75.0,0.0
gw4ZZqzm8c,US,74.0,Women,0.0,0.0,1.0,2.0,100.0,0.0,0.0
5sgNfdf6lY,US,46.0,Men,0.0,0.0,2.0,2.0,100.0,0.0,0.0
03rUuSNzdM,GB,25.0,Men,0.0,0.0,3.5,7.0,50.0,0.0,0.0
IRKVG0dGYw,US,50.0,Men,0.0,0.0,2.8333333333333335,8.5,100.0,75.0,0.0
ByjO4u3nxH,DE,42.0,Men,10.0,2.0,2.75,11.0,100.0,75.0,0.0
av9S2LBhA2,DE,39.0,Women,0.0,0.0,2.0,2.0,50.0,0.0,0.0
554lxq8Mce,US,39.0,Women,0.0,0.0,1.3333333333333333,2.0,100.0,50.0,0.0
z16EGmeyD7,DE,39.0,Men,0.0,0.0,7.631578947368421,48.333333333333336,100.0,100.0,37.5
9pE08Mx5zo,JP,39.0,Men,0.0,0.0,3.0,6.0,100.0,25.0,0.0
MrNs3e0CYK,DE,33.0,Men,4.0,1.0,4.0,13.6,100.0,100.0,12.5
6USEFBDL05,GB,39.0,Women,0.0,0.0,4.0,12.0,100.0,25.0,0.0
JrlVLjWTOK,US,29.0,Women,20.0,3.0,2.111111111111111,9.5,100.0,50.0,0.0
2ofsilRSU9,DE,25.0,Men,23.0,4.0,1.8421052631578947,5.0,100.0,50.0,0.0
WccvnEr3TO,GB,44.0,Women,0.0,0.0,2.5,5.0,100.0,25.0,0.0
YueUBGBswO,US,60.0,Women,0.0,0.0,2.5,5.0,100.0,75.0,0.0
DiEiHEbGR2,DE,93.0,Women,0.0,0.0,4.0,8.0,100.0,50.0,0.0
SJ5d64E26c,US,32.0,Women,0.0,0.0,1.5,1.5,100.0,50.0,0.0
JUKeGJlrqs,GB,44.0,Women,0.0,0.0,1.5,1.5,50.0,0.0,0.0
deKZ3v0zBm,DE,39.0,Women,0.0,0.0,1.5,4.5,100.0,75.0,0.0
WC8PFeNa6h,GB,38.0,Men,2.8,1.0,3.388888888888889,17.428571428571427,100.0,100.0,25.0
iwOyR5tLbM,GB,52.0,Men,0.0,0.0,2.5,15.714285714285714,100.0,100.0,50.0
H0ZEnNjjUl,US,39.0,Women,0.0,0.0,2.0,3.0,100.0,50.0,0.0
Dbo5hfyRNa,US,39.0,Men,0.0,0.0,2.0,2.0,100.0,0.0,0.0
dvL29Sx4kY,DE,39.0,Men,0.0,0.0,4.333333333333333,6.5,100.0,75.0,0.0
4GzzafXPnI,GB,38.0,Women,14.0,3.0,3.103448275862069,18.0,100.0,100.0,50.0
y7qUMGawKf,GB,35.0,Women,2.8,1.0,2.5714285714285716,4.5,100.0,25.0,0.0
Oi5GFkXy7d,DE,43.0,Women,23.0,4.0,5.0,10.0,100.0,100.0,0.0
ZMsJKgbVM1,GB,40.0,Women,2.8,1.0,1.9375,7.75,100.0,100.0,0.0
4btnOxbJTk,DE,43.0,Men,0.0,0.0,2.0,7.333333333333333,100.0,100.0,0.0
zExTh2vOOf,DE,25.0,Women,0.0,0.0,3.0,9.0,50.0,0.0,0.0
bDxDtpj5h1,US,35.0,Women,0.0,0.0,1.0,1.0,50.0,0.0,0.0
BriyNkDjnH,US,29.0,Women,4.0,1.0,2.611111111111111,13.428571428571429,100.0,100.0,25.0
TO3MhmLdoX,US,72.0,Men,4.0,1.0,4.0,4.0,100.0,25.0,0.0
KIKhelW3Nj,DE,39.0,Women,44.0,11.0,4.481481481481482,24.2,100.0,100.0,62.5
S2fnO5rJFo,US,39.0,Men,0.0,0.0,1.0,1.0,50.0,0.0,0.0
WWORvxlvph,DE,28.0,Men,0.0,0.0,5.071428571428571,23.666666666666668,100.0,50.0,0.0
4ogr32dj9F,JP,30.0,Women,2.0,1.0,1.8928571428571428,10.6,100.0,100.0,12.5
uwWuNUThbn,DE,39.0,Men,0.0,0.0,7.285714285714286,25.5,100.0,100.0,0.0
smiuefTT75,US,39.0,Men,0.0,0.0,1.0,1.0,50.0,0.0,0.0
vCUNcutQVe,US,39.0,Women,0.0,0.0,5.0,5.0,100.0,25.0,0.0
99ScUjKAKg,US,43.0,Women,0.0,0.0,2.25,4.5,100.0,0.0,0.0
6dvHX7nGjB,US,37.0,Men,4.0,1.0,2.0,2.0,100.0,50.0,0.0
iDGDz4J04V,US,23.0,Men,0.0,0.0,3.0,3.0,100.0,25.0,0.0
aSFb7es6eP,US,58.0,Men,0.0,0.0,1.5,1.5,100.0,0.0,0.0
k6FMv5cLUG,GB,39.0,Women,0.0,0.0,3.0,3.0,100.0,0.0,0.0
SBic6RJQqO,US,57.0,Women,4.0,1.0,2.6875,12.285714285714286,100.0,100.0,12.5
3i0M31oRXW,DE,40.0,Women,0.0,0.0,5.285714285714286,37.0,100.0,100.0,62.5
rTGVXXPNsW,US,99.0,Women,0.0,0.0,1.0,1.0,100.0,25.0,0.0
AuwZuDlbQi,US,36.0,Women,4.0,1.0,1.0,1.0,50.0,0.0,0.0
GMmKnoi7Gj,DE,49.0,Women,0.0,0.0,3.1785714285714284,14.833333333333334,100.0,100.0,12.5
zZMdGOw4KA,US,34.0,Women,0.0,0.0,2.5,5.0,100.0,50.0,0.0
ZqnDjkgt88,JP,33.0,Women,0.0,0.0,1.0,1.3333333333333333,100.0,0.0,0.0
bggrH8TaEc,US,63.0,Women,0.0,0.0,2.5555555555555554,5.75,100.0,50.0,0.0
AzSAh19onX,GB,35.0,Men,0.0,0.0,1.5714285714285714,5.5,50.0,0.0,0.0
PX6UArmVM7,JP,51.0,Women,2.0,1.0,6.5,32.5,100.0,100.0,37.5
E2Gdpj6Zqx,GB,27.0,Women,0.0,0.0,1.0,1.0,100.0,50.0,0.0
EO3GszUxQA,US,37.0,Men,0.0,0.0,1.8333333333333333,3.6666666666666665,100.0,50.0,0.0
tMeOET7Bd6,US,39.0,Women,0.0,0.0,1.0,1.0,100.0,0.0,0.0
qYzCPW2MlP,DE,39.0,Women,0.0,0.0,1.0,1.0,100.0,25.0,0.0
LrelEqZTwj,US,29.0,Women,0.0,0.0,1.6666666666666667,1.6666666666666667,100.0,25.0,0.0
WovZjAplQK,US,44.0,Men,4.0,1.0,6.636363636363637,36.5,100.0,100.0,12.5
SePKl6jaYh,US,39.0,Men,0.0,0.0,2.0,2.0,100.0,0.0,0.0
AlouTv8vMu,JP,44.0,Women,0.0,0.0,3.272727272727273,12.0,100.0,50.0,0.0
7zx0jFwPEn,US,47.0,Men,0.0,0.0,2.0,2.0,100.0,0.0,0.0
BBOtFBMvtu,US,41.0,Men,20.0,3.0,2.0,4.666666666666667,100.0,75.0,0.0
9XOrHJVtpe,US,35.0,Women,0.0,0.0,2.3333333333333335,3.5,50.0,0.0,0.0
OV5d91ndBJ,DE,37.0,Men,0.0,0.0,2.96,14.8,100.0,100.0,37.5
LPXu38dZ28,US,58.0,Women,0.0,0.0,2.5,5.0,100.0,100.0,0.0
NaeTQHHtY1,GB,37.0,Women,7.0,2.0,2.0,3.6666666666666665,100.0,75.0,0.0
C5GKQ9aKQz,DE,39.0,Women,0.0,0.0,1.0,1.0,50.0,0.0,0.0
FxxIbpai7n,US,44.0,Men,0.0,0.0,1.3333333333333333,2.0,50.0,0.0,0.0
jKjX260rPG,US,50.0,Women,0.0,0.0,1.5,1.5,100.0,25.0,0.0
Nc1D1krOrW,DE,39.0,Women,29.0,6.0,6.538461538461538,42.5,100.0,100.0,75.0
VdQtbTxSbH,US,42.0,Women,4.4,1.0,15.6,39.0,100.0,100.0,0.0
fBBUGiS5A8,GB,29.0,Women,0.0,0.0,2.5,5.0,100.0,75.0,0.0
U1k4oiRnxR,GB,39.0,Women,0.0,0.0,2.6,6.5,100.0,75.0,0.0
kOirXk211S,DE,21.0,Men,0.0,0.0,2.0,6.0,100.0,75.0,0.0
3F80yurGfP,DE,20.0,Men,0.0,0.0,2.5,5.0,100.0,75.0,0.0
XxLVQPnT7r,DE,37.0,Women,0.0,0.0,2.0,3.0,100.0,75.0,0.0
egtAZqEmv1,DE,28.0,Women,0.0,0.0,4.0,4.0,50.0,0.0,0.0
3g3J1mplDx,GB,36.0,Men,0.0,0.0,1.0,1.0,100.0,50.0,0.0
Fv673MgvlQ,US,54.0,Women,4.0,1.0,9.461538461538462,61.5,100.0,100.0,62.5
UInFWgXQ6z,US,36.0,Men,0.0,0.0,2.0,2.0,100.0,25.0,0.0
dFMrvRH5UR,GB,28.0,Women,0.0,0.0,2.0,2.0,100.0,50.0,0.0
dLanvwEmeD,US,39.0,Men,0.0,0.0,2.7,6.75,100.0,75.0,0.0
OzEXAMW239,DE,39.0,Men,0.0,0.0,3.0,11.25,100.0,100.0,0.0
lGH9boU5J2,GB,34.0,Men,0.0,0.0,1.0,1.0,50.0,0.0,0.0
gsW52zwSe5,DE,35.0,Men,4.0,1.0,3.6956521739130435,14.166666666666666,100.0,100.0,12.5
DpTqUuFoZk,DE,50.0,Men,0.0,0.0,1.6666666666666667,5.0,100.0,50.0,0.0
Cm9oAPRhTQ,DE,25.0,Women,0.0,0.0,5.0,5.0,100.0,75.0,0.0
BebjBWSeKQ,US,46.0,Men,0.0,0.0,2.0,2.0,100.0,25.0,0.0
AlPdEp5X3V,US,46.0,Women,0.0,0.0,1.0,1.0,100.0,50.0,0.0
iK4Xy8l59R,DE,65.0,Women,0.0,0.0,1.0,2.0,100.0,50.0,0.0
NvJ9ig2L23,US,39.0,Women,20.0,3.0,3.5,7.0,100.0,75.0,0.0
autkW6KQjv,DE,49.0,Women,0.0,0.0,2.2857142857142856,4.0,100.0,0.0,0.0
EAoDbadhEO,US,41.0,Men,4.0,1.0,3.0,9.0,100.0,50.0,0.0
hu06376RZ8,DE,39.0,Men,0.0,0.0,1.0,1.0,50.0,0.0,0.0
jVa0gADAav,GB,55.0,Men,2.8,1.0,2.8461538461538463,18.5,100.0,100.0,12.5
mO30KoRHwQ,US,49.0,Men,0.0,0.0,1.0,1.0,50.0,0.0,0.0
pY8qr4Fw4b,DE,39.0,Women,0.0,0.0,3.0952380952380953,13.0,100.0,100.0,12.5
2EFRMmsUiv,US,39.0,Men,0.0,0.0,5.0,15.0,100.0,25.0,0.0
eFRNZrSu3x,US,50.0,Women,0.0,0.0,2.5,5.0,100.0,50.0,0.0
NAOYwmdM2W,GB,50.0,Women,0.0,0.0,1.736842105263158,8.25,100.0,100.0,0.0
cgKAySpBUw,GB,50.0,Women,0.0,0.0,2.3333333333333335,7.0,100.0,25.0,0.0
j7FsMCKSpg,US,39.0,Men,0.0,0.0,1.0,1.0,50.0,0.0,0.0
cURnedKhpV,GB,45.0,Women,0.0,0.0,3.6774193548387095,16.285714285714285,100.0,50.0,0.0
hrfohcXl76,DE,39.0,Men,0.0,0.0,1.0,1.0,50.0,0.0,0.0
JUP8R2cHWn,DE,42.0,Men,0.0,0.0,1.4,3.5,100.0,75.0,0.0
uzxVOAV19b,DE,46.0,Men,0.0,0.0,2.8,14.0,100.0,100.0,12.5
MjED2RQeUC,US,39.0,Women,4.0,1.0,1.75,5.25,100.0,25.0,0.0
xM8fprtvM9,GB,36.0,Women,0.0,0.0,1.9090909090909092,6.0,100.0,100.0,0.0
rc8V9fObkD,DE,39.0,Women,4.0,1.0,3.2941176470588234,18.666666666666668,100.0,100.0,12.5
xAvYHwEX9D,DE,35.0,Men,0.0,0.0,2.230769230769231,9.666666666666666,100.0,100.0,0.0
ulZ6dTe0ZU,JP,45.0,Women,3.5,2.0,19.05,127.0,100.0,100.0,62.5
bbHPaa1Cc6,DE,32.0,Men,4.0,1.0,2.0,5.0,100.0,100.0,0.0
9FJ3B9BHO2,US,39.0,Men,4.0,1.0,1.7142857142857142,3.0,100.0,75.0,0.0
uCAveekaCT,US,29.0,Men,4.0,1.0,1.7142857142857142,4.0,50.0,0.0,0.0
sjaCFMufkv,US,62.0,Women,26.0,5.0,1.8333333333333333,3.6666666666666665,100.0,75.0,0.0
IRQUhRktTI,DE,30.0,Women,4.4,1.0,2.0,3.3333333333333335,50.0,0.0,0.0
QlrnBO3SZs,GB,39.0,Men,2.8,1.0,1.8571428571428572,4.333333333333333,100.0,100.0,0.0
gucnN2fD1l,DE,36.0,Men,0.0,0.0,1.0,1.0,100.0,50.0,0.0
wvfegoyZat,GB,39.0,Women,0.0,0.0,5.0,5.0,100.0,75.0,0.0
TPNw3n6bpk,GB,34.0,Men,2.8,1.0,6.25,8.333333333333334,50.0,0.0,0.0
25ZPAAeYU1,DE,33.0,Men,0.0,0.0,2.0,4.0,50.0,0.0,0.0
d9HvvitQQD,US,58.0,Men,0.0,0.0,2.0,2.0,50.0,0.0,0.0
8aMIDzcVGk,DE,46.0,Men,0.0,0.0,1.6666666666666667,5.0,100.0,75.0,0.0
BNLaobl4mV,US,37.0,Women,20.0,3.0,4.142857142857143,7.25,100.0,50.0,0.0
p7IlNkirFt,US,41.0,Men,4.0,1.0,1.2857142857142858,3.0,100.0,25.0,0.0
3SI2rWAVAi,GB,31.0,Men,0.0,0.0,2.5,3.75,50.0,0.0,0.0
PDzZFtxoYj,GB,31.0,Men,0.0,0.0,1.75,3.5,100.0,75.0,0.0
cssjfmgF04,GB,39.0,Women,0.0,0.0,2.0,2.0,100.0,0.0,0.0
GIwCZikHnz,US,39.0,Women,0.0,0.0,3.0,6.0,100.0,50.0,0.0
VQGCnq7XaP,DE,41.0,Women,0.0,0.0,1.6,8.0,100.0,75.0,0.0
7hv51JIZdE,GB,48.0,Women,0.0,0.0,1.3333333333333333,4.0,100.0,50.0,0.0
oRApU5JADi,DE,39.0,Women,20.0,3.0,4.0,12.0,100.0,100.0,0.0
hSp5AFnvIe,DE,39.0,Men,0.0,0.0,1.0,2.0,50.0,0.0,0.0
SHne8htLnE,US,39.0,Women,0.0,0.0,1.5,1.5,100.0,25.0,0.0
zK7ZNFmmnk,GB,48.0,Men,7.0,2.0,6.0,36.0,100.0,100.0,0.0
owvHCGOFPc,DE,20.0,Men,0.0,0.0,1.875,7.5,100.0,50.0,0.0
69JNKuqhgX,GB,36.0,Men,0.0,0.0,3.588235294117647,10.166666666666666,100.0,100.0,0.0
OetWqBUaL9,US,54.0,Men,0.0,0.0,2.0,2.0,100.0,25.0,0.0
zQyoSxzcgT,DE,39.0,Women,0.0,0.0,2.5,8.333333333333334,100.0,75.0,0.0
uir7HaMaWr,DE,39.0,Men,0.0,0.0,1.0,1.0,50.0,0.0,0.0
Wh6PmueUWL,DE,39.0,Men,0.0,0.0,1.4,4.666666666666667,100.0,75.0,0.0
7Lbph4c1HT,DE,39.0,Women,0.0,0.0,1.5714285714285714,5.5,50.0,0.0,0.0
SJ0SefxQGn,US,39.0,Men,0.0,0.0,4.8,12.0,100.0,50.0,0.0
TzkI8yF2m2,DE,39.0,Men,4.0,1.0,3.0,4.5,100.0,100.0,0.0
4kNePxKujw,US,39.0,Men,0.0,0.0,2.0,2.0,50.0,0.0,0.0
JeBAO56Ddj,US,39.0,Men,0.0,0.0,6.0,6.0,100.0,25.0,0.0
8Zo5btDgLv,GB,47.0,Men,0.0,0.0,3.024390243902439,20.666666666666668,100.0,100.0,37.5
cI4lWvrueO,US,34.0,Men,0.0,0.0,1.6666666666666667,2.5,100.0,0.0,0.0
IdoDJRMaKV,DE,36.0,Women,0.0,0.0,6.913043478260869,39.75,100.0,100.0,37.5
8Y2VawwEas,DE,19.0,Women,0.0,0.0,1.0,1.5,100.0,75.0,0.0
TYQXvxWiY2,DE,39.0,Men,10.0,2.0,3.1052631578947367,19.666666666666668,100.0,100.0,0.0
IQeyyoOIyf,US,21.0,Men,0.0,0.0,1.8,4.5,100.0,25.0,0.0
chcjTrmd9l,DE,40.0,Women,0.0,0.0,3.090909090909091,17.0,100.0,100.0,12.5
NDjxpFhdTC,DE,39.0,Men,0.0,0.0,1.8571428571428572,3.25,100.0,75.0,0.0
aBDrkvXNjS,US,24.0,Men,0.0,0.0,4.5,9.0,100.0,50.0,0.0
qeescrLAiB,DE,49.0,Women,4.0,1.0,4.2105263157894735,26.666666666666668,100.0,100.0,37.5
Fbl7llBU1g,DE,26.0,Women,21.6,3.0,4.0,4.0,50.0,0.0,0.0
7Ffm61bL4r,DE,39.0,Women,0.0,0.0,1.4,3.5,100.0,50.0,0.0
mYBaaelqzE,US,39.0,Women,0.0,0.0,2.25,4.5,50.0,0.0,0.0
PsDxfbItta,US,39.0,Men,0.0,0.0,1.5,1.5,100.0,0.0,0.0
IlCSwZK1G1,DE,39.0,Men,0.0,0.0,1.0,1.0,50.0,0.0,0.0
eyQ7PgsMm6,JP,46.0,Women,0.0,0.0,1.96,12.25,100.0,100.0,0.0
aBEBITkKr2,DE,39.0,Men,0.0,0.0,3.0,3.0,100.0,25.0,0.0
TD4F2mNCGn,DE,39.0,Men,0.0,0.0,2.0,2.0,100.0,50.0,0.0
cQJ6INK6lo,US,39.0,Women,0.0,0.0,2.0,2.0,100.0,0.0,0.0
lZ0lmSnvIn,GB,37.0,Men,2.8,1.0,1.6764705882352942,6.333333333333333,100.0,100.0,37.5
f2zWOnTIas,GB,21.0,Men,2.8,1.0,9.333333333333334,42.0,100.0,100.0,37.5
yZfE9fnRML,DE,39.0,Men,0.0,0.0,3.625,9.666666666666666,100.0,100.0,25.0
uAU84oMbl1,GB,34.0,Men,2.8,1.0,2.5714285714285716,13.5,100.0,100.0,37.5
u2X7kc2zgk,DE,39.0,Women,0.0,0.0,3.1538461538461537,13.666666666666666,50.0,0.0,0.0
uJVFveMEZk,DE,39.0,Women,0.0,0.0,1.6666666666666667,3.3333333333333335,100.0,75.0,0.0
XvzostByiB,DE,22.0,Men,4.0,1.0,3.0952380952380953,13.0,100.0,100.0,25.0
scAD4hsKxH,DE,39.0,Women,0.0,0.0,2.1538461538461537,9.333333333333334,100.0,100.0,0.0
wslEDKDDE1,US,50.0,Men,0.0,0.0,1.0,1.0,50.0,0.0,0.0
MnNbSxFFO8,US,42.0,Men,0.0,0.0,1.0,1.0,100.0,25.0,0.0
LYtshhJA38,US,43.0,Men,4.0,1.0,2.0,2.0,100.0,75.0,0.0
JKG4EQxMCu,GB,41.0,Men,0.0,0.0,3.3333333333333335,6.666666666666667,100.0,75.0,0.0
m5WlbMae2a,US,42.0,Men,0.0,0.0,1.0,2.0,50.0,0.0,0.0
Mr3NS0GAK3,GB,47.0,Men,16.8,4.0,2.25,3.6,100.0,100.0,0.0
rsz9CidqRN,US,39.0,Men,0.0,0.0,2.0,2.0,50.0,0.0,0.0
0nPfi39JGe,GB,57.0,Men,2.8,1.0,1.5,1.5,100.0,50.0,0.0
CHlt0YtxeK,GB,43.0,Men,0.0,0.0,2.0,2.0,100.0,0.0,0.0
P5DLtSpYxP,US,39.0,Women,0.0,0.0,1.7777777777777777,5.333333333333333,100.0,75.0,0.0
QGwS07H97K,US,39.0,Women,0.0,0.0,1.0,1.0,50.0,0.0,0.0
giyNdmZogi,GB,40.0,Women,0.0,0.0,1.0,1.0,50.0,0.0,0.0
d3Tdy3ww3y,JP,39.0,Women,4.1,2.0,1.0,1.0,100.0,100.0,25.0
4LHUD9sESo,US,62.0,Men,0.0,0.0,2.3333333333333335,7.0,100.0,25.0,0.0
0wvm2w6O7h,US,42.0,Men,0.0,0.0,2.3333333333333335,2.3333333333333335,100.0,25.0,0.0
eQUMPbkOYS,DE,35.0,Women,0.0,0.0,1.0,1.0,100.0,25.0,0.0
mpH9NPrNb5,DE,18.0,Men,4.0,1.0,5.0,25.0,100.0,100.0,12.5
maH73A68OH,US,27.0,Women,0.0,0.0,3.75,15.0,100.0,50.0,0.0
KkoZ3T5s27,US,32.0,Men,0.0,0.0,2.4,6.0,100.0,75.0,0.0
RaVJxE5Q5p,DE,29.0,Women,0.0,0.0,1.1904761904761905,3.5714285714285716,100.0,50.0,0.0
SqPROtu3t6,GB,46.0,Women,0.0,0.0,1.8181818181818181,8.0,100.0,100.0,0.0
F7BYTvl1aW,DE,28.0,Men,0.0,0.0,1.0,1.0,50.0,0.0,0.0
K9b2Cb6EO6,GB,32.0,Women,2.8,1.0,4.6,23.0,100.0,100.0,0.0
RlJHYbEqGH,DE,27.0,Men,0.0,0.0,7.333333333333333,22.0,100.0,50.0,0.0
0enO7c1Ksn,GB,39.0,Women,0.0,0.0,2.0,2.0,100.0,25.0,0.0
efUmzLJjOE,US,39.0,Women,0.0,0.0,3.75,7.5,100.0,75.0,0.0
PGj3j382ym,DE,45.0,Women,29.0,6.0,7.6,50.666666666666664,100.0,100.0,62.5
rEuvYSOSUx,US,39.0,Men,4.0,1.0,8.6,43.0,100.0,50.0,0.0
4B51n2AYep,US,54.0,Women,0.0,0.0,1.0,1.0,100.0,25.0,0.0
0w79uqvkl2,DE,48.0,Men,0.0,0.0,1.1666666666666667,1.75,100.0,50.0,0.0
m4B0fCQo0A,US,39.0,Men,0.0,0.0,1.5,3.0,100.0,25.0,0.0
dy0xfHkf0A,DE,39.0,Women,0.0,0.0,3.0,3.0,100.0,25.0,0.0
3N9mLiV0uH,JP,39.0,Women,0.0,0.0,2.9285714285714284,10.25,100.0,75.0,0.0
MKeBaNyP0I,US,39.0,Women,0.0,0.0,1.0,1.0,100.0,0.0,0.0
KD0EwA3swB,DE,53.0,Men,0.0,0.0,1.0,1.0,100.0,25.0,0.0
IQulWw0ihQ,US,55.0,Men,4.0,1.0,2.0,4.0,100.0,50.0,0.0
PFsyQGiVFH,GB,39.0,Women,0.0,0.0,1.25,2.5,100.0,50.0,0.0
635WNk6vGF,DE,36.0,Women,0.0,0.0,4.068965517241379,23.6,100.0,100.0,25.0
iU6TvKSPWb,GB,33.0,Men,0.0,0.0,2.4285714285714284,5.666666666666667,50.0,0.0,0.0
3yDXAv6Rre,GB,46.0,Men,16.8,4.0,6.333333333333333,44.333333333333336,100.0,100.0,62.5
VqBQJ2GNP3,DE,22.0,Women,0.0,0.0,2.0,2.0,50.0,0.0,0.0
IyJPqQo7Y4,US,54.0,Women,0.0,0.0,8.702127659574469,51.125,100.0,100.0,12.5
Sk0EI4yNdn,US,35.0,Men,0.0,0.0,2.238095238095238,11.75,100.0,75.0,0.0
qcLIdRpIR2,DE,33.0,Women,10.0,2.0,7.785714285714286,54.5,100.0,100.0,25.0
09CmfWWy0r,US,51.0,Men,0.0,0.0,2.5,5.0,100.0,25.0,0.0
oNf7vTsuu0,JP,44.0,Women,0.0,0.0,4.0,4.0,100.0,25.0,0.0
7UMjbtz3Gh,US,39.0,Women,0.0,0.0,1.0,1.0,50.0,0.0,0.0
GwY3qxzczg,US,39.0,Men,0.0,0.0,1.0,1.0,100.0,25.0,0.0
QKqAckBDCL,US,39.0,Women,4.4,1.0,1.0,1.0,100.0,25.0,0.0
0cCCJVy6JG,GB,39.0,Women,0.0,0.0,1.5,3.0,50.0,0.0,0.0
rMtmbq0BGS,US,58.0,Men,28.599998,5.0,1.3823529411764706,6.714285714285714,100.0,100.0,0.0
HJMBFRgQW4,US,64.0,Men,0.0,0.0,2.25,3.0,100.0,25.0,0.0
OchjkpEjqt,GB,51.0,Men,0.0,0.0,2.0,2.0,50.0,0.0,0.0
oZgoulG1Zv,GB,39.0,Women,7.0,2.0,2.111111111111111,6.333333333333333,100.0,100.0,0.0
I4At3hOMuC,GB,46.0,Men,0.0,0.0,2.5,5.0,100.0,25.0,0.0
VerPgDtClr,DE,35.0,Men,4.0,1.0,1.4,3.5,100.0,50.0,0.0
OissxMuSg9,US,43.0,Men,0.0,0.0,2.0,2.0,100.0,0.0,0.0
fnAXZqSoNw,JP,39.0,Women,0.0,0.0,2.625,10.5,50.0,0.0,0.0
p0oacgqw0e,GB,46.0,Women,0.0,0.0,1.0,1.0,100.0,75.0,0.0
TLEMCX6dDT,DE,32.0,Women,0.0,0.0,6.0,6.0,100.0,50.0,0.0
a0ZzNfP7DL,US,38.0,Women,0.0,0.0,1.5714285714285714,2.2,50.0,0.0,0.0
W9dKyfq5RS,US,18.0,Men,0.0,0.0,2.0,2.0,100.0,0.0,0.0
kBnjGigpgd,GB,57.0,Men,0.0,0.0,4.0,20.666666666666668,100.0,100.0,37.5
0SgiRJJF9E,GB,43.0,Men,18.48,4.0,4.7368421052631575,25.714285714285715,100.0,100.0,50.0
bJLlSKjPNR,US,57.0,Women,0.0,0.0,1.0,1.0,50.0,0.0,0.0
o7JaRX81FE,DE,23.0,Women,0.0,0.0,2.0,6.666666666666667,100.0,75.0,0.0
c2BnW41WmM,US,42.0,Men,4.0,1.0,1.75,2.3333333333333335,100.0,100.0,0.0
llonJucNSw,US,39.0,Women,0.0,0.0,1.75,3.5,100.0,25.0,0.0
DPlq94A1hZ,US,47.0,Men,0.0,0.0,1.0,2.0,50.0,0.0,0.0
RsJuVGGqdz,GB,52.0,Women,0.0,0.0,2.0,4.0,100.0,25.0,0.0
9nszblYjB0,GB,36.0,Men,0.0,0.0,2.0,6.0,100.0,100.0,37.5
0hxoY7F9es,GB,24.0,Men,0.0,0.0,2.0,4.0,100.0,25.0,0.0
CwFq5jD4Pf,DE,25.0,Women,0.0,0.0,5.555555555555555,16.666666666666668,100.0,100.0,0.0
hmSsOnusA4,DE,39.0,Women,0.0,0.0,2.0,2.0,100.0,25.0,0.0
ywt3JNeFTA,GB,46.0,Men,0.0,0.0,1.0,1.0,100.0,100.0,0.0
gyTXtme7H0,DE,29.0,Women,4.0,1.0,9.0,51.0,100.0,100.0,50.0
aphYptFWJi,US,39.0,Women,0.0,0.0,3.0,3.0,100.0,25.0,0.0
oOO6TcTzWO,DE,39.0,Women,0.0,0.0,1.4,1.75,100.0,50.0,0.0
jOn1RWmwua,JP,22.0,Men,0.0,0.0,2.2857142857142856,6.4,100.0,75.0,0.0
CRzWPb9wWr,US,35.0,Men,25.3,4.0,2.230769230769231,4.833333333333333,100.0,25.0,0.0
vGBEbAct4K,DE,39.0,Women,4.0,1.0,2.0,4.0,100.0,25.0,0.0
a41Sf9htWq,DE,41.0,Women,0.0,0.0,1.0,1.0,100.0,25.0,0.0
Q4vxnyGvko,US,29.0,Men,0.0,0.0,3.0,3.0,100.0,25.0,0.0
BlejticgDV,DE,39.0,Men,0.0,0.0,6.75,27.0,100.0,25.0,0.0
9e7voKBIbF,JP,39.0,Women,0.0,0.0,7.333333333333333,22.0,100.0,75.0,0.0
kxJj9yWuuk,DE,36.0,Men,10.0,2.0,5.2,15.6,100.0,100.0,25.0
19eiEa8RhO,DE,36.0,Women,0.0,0.0,1.45,7.25,100.0,0.0,0.0
10WWlEAj3X,GB,39.0,Women,0.0,0.0,3.792452830188679,25.125,100.0,100.0,62.5
zQtjuQ2jUc,US,41.0,Women,0.0,0.0,3.111111111111111,14.0,100.0,75.0,0.0
i0Zk3r8Inb,DE,39.0,Women,0.0,0.0,1.3,4.333333333333333,100.0,75.0,0.0
S34PRgdcJu,GB,39.0,Women,2.8,1.0,11.0,11.0,100.0,50.0,0.0
6G9hj2ZbdL,DE,53.0,Women,0.0,0.0,4.0,4.0,100.0,50.0,0.0
E6H8eQiCIx,US,39.0,Men,0.0,0.0,1.945945945945946,9.0,100.0,100.0,0.0
gIospreDaq,DE,42.0,Men,0.0,0.0,2.0,4.0,100.0,50.0,0.0
g4IRku4yni,DE,41.0,Women,4.0,1.0,3.6666666666666665,11.0,100.0,100.0,0.0
1ZAvmdOtDo,DE,35.0,Men,0.0,0.0,3.7142857142857144,13.0,100.0,100.0,0.0
B3wXbM80SH,DE,39.0,Men,0.0,0.0,2.0,2.0,100.0,50.0,0.0
RV3iCqyEYe,US,38.0,Men,34.8,7.0,1.3333333333333333,3.0,100.0,100.0,0.0
J3Uu9cA77h,DE,31.0,Women,0.0,0.0,2.9,9.666666666666666,100.0,100.0,0.0
XuGZ50V0U0,US,39.0,Women,0.0,0.0,4.0,4.0,100.0,25.0,0.0
t3MQMJLdCa,US,45.0,Men,0.0,0.0,1.0,1.0,100.0,25.0,0.0
2XyKfC1gon,DE,35.0,Women,0.0,0.0,2.0,2.0,50.0,0.0,0.0
xakZI52VIz,GB,50.0,Men,0.0,0.0,2.0,2.0,50.0,0.0,0.0
y3snbDNYAP,JP,39.0,Women,9.0,3.0,5.0,5.0,100.0,50.0,0.0
l5dIkwL416,DE,45.0,Women,0.0,0.0,1.0,1.0,100.0,25.0,0.0
SBv2tdKjfh,US,39.0,Women,0.0,0.0,3.0,3.0,50.0,0.0,0.0
XFXhJnd7jM,DE,39.0,Women,4.0,1.0,1.6666666666666667,5.0,100.0,50.0,0.0
wk9RsvOLSJ,DE,29.0,Women,0.0,0.0,2.0,2.0,100.0,75.0,0.0
adv4VqSJbs,US,40.0,Men,4.0,1.0,4.956521739130435,28.5,100.0,100.0,25.0
4WBCV7NDY1,US,21.0,Men,0.0,0.0,3.0,3.0,100.0,25.0,0.0
NrIXAAzhEo,DE,56.0,Men,0.0,0.0,5.133333333333334,33.0,100.0,25.0,0.0
OWR2MPKFYJ,GB,26.0,Women,0.0,0.0,6.0,6.0,100.0,50.0,0.0
dZELRur4bP,DE,38.0,Women,0.0,0.0,3.5,18.2,100.0,100.0,37.5
KbPvYip0dx,US,32.0,Men,0.0,0.0,3.375,16.2,100.0,25.0,0.0
LwNkVM7t2h,GB,33.0,Men,0.0,0.0,2.0,2.0,100.0,0.0,0.0
qti5Jui6Ga,DE,51.0,Men,4.0,1.0,3.4545454545454546,12.666666666666666,100.0,100.0,25.0
DtgYYOXDSl,GB,42.0,Men,0.0,0.0,1.5,2.0,50.0,0.0,0.0
5fUqnVrwGO,DE,40.0,Men,0.0,0.0,1.5,3.0,100.0,0.0,0.0
Kb2pbaZl6o,US,50.0,Men,0.0,0.0,1.7777777777777777,4.0,100.0,50.0,0.0
jZMb8f93Sg,GB,32.0,Men,0.0,0.0,1.0,1.3333333333333333,100.0,50.0,0.0
W21yvAD9d0,US,39.0,Women,0.0,0.0,3.25,13.0,100.0,50.0,0.0
7f03vM2BNb,DE,43.0,Men,0.0,0.0,2.5,16.428571428571427,100.0,100.0,37.5
CJZo7ECBbV,GB,40.0,Women,0.0,0.0,3.75,18.75,100.0,100.0,0.0
AVDqMcfI7a,DE,39.0,Women,0.0,0.0,2.857142857142857,5.0,100.0,25.0,0.0
DXDHVQVB8h,DE,32.0,Men,0.0,0.0,1.0,2.0,100.0,75.0,0.0
nqVCpPu5gx,GB,47.0,Men,0.0,0.0,1.6428571428571428,5.75,100.0,75.0,0.0
T1SLcI1jDQ,GB,42.0,Women,0.0,0.0,2.0,4.0,100.0,50.0,0.0
tGNPSDmaey,DE,63.0,Women,4.4,1.0,1.05,1.2352941176470589,100.0,75.0,0.0
sMK4X2uTAS,GB,39.0,Men,0.0,0.0,6.0,6.0,100.0,0.0,0.0
J6KEFaPceB,US,42.0,Men,4.0,1.0,3.6,9.0,100.0,75.0,0.0
hmf0T5VDDQ,GB,29.0,Men,0.0,0.0,1.0,1.5,100.0,50.0,0.0
jrx6DNkFH4,GB,25.0,Men,22.400002,6.0,2.5,10.0,100.0,75.0,0.0
TYmWVMvkkY,DE,39.0,Women,0.0,0.0,5.571428571428571,19.5,100.0,100.0,0.0
tWW1id3v1R,GB,61.0,Women,0.0,0.0,3.411764705882353,19.333333333333332,100.0,100.0,25.0
8zm9UoyVIl,US,39.0,Women,0.0,0.0,2.0,2.0,50.0,0.0,0.0
sTqZ5QnCF2,US,26.0,Men,10.0,2.0,1.75,3.5,100.0,25.0,0.0
bqnP5b8Wm3,GB,58.0,Women,0.0,0.0,3.4347826086956523,15.8,100.0,75.0,0.0
fD8l9rja27,GB,26.0,Women,2.8,1.0,5.333333333333333,16.0,100.0,100.0,12.5
v4vgUSYkHW,US,39.0,Women,0.0,0.0,2.388888888888889,10.75,100.0,75.0,0.0
3Gs1n0Dqag,GB,33.0,Men,0.0,0.0,1.2,1.5,100.0,75.0,0.0
2iBYq5vU6A,DE,39.0,Women,0.0,0.0,2.0,2.0,100.0,0.0,0.0
l1L6zwHWh3,GB,38.0,Women,0.0,0.0,3.7,18.5,100.0,100.0,12.5
qBEXzA1w7m,DE,37.0,Men,0.0,0.0,1.75,7.0,100.0,100.0,12.5
eEwezOHpGs,JP,36.0,Women,0.0,0.0,1.36,8.5,100.0,75.0,0.0
z4d7rlV75V,US,39.0,Women,0.0,0.0,4.0,4.0,100.0,50.0,0.0
wRNfaHi55V,US,40.0,Women,0.0,0.0,3.0,3.0,50.0,0.0,0.0
r3W8FklFEU,US,31.0,Women,0.0,0.0,1.0,2.0,100.0,25.0,0.0
Al8Nr5n4pI,DE,38.0,Women,0.0,0.0,1.0,1.0,50.0,0.0,0.0
mhjotBdyuO,US,20.0,Men,0.0,0.0,1.5,3.0,100.0,0.0,0.0
U0mf50x9Lv,US,39.0,Men,0.0,0.0,2.0,2.0,100.0,0.0,0.0
a2cBDzCFe4,GB,39.0,Men,0.0,0.0,8.0,8.0,100.0,50.0,0.0
EBxIgpqxmw,DE,39.0,Women,0.0,0.0,1.0,2.0,100.0,25.0,0.0
RyDbeKsVUU,US,59.0,Women,0.0,0.0,3.5,7.0,100.0,50.0,0.0
9p8t9AQpEb,DE,33.0,Men,0.0,0.0,2.5,5.0,100.0,75.0,0.0
ICE86euFFX,DE,30.0,Men,4.0,1.0,2.9,9.666666666666666,100.0,100.0,0.0
Nz0RBA2Z77,JP,33.0,Women,2.0,1.0,2.0,2.0,100.0,25.0,0.0
eFeF7ElqcT,GB,37.0,Men,0.0,0.0,1.3333333333333333,2.0,100.0,75.0,0.0
YTTrUOciOr,DE,39.0,Women,4.0,1.0,5.0,5.0,100.0,50.0,0.0
dPouW9XItT,US,29.0,Men,0.0,0.0,3.0,6.0,100.0,50.0,0.0
PwrdCKC5za,DE,49.0,Women,26.0,5.0,2.75,5.5,100.0,75.0,0.0
Wf3cYpO0kW,DE,43.0,Women,4.0,1.0,4.032258064516129,20.833333333333332,100.0,100.0,62.5
kSUj9LUB27,US,39.0,Women,0.0,0.0,2.5,2.5,100.0,25.0,0.0
efyNPdDjON,US,49.0,Women,4.0,1.0,2.125,5.666666666666667,100.0,75.0,0.0
AwtTtkpYNF,US,45.0,Men,0.0,0.0,1.5,3.0,100.0,50.0,0.0
iPwhloR4d9,US,55.0,Men,4.0,1.0,3.074074074074074,18.444444444444443,100.0,100.0,37.5
ur8MnAh6OE,DE,39.0,Men,0.0,0.0,2.0,2.0,100.0,50.0,0.0
A41sy24h9r,DE,32.0,Women,0.0,0.0,2.8,7.0,100.0,0.0,0.0
W8EktnDKpW,DE,39.0,Women,0.0,0.0,2.0,4.0,100.0,50.0,0.0
oOcIESa2a3,US,59.0,Women,0.0,0.0,1.4642857142857142,9.11111111111111,100.0,25.0,0.0
0ffo4Vixk3,DE,47.0,Women,0.0,0.0,4.205882352941177,23.833333333333332,100.0,100.0,50.0
CYyqhrNklq,GB,34.0,Women,0.0,0.0,1.0,1.0,100.0,25.0,0.0
q6TRssCdnM,GB,20.0,Men,0.0,0.0,1.25,1.6666666666666667,100.0,50.0,0.0
CAQuw9Fou2,GB,39.0,Men,0.0,0.0,1.0,1.0,50.0,0.0,0.0
gfLzsl1VMi,US,50.0,Women,0.0,0.0,2.0,2.0,100.0,25.0,0.0
LCD1G2o9p9,US,34.0,Women,0.0,0.0,2.25,4.5,100.0,50.0,0.0
mehA8AVBQ1,US,39.0,Men,0.0,0.0,1.3333333333333333,2.0,100.0,25.0,0.0
I29UPXaC2i,US,39.0,Women,0.0,0.0,2.3333333333333335,7.0,100.0,25.0,0.0
QhstPolg8E,DE,39.0,Women,0.0,0.0,3.0,4.5,100.0,100.0,0.0
PQUcK2n2m5,US,38.0,Men,20.0,3.0,1.3333333333333333,1.3333333333333333,50.0,0.0,0.0
7OZ35t7sQL,GB,18.0,Men,0.0,0.0,1.3333333333333333,2.0,50.0,0.0,0.0
0UHr7WF6ir,US,58.0,Men,0.0,0.0,15.75,94.5,100.0,100.0,62.5
5KdW2RcisH,US,39.0,Women,0.0,0.0,3.0,3.0,100.0,25.0,0.0
y70rFdMzjQ,DE,39.0,Men,4.0,1.0,3.3333333333333335,15.0,100.0,100.0,12.5
qV4g3ZvWud,US,39.0,Women,0.0,0.0,1.0,1.0,100.0,25.0,0.0
FjGuYJfZFj,DE,53.0,Men,0.0,0.0,1.5,4.0,100.0,75.0,0.0
qP7G8iR2gq,US,36.0,Men,0.0,0.0,2.0,2.0,100.0,25.0,0.0
PADxTTc7Pf,US,21.0,Men,0.0,0.0,1.0,1.0,50.0,0.0,0.0
pBas0HSewB,US,43.0,Women,0.0,0.0,1.875,2.5,50.0,0.0,0.0
A3LZtRlR3U,GB,39.0,Men,0.0,0.0,1.0,1.0,50.0,0.0,0.0
78VBcwzNlB,DE,39.0,Women,0.0,0.0,2.0,3.0,100.0,50.0,0.0
yzzZDQEQMZ,DE,39.0,Women,0.0,0.0,5.0,5.0,100.0,50.0,0.0
9JU9nyXWo7,US,39.0,Men,0.0,0.0,11.0,33.0,100.0,75.0,0.0
30MqOv8wx3,DE,39.0,Men,0.0,0.0,2.8,7.0,100.0,75.0,0.0
psSMOiFEbt,GB,39.0,Men,2.8,1.0,8.0,8.0,100.0,50.0,0.0
W2m2wVEl7u,DE,33.0,Men,0.0,0.0,1.6666666666666667,5.0,100.0,75.0,0.0
mfRuihY5vB,JP,39.0,Men,0.0,0.0,4.153846153846154,18.0,50.0,0.0,0.0
UoqySdIMLr,GB,39.0,Men,0.0,0.0,8.333333333333334,25.0,100.0,50.0,0.0
rYuT3l2DpE,US,45.0,Women,0.0,0.0,2.2,11.0,100.0,100.0,50.0
iFgcTKG6lf,DE,33.0,Women,0.0,0.0,6.5,26.0,100.0,100.0,0.0
lqrzw8cIfc,GB,53.0,Women,2.8,1.0,3.75,7.5,100.0,75.0,0.0
WewzEacSNE,DE,32.0,Men,0.0,0.0,1.75,2.3333333333333335,100.0,75.0,0.0
jWhlCK4WoN,DE,54.0,Men,0.0,0.0,1.0,1.0,100.0,0.0,0.0
4WGNEMpBOC,DE,46.0,Men,0.0,0.0,1.75,3.5,100.0,25.0,0.0
za6l1DmeOp,US,39.0,Men,0.0,0.0,1.0,1.0,50.0,0.0,0.0
fPyUDdAhLP,US,39.0,Men,0.0,0.0,3.0,16.8,100.0,100.0,50.0
6KnuiAVhg9,US,55.0,Women,20.0,3.0,2.642857142857143,14.8,100.0,100.0,25.0
4SOjVAhs6h,US,40.0,Women,0.0,0.0,1.0,1.0,100.0,25.0,0.0
nRl6nABTuk,DE,39.0,Women,0.0,0.0,1.0,1.0,50.0,0.0,0.0
02MTMGmnOL,US,30.0,Men,0.0,0.0,1.5,1.5,100.0,25.0,0.0
Ng2PDDSEBE,US,39.0,Men,0.0,0.0,4.0,4.0,100.0,25.0,0.0
TlIQtDD4sc,DE,39.0,Men,0.0,0.0,1.0,2.0,100.0,75.0,0.0
mEmLgjlgAO,DE,35.0,Women,20.0,3.0,1.0,1.0,100.0,0.0,0.0
BYFo89t6L0,US,39.0,Women,0.0,0.0,1.0,1.0,100.0,25.0,0.0
mpjcAKrepz,DE,41.0,Women,0.0,0.0,3.0,3.0,100.0,50.0,0.0
CadnYGvQnV,US,39.0,Women,0.0,0.0,3.4,6.8,100.0,100.0,0.0
yQtHv2Gmzs,US,42.0,Women,0.0,0.0,2.5,2.5,100.0,25.0,0.0
PhAejZzfOd,DE,39.0,Women,0.0,0.0,1.0,1.0,100.0,0.0,0.0
GaMykFmOfD,US,36.0,Men,0.0,0.0,1.3333333333333333,4.0,100.0,50.0,0.0
zCzPX5IOgr,US,47.0,Women,22.0,3.0,2.782608695652174,12.8,100.0,100.0,12.5
RGZ7PNDQaO,US,39.0,Men,0.0,0.0,3.0,3.0,100.0,0.0,0.0
OFH2R9t9Qg,US,39.0,Men,4.0,1.0,2.0,2.0,100.0,25.0,0.0
ZuW93548oC,GB,39.0,Women,0.0,0.0,2.0,2.0,100.0,0.0,0.0
WTssgfIR7N,DE,39.0,Men,23.0,4.0,2.625,10.5,100.0,100.0,12.5
LW0alGwH02,GB,46.0,Men,2.8,1.0,1.25,5.0,100.0,50.0,0.0
JNgIZngNNo,DE,56.0,Men,0.0,0.0,8.6,43.0,100.0,100.0,0.0
aF5udc3xQr,GB,24.0,Women,0.0,0.0,1.0,1.0,50.0,0.0,0.0
JvjwG2phZS,DE,99.0,Men,0.0,0.0,1.5,1.5,100.0,25.0,0.0
bGyrxpURnU,US,37.0,Men,10.0,2.0,1.375,2.2,100.0,50.0,0.0
gx38zb5zxy,DE,44.0,Men,31.9,6.0,6.826086956521739,26.166666666666668,100.0,25.0,0.0
KdUw4FMqpN,US,46.0,Men,0.0,0.0,1.0,1.0,100.0,0.0,0.0
oXBxHK5X6L,DE,36.0,Men,4.0,1.0,3.1666666666666665,11.4,100.0,100.0,12.5
cpSOWVyp8M,US,42.0,Women,0.0,0.0,4.142857142857143,19.333333333333332,100.0,100.0,25.0
pplfYtO3BZ,GB,47.0,Men,14.0,3.0,2.142857142857143,11.25,100.0,25.0,0.0
Vs5Hma3lx7,US,34.0,Men,4.0,1.0,1.3333333333333333,2.0,100.0,25.0,0.0
5nc3fdSZdR,US,43.0,Men,0.0,0.0,1.0,2.0,100.0,50.0,0.0
7caALDMaox,US,28.0,Women,0.0,0.0,2.75,3.6666666666666665,100.0,25.0,0.0
SOiOL7kHnw,GB,42.0,Men,0.0,0.0,2.8421052631578947,13.5,100.0,100.0,37.5
Lt81qAkmLa,GB,45.0,Women,22.4,6.0,1.9615384615384615,8.5,100.0,100.0,37.5
RzcFXtUjXq,GB,39.0,Men,7.0,2.0,1.8,9.0,100.0,100.0,0.0
z5zkQOMpUv,DE,35.0,Men,0.0,0.0,3.0,3.0,50.0,0.0,0.0
5VKFjfcqMw,DE,39.0,Women,0.0,0.0,6.142857142857143,14.333333333333334,100.0,100.0,12.5
Hf6QMzjQDV,JP,43.0,Women,5.0,2.0,2.0,2.0,100.0,25.0,0.0
uyYIwl3DAI,US,24.0,Women,35.0,8.0,1.2941176470588236,3.6666666666666665,100.0,100.0,0.0
baPJPJYtES,DE,38.0,Men,0.0,0.0,1.0,1.0,50.0,0.0,0.0
UWYOvPJuF5,US,45.0,Women,0.0,0.0,2.0,5.0,100.0,50.0,0.0
3WOKe5tjE1,GB,40.0,Women,2.8,1.0,3.04,12.666666666666666,100.0,100.0,12.5
sFTvNNRexM,GB,29.0,Women,0.0,0.0,2.875,7.666666666666667,100.0,100.0,0.0
rgIky1F2m4,US,46.0,Women,0.0,0.0,11.0,22.0,100.0,50.0,0.0
qlmKQZRLBp,GB,39.0,Men,7.0,2.0,2.6666666666666665,8.0,100.0,100.0,0.0
4PmzMJWVOU,GB,39.0,Women,0.0,0.0,2.090909090909091,9.857142857142858,100.0,100.0,50.0
OVPGRauqod,DE,20.0,Men,0.0,0.0,1.1875,4.75,50.0,0.0,0.0
AhLkq7hKH8,JP,26.0,Women,0.0,0.0,4.454545454545454,24.5,100.0,100.0,37.5
mpttIse60m,GB,41.0,Men,2.8,1.0,1.9,4.75,100.0,0.0,0.0
9B9IiwfE5r,US,41.0,Men,4.0,1.0,2.1666666666666665,8.125,100.0,50.0,0.0
UA7DPSlNi2,US,53.0,Men,0.0,0.0,3.0,14.0,100.0,100.0,0.0
E2J0cBGt4i,US,41.0,Men,4.0,1.0,3.0,18.0,100.0,100.0,0.0
r4BCWTzddX,DE,25.0,Women,0.0,0.0,2.0,2.0,100.0,50.0,0.0
orpsWl5oMK,GB,33.0,Men,0.0,0.0,3.4782608695652173,16.0,100.0,100.0,37.5
BzVSsYGQNS,GB,55.0,Men,0.0,0.0,2.5555555555555554,11.5,100.0,100.0,25.0
HMy9CcgUvV,DE,49.0,Women,0.0,0.0,1.5,3.0,100.0,100.0,0.0
zrPlUGYZBl,GB,39.0,Men,0.0,0.0,2.0,2.0,50.0,0.0,0.0
KbJ5CcTMpI,US,39.0,Women,0.0,0.0,1.0,1.6666666666666667,100.0,50.0,0.0
u3GCGzUS4W,DE,39.0,Men,0.0,0.0,1.0,2.0,100.0,25.0,0.0
tl5mc9xOEx,US,42.0,Men,0.0,0.0,13.0,13.0,100.0,25.0,0.0
ubksFx497N,GB,24.0,Women,0.0,0.0,2.0,2.0,100.0,25.0,0.0
KXgbJVuXKC,DE,36.0,Women,0.0,0.0,5.205128205128205,29.0,100.0,100.0,62.5
1yOql9lv8g,US,46.0,Women,0.0,0.0,1.0,2.0,100.0,50.0,0.0
ArQNiYSaco,GB,54.0,Women,0.0,0.0,1.0,2.0,100.0,50.0,0.0
aNqrYfM8Bw,DE,40.0,Men,0.0,0.0,3.230769230769231,14.0,100.0,100.0,12.5
feRBNTnUsa,US,39.0,Women,0.0,0.0,1.6666666666666667,2.5,100.0,50.0,0.0
dSZWKsrBqn,DE,36.0,Women,0.0,0.0,3.0,3.0,100.0,100.0,12.5
WPqJ5DQkhP,GB,34.0,Men,0.0,0.0,2.25,6.0,100.0,100.0,0.0
JcWlE75Vmi,DE,19.0,Women,0.0,0.0,2.0,4.0,100.0,25.0,0.0
VwrpNChNOp,US,44.0,Men,0.0,0.0,2.0,2.0,100.0,0.0,0.0
Ki5Fc67McV,US,39.0,Men,0.0,0.0,1.0,1.0,100.0,50.0,0.0
OXAJ9099O5,US,50.0,Men,0.0,0.0,2.0,2.0,100.0,25.0,0.0
QdCUEyBos9,DE,35.0,Men,0.0,0.0,2.5,5.0,100.0,100.0,12.5
JDVOqnppid,DE,41.0,Women,10.0,2.0,3.7586206896551726,15.571428571428571,100.0,100.0,25.0
WOpeqgxyf1,DE,39.0,Men,0.0,0.0,2.0,2.0,100.0,25.0,0.0
z6dsuTGImj,US,40.0,Men,0.0,0.0,5.0,5.0,100.0,25.0,0.0
1wCSwJjOvV,US,39.0,Men,0.0,0.0,1.0,1.0,50.0,0.0,0.0
Rzg6kRYtso,GB,21.0,Women,0.0,0.0,2.6363636363636362,11.6,100.0,100.0,12.5
Z5UFhBAhS7,US,33.0,Men,0.0,0.0,1.0,1.0,100.0,25.0,0.0
WLWEbwiDQw,GB,39.0,Women,0.0,0.0,1.0,1.0,50.0,0.0,0.0
MehMnXNEI5,DE,29.0,Men,0.0,0.0,3.5,10.5,100.0,100.0,0.0
irDgH5K7QM,US,48.0,Men,4.0,1.0,1.3,3.25,100.0,0.0,0.0
uLcZtcsyh6,DE,40.0,Men,4.0,1.0,2.0,2.0,50.0,0.0,0.0
Nt4yNLteie,US,39.0,Women,0.0,0.0,2.25,4.5,100.0,75.0,0.0
JTBJqJH0S7,JP,31.0,Men,2.0,1.0,3.2666666666666666,16.333333333333332,100.0,100.0,0.0
XkWM3p0VA3,GB,35.0,Men,3.08,1.0,2.2,5.5,100.0,50.0,0.0
LjMaq9IpCx,GB,51.0,Women,0.0,0.0,1.0,1.0,100.0,0.0,0.0
lbMDvu0aSI,GB,39.0,Women,0.0,0.0,1.1666666666666667,3.5,100.0,75.0,0.0
ouOanZj8Ut,JP,26.0,Women,3.5,2.0,3.6956521739130435,21.25,100.0,100.0,12.5
8sTqQxUtOk,GB,42.0,Men,0.0,0.0,1.0,2.0,100.0,50.0,0.0
tIFYo43wDD,DE,45.0,Women,0.0,0.0,1.5,3.0,100.0,50.0,0.0
4W1wke4Rzi,DE,39.0,Men,0.0,0.0,1.0,1.0,100.0,0.0,0.0
ZdIWIMhqYP,US,50.0,Women,0.0,0.0,1.3333333333333333,4.0,100.0,25.0,0.0
FRkMJbj9lo,US,38.0,Men,20.0,3.0,3.260869565217391,18.75,100.0,100.0,12.5
WIbzZtmBgK,DE,46.0,Women,0.0,0.0,1.5,3.0,100.0,0.0,0.0
eCKNtet5hh,GB,28.0,Women,2.8,1.0,6.75,20.25,100.0,100.0,12.5
683r2BK2E0,US,36.0,Women,0.0,0.0,1.2,1.5,100.0,75.0,0.0
yLOsfbXwym,US,37.0,Men,0.0,0.0,3.142857142857143,11.0,100.0,100.0,0.0
X7jp7mIuo5,DE,36.0,Men,0.0,0.0,2.25,9.0,50.0,0.0,0.0
u3RhMaNS1e,GB,44.0,Women,0.0,0.0,3.0,3.0,100.0,50.0,0.0
1mUi22JYh1,DE,40.0,Men,0.0,0.0,2.0,2.0,50.0,0.0,0.0
a5HNHHzrfk,DE,32.0,Men,26.0,5.0,4.111111111111111,18.5,100.0,100.0,37.5
gTigHfQjKc,DE,39.0,Women,0.0,0.0,3.5,14.0,50.0,0.0,0.0
DwsrgRftoK,DE,39.0,Women,0.0,0.0,1.5,3.0,100.0,25.0,0.0
GGN9DaQZVm,US,39.0,Women,4.0,1.0,10.625,42.5,100.0,100.0,12.5
VHxv0sbaVZ,DE,33.0,Women,20.0,3.0,7.625,30.5,100.0,100.0,0.0
sxGZLGOHYA,GB,60.0,Men,0.0,0.0,1.0,1.0,100.0,25.0,0.0
Jk9qMjDIGt,DE,40.0,Women,0.0,0.0,6.071428571428571,34.0,100.0,100.0,50.0
UzEcI85Eb9,DE,44.0,Women,0.0,0.0,1.0,1.0,50.0,0.0,0.0
pnpDdq7Bf6,GB,53.0,Men,0.0,0.0,1.0,1.0,100.0,0.0,0.0
SkQjleIXSQ,US,68.0,Women,29.0,6.0,3.1,8.857142857142858,100.0,100.0,12.5
nRRAhr68zs,US,39.0,Women,20.0,3.0,2.25,3.0,100.0,25.0,0.0
BdiPSHAwQO,DE,39.0,Women,0.0,0.0,4.0,4.0,50.0,0.0,0.0
bBk3RbR9sw,US,39.0,Women,0.0,0.0,1.5,3.0,100.0,25.0,0.0
j70M9iRVeJ,DE,39.0,Women,0.0,0.0,6.631578947368421,25.2,100.0,100.0,12.5
rUGc5OEvUY,DE,39.0,Women,26.0,5.0,9.333333333333334,28.0,100.0,100.0,0.0
BoxJ1XYb3h,DE,28.0,Men,0.0,0.0,2.3333333333333335,9.8,100.0,100.0,12.5
aEErojpXgz,US,43.0,Men,0.0,0.0,1.0,1.0,50.0,0.0,0.0
hggUUVHbPB,GB,35.0,Women,0.0,0.0,2.0,2.0,100.0,50.0,0.0
XxyeFc4tNh,GB,42.0,Women,0.0,0.0,1.4,3.5,100.0,50.0,0.0
JCBQRtw0OB,US,30.0,Women,0.0,0.0,3.0,3.0,50.0,0.0,0.0
8uFSernqK7,US,19.0,Women,4.0,1.0,1.0,1.0,100.0,0.0,0.0
3hPRo8l4gJ,JP,20.0,Women,0.0,0.0,1.0,1.0,100.0,0.0,0.0
FqcifUOJfX,DE,42.0,Women,4.0,1.0,1.6875,6.75,100.0,100.0,12.5
xXGmreWtRG,DE,39.0,Men,0.0,0.0,1.0,1.0,50.0,0.0,0.0
3kox6Ka35d,GB,31.0,Women,0.0,0.0,2.8333333333333335,5.666666666666667,50.0,0.0,0.0
hHsk9jpLvh,GB,44.0,Men,0.0,0.0,1.0,2.0,100.0,50.0,0.0
iAHOGi0Xoa,DE,39.0,Women,0.0,0.0,1.0,2.0,100.0,0.0,0.0
2uTKz52ane,DE,46.0,Men,0.0,0.0,3.111111111111111,14.0,100.0,100.0,12.5
KeCCtQAyNA,DE,39.0,Women,0.0,0.0,3.0,3.0,100.0,50.0,0.0
NtTHhh2hDy,DE,37.0,Men,0.0,0.0,2.7333333333333334,13.666666666666666,100.0,100.0,12.5
u7lwgCAKWC,GB,35.0,Men,0.0,0.0,3.2142857142857144,15.0,100.0,100.0,0.0
SX6btSMJsQ,US,39.0,Women,0.0,0.0,1.0,1.0,100.0,0.0,0.0
lFiMdAdxmf,US,35.0,Women,0.0,0.0,16.0,16.0,100.0,50.0,0.0
e8UiVyiwut,DE,51.0,Men,23.0,4.0,1.125,4.5,100.0,100.0,0.0
aCTyZWEW7k,DE,39.0,Men,0.0,0.0,3.875,6.2,100.0,100.0,0.0
IKl2lOzvNe,DE,36.0,Women,0.0,0.0,1.0,1.0,50.0,0.0,0.0
sIYbuNtsDe,US,31.0,Men,4.0,1.0,1.6363636363636365,4.5,100.0,50.0,0.0
I6qHczWvQo,GB,39.0,Men,0.0,0.0,1.0,1.0,100.0,75.0,0.0
h1Z9yshgk4,US,39.0,Women,0.0,0.0,2.5,2.5,50.0,0.0,0.0
Zz6YNzEaPQ,GB,41.0,Men,0.0,0.0,6.8936170212765955,46.285714285714285,100.0,100.0,62.5
JfxZK3zVmU,US,38.0,Men,0.0,0.0,2.3,11.5,100.0,75.0,0.0
MnwWRtb4iV,DE,42.0,Women,0.0,0.0,2.6666666666666665,10.0,100.0,100.0,0.0
fwyAfXex5S,US,64.0,Men,0.0,0.0,1.75,3.5,100.0,50.0,0.0
1r1Cb3BeA0,DE,35.0,Women,20.0,3.0,4.75,9.5,100.0,75.0,0.0
xd5KrItLMm,US,29.0,Women,0.0,0.0,1.1666666666666667,2.3333333333333335,100.0,25.0,0.0
e7jBf1ZT7X,DE,26.0,Women,0.0,0.0,4.0,4.0,100.0,50.0,0.0
km7yPRYUcH,GB,37.0,Women,0.0,0.0,12.4,41.333333333333336,100.0,100.0,0.0
G4CE5Mdtvr,DE,87.0,Men,0.0,0.0,1.9333333333333333,9.666666666666666,100.0,100.0,37.5
pSG1iIOm46,GB,21.0,Men,0.0,0.0,6.0,6.0,50.0,0.0,0.0
6bMQwzQ4rx,US,29.0,Women,0.0,0.0,1.0,1.0,100.0,0.0,0.0
7GaOdRP9Qy,DE,39.0,Men,0.0,0.0,3.0,3.0,50.0,0.0,0.0
EmeHpFGYew,US,39.0,Men,0.0,0.0,4.0,4.0,100.0,25.0,0.0
izKmRfkyiS,GB,38.0,Men,0.0,0.0,2.9166666666666665,11.666666666666666,100.0,100.0,0.0
fjQb7wY8yK,US,40.0,Women,4.0,1.0,3.0,7.5,100.0,50.0,0.0
9tSlO6w3MI,DE,42.0,Women,0.0,0.0,3.0,3.0,100.0,75.0,0.0
YSwAfCMyi8,DE,30.0,Men,0.0,0.0,1.6666666666666667,5.0,100.0,50.0,0.0
n0IhF74yay,US,56.0,Women,0.0,0.0,1.0,2.0,100.0,25.0,0.0
vJIZvQM67t,US,39.0,Women,20.0,3.0,3.923076923076923,17.0,100.0,75.0,0.0
aaSQ4ioFob,GB,37.0,Women,0.0,0.0,2.2222222222222223,5.0,100.0,75.0,0.0
ZQneQGEigJ,US,43.0,Men,41.799995,9.0,2.9,14.5,100.0,100.0,12.5
F8AYvUfvES,DE,46.0,Men,4.0,1.0,2.625,10.5,100.0,100.0,0.0
qjBzmmLvcT,GB,39.0,Men,2.8,1.0,2.8620689655172415,16.6,100.0,100.0,12.5
172BZLpiFP,DE,39.0,Women,0.0,0.0,1.0,1.0,100.0,25.0,0.0
lgjLnJmro8,GB,52.0,Men,2.8,1.0,7.608695652173913,43.75,100.0,100.0,12.5
xbDbnQhKVF,US,25.0,Women,0.0,0.0,2.0,2.0,100.0,25.0,0.0
p05g05wdP8,GB,51.0,Men,0.0,0.0,9.0,9.0,100.0,75.0,0.0
GFQDjHuoUJ,US,40.0,Women,0.0,0.0,1.2,2.0,100.0,25.0,0.0
HbaqxdRR1Q,GB,37.0,Women,0.0,0.0,1.5,1.5,50.0,0.0,0.0
9nCUDpWVBm,US,39.0,Women,0.0,0.0,1.0,1.0,50.0,0.0,0.0
8ABBiiW1lo,US,51.0,Men,4.4,1.0,2.0,3.0,100.0,25.0,0.0
XWhgE6qVwp,US,32.0,Women,0.0,0.0,2.0,2.0,50.0,0.0,0.0
6csdiPHtjU,DE,25.0,Men,4.0,1.0,3.5,3.5,100.0,75.0,0.0
UsWaRFT0Fb,DE,39.0,Men,0.0,0.0,2.5,5.0,100.0,25.0,0.0
xPydxiDqno,DE,45.0,Women,0.0,0.0,2.5,2.5,100.0,50.0,0.0
PzdoTH9mk3,DE,44.0,Women,50.0,13.0,1.5,1.5,100.0,100.0,12.5
dPd2iNw5jS,GB,38.0,Men,0.0,0.0,2.5833333333333335,15.5,100.0,50.0,0.0
wW5obgzRX8,DE,44.0,Women,23.0,4.0,10.375,41.5,100.0,100.0,12.5
LVnmI4aASm,US,19.0,Men,0.0,0.0,1.5,3.0,100.0,25.0,0.0
gPbzTz5b6Z,GB,39.0,Women,2.8,1.0,3.0,9.5,100.0,100.0,0.0
EU11W0AoaG,DE,49.0,Women,0.0,0.0,1.75,5.6,100.0,100.0,12.5
dkpCpn9BRX,DE,43.0,Women,0.0,0.0,3.75,7.5,100.0,100.0,0.0
aRSIoHiCiq,US,58.0,Women,10.0,2.0,4.354838709677419,19.285714285714285,100.0,100.0,25.0
luf6WlG8xC,GB,37.0,Men,0.0,0.0,1.3333333333333333,4.0,100.0,50.0,0.0
fTdn9Bvc2H,US,30.0,Women,0.0,0.0,2.0,2.0,50.0,0.0,0.0
5upof1xd0t,GB,55.0,Men,0.0,0.0,3.3823529411764706,19.166666666666668,100.0,100.0,37.5
E7h3e3jSoZ,US,36.0,Men,0.0,0.0,1.0,2.0,100.0,25.0,0.0
SeBXV3aHo4,GB,42.0,Men,0.0,0.0,2.0,2.0,100.0,50.0,0.0
YNYPT3tQ1p,US,32.0,Women,0.0,0.0,3.75,5.0,100.0,50.0,0.0
vpLScXOM37,DE,39.0,Men,0.0,0.0,1.0,1.0,100.0,75.0,0.0
ZXBdLtA3Ec,GB,29.0,Women,2.8,1.0,2.2,6.6,100.0,100.0,0.0
8rtDyJBtU1,US,42.0,Women,0.0,0.0,10.0,10.0,100.0,50.0,0.0
O2nMF5QSoe,GB,46.0,Women,0.0,0.0,1.0,1.0,50.0,0.0,0.0
nWNDYRBwzV,DE,63.0,Men,0.0,0.0,1.25,2.5,100.0,0.0,0.0
YAzoBVQpPe,US,46.0,Men,0.0,0.0,2.0,2.0,100.0,25.0,0.0
AkZsyl9gI9,GB,27.0,Men,0.0,0.0,2.3,5.75,100.0,100.0,0.0
SnRdq6qlln,US,42.0,Men,0.0,0.0,1.0,1.0,50.0,0.0,0.0
QPbbhKMR8J,DE,25.0,Men,0.0,0.0,2.5555555555555554,11.5,100.0,100.0,0.0
YUOy8gY4JD,DE,37.0,Women,4.0,1.0,4.153846153846154,13.5,100.0,100.0,12.5
YYeC0ZBW9F,US,45.0,Men,23.0,4.0,3.25,6.5,100.0,0.0,0.0
wK2J11KWCa,US,39.0,Men,0.0,0.0,4.4,11.0,100.0,50.0,0.0
SKlm48797i,DE,39.0,Men,0.0,0.0,1.8333333333333333,5.5,50.0,0.0,0.0
OMMN8KHQ3p,US,39.0,Women,0.0,0.0,2.0,2.0,100.0,25.0,0.0
0AHy9w3Eea,US,38.0,Women,0.0,0.0,3.5714285714285716,12.5,100.0,75.0,0.0
OFnEjDCwf2,US,31.0,Men,0.0,0.0,2.642857142857143,9.25,100.0,50.0,0.0
ltbtpThMjT,GB,39.0,Women,0.0,0.0,1.5,3.0,100.0,25.0,0.0
umg7mI9KAt,DE,30.0,Men,4.0,1.0,4.178571428571429,19.5,100.0,100.0,25.0
ku5lN61tdM,DE,36.0,Women,0.0,0.0,2.3636363636363638,13.0,100.0,100.0,12.5
QA1hLxPott,DE,41.0,Women,0.0,0.0,1.0,2.0,50.0,0.0,0.0
2ST6ftcbnl,JP,55.0,Women,0.0,0.0,1.0,1.0,100.0,25.0,0.0
3qFv1bwATh,GB,39.0,Women,0.0,0.0,2.6666666666666665,5.333333333333333,100.0,75.0,0.0
xCbEowbmVx,DE,39.0,Men,0.0,0.0,2.0,2.0,50.0,0.0,0.0
SeNejkyY5Y,GB,46.0,Women,0.0,0.0,2.142857142857143,7.5,100.0,75.0,0.0
zH0AeLKZQ3,DE,39.0,Men,0.0,0.0,1.5,3.0,100.0,25.0,0.0
PQvMoAA4g0,US,62.0,Women,0.0,0.0,1.75,3.5,50.0,0.0,0.0
CVgUMJeD0C,GB,49.0,Men,0.0,0.0,1.75,7.0,100.0,100.0,0.0
H3Qs9Y7jfx,DE,35.0,Women,0.0,0.0,1.5,3.0,50.0,0.0,0.0
eSYXMETmQP,DE,47.0,Women,0.0,0.0,1.625,4.333333333333333,100.0,25.0,0.0
b2n5JAm8Gw,JP,18.0,Men,0.0,0.0,6.333333333333333,19.0,100.0,50.0,0.0
v9sEN9SrZc,DE,40.0,Men,0.0,0.0,2.0,4.666666666666667,100.0,75.0,0.0
GdoMebpsw9,GB,53.0,Women,7.0,2.0,1.894736842105263,12.0,100.0,100.0,0.0
x0gh4oqpe4,DE,40.0,Women,0.0,0.0,2.8333333333333335,8.5,100.0,100.0,0.0
JJnufIKjYS,DE,47.0,Men,4.0,1.0,3.769230769230769,24.5,100.0,100.0,25.0
kX6n6eqhkf,GB,47.0,Women,0.0,0.0,2.0,2.0,50.0,0.0,0.0
80AHiGtbcy,US,39.0,Women,4.0,1.0,2.5,7.5,100.0,50.0,0.0
dWBfl2ZyHR,GB,32.0,Women,0.0,0.0,2.0,2.0,100.0,0.0,0.0
WEesd8j89o,DE,39.0,Men,0.0,0.0,2.7,9.0,100.0,100.0,37.5
AMPyOWL2Wt,DE,41.0,Men,4.0,1.0,2.823529411764706,9.6,100.0,100.0,25.0
pg1L8iEe24,GB,18.0,Women,2.8,1.0,3.0,7.0,100.0,100.0,0.0
3NLmSq4oFN,GB,27.0,Women,2.8,1.0,1.0,1.0,100.0,50.0,0.0
fOn38ZbP0f,DE,38.0,Women,0.0,0.0,5.333333333333333,24.0,100.0,0.0,0.0
MDn19RThC9,GB,39.0,Women,0.0,0.0,2.8181818181818183,7.75,100.0,100.0,0.0
e5PU0Uilw1,DE,27.0,Men,0.0,0.0,1.8235294117647058,7.75,100.0,100.0,12.5
rcnf2amspT,DE,39.0,Women,0.0,0.0,2.0,2.0,100.0,0.0,0.0
XgmXivkeGp,US,55.0,Men,0.0,0.0,1.0,2.0,100.0,25.0,0.0
IIqpHx7NoF,US,50.0,Men,0.0,0.0,7.0,7.0,100.0,25.0,0.0
hIXZh0m6Bk,US,27.0,Women,4.4,1.0,5.0,17.5,100.0,50.0,0.0
3mkME0h6Hn,US,45.0,Women,0.0,0.0,1.0,1.0,100.0,0.0,0.0
4EJIpGYq3A,DE,22.0,Women,0.0,0.0,7.0,7.0,100.0,75.0,0.0
OZg0Cv8yhV,DE,30.0,Women,0.0,0.0,5.666666666666667,17.0,100.0,25.0,0.0
0yndEhVNUH,DE,37.0,Men,4.0,1.0,9.272727272727273,34.0,100.0,100.0,12.5
Aclr2QeHCE,US,39.0,Women,0.0,0.0,1.0,1.0,50.0,0.0,0.0
WEr0gbLDpo,JP,18.0,Women,1.4,1.0,3.6666666666666665,11.0,100.0,25.0,0.0
CW3OZv3gYO,US,21.0,Women,0.0,0.0,2.0,2.0,50.0,0.0,0.0
rdmzCHS7G7,US,39.0,Men,0.0,0.0,2.0,2.0,50.0,0.0,0.0
KWo7BrBWuH,GB,62.0,Women,0.0,0.0,2.25,9.0,100.0,100.0,0.0
4NJCOlQ0py,DE,34.0,Men,0.0,0.0,3.769230769230769,16.333333333333332,100.0,100.0,12.5
vjLHswQ3zc,DE,61.0,Men,0.0,0.0,1.0,1.0,100.0,50.0,0.0
8lY2jCTj3S,GB,32.0,Men,0.0,0.0,2.0,6.5,100.0,100.0,0.0
fspk5BmEyW,US,24.0,Women,0.0,0.0,1.0,1.0,50.0,0.0,0.0
mJuuoRwVcL,US,35.0,Women,0.0,0.0,1.0,1.0,100.0,0.0,0.0
IgIMcUO9t8,DE,31.0,Women,0.0,0.0,4.5,9.0,100.0,75.0,0.0
7H21zp8Ito,US,39.0,Men,0.0,0.0,1.0,2.0,100.0,50.0,0.0
icXiS3j7iF,GB,42.0,Men,15.4,3.0,2.1818181818181817,6.0,100.0,100.0,0.0
NvURReIWMg,US,47.0,Women,4.0,1.0,2.5555555555555554,11.5,100.0,100.0,0.0
8BIwR4yqsR,GB,39.0,Women,2.8,1.0,2.0,2.0,100.0,75.0,0.0
wOZoP0TOOy,GB,46.0,Men,7.0,2.0,4.333333333333333,19.5,100.0,100.0,0.0
pq44dQs7m7,JP,18.0,Women,0.0,0.0,13.285714285714286,93.0,100.0,100.0,37.5
Hb9sooIjCU,DE,39.0,Men,0.0,0.0,3.0,3.0,100.0,50.0,0.0
foxUcByLuS,GB,43.0,Men,16.8,4.0,5.288461538461538,34.375,100.0,100.0,62.5
aKNPU7oM3Z,US,40.0,Women,0.0,0.0,1.0,1.0,50.0,0.0,0.0
G1iaPjkN4F,DE,39.0,Women,0.0,0.0,1.0,1.0,100.0,0.0,0.0
Ifa8j8SZ3o,US,37.0,Women,0.0,0.0,1.5,2.0,100.0,50.0,0.0
rQr3fJS5Ew,US,39.0,Men,0.0,0.0,3.6,9.0,100.0,50.0,0.0
P6YDiYJ0Vm,GB,37.0,Men,0.0,0.0,1.5,3.0,100.0,50.0,0.0
d5ndxo7WPz,GB,26.0,Women,0.0,0.0,2.689655172413793,13.0,100.0,75.0,0.0
CDsPhtAhbq,US,36.0,Women,4.4,1.0,8.0,8.0,100.0,50.0,0.0
UYw1oB0Pxc,GB,39.0,Men,0.0,0.0,1.0,1.3333333333333333,50.0,0.0,0.0
Z62yN5uew5,GB,41.0,Men,0.0,0.0,4.8,12.0,100.0,75.0,0.0
w4x8amV7pC,US,36.0,Women,4.0,1.0,2.769230769230769,12.0,100.0,100.0,0.0
Geqpbnisgi,DE,27.0,Men,0.0,0.0,1.6111111111111112,5.8,100.0,100.0,0.0
VFtMesV3yM,DE,39.0,Men,0.0,0.0,1.75,7.0,100.0,100.0,0.0
whOBmpXAub,DE,31.0,Women,0.0,0.0,6.615384615384615,34.4,100.0,100.0,50.0
qc0dcrgPKG,DE,34.0,Women,0.0,0.0,4.0,4.0,100.0,50.0,0.0
DJ84CV8AyU,DE,40.0,Men,0.0,0.0,1.0,2.0,100.0,50.0,0.0
RvTTEWOEnv,US,39.0,Men,0.0,0.0,4.186046511627907,25.714285714285715,100.0,100.0,25.0
sZ0e6Isvq6,GB,39.0,Men,0.0,0.0,1.8,4.5,100.0,0.0,0.0
tjKNEJnjs2,GB,30.0,Women,0.0,0.0,3.4,8.5,100.0,100.0,0.0
M3JHtnmTkW,DE,34.0,Women,0.0,0.0,2.2857142857142856,14.0,100.0,100.0,50.0
H79880tI5Y,DE,39.0,Women,0.0,0.0,1.0,1.0,100.0,0.0,0.0
jJDUUupCGu,US,39.0,Women,0.0,0.0,1.6,4.0,100.0,25.0,0.0
XYwp4vSXtc,DE,38.0,Women,0.0,0.0,2.25,4.5,100.0,75.0,0.0
7mCSa0Z40g,GB,39.0,Men,0.0,0.0,1.0,1.0,100.0,50.0,0.0
kWhRFMzyyV,US,37.0,Men,0.0,0.0,1.0,1.0,50.0,0.0,0.0
sn6PmLABu6,GB,27.0,Women,0.0,0.0,14.0,14.0,100.0,50.0,0.0
OVPKZCxUHy,DE,44.0,Men,10.0,2.0,5.181818181818182,32.57142857142857,100.0,100.0,75.0
nnKFgolNLt,US,51.0,Women,4.0,1.0,2.0,6.666666666666667,100.0,75.0,0.0
pkPKTocxA0,DE,39.0,Men,0.0,0.0,4.161290322580645,21.5,100.0,100.0,37.5
6aEUJvd7y3,JP,46.0,Women,6.2999997,3.0,2.8,14.0,100.0,100.0,50.0
JmtbKzDW5a,DE,38.0,Men,0.0,0.0,1.6666666666666667,5.0,100.0,75.0,0.0
N2yOPQ03t6,GB,39.0,Women,0.0,0.0,4.0,16.0,100.0,75.0,0.0
nBLGnVaTOf,DE,34.0,Women,0.0,0.0,1.0,1.0,50.0,0.0,0.0
uLoLjMRDfF,GB,58.0,Men,0.0,0.0,3.742424242424242,19.0,50.0,0.0,0.0
Juv6huiaiS,US,39.0,Men,0.0,0.0,2.0,2.0,100.0,25.0,0.0
sPvQR9UdI0,US,64.0,Men,0.0,0.0,1.0,1.0,50.0,0.0,0.0
dUVdPr1Idq,DE,49.0,Men,0.0,0.0,2.0,2.0,100.0,50.0,0.0
Zl29gdGSd9,US,36.0,Men,23.0,4.0,3.0,4.5,100.0,25.0,0.0
7GTj3xV2CE,US,43.0,Men,4.0,1.0,1.3333333333333333,1.3333333333333333,100.0,25.0,0.0
v9I8b12doe,JP,39.0,Men,0.0,0.0,1.1818181818181819,6.5,100.0,75.0,0.0
BFYgvHuFK2,JP,39.0,Women,0.0,0.0,4.125,22.0,100.0,100.0,37.5
AXGQLjocBe,GB,31.0,Women,14.0,3.0,3.6,18.0,100.0,100.0,25.0
Jqe1TBFWab,US,31.0,Women,0.0,0.0,2.236842105263158,12.142857142857142,100.0,100.0,12.5
VkRo1dIDNm,DE,39.0,Men,0.0,0.0,1.0909090909090908,4.0,100.0,100.0,0.0
JbpbEotaue,JP,46.0,Women,0.0,0.0,2.1176470588235294,12.0,100.0,100.0,0.0
rKZW1lAoV9,GB,35.0,Women,0.0,0.0,1.8181818181818181,5.0,100.0,100.0,0.0
0FlIsN0A04,JP,31.0,Women,0.0,0.0,5.142857142857143,24.0,100.0,100.0,12.5
ovxWmUedHp,DE,56.0,Women,4.0,1.0,4.0,6.0,100.0,25.0,0.0
jy4fEQmeKs,GB,56.0,Men,0.0,0.0,1.0,1.0,50.0,0.0,0.0
vAQ3alKGXi,GB,44.0,Women,0.0,0.0,2.1666666666666665,6.5,100.0,75.0,0.0
cEUtaJXQfB,US,39.0,Women,0.0,0.0,1.0,1.0,50.0,0.0,0.0
Ol9IcJkEot,JP,22.0,Women,0.0,0.0,1.7142857142857142,4.0,100.0,50.0,0.0
FbfiLw05ST,GB,28.0,Men,2.8,1.0,1.588235294117647,6.75,100.0,100.0,0.0
sQZqWb1284,DE,39.0,Men,0.0,0.0,4.0,8.0,100.0,75.0,0.0
qXL96e5m3i,GB,45.0,Men,0.0,0.0,1.375,4.4,100.0,100.0,12.5
a5EZOfTXaQ,DE,27.0,Men,0.0,0.0,2.2222222222222223,10.0,100.0,100.0,12.5
bsQQmm6mKV,US,43.0,Men,22.0,3.0,2.0833333333333335,8.333333333333334,100.0,100.0,12.5
LgLDDAk4Yh,US,46.0,Men,4.0,1.0,2.5,7.5,100.0,75.0,0.0
9tZvsUzAU8,DE,40.0,Women,0.0,0.0,1.0,1.0,50.0,0.0,0.0
TNrLF7PRsV,DE,39.0,Men,0.0,0.0,1.6153846153846154,7.0,100.0,100.0,0.0
SHBtf9avai,GB,27.0,Women,0.0,0.0,1.0,1.0,50.0,0.0,0.0
omnOa5JVb8,DE,39.0,Men,0.0,0.0,1.3333333333333333,2.0,100.0,0.0,0.0
HfOWX6hD8K,US,44.0,Women,0.0,0.0,1.0,1.0,100.0,25.0,0.0
OYxmRu03kI,DE,34.0,Men,0.0,0.0,1.0,1.0,100.0,0.0,0.0
ZTcecZvAvz,DE,39.0,Men,0.0,0.0,1.0,1.0,100.0,0.0,0.0
PI9IoyMLdO,DE,60.0,Men,0.0,0.0,1.0,1.0,50.0,0.0,0.0
y3xP97IsRg,US,39.0,Men,0.0,0.0,2.4761904761904763,10.4,100.0,75.0,0.0
NLmBsH2wCa,US,43.0,Men,0.0,0.0,2.0,3.0,100.0,50.0,0.0
IUUURAQGZu,DE,39.0,Men,23.0,4.0,8.166666666666666,35.0,100.0,100.0,25.0
XGodiMQVSV,GB,39.0,Women,0.0,0.0,1.0,1.0,100.0,50.0,0.0
9lU53o0Yhf,GB,39.0,Men,3.08,1.0,4.714285714285714,16.5,100.0,100.0,12.5
FtluahtquW,GB,49.0,Men,0.0,0.0,1.0,1.0,100.0,25.0,0.0
9LbTFMZype,JP,42.0,Men,3.5,2.0,4.5,4.5,100.0,75.0,0.0
RrEgNE0pwr,US,35.0,Women,4.0,1.0,2.0,12.0,100.0,25.0,0.0
2DNxZNjRI8,US,39.0,Men,0.0,0.0,1.0,1.0,50.0,0.0,0.0
Y7ej3c93XY,GB,39.0,Men,0.0,0.0,3.0,3.0,100.0,25.0,0.0
Iop5Nd1Xgf,DE,39.0,Women,0.0,0.0,2.0,2.0,100.0,50.0,0.0
FBgP5jESEZ,GB,39.0,Women,0.0,0.0,4.0,8.0,100.0,75.0,0.0
xGd7XAY98r,US,63.0,Women,0.0,0.0,9.0,13.5,100.0,50.0,0.0
83J6YvFxbv,US,47.0,Men,0.0,0.0,1.0,2.0,50.0,0.0,0.0
wRHB6DOOKM,US,24.0,Women,0.0,0.0,1.2857142857142858,3.0,100.0,50.0,0.0
iNf02yTWpl,GB,33.0,Men,7.0,2.0,4.794871794871795,26.714285714285715,100.0,100.0,50.0
ndgt9Sjtwd,DE,39.0,Men,0.0,0.0,1.6666666666666667,5.0,100.0,50.0,0.0
RO90nSzchL,DE,35.0,Men,4.0,1.0,1.7333333333333334,6.5,100.0,100.0,0.0
8mBXSzG8ZA,DE,36.0,Women,0.0,0.0,1.5,3.0,100.0,50.0,0.0
nxlruhBwG3,US,40.0,Men,10.0,2.0,3.933333333333333,14.75,100.0,100.0,0.0
E50pc1aCYL,US,39.0,Men,0.0,0.0,1.0,1.0,50.0,0.0,0.0
JNHJzKyCPJ,US,31.0,Men,0.0,0.0,1.6,2.6666666666666665,100.0,25.0,0.0
woqzOlxNh1,DE,37.0,Men,0.0,0.0,2.0,2.0,100.0,25.0,0.0
SgfNMETcL7,GB,33.0,Women,0.0,0.0,3.3333333333333335,20.0,100.0,75.0,0.0
cmfYYtPrlt,GB,45.0,Men,14.0,3.0,8.304347826086957,54.57142857142857,100.0,100.0,62.5
NbWNGjWAjD,US,42.0,Women,0.0,0.0,2.0,3.0,100.0,0.0,0.0
9KGpA1jZGz,DE,22.0,Women,4.4,1.0,5.0,25.0,100.0,100.0,0.0
R5DCibVomi,US,30.0,Men,20.0,3.0,2.6666666666666665,10.666666666666666,100.0,100.0,0.0
7f07qwXbn8,US,40.0,Women,0.0,0.0,3.65,18.25,100.0,100.0,0.0
SfgWLS0DWX,DE,43.0,Women,0.0,0.0,2.7777777777777777,15.0,100.0,100.0,0.0
pPKhUJYXzd,GB,44.0,Men,0.0,0.0,2.642857142857143,9.25,100.0,100.0,0.0
FhP1HnDL4V,GB,53.0,Men,70.0,23.0,3.5454545454545454,19.5,100.0,100.0,75.0
Ts4FL3Eu6V,DE,33.0,Women,0.0,0.0,3.0,3.0,100.0,50.0,0.0
XZ2plNIxfh,US,43.0,Men,0.0,0.0,4.5,9.0,100.0,25.0,0.0
Z4Z61aBOsa,GB,36.0,Men,2.8,1.0,2.027027027027027,12.5,100.0,0.0,0.0
E4ncEDRU1V,GB,43.0,Men,0.0,0.0,1.6,4.0,100.0,50.0,0.0
9tyIdlmetN,DE,35.0,Women,0.0,0.0,3.3333333333333335,5.0,100.0,75.0,0.0
MO72tUnGBz,DE,39.0,Women,0.0,0.0,5.659090909090909,35.57142857142857,100.0,100.0,50.0
6tsIcwhn7b,GB,29.0,Men,2.8,1.0,5.0,5.0,100.0,0.0,0.0
YvvIeLhFI2,DE,39.0,Men,0.0,0.0,1.68,7.0,100.0,100.0,62.5
IqpLZpfJS2,US,32.0,Women,4.0,1.0,1.3333333333333333,2.0,100.0,50.0,0.0
R6DQ9CIsNw,GB,37.0,Men,0.0,0.0,2.0,2.0,100.0,0.0,0.0
A4N9cW5Qdf,US,41.0,Men,0.0,0.0,1.0,1.0,100.0,25.0,0.0
I6RBsEPsrb,GB,30.0,Men,2.8,1.0,1.0,1.0,100.0,0.0,0.0
X0Decw93Cc,DE,22.0,Women,0.0,0.0,3.3333333333333335,10.0,100.0,75.0,0.0
VZ48bu6Do8,US,46.0,Women,0.0,0.0,3.8181818181818183,21.0,100.0,100.0,25.0
TnlESe2Ikh,DE,39.0,Men,0.0,0.0,1.0,2.0,100.0,50.0,0.0
kwtKEEeLDn,DE,42.0,Men,0.0,0.0,4.153846153846154,13.5,100.0,100.0,12.5
BAvAGuT6t3,JP,41.0,Women,2.0,1.0,1.6666666666666667,5.0,100.0,25.0,0.0
RKmCbEgY4M,DE,38.0,Women,0.0,0.0,4.5,9.0,100.0,75.0,0.0
4wUUW9XoOx,US,29.0,Women,0.0,0.0,1.0,1.0,100.0,0.0,0.0
d0bPNcrvzr,GB,50.0,Men,0.0,0.0,1.5,3.0,100.0,0.0,0.0
RIn4VpE3tq,DE,32.0,Women,0.0,0.0,3.6666666666666665,5.5,100.0,50.0,0.0
aBvOBsDf0q,GB,37.0,Men,2.8,1.0,3.0,5.0,100.0,75.0,0.0
gJ9XpKGgMw,US,39.0,Women,0.0,0.0,1.5,1.5,100.0,50.0,0.0
OD2hATFp2L,DE,34.0,Men,4.0,1.0,2.6,8.666666666666666,100.0,50.0,0.0
psqlIP2M45,DE,39.0,Men,0.0,0.0,1.0,1.0,100.0,0.0,0.0
nX7XydpuH1,DE,37.0,Men,0.0,0.0,5.75,11.5,100.0,100.0,0.0
hOIbMdeXdR,GB,45.0,Women,0.0,0.0,6.6,16.5,100.0,0.0,0.0
rjH14w6x3T,DE,37.0,Women,4.0,1.0,2.388888888888889,10.75,100.0,100.0,12.5
bfG0KCh5LH,DE,22.0,Men,0.0,0.0,1.0,2.0,100.0,50.0,0.0
FceWEt0TFW,GB,39.0,Men,0.0,0.0,3.0,3.0,100.0,25.0,0.0
EGpKl5VdOD,DE,39.0,Women,0.0,0.0,6.608695652173913,38.0,100.0,100.0,62.5
OLgBz95i2T,JP,51.0,Women,0.0,0.0,2.0,2.0,50.0,0.0,0.0
wLo7HkLwtE,US,39.0,Men,0.0,0.0,2.0,4.0,100.0,25.0,0.0
fFs1REa1iF,US,44.0,Men,4.0,1.0,2.025,11.571428571428571,100.0,100.0,12.5
jwu0t257Kh,DE,39.0,Women,0.0,0.0,1.3333333333333333,1.3333333333333333,50.0,0.0,0.0
rDLpHQrytm,DE,39.0,Men,20.0,3.0,3.4,17.0,100.0,100.0,0.0
L8y7UugBbc,US,45.0,Men,0.0,0.0,1.5,3.0,100.0,0.0,0.0
3YzjJyFnxQ,GB,41.0,Men,0.0,0.0,1.0,1.0,100.0,50.0,0.0
O6AUQVKTwo,US,31.0,Men,0.0,0.0,2.0,5.0,100.0,50.0,0.0
gRzHrsMU1i,US,43.0,Men,10.0,2.0,2.3684210526315788,10.0,100.0,100.0,37.5
Az664p3UHf,DE,21.0,Women,20.0,3.0,2.4444444444444446,7.333333333333333,100.0,100.0,0.0
bn21jY7Ake,US,60.0,Men,0.0,0.0,1.3333333333333333,1.3333333333333333,50.0,0.0,0.0
WQ5NSU6lnx,GB,42.0,Women,0.0,0.0,3.5555555555555554,16.0,100.0,100.0,12.5
nG0hQbABCE,GB,30.0,Men,0.0,0.0,1.2222222222222223,2.2,100.0,75.0,0.0
MAdORHCo8J,GB,39.0,Men,0.0,0.0,2.3333333333333335,7.0,100.0,0.0,0.0
RrTTuwdx1M,GB,54.0,Women,2.8,1.0,2.0,4.0,100.0,75.0,0.0
yoUHKUWW3g,US,51.0,Men,4.0,1.0,4.181818181818182,11.5,100.0,100.0,0.0
pYBMvKevuS,DE,32.0,Men,4.0,1.0,2.4285714285714284,4.25,100.0,75.0,0.0
J22MKQphVb,GB,42.0,Men,16.8,4.0,3.8846153846153846,14.428571428571429,100.0,100.0,37.5
JMxhq4hGVT,DE,42.0,Women,0.0,0.0,1.8571428571428572,6.5,50.0,0.0,0.0
lKLgU4yJxE,US,39.0,Women,0.0,0.0,1.3333333333333333,2.0,100.0,25.0,0.0
5bwGXU4YhA,DE,36.0,Men,23.0,4.0,3.5,7.0,100.0,25.0,0.0
xvBNVfDHPc,DE,39.0,Men,0.0,0.0,1.0,1.0,50.0,0.0,0.0
9ZyxYUCN5g,GB,54.0,Women,0.0,0.0,1.3333333333333333,2.0,100.0,100.0,12.5
ObPpGVVTva,US,27.0,Men,4.0,1.0,4.75,9.5,100.0,50.0,0.0
A7ci7Wbesp,DE,18.0,Women,0.0,0.0,1.0,2.0,100.0,0.0,0.0
yeHiEjX0yO,DE,21.0,Men,20.0,3.0,2.5,3.75,100.0,75.0,0.0
J8R4nN7LoT,GB,25.0,Women,0.0,0.0,2.0,4.0,100.0,75.0,0.0
N3QYBWlWm0,DE,52.0,Men,0.0,0.0,2.0,4.0,100.0,50.0,0.0
PhxhrSffLt,GB,39.0,Women,0.0,0.0,1.0,2.0,50.0,0.0,0.0
Zl90eyTKyi,DE,28.0,Men,20.0,3.0,2.75,11.0,100.0,50.0,0.0
yd6ynOOiiV,US,18.0,Women,4.0,1.0,6.148148148148148,27.666666666666668,100.0,100.0,0.0
p5JhY0awoC,GB,39.0,Women,0.0,0.0,2.3333333333333335,2.3333333333333335,100.0,50.0,0.0
CBhLQg9QLu,US,46.0,Women,0.0,0.0,11.5,73.6,100.0,100.0,62.5
6JEmEzziqc,GB,28.0,Men,0.0,0.0,2.5,5.0,100.0,75.0,0.0
EocsQbBycx,DE,39.0,Women,0.0,0.0,1.5,2.0,100.0,75.0,0.0
iDFumYPv96,GB,39.0,Men,0.0,0.0,1.6666666666666667,5.0,100.0,75.0,0.0
vd7cjUylxN,DE,25.0,Men,0.0,0.0,7.076923076923077,30.666666666666668,100.0,25.0,0.0
3XCgJtnJEf,US,39.0,Women,4.0,1.0,4.0,4.0,100.0,25.0,0.0
osuuimYhsT,GB,39.0,Men,14.0,3.0,3.2857142857142856,7.666666666666667,100.0,100.0,0.0
6hN3iicwBH,GB,40.0,Women,0.0,0.0,2.0,2.0,100.0,50.0,0.0
LRec0kbQUf,US,44.0,Women,0.0,0.0,1.5,1.5,100.0,25.0,0.0
fskEwsr8Rt,US,45.0,Women,0.0,0.0,1.0,1.0,100.0,25.0,0.0
N7b6XkDU5i,DE,40.0,Women,23.0,4.0,7.142857142857143,33.333333333333336,100.0,100.0,12.5
EhfNE6lKqm,US,39.0,Women,4.0,1.0,6.625,13.25,100.0,75.0,0.0
UX5wdEJJUT,DE,44.0,Men,0.0,0.0,1.2,2.0,100.0,50.0,0.0
7ApQxquPfq,GB,39.0,Men,0.0,0.0,1.0,1.0,50.0,0.0,0.0
udOeeHvasK,US,19.0,Men,4.0,1.0,8.0,8.0,100.0,0.0,0.0
oHRTfp0aDy,GB,28.0,Women,0.0,0.0,3.0,6.0,100.0,50.0,0.0
SMrFBdhoAO,US,43.0,Men,4.0,1.0,3.8,6.333333333333333,100.0,50.0,0.0
O26AOXviNS,DE,36.0,Men,0.0,0.0,3.6,18.0,100.0,100.0,0.0
r3vdoG23am,DE,48.0,Men,23.0,4.0,3.0833333333333335,12.333333333333334,100.0,100.0,0.0
Kkx52PHoAW,DE,19.0,Women,20.0,3.0,2.5,5.0,100.0,75.0,0.0
ymPnLUyJzz,DE,46.0,Men,20.0,3.0,1.8333333333333333,3.6666666666666665,50.0,0.0,0.0
TqmtCT5WIA,US,51.0,Men,0.0,0.0,1.0,1.0,100.0,25.0,0.0
G1MTIjqLn3,US,45.0,Women,4.0,1.0,4.0,8.0,100.0,25.0,0.0
h4Y4SQaaeR,GB,37.0,Women,14.0,3.0,8.5,17.0,100.0,75.0,0.0
EXbQ5UmmLz,DE,39.0,Men,0.0,0.0,2.0,2.0,50.0,0.0,0.0
qeFbEhGR4O,US,43.0,Women,0.0,0.0,2.3333333333333335,3.5,100.0,0.0,0.0
6OFpcEtM9Q,DE,31.0,Men,0.0,0.0,1.5,1.5,100.0,25.0,0.0
GSL1cZQ09C,US,39.0,Men,0.0,0.0,1.0,1.0,100.0,0.0,0.0
A742Ll10LA,DE,50.0,Men,20.0,3.0,2.9444444444444446,13.25,100.0,75.0,0.0
nozW0ARQiu,DE,34.0,Men,4.0,1.0,3.0,3.0,100.0,0.0,0.0
3LALJqkwOp,GB,57.0,Men,0.0,0.0,1.3333333333333333,2.0,100.0,0.0,0.0
9fubQUee1j,DE,25.0,Men,0.0,0.0,2.0,2.0,100.0,0.0,0.0
tbSoY86HeB,US,18.0,Men,4.0,1.0,2.25,4.5,100.0,50.0,0.0
Aj6CZKjUNY,DE,39.0,Men,0.0,0.0,1.5,1.5,100.0,25.0,0.0
zb564GzoCT,US,37.0,Women,20.0,3.0,1.6666666666666667,2.5,100.0,25.0,0.0
z8T45Lq2Il,DE,27.0,Men,4.0,1.0,3.3125,10.6,100.0,100.0,12.5
VcR1Me2GIq,DE,38.0,Women,0.0,0.0,1.0,2.0,100.0,25.0,0.0
kg0MOTdRzu,DE,66.0,Men,0.0,0.0,1.25,5.0,100.0,0.0,0.0
iF7qnnQQB2,GB,48.0,Men,0.0,0.0,3.75,15.0,100.0,75.0,0.0
l24nodedA7,US,43.0,Women,0.0,0.0,3.0,3.0,100.0,25.0,0.0
ZHv19TtUvG,GB,39.0,Men,2.8,1.0,1.5,3.0,100.0,50.0,0.0
4fOKt4vB1P,DE,44.0,Men,0.0,0.0,2.7435897435897436,17.833333333333332,100.0,100.0,37.5
6bNsjBruGr,DE,36.0,Women,20.0,3.0,1.7826086956521738,5.857142857142857,100.0,100.0,37.5
T1Cr1lJVaL,DE,60.0,Men,0.0,0.0,2.2083333333333335,13.25,100.0,50.0,0.0
wNK0pCUWdK,US,52.0,Men,0.0,0.0,1.9534883720930232,8.4,100.0,100.0,0.0
M1cBAq1Fl8,DE,55.0,Men,0.0,0.0,3.24,20.25,100.0,100.0,0.0
oweTs47bIX,US,39.0,Men,0.0,0.0,1.0,1.0,50.0,0.0,0.0
ShnEPk6AiZ,US,33.0,Men,0.0,0.0,3.3846153846153846,7.333333333333333,100.0,100.0,0.0
Sy9YQidPsE,DE,53.0,Women,0.0,0.0,2.7142857142857144,9.5,100.0,75.0,0.0
Cku0oB2N4s,US,59.0,Men,0.0,0.0,2.7142857142857144,6.333333333333333,100.0,50.0,0.0
QdThl5Q04k,GB,33.0,Women,0.0,0.0,3.4285714285714284,8.0,100.0,100.0,0.0
9t5Rt4SLPj,GB,35.0,Women,0.0,0.0,1.0,2.0,100.0,50.0,0.0
Di3j3bt7y4,GB,39.0,Men,0.0,0.0,1.0,3.0,100.0,50.0,0.0
ZBw3knigwN,GB,51.0,Men,0.0,0.0,2.0,6.0,100.0,50.0,0.0
p0MbekDBuw,DE,27.0,Men,0.0,0.0,4.875,13.0,100.0,100.0,0.0
R1SNKAMRng,US,34.0,Men,4.0,1.0,4.0,8.0,100.0,50.0,0.0
dVkx5oQ9ww,US,39.0,Women,0.0,0.0,2.375,6.333333333333333,100.0,75.0,0.0
CWK58liEut,US,46.0,Men,41.399998,9.0,6.204545454545454,39.0,100.0,100.0,50.0
rr5V8leNvY,DE,46.0,Women,4.0,1.0,3.375,13.5,100.0,100.0,0.0
LOYW8Y28dS,US,33.0,Men,0.0,0.0,1.0,5.0,100.0,25.0,0.0
OOHUHgo1Gk,US,39.0,Men,0.0,0.0,1.5,1.5,100.0,25.0,0.0
nrMLoPIGpp,GB,36.0,Women,2.8,1.0,1.8,4.5,100.0,75.0,0.0
2keQbXev5Q,GB,58.0,Women,0.0,0.0,1.5,1.5,100.0,75.0,0.0
EpbiqdepDa,JP,29.0,Women,0.0,0.0,1.0,2.0,100.0,25.0,0.0
U13Wlh0dXI,GB,57.0,Men,0.0,0.0,13.0,26.0,100.0,0.0,0.0
nZSkLmQjY6,US,39.0,Women,0.0,0.0,1.5,3.0,50.0,0.0,0.0
kZeb9RGEA4,DE,39.0,Men,0.0,0.0,1.0,2.0,100.0,50.0,0.0
suS8cCvC4d,DE,22.0,Women,0.0,0.0,1.0,1.0,100.0,50.0,0.0
lglN8BEb3Y,GB,18.0,Men,0.0,0.0,13.857142857142858,97.0,100.0,100.0,12.5
GeYdUeAap5,US,42.0,Women,0.0,0.0,3.0,6.0,100.0,50.0,0.0
YqkRNepSjK,US,52.0,Women,0.0,0.0,5.0,10.0,100.0,50.0,0.0
HlTq85uixO,US,43.0,Men,0.0,0.0,1.6666666666666667,5.0,100.0,25.0,0.0
o2WNH9kcoV,DE,56.0,Women,4.0,1.0,4.041666666666667,13.857142857142858,100.0,100.0,25.0
Y5BBPvfNbr,US,32.0,Men,0.0,0.0,1.0,1.0,100.0,50.0,0.0
bxGZGlkfLf,US,61.0,Women,0.0,0.0,3.0,14.0,100.0,100.0,0.0
8XymeRwJgK,US,39.0,Men,0.0,0.0,13.0,13.0,100.0,50.0,0.0
kG773IRT7h,US,35.0,Women,0.0,0.0,2.5,5.0,100.0,0.0,0.0
ZSYq5r5inJ,DE,36.0,Women,0.0,0.0,6.0,12.0,100.0,75.0,0.0
7IpHeSL8XE,US,39.0,Women,0.0,0.0,1.0,2.0,100.0,25.0,0.0
wvNGr9vT7F,US,44.0,Women,0.0,0.0,1.5,1.5,100.0,25.0,0.0
CzcMNvLu3H,US,39.0,Women,11.0,2.0,1.5,1.5,100.0,25.0,0.0
ZQeR5fyYbR,US,23.0,Women,10.0,2.0,3.878787878787879,18.285714285714285,100.0,100.0,25.0
nQNfQbsWql,GB,43.0,Women,0.0,0.0,1.0,1.0,100.0,25.0,0.0
9gV1vVBHCd,US,39.0,Men,0.0,0.0,2.0,2.0,100.0,25.0,0.0
3n9fLgQx8j,US,39.0,Men,0.0,0.0,1.0,2.0,100.0,25.0,0.0
SjWUpNwwpw,DE,39.0,Men,0.0,0.0,1.0,1.0,100.0,75.0,0.0
xzmPVA0yCs,GB,43.0,Men,0.0,0.0,4.0,24.0,100.0,100.0,50.0
H9Uot8CIgZ,US,58.0,Women,20.0,3.0,2.0,2.6666666666666665,100.0,0.0,0.0
INsTMQPDv9,US,40.0,Women,10.0,2.0,6.777777777777778,34.857142857142854,100.0,100.0,75.0
mdE0z62YCd,DE,37.0,Men,4.0,1.0,5.333333333333333,16.0,100.0,100.0,0.0
uclVq0tKK7,DE,23.0,Women,0.0,0.0,3.0,3.0,100.0,75.0,0.0
EFfrvzp3Tf,JP,39.0,Men,0.0,0.0,4.0,4.0,100.0,0.0,0.0
ShEbATdFTT,GB,44.0,Women,0.0,0.0,1.0,1.0,50.0,0.0,0.0
nXBIsQobc5,US,59.0,Men,4.0,1.0,2.2222222222222223,5.0,100.0,50.0,0.0
sPGKjE4Ea9,US,45.0,Men,0.0,0.0,2.0,2.0,100.0,25.0,0.0
jAi3dzbaXv,US,31.0,Men,4.4,1.0,7.0,7.0,100.0,25.0,0.0
ge0EyIDogp,DE,40.0,Men,0.0,0.0,1.75,5.6,100.0,100.0,0.0
dkI9wOMAqT,US,39.0,Men,4.0,1.0,3.4,17.0,100.0,100.0,0.0
hotpJNIScb,US,23.0,Women,0.0,0.0,1.0,1.0,100.0,25.0,0.0
TXeJOIVqqs,GB,47.0,Women,0.0,0.0,1.0,2.0,100.0,75.0,0.0
D3Yw9Mk0JG,GB,39.0,Men,0.0,0.0,2.0,2.0,50.0,0.0,0.0
ly5DrRXGGk,US,60.0,Men,0.0,0.0,1.9166666666666667,4.6,100.0,75.0,0.0
0EKsa5Dehf,US,39.0,Men,0.0,0.0,1.0,2.0,100.0,25.0,0.0
PLg9mRgmRA,DE,36.0,Women,4.0,1.0,1.0,2.0,100.0,0.0,0.0
1PkqEU2XKT,JP,28.0,Women,0.0,0.0,2.5,15.0,100.0,100.0,25.0
HNApW805NM,GB,39.0,Men,0.0,0.0,1.5,5.0,100.0,75.0,0.0
UNj8QMOyir,JP,33.0,Men,0.0,0.0,1.3333333333333333,5.0,100.0,75.0,0.0
lqot1qzZUk,DE,39.0,Men,0.0,0.0,1.0,2.0,100.0,0.0,0.0
UTaJjZDPTG,US,35.0,Women,4.0,1.0,3.0,3.0,100.0,50.0,0.0
hUXzyYaXHu,US,24.0,Men,0.0,0.0,3.0,3.0,100.0,25.0,0.0
6D9EPYNuSL,US,45.0,Men,0.0,0.0,2.7,13.5,100.0,100.0,0.0
u9VUmh11uZ,DE,49.0,Men,0.0,0.0,2.0,3.6,100.0,100.0,62.5
FUBANkSsDA,DE,28.0,Men,0.0,0.0,2.6,6.5,100.0,100.0,25.0
CA3xuU39vU,JP,40.0,Men,1.4,1.0,6.0,12.0,100.0,100.0,12.5
JfdV9dpbL2,US,39.0,Women,0.0,0.0,1.3333333333333333,4.0,100.0,25.0,0.0
Ym7tKNUH49,US,44.0,Men,21.6,3.0,1.0,1.5,100.0,25.0,0.0
NIV0ZoXHFy,JP,25.0,Women,2.0,1.0,4.0,6.0,100.0,50.0,0.0
UIrDb0qaRh,GB,40.0,Women,0.0,0.0,1.3333333333333333,4.0,100.0,25.0,0.0
rPs9Fc0gbr,DE,27.0,Women,4.0,1.0,2.6,6.5,100.0,75.0,0.0
LjE330sqTz,GB,37.0,Men,0.0,0.0,9.973684210526315,63.166666666666664,100.0,100.0,75.0
0IiOQW203b,DE,19.0,Women,4.0,1.0,3.0,3.0,100.0,0.0,0.0
IS3cjK5WYJ,DE,32.0,Men,0.0,0.0,4.9375,26.333333333333332,100.0,100.0,37.5
K6qYvfTpkl,DE,36.0,Women,4.0,1.0,4.0,20.0,100.0,75.0,0.0
aeY0qFMlvE,US,21.0,Men,0.0,0.0,3.3333333333333335,5.0,100.0,50.0,0.0
vqU31SlZu7,US,39.0,Men,4.0,1.0,5.0,5.0,100.0,0.0,0.0
BDLNhXb3EX,GB,41.0,Men,0.0,0.0,3.0,3.0,100.0,0.0,0.0
phsl18d3jU,US,35.0,Women,4.4,1.0,1.0,1.5,100.0,50.0,0.0
kCHICgn984,US,23.0,Men,23.0,4.0,3.0,13.0,100.0,75.0,0.0
6VfShcfj0m,US,30.0,Men,0.0,0.0,2.6363636363636362,7.25,100.0,50.0,0.0
CuVMWomXoy,US,34.0,Men,0.0,0.0,1.0,1.0,100.0,0.0,0.0
hwBCK3e8SQ,US,38.0,Men,0.0,0.0,4.5,4.5,100.0,25.0,0.0
MYRpTlRBbD,DE,45.0,Men,0.0,0.0,3.0,16.5,100.0,75.0,0.0
fdUhnGVa5B,DE,41.0,Women,23.0,4.0,1.0,1.0,100.0,100.0,0.0
CtAxySn7XU,GB,50.0,Men,0.0,0.0,1.5,3.0,50.0,0.0,0.0
Ofe8NED9tp,US,39.0,Women,0.0,0.0,1.0,1.0,50.0,0.0,0.0
cE9jeVWn6K,US,67.0,Women,0.0,0.0,1.0,1.5,100.0,100.0,0.0
pxz7W7bHPP,GB,47.0,Women,2.8,1.0,5.9523809523809526,41.666666666666664,100.0,100.0,37.5
ozQ8c6Io1G,DE,37.0,Women,0.0,0.0,1.0,1.0,50.0,0.0,0.0
m4V23BZni6,DE,39.0,Men,0.0,0.0,1.0,1.0,100.0,75.0,0.0
J7ajHkEaUb,US,62.0,Men,0.0,0.0,1.6666666666666667,5.0,100.0,50.0,0.0
M0LYrr3qa1,GB,37.0,Women,3.08,1.0,8.636363636363637,31.666666666666668,100.0,100.0,12.5
WPtki9te9z,DE,24.0,Men,10.4,2.0,3.5,4.666666666666667,100.0,75.0,0.0
PDN0aFibIs,GB,36.0,Men,0.0,0.0,2.875,11.5,100.0,100.0,0.0
WDxfDOKivU,US,40.0,Women,0.0,0.0,1.3333333333333333,2.0,100.0,25.0,0.0
7WznUvwkPW,DE,39.0,Women,0.0,0.0,3.8333333333333335,15.333333333333334,50.0,0.0,0.0
OCVKtZfc7Q,US,65.0,Men,0.0,0.0,2.0,2.0,50.0,0.0,0.0
IMceYBR1DO,US,39.0,Men,0.0,0.0,1.0,1.0,100.0,0.0,0.0
IQVR22RE7y,GB,30.0,Women,0.0,0.0,2.588235294117647,11.0,100.0,100.0,0.0
IijuQq32qP,US,39.0,Men,4.0,1.0,2.2857142857142856,5.333333333333333,50.0,0.0,0.0
PwQDVr5ZLr,DE,39.0,Men,0.0,0.0,1.0,1.0,50.0,0.0,0.0
xs8zJ7XtDL,GB,39.0,Men,0.0,0.0,5.0,7.5,100.0,100.0,0.0
UC8yZNeytD,GB,56.0,Women,22.4,6.0,2.0526315789473686,9.75,100.0,100.0,37.5
OebWcBjovv,DE,30.0,Women,10.0,2.0,3.5,7.0,100.0,75.0,0.0
O0qugppxJ8,GB,30.0,Men,0.0,0.0,3.2,12.8,100.0,100.0,12.5
b4K2NGtdBY,GB,37.0,Men,2.8,1.0,5.5,16.5,100.0,100.0,0.0
jHT5WoxwiW,DE,39.0,Men,0.0,0.0,1.25,5.0,100.0,75.0,0.0
10WjaE7dYX,US,36.0,Women,0.0,0.0,2.0,2.0,100.0,25.0,0.0
jN6sKrz3wN,GB,39.0,Women,0.0,0.0,4.4,22.0,100.0,75.0,0.0
9BafFMiqIF,DE,22.0,Women,0.0,0.0,4.25,8.5,100.0,100.0,0.0
0DSCbYBzmm,GB,37.0,Men,19.599998,5.0,5.666666666666667,25.5,100.0,100.0,0.0
caMgh0s9T6,DE,39.0,Women,10.0,2.0,2.888888888888889,13.0,100.0,100.0,0.0
gLutazxzMj,DE,39.0,Men,0.0,0.0,3.0,3.0,100.0,25.0,0.0
rnFVyLmXkN,GB,34.0,Men,0.0,0.0,3.5,14.0,100.0,75.0,0.0
o983ajlhmY,US,43.0,Men,0.0,0.0,4.0,4.0,100.0,25.0,0.0
RiFNgGDP4S,GB,20.0,Women,0.0,0.0,2.5,2.5,50.0,0.0,0.0
UZgzZWT2Nk,DE,28.0,Men,0.0,0.0,3.6666666666666665,11.0,100.0,75.0,0.0
8q21JBwPq5,GB,34.0,Women,0.0,0.0,1.0,1.0,100.0,0.0,0.0
dChEm73TwF,GB,39.0,Women,0.0,0.0,2.0,2.0,50.0,0.0,0.0
UTDpHcP1Ob,US,45.0,Women,0.0,0.0,3.0,3.0,100.0,50.0,0.0
8QDwwC7llm,GB,43.0,Women,0.0,0.0,4.266666666666667,16.0,100.0,100.0,12.5
fhPqHAKksp,GB,37.0,Men,0.0,0.0,2.0,2.0,100.0,50.0,0.0
tQ1ChQ7Ivp,US,39.0,Women,0.0,0.0,2.0,2.0,50.0,0.0,0.0
4WkCV1y97E,GB,36.0,Men,0.0,0.0,1.75,7.0,100.0,75.0,0.0
WoLHAALaWi,DE,40.0,Men,0.0,0.0,1.0,1.0,100.0,25.0,0.0
O4rtDgFv6Y,US,35.0,Men,0.0,0.0,2.413793103448276,11.666666666666666,100.0,100.0,25.0
A9cvdyoJat,DE,39.0,Men,0.0,0.0,1.0,1.0,50.0,0.0,0.0
FvSoLzsjH5,DE,61.0,Women,0.0,0.0,1.0,1.0,100.0,0.0,0.0
KwrIsLRt3X,DE,51.0,Women,0.0,0.0,2.55,9.272727272727273,100.0,100.0,25.0
id0qxuYgzy,US,20.0,Men,0.0,0.0,1.5,3.0,100.0,25.0,0.0
0F9mtcfEGC,US,37.0,Women,0.0,0.0,2.0,2.0,100.0,25.0,0.0
vDLruYjx0N,DE,39.0,Men,26.0,5.0,2.25,9.0,50.0,0.0,0.0
d22onCcEWx,US,38.0,Men,0.0,0.0,3.2857142857142856,7.666666666666667,100.0,50.0,0.0
hsBfNx7dMi,DE,34.0,Women,4.0,1.0,5.0476190476190474,35.333333333333336,100.0,100.0,37.5
GDiVbgjfnf,DE,41.0,Men,0.0,0.0,6.0,6.0,100.0,50.0,0.0
JC4x3GUY7b,DE,30.0,Women,0.0,0.0,1.8108108108108107,9.571428571428571,100.0,100.0,12.5
n1IQkM4m6C,DE,39.0,Men,0.0,0.0,1.0,1.0,50.0,0.0,0.0
6mYgE7NIOG,GB,32.0,Women,0.0,0.0,2.3333333333333335,7.0,100.0,50.0,0.0
2FYtuq8iLR,US,39.0,Women,0.0,0.0,1.0,1.0,100.0,25.0,0.0
HAzVNFeg2C,DE,18.0,Women,0.0,0.0,1.0,1.0,100.0,50.0,0.0
HklPpyfyUE,GB,38.0,Men,0.0,0.0,10.0,10.0,100.0,50.0,0.0
pkDXF4OqUs,US,31.0,Women,0.0,0.0,1.0,1.0,50.0,0.0,0.0
KkaUiWGmhl,US,39.0,Women,0.0,0.0,2.0,2.0,100.0,25.0,0.0
8r0Ntdl84w,US,37.0,Women,0.0,0.0,1.0,1.0,100.0,0.0,0.0
WfV8wTiAe8,DE,38.0,Men,0.0,0.0,5.0,5.0,100.0,75.0,0.0
SQSbm1V7tx,DE,30.0,Women,0.0,0.0,2.0,4.0,100.0,50.0,0.0
dDQszRHMD5,US,18.0,Women,0.0,0.0,1.0,1.0,100.0,0.0,0.0
d2hSg1WQk9,DE,39.0,Women,4.0,1.0,3.6666666666666665,16.5,100.0,75.0,0.0
jM03wdAKzb,DE,24.0,Men,20.0,3.0,2.0,6.0,100.0,50.0,0.0
CP92BatjxT,US,32.0,Men,0.0,0.0,1.7,2.8333333333333335,100.0,75.0,0.0
I0YtMNUyPU,JP,49.0,Women,0.0,0.0,1.25,5.0,100.0,75.0,0.0
RZ6zLfUPMJ,US,48.0,Men,0.0,0.0,3.0,3.0,100.0,50.0,0.0
Ompy0VJQLc,DE,34.0,Women,0.0,0.0,3.0,3.0,100.0,25.0,0.0
cDQNMWohug,GB,29.0,Men,0.0,0.0,3.0,3.0,100.0,100.0,12.5
4V5sRvahbi,GB,39.0,Men,0.0,0.0,3.25,7.8,100.0,100.0,0.0
YOkrOLSIgQ,GB,68.0,Women,0.0,0.0,4.375,17.5,50.0,0.0,0.0
0IyWyhz0yF,DE,27.0,Women,0.0,0.0,2.6666666666666665,8.0,100.0,75.0,0.0
FZC4ttcAPJ,DE,46.0,Men,0.0,0.0,1.0,1.0,100.0,25.0,0.0
VOWsxozKrG,DE,39.0,Women,0.0,0.0,2.0,2.0,100.0,25.0,0.0
ULINlUo8G3,GB,44.0,Men,0.0,0.0,6.961538461538462,36.2,100.0,100.0,25.0
hCMD94XIRw,DE,39.0,Men,4.0,1.0,2.625,7.0,100.0,100.0,25.0
OLVL3z1MUF,DE,39.0,Men,0.0,0.0,2.0,2.0,100.0,0.0,0.0
vALXsexEk8,DE,39.0,Women,0.0,0.0,1.375,3.6666666666666665,100.0,75.0,0.0
nQ9Hfk8TMW,US,63.0,Men,4.0,1.0,3.25,13.0,100.0,100.0,12.5
BMsXuDlxWq,GB,39.0,Women,0.0,0.0,3.5,7.0,100.0,50.0,0.0
JpCzsBXAgS,US,39.0,Women,0.0,0.0,4.25,8.5,100.0,75.0,0.0
SsGkwCLbQp,GB,39.0,Men,0.0,0.0,1.0,1.0,50.0,0.0,0.0
7hJZL9FauB,GB,56.0,Men,2.8,1.0,3.9,19.5,100.0,100.0,25.0
uwIa1KDbUE,GB,49.0,Women,0.0,0.0,2.7,9.0,100.0,100.0,0.0
sW7Fsk0dii,US,46.0,Men,0.0,0.0,3.0,3.0,100.0,0.0,0.0
vyyGDaWU63,DE,24.0,Men,0.0,0.0,1.8,3.6,100.0,50.0,0.0
24vrZI0Vwr,DE,37.0,Men,10.0,2.0,3.5,3.5,100.0,50.0,0.0
otsycwPWba,GB,19.0,Men,0.0,0.0,1.0,2.0,100.0,50.0,0.0
EooVBVs8TV,DE,39.0,Men,0.0,0.0,1.0,1.0,100.0,50.0,0.0
SRHyeIk1kx,DE,37.0,Men,0.0,0.0,1.0,1.0,100.0,0.0,0.0
xrT9YdIZnS,DE,51.0,Women,0.0,0.0,2.9565217391304346,9.714285714285714,100.0,100.0,37.5
Cspz20JSjO,US,49.0,Men,0.0,0.0,2.1,7.0,100.0,75.0,0.0
xlTIOGoUxi,US,39.0,Men,0.0,0.0,2.0,3.0,100.0,25.0,0.0
NYm2Gm6WYc,GB,39.0,Women,0.0,0.0,3.5,7.0,50.0,0.0,0.0
LBksEQWgmF,JP,39.0,Women,0.0,0.0,1.0,1.0,100.0,25.0,0.0
fhcPLYv1Eb,US,44.0,Men,0.0,0.0,2.0,2.0,100.0,0.0,0.0
wQMpkJzL1k,GB,18.0,Men,0.0,0.0,3.0,3.0,100.0,50.0,0.0
c1lhDjGxYs,GB,44.0,Men,0.0,0.0,1.0,1.6666666666666667,100.0,75.0,0.0
t8MPwIZtVA,US,51.0,Women,0.0,0.0,1.0,1.0,50.0,0.0,0.0
ssnsuUiZyl,US,62.0,Women,26.0,5.0,2.761904761904762,14.5,100.0,100.0,12.5
z0DH6QQSgf,US,51.0,Women,0.0,0.0,1.3333333333333333,2.0,100.0,25.0,0.0
khMOsNUbfu,US,39.0,Men,4.0,1.0,4.833333333333333,19.333333333333332,100.0,100.0,0.0
v627gyum42,DE,23.0,Men,0.0,0.0,2.0,2.0,100.0,50.0,0.0
0P2mgEKgrt,US,34.0,Women,0.0,0.0,2.0,2.0,50.0,0.0,0.0
Z9tciEc7r1,GB,39.0,Men,7.0,2.0,2.6666666666666665,8.0,100.0,100.0,0.0
coWxFbkL5d,US,43.0,Men,0.0,0.0,1.2352941176470589,3.5,100.0,75.0,0.0
uRiLPui13D,US,49.0,Women,0.0,0.0,2.0,4.0,100.0,75.0,0.0
Qd7pg2xJpT,DE,37.0,Men,0.0,0.0,7.909090909090909,29.0,100.0,100.0,12.5
8kQzsOwNrh,JP,39.0,Women,0.0,0.0,2.4,6.0,100.0,50.0,0.0
LYvJaP9X2o,DE,28.0,Men,0.0,0.0,2.1666666666666665,8.666666666666666,100.0,100.0,0.0
0uaSYGcDTC,DE,57.0,Women,0.0,0.0,1.0,1.0,50.0,0.0,0.0
ax9GgSbKzI,GB,45.0,Women,2.8,1.0,9.333333333333334,46.666666666666664,100.0,50.0,0.0
Vr4b2BHuZ7,US,38.0,Men,0.0,0.0,2.0,2.0,100.0,25.0,0.0
L2oB6a1Luz,US,32.0,Men,4.0,1.0,1.5,3.0,100.0,25.0,0.0
ttzNkSK5Mm,DE,50.0,Men,0.0,0.0,2.0,2.0,100.0,0.0,0.0
gf0dV8lqVn,DE,25.0,Men,0.0,0.0,2.4444444444444446,7.333333333333333,100.0,100.0,0.0
GVtpJqGBv2,US,40.0,Women,20.0,3.0,3.25,13.0,100.0,100.0,0.0
lGbSmbOa6F,JP,39.0,Men,0.0,0.0,2.9285714285714284,13.666666666666666,100.0,100.0,0.0
Q0XI26wSt4,DE,39.0,Men,0.0,0.0,2.0,2.0,100.0,100.0,0.0
FlUCLdpZb5,DE,37.0,Women,0.0,0.0,3.875,15.5,100.0,100.0,12.5
MZdZPNrqhB,US,39.0,Men,23.0,4.0,1.5,3.0,100.0,50.0,0.0
hZcqwi42pS,GB,39.0,Men,0.0,0.0,3.2222222222222223,5.8,100.0,100.0,37.5
J4BPtxqxln,GB,39.0,Women,0.0,0.0,1.0,1.0,50.0,0.0,0.0
qhBcyfKXtl,DE,39.0,Women,4.0,1.0,2.7,13.5,100.0,0.0,0.0
u3bFRinssj,DE,51.0,Women,0.0,0.0,2.8461538461538463,18.5,100.0,100.0,50.0
OYumBwETCX,US,44.0,Women,4.0,1.0,1.0,2.5,100.0,25.0,0.0
egMRgu5r2j,DE,42.0,Men,0.0,0.0,2.0,2.0,100.0,0.0,0.0
8M52GF3Zte,GB,35.0,Men,0.0,0.0,1.0,2.0,50.0,0.0,0.0
En0J93OFYO,JP,38.0,Women,0.0,0.0,1.1428571428571428,2.6666666666666665,50.0,0.0,0.0
kVBNFBx3gO,DE,51.0,Men,4.0,1.0,2.75,5.5,100.0,0.0,0.0
chTjaB2XqT,US,34.0,Men,0.0,0.0,1.25,2.5,100.0,25.0,0.0
Rb5bHiP8D7,US,25.0,Women,0.0,0.0,2.0,2.0,100.0,25.0,0.0
a6pXbootSK,GB,26.0,Women,0.0,0.0,1.0,1.0,100.0,0.0,0.0
FlGVtd24qe,US,51.0,Men,10.0,2.0,1.8529411764705883,9.0,100.0,100.0,25.0
ixgpkA6Mlw,GB,39.0,Men,0.0,0.0,7.0,21.0,100.0,0.0,0.0
cqrG70n5dC,US,30.0,Men,10.0,2.0,1.3333333333333333,4.0,100.0,50.0,0.0
bFlY811xnV,DE,39.0,Men,0.0,0.0,1.0,2.0,50.0,0.0,0.0
iYTzIcgTDT,GB,37.0,Women,0.0,0.0,6.0,6.0,100.0,0.0,0.0
WOCCgwkMdG,DE,41.0,Men,0.0,0.0,1.5,3.0,100.0,100.0,0.0
FrXTu1DPMf,US,25.0,Men,0.0,0.0,2.5,5.0,100.0,50.0,0.0
poQO03o0hO,US,39.0,Women,0.0,0.0,1.0,1.0,100.0,0.0,0.0
3M8ER4wtJC,GB,52.0,Men,0.0,0.0,3.8,9.5,100.0,50.0,0.0
R8dlp5KpsN,US,55.0,Men,0.0,0.0,1.0,1.5,50.0,0.0,0.0
dHCluh9RoI,GB,43.0,Men,0.0,0.0,6.5,13.0,100.0,50.0,0.0
9do4gp5oT0,US,49.0,Women,4.0,1.0,2.75,5.5,100.0,25.0,0.0
Lg1pBTUeOd,DE,25.0,Women,0.0,0.0,2.0,4.0,100.0,100.0,0.0
GXSdjvVdu5,DE,33.0,Women,0.0,0.0,1.0,1.0,100.0,0.0,0.0
YBdDXrLOHG,US,39.0,Women,0.0,0.0,3.75,10.0,100.0,100.0,0.0
3bOhTD4qBv,US,55.0,Men,0.0,0.0,1.5,3.0,100.0,25.0,0.0
k4nx6kzY8A,GB,48.0,Men,0.0,0.0,2.4,8.0,100.0,100.0,12.5
PHirsj3TPN,DE,39.0,Women,0.0,0.0,6.666666666666667,20.0,100.0,0.0,0.0
HDEbOUrVwF,DE,35.0,Women,0.0,0.0,2.0,2.0,50.0,0.0,0.0
ORTSJ7mVHt,US,44.0,Men,4.0,1.0,7.0,7.0,100.0,25.0,0.0
8y29wk7WTY,US,39.0,Women,0.0,0.0,1.0,2.0,50.0,0.0,0.0
2KoZAhSKLW,DE,49.0,Women,4.0,1.0,1.7692307692307692,4.6,100.0,50.0,0.0
C3rFtW63Vq,DE,39.0,Women,4.0,1.0,3.3333333333333335,10.0,100.0,100.0,0.0
coT2120wj6,GB,32.0,Men,2.8,1.0,7.5,15.0,100.0,100.0,0.0
ixT2FbvPYJ,DE,44.0,Men,0.0,0.0,1.5,3.0,100.0,75.0,0.0
kvDb6OuANF,GB,27.0,Men,0.0,0.0,2.727272727272727,5.0,100.0,100.0,0.0
8SXUqItCLU,DE,37.0,Women,10.0,2.0,3.466666666666667,13.0,100.0,100.0,0.0
N5UZsgGAWH,JP,39.0,Women,0.0,0.0,2.0,10.0,100.0,75.0,0.0
yrzdmQw0hZ,GB,61.0,Men,2.8,1.0,1.8333333333333333,4.125,100.0,100.0,12.5
aEzkyOMzax,US,23.0,Men,20.0,3.0,3.6666666666666665,11.0,100.0,75.0,0.0
Saxtv9n7IM,GB,39.0,Men,0.0,0.0,3.0,7.5,100.0,75.0,0.0
09i4Mv7Wnh,US,39.0,Women,0.0,0.0,1.0,1.0,100.0,25.0,0.0
w3NqZdhsbj,DE,47.0,Men,0.0,0.0,1.3333333333333333,2.0,100.0,0.0,0.0
sGqQEZWS9p,US,39.0,Men,0.0,0.0,1.5,3.0,100.0,0.0,0.0
GXb8lbY1cG,DE,24.0,Men,0.0,0.0,1.3333333333333333,2.0,100.0,50.0,0.0
u4pz1IeDwn,US,41.0,Women,0.0,0.0,1.75,2.3333333333333335,100.0,50.0,0.0
eIhsImWCj2,US,54.0,Men,0.0,0.0,7.333333333333333,40.333333333333336,100.0,100.0,37.5
3lajeGWph5,US,62.0,Men,0.0,0.0,1.6666666666666667,2.5,100.0,25.0,0.0
i3GBPiZpGR,DE,24.0,Men,0.0,0.0,2.6666666666666665,4.0,100.0,50.0,0.0
ORTLPpsD2S,US,32.0,Men,4.0,1.0,2.25,4.5,100.0,0.0,0.0
xZCFsG2z3I,DE,39.0,Women,0.0,0.0,5.8,14.5,100.0,100.0,0.0
hTfLHRaisc,DE,39.0,Women,0.0,0.0,1.0,1.0,100.0,50.0,0.0
UuOdfXyosz,DE,39.0,Women,0.0,0.0,5.0,10.0,100.0,50.0,0.0
DIfHZLzwdt,DE,39.0,Women,23.0,4.0,3.4,22.666666666666668,100.0,100.0,37.5
rg3luz7s42,DE,39.0,Men,0.0,0.0,1.0,3.0,100.0,25.0,0.0
bGZ4McpVnG,DE,35.0,Women,0.0,0.0,1.5,3.0,100.0,50.0,0.0
DkfBOtdBse,DE,38.0,Women,44.0,11.0,3.6666666666666665,16.5,100.0,75.0,0.0
1qsqOL0xYb,US,34.0,Men,0.0,0.0,1.0,2.0,100.0,25.0,0.0
lLtQDbRnKW,US,39.0,Men,0.0,0.0,1.6,4.0,100.0,50.0,0.0
DBXhxvcv6N,DE,39.0,Women,4.0,1.0,4.5,9.0,100.0,75.0,0.0
hHGvpBCq0r,JP,39.0,Men,0.0,0.0,1.0,1.0,100.0,25.0,0.0
JK7aemRm7K,JP,39.0,Women,0.0,0.0,1.8888888888888888,5.666666666666667,100.0,75.0,0.0
AkzuohF5xN,DE,54.0,Men,0.0,0.0,6.571428571428571,23.0,100.0,75.0,0.0
UUY17egjIP,US,41.0,Men,0.0,0.0,1.0,1.0,100.0,0.0,0.0
8GifAvgbh8,US,48.0,Women,0.0,0.0,2.375,6.333333333333333,100.0,50.0,0.0
tyrscxNQZ9,US,46.0,Women,0.0,0.0,2.5833333333333335,15.5,100.0,100.0,37.5
FOoX1BVDi3,DE,28.0,Men,0.0,0.0,5.0,10.0,100.0,75.0,0.0
FxAwicXJuA,GB,42.0,Men,0.0,0.0,2.2,11.0,100.0,75.0,0.0
m1bWSI9xHK,GB,39.0,Women,0.0,0.0,5.8125,31.0,100.0,100.0,37.5
9b60KRYVp1,DE,30.0,Women,0.0,0.0,1.3333333333333333,4.0,100.0,75.0,0.0
qHtF09bDyq,GB,39.0,Men,0.0,0.0,2.0,4.0,100.0,50.0,0.0
8WlD1fiLPx,US,44.0,Men,0.0,0.0,2.652173913043478,15.25,100.0,100.0,0.0
KnUcIT1frr,GB,39.0,Women,0.0,0.0,1.0,1.0,50.0,0.0,0.0
YXuXkYsbeL,GB,52.0,Men,0.0,0.0,5.0,5.0,100.0,50.0,0.0
Fnhj1zw3vG,US,44.0,Men,0.0,0.0,1.0,2.0,50.0,0.0,0.0
WZLjQuRMBw,GB,43.0,Men,0.0,0.0,2.125,4.25,100.0,100.0,0.0
kuUwYlkpr9,GB,42.0,Men,23.8,8.0,8.054054054054054,49.666666666666664,100.0,100.0,100.0
TLXGCI9zMW,GB,28.0,Women,0.0,0.0,2.5,5.0,100.0,50.0,0.0
4kCn8G11iF,GB,39.0,Women,0.0,0.0,3.0,6.6,100.0,100.0,12.5
vHTfR5RMt7,US,52.0,Women,0.0,0.0,1.0,2.0,100.0,25.0,0.0
15YHXnEeFF,US,40.0,Men,0.0,0.0,1.0,1.0,100.0,25.0,0.0
MNt5wc06ej,DE,56.0,Women,10.0,2.0,3.0,6.75,100.0,100.0,0.0
TX4SusXL5j,GB,54.0,Men,72.24,23.0,3.813953488372093,23.428571428571427,100.0,100.0,87.5
gKQbOlBSft,DE,39.0,Men,0.0,0.0,2.0,2.0,100.0,100.0,0.0
RXMN969Z5h,US,39.0,Men,0.0,0.0,1.75,3.5,100.0,50.0,0.0
D99M4QF21q,DE,39.0,Women,0.0,0.0,1.0,1.0,100.0,0.0,0.0
AoCEknOHk8,DE,26.0,Women,4.0,1.0,1.2,2.0,100.0,50.0,0.0
FKcjCA59v7,DE,45.0,Men,4.0,1.0,3.0,3.0,100.0,75.0,0.0
wFpILUskT1,US,41.0,Women,0.0,0.0,1.5,1.5,100.0,50.0,0.0
DNd3MY1pLJ,US,39.0,Women,0.0,0.0,1.0,1.0,100.0,25.0,0.0
LgOktGCbhO,DE,23.0,Men,4.0,1.0,1.6666666666666667,3.75,100.0,100.0,0.0
biMY0yvzBt,US,30.0,Women,0.0,0.0,3.0,6.0,100.0,25.0,0.0
ybI06KyY0s,DE,42.0,Men,4.0,1.0,1.0,1.0,100.0,100.0,0.0
8AoA5mkCT5,US,37.0,Men,0.0,0.0,2.838709677419355,11.0,100.0,100.0,12.5
JVAiR6p1A0,DE,51.0,Men,0.0,0.0,3.75,15.0,100.0,75.0,0.0
2lIsdamk22,GB,59.0,Men,0.0,0.0,1.5,1.5,100.0,50.0,0.0
DfTaginrDZ,GB,53.0,Men,0.0,0.0,1.5,3.0,100.0,50.0,0.0
6Ij6P4CCfh,GB,49.0,Women,0.0,0.0,2.076923076923077,9.0,100.0,50.0,0.0
YrfDIRV0ur,US,44.0,Men,0.0,0.0,1.0,2.0,100.0,0.0,0.0
CRbg3VqDVY,DE,31.0,Men,0.0,0.0,3.0952380952380953,16.25,100.0,100.0,12.5
MK77NuPn47,US,39.0,Men,0.0,0.0,3.0,3.0,100.0,25.0,0.0
AEOHaIRqfe,US,30.0,Women,0.0,0.0,1.7777777777777777,4.0,100.0,50.0,0.0
3LULUv6Uiv,DE,34.0,Men,0.0,0.0,1.75,7.0,100.0,75.0,0.0
36czWaQ9yD,GB,41.0,Women,2.8,1.0,6.75,13.5,100.0,100.0,0.0
NaerIr28hL,DE,21.0,Women,0.0,0.0,3.75,15.0,100.0,100.0,12.5
nPolgbwXKJ,DE,39.0,Women,0.0,0.0,1.0,1.0,100.0,50.0,0.0
RMAYaYRPog,GB,39.0,Men,0.0,0.0,3.8823529411764706,13.2,100.0,100.0,0.0
tdD4J0uvWZ,DE,41.0,Women,10.0,2.0,2.5555555555555554,11.5,100.0,100.0,0.0
nmGSBe9XHE,GB,40.0,Men,0.0,0.0,1.0,1.0,50.0,0.0,0.0
wTSblqkxvr,GB,39.0,Women,0.0,0.0,6.285714285714286,14.666666666666666,100.0,75.0,0.0
zAvrJ86rsh,DE,18.0,Men,0.0,0.0,1.0,1.0,100.0,0.0,0.0
8FPe4kUD96,GB,39.0,Women,0.0,0.0,3.0,18.0,100.0,100.0,12.5
eZNhYr82lP,US,39.0,Men,0.0,0.0,1.0,1.0,50.0,0.0,0.0
gcZgt637Nx,GB,64.0,Women,0.0,0.0,3.066666666666667,18.4,100.0,100.0,50.0
lB6XCROsC2,DE,44.0,Women,0.0,0.0,1.0,2.0,100.0,75.0,0.0
CiybSwFUXn,GB,39.0,Men,19.599998,5.0,3.375,13.5,100.0,100.0,12.5
uJnImd47Vh,US,43.0,Women,35.0,8.0,4.0,10.285714285714286,100.0,75.0,0.0
T5A4dp9MLl,GB,32.0,Women,2.8,1.0,4.785714285714286,22.333333333333332,100.0,100.0,25.0
4zPrCG85NM,US,45.0,Women,0.0,0.0,3.0,6.0,100.0,50.0,0.0
dJfEtRx6BJ,DE,39.0,Men,0.0,0.0,1.0,1.0,50.0,0.0,0.0
RG94W9gKVW,DE,39.0,Men,4.0,1.0,1.9583333333333333,6.714285714285714,100.0,100.0,25.0
iYwIt2RwNx,US,39.0,Men,0.0,0.0,1.0,1.5,50.0,0.0,0.0
0dqFY2Xbw2,DE,37.0,Women,0.0,0.0,2.7777777777777777,10.0,100.0,100.0,12.5
9N0KOL94rt,DE,31.0,Women,0.0,0.0,1.0,1.5,100.0,75.0,0.0
wauuSZALuV,US,39.0,Women,0.0,0.0,1.5,3.0,100.0,0.0,0.0
3HobxqCzhQ,US,33.0,Men,4.0,1.0,2.0,6.0,100.0,75.0,0.0
0figpaFBUh,US,52.0,Men,4.0,1.0,5.5,11.0,100.0,25.0,0.0
NW8JaN5k1C,US,65.0,Women,0.0,0.0,3.3157894736842106,12.6,50.0,0.0,0.0
KsyAUssbch,DE,45.0,Women,4.0,1.0,4.195121951219512,28.666666666666668,100.0,100.0,75.0
mmi7kWmaZY,GB,35.0,Men,0.0,0.0,2.0,4.0,100.0,75.0,0.0
xtxuy09ZPp,US,39.0,Men,0.0,0.0,2.3333333333333335,3.5,100.0,25.0,0.0
lxQsMDJzO0,DE,47.0,Men,4.0,1.0,2.8529411764705883,13.857142857142858,100.0,100.0,50.0
xFH8xRMNiS,US,47.0,Women,0.0,0.0,1.6666666666666667,1.6666666666666667,100.0,75.0,0.0
LACy9WhcyG,GB,39.0,Men,0.0,0.0,6.0,9.0,100.0,75.0,0.0
HmvFQpVGWr,US,42.0,Women,4.4,1.0,1.0,2.0,100.0,0.0,0.0
zerfopJeXX,US,46.0,Women,0.0,0.0,1.0,1.0,50.0,0.0,0.0
wmemYSnfUc,DE,49.0,Women,4.0,1.0,7.714285714285714,54.0,100.0,100.0,37.5
IVppfEIV0Z,GB,27.0,Men,0.0,0.0,1.0,1.0,50.0,0.0,0.0
DMEV9r1FQt,DE,39.0,Women,0.0,0.0,5.25,21.0,100.0,100.0,12.5
1vDYREI0G3,US,32.0,Women,4.0,1.0,1.0,2.0,100.0,25.0,0.0
pWRcv0ZX68,GB,39.0,Men,0.0,0.0,1.0,2.0,100.0,0.0,0.0
TjmBAvhiqK,US,63.0,Men,4.0,1.0,2.0,2.0,100.0,25.0,0.0
cVM4Lr8VJh,GB,56.0,Women,0.0,0.0,1.4545454545454546,3.2,100.0,100.0,0.0
OLbeAOrlfA,GB,45.0,Men,0.0,0.0,1.0,1.0,100.0,75.0,0.0
98TBfjSneU,GB,28.0,Men,2.8,1.0,2.0,2.0,100.0,50.0,0.0
Lem6P4WA2H,US,25.0,Women,0.0,0.0,5.0,5.0,100.0,25.0,0.0
ESWMdlFqMT,GB,32.0,Men,0.0,0.0,1.0,1.0,100.0,25.0,0.0
RqYvNMnMUd,GB,39.0,Men,2.8,1.0,7.5,30.0,100.0,100.0,0.0
DdBaWLXjbV,US,48.0,Women,0.0,0.0,2.5,5.0,100.0,25.0,0.0
SVxMa90QVf,GB,39.0,Men,0.0,0.0,1.0,2.0,100.0,50.0,0.0
81mnF8l275,US,34.0,Women,0.0,0.0,1.5,3.0,100.0,25.0,0.0
09uryXBDxP,US,23.0,Women,4.0,1.0,1.6666666666666667,5.0,100.0,0.0,0.0
6wtHEMus5s,US,20.0,Women,0.0,0.0,2.0,2.0,100.0,25.0,0.0
5ZoTXWoEof,US,36.0,Women,4.0,1.0,2.5,7.142857142857143,100.0,75.0,0.0
GW3cLRAtUL,DE,39.0,Men,0.0,0.0,8.333333333333334,50.0,100.0,100.0,37.5
jyqHFa5T3b,DE,39.0,Women,0.0,0.0,2.090909090909091,7.666666666666667,100.0,100.0,0.0
j5OCbxN2UH,US,39.0,Men,0.0,0.0,2.0,2.0,100.0,25.0,0.0
6mlcXOpVOE,DE,39.0,Men,0.0,0.0,3.0,3.0,100.0,0.0,0.0
0sepsStleK,DE,24.0,Women,0.0,0.0,2.25,4.5,100.0,100.0,0.0
74jfiv1Ebr,US,39.0,Men,0.0,0.0,3.9285714285714284,22.0,100.0,100.0,37.5
rX9a4TLi16,JP,99.0,Women,6.2999997,3.0,4.5,18.0,100.0,75.0,0.0
SHnrgA9vpJ,GB,44.0,Women,2.8,1.0,1.8181818181818181,10.0,100.0,100.0,0.0
KEIM3l8PX8,DE,37.0,Women,0.0,0.0,2.8,7.0,100.0,100.0,0.0
AvhSsEVNgc,US,43.0,Men,0.0,0.0,1.0,2.0,50.0,0.0,0.0
wewfbLJYSs,US,40.0,Women,0.0,0.0,1.1818181818181819,2.1666666666666665,100.0,25.0,0.0
Iww4JYGbHQ,DE,40.0,Men,0.0,0.0,2.0,2.0,100.0,0.0,0.0
XAVF4t6VdF,GB,41.0,Men,0.0,0.0,9.653846153846153,62.75,100.0,75.0,0.0
WdHikIPv4r,GB,33.0,Women,0.0,0.0,3.0,6.0,100.0,75.0,0.0
XCu2EnAUi5,GB,45.0,Men,0.0,0.0,6.466666666666667,32.333333333333336,100.0,75.0,0.0
zL7CdiH5Z4,DE,39.0,Women,0.0,0.0,2.0,14.0,100.0,100.0,0.0
DT0y3jWCGQ,US,29.0,Men,4.0,1.0,2.5,7.5,100.0,50.0,0.0
9Z1ECO8cgu,US,39.0,Men,4.0,1.0,2.0,4.0,100.0,50.0,0.0
t0KlBvIzFy,US,51.0,Men,0.0,0.0,1.736842105263158,5.5,100.0,100.0,0.0
dpFHcS3Ik2,GB,46.0,Women,0.0,0.0,3.1538461538461537,10.25,100.0,100.0,25.0
26XN4KoirV,US,36.0,Women,0.0,0.0,3.0,4.5,100.0,50.0,0.0
GJSA1zZNLl,US,38.0,Men,0.0,0.0,4.5,9.0,50.0,0.0,0.0
KRaxwPcztW,DE,39.0,Women,0.0,0.0,2.475,14.142857142857142,100.0,100.0,37.5
Lrdks5itU6,DE,25.0,Women,0.0,0.0,2.5,7.5,100.0,50.0,0.0
fiEE2wzOqh,DE,42.0,Men,0.0,0.0,2.3333333333333335,3.5,100.0,25.0,0.0
fZVpjbCCSQ,US,73.0,Women,0.0,0.0,1.5,1.5,50.0,0.0,0.0
elfmQt5YjM,GB,39.0,Men,0.0,0.0,5.0,5.0,100.0,50.0,0.0
sRjSwZr45M,DE,32.0,Men,4.0,1.0,5.857142857142857,34.166666666666664,100.0,100.0,62.5
xNvHmP0M3s,US,23.0,Men,0.0,0.0,1.0,1.0,50.0,0.0,0.0
CwgodX0EvJ,US,48.0,Men,0.0,0.0,3.0,3.0,100.0,25.0,0.0
lF1iVx4can,DE,43.0,Women,0.0,0.0,1.0,1.0,100.0,50.0,0.0
zdWA7NlCzO,DE,47.0,Men,4.0,1.0,5.75,11.5,100.0,100.0,0.0
7ZRm7KPr5x,GB,37.0,Men,0.0,0.0,4.0,4.0,100.0,25.0,0.0
9wornJMpkP,US,40.0,Women,4.0,1.0,9.0,9.0,100.0,25.0,0.0
uCCM28gdsS,GB,56.0,Women,14.0,3.0,1.3333333333333333,2.0,100.0,75.0,0.0
70UTBkbQmP,DE,39.0,Men,0.0,0.0,2.0,2.0,50.0,0.0,0.0
q1KKk7QQUY,GB,31.0,Men,7.0,2.0,1.1428571428571428,1.6,100.0,100.0,0.0
MZYiazriGX,GB,34.0,Men,0.0,0.0,1.0,1.0,100.0,0.0,0.0
8waXkwTwCg,US,39.0,Women,0.0,0.0,2.0,3.0,100.0,25.0,0.0
VyLAP8376m,DE,39.0,Women,0.0,0.0,2.0,2.0,50.0,0.0,0.0
fdtHKa98cl,GB,39.0,Women,0.0,0.0,3.275,18.714285714285715,100.0,100.0,50.0
fevxKyYN3G,GB,39.0,Men,0.0,0.0,1.0,1.0,50.0,0.0,0.0
B4AldiQA2R,DE,39.0,Women,0.0,0.0,1.625,3.25,100.0,100.0,0.0
y0NY9IcYrZ,US,29.0,Women,0.0,0.0,2.0,2.0,100.0,25.0,0.0
DuLQQgQzRN,DE,50.0,Women,4.0,1.0,9.5,9.5,50.0,0.0,0.0
qYmkM04GlQ,US,39.0,Men,0.0,0.0,1.1666666666666667,1.4,100.0,25.0,0.0
S3FzXsSef5,GB,42.0,Men,0.0,0.0,6.5,13.0,100.0,100.0,0.0
RbxsS4QsYE,US,54.0,Men,0.0,0.0,2.0,2.0,50.0,0.0,0.0
yExDtzLwAv,DE,35.0,Women,20.0,3.0,6.3023255813953485,38.714285714285715,100.0,100.0,12.5
xB7FR2Xq7K,DE,39.0,Women,0.0,0.0,4.625,18.5,100.0,100.0,0.0
wZ7VyU3Tcg,US,31.0,Men,0.0,0.0,2.0,2.0,100.0,25.0,0.0
GJnHP6Mgbd,DE,58.0,Men,4.0,1.0,2.2,11.0,100.0,75.0,0.0
1Avo5XzKn2,DE,32.0,Women,4.0,1.0,3.7777777777777777,11.333333333333334,100.0,100.0,0.0
fdKPDeSP39,DE,39.0,Men,0.0,0.0,1.5,1.5,100.0,25.0,0.0
LLZ67Xq1pt,US,39.0,Women,0.0,0.0,1.0,1.0,50.0,0.0,0.0
l4qDyLQkIt,US,34.0,Men,0.0,0.0,3.75,15.0,100.0,75.0,0.0
eMYwbEPCcO,GB,37.0,Men,0.0,0.0,2.3333333333333335,3.5,100.0,50.0,0.0
kWosiFLKEm,US,53.0,Men,29.0,6.0,4.741935483870968,24.5,100.0,100.0,37.5
r2JF7YIPoS,GB,39.0,Women,2.8,1.0,5.0,23.333333333333332,100.0,100.0,25.0
HOXnz1vSsK,GB,40.0,Men,22.4,6.0,15.0,15.0,100.0,50.0,0.0
gyzvbHRmfr,US,39.0,Men,0.0,0.0,1.8333333333333333,4.4,100.0,75.0,0.0
aswsWlTW2I,US,46.0,Women,0.0,0.0,2.484848484848485,16.4,100.0,100.0,37.5
O7WJXktUHx,US,40.0,Men,4.0,1.0,3.5,7.0,100.0,50.0,0.0
nhRJ4i4Ndi,DE,39.0,Men,0.0,0.0,1.0,1.0,50.0,0.0,0.0
mR7XUGYYC8,DE,37.0,Men,0.0,0.0,2.857142857142857,10.0,100.0,100.0,12.5
ZnRXttRsno,US,39.0,Women,4.0,1.0,3.5,7.0,100.0,25.0,0.0
OLjBVy8E56,DE,58.0,Men,0.0,0.0,4.0,4.0,50.0,0.0,0.0
309v0fEGnQ,DE,41.0,Women,0.0,0.0,1.2,2.0,100.0,100.0,25.0
8k8FmLnHVh,DE,34.0,Women,4.0,1.0,3.347826086956522,22.0,100.0,100.0,50.0
yodMgSWQsF,US,27.0,Men,0.0,0.0,1.0,1.0,50.0,0.0,0.0
bpT2r8uHmP,DE,29.0,Men,0.0,0.0,1.0,3.0,100.0,50.0,0.0
K9ZyQDhqmW,DE,30.0,Men,0.0,0.0,2.8947368421052633,11.0,100.0,100.0,12.5
0BSe8ph3Pv,US,34.0,Men,0.0,0.0,3.6,6.0,100.0,50.0,0.0
3c4NmMsZ32,US,40.0,Women,4.0,1.0,2.88,16.0,100.0,0.0,0.0
1WzL6QoV1j,DE,38.0,Women,0.0,0.0,1.7272727272727273,4.75,50.0,0.0,0.0
HUTDiycYoN,US,24.0,Women,10.0,2.0,1.4285714285714286,2.5,100.0,50.0,0.0
nHDei1OPHV,DE,39.0,Men,0.0,0.0,1.6363636363636365,6.0,100.0,100.0,50.0
coovq8ppJk,US,39.0,Women,26.0,5.0,6.9,34.5,100.0,100.0,25.0
8aFC1avyUm,GB,42.0,Women,0.0,0.0,4.5,9.0,100.0,100.0,0.0
e8YZ27Fuiy,DE,39.0,Men,0.0,0.0,1.0,1.0,50.0,0.0,0.0
jnNyTmA8L5,US,47.0,Women,0.0,0.0,1.0,1.0,100.0,25.0,0.0
XyCp1rG1Zv,US,45.0,Men,0.0,0.0,1.6666666666666667,2.5,100.0,50.0,0.0
OBVsytq9dd,DE,74.0,Men,0.0,0.0,1.6808510638297873,9.875,100.0,100.0,25.0
9x8M5FdzKb,US,47.0,Women,4.0,1.0,1.0,1.0,100.0,50.0,0.0
3mZQDH66Nr,DE,23.0,Women,0.0,0.0,2.0,8.0,100.0,50.0,0.0
KIYo8UQBYP,DE,33.0,Men,0.0,0.0,1.3333333333333333,4.0,100.0,50.0,0.0
iyW54qS7uL,GB,38.0,Men,0.0,0.0,2.0454545454545454,9.0,100.0,25.0,0.0
VluYLnXXW2,DE,21.0,Women,0.0,0.0,7.75,31.0,100.0,100.0,12.5
tTX5s17NEZ,US,31.0,Women,0.0,0.0,1.0,1.0,100.0,25.0,0.0
pv3eI6tDvS,US,49.0,Women,0.0,0.0,2.0,2.0,100.0,25.0,0.0
VBjbmnjcEs,GB,58.0,Men,0.0,0.0,2.75,11.0,100.0,75.0,0.0
EuvRgjawMG,GB,48.0,Women,0.0,0.0,7.909090909090909,43.5,100.0,100.0,37.5
R8VuXMF9pr,GB,34.0,Men,0.0,0.0,2.25,4.5,100.0,75.0,0.0
7HnMBv4Adn,DE,39.0,Men,0.0,0.0,2.25,9.0,100.0,75.0,0.0
em1dn5Fyo6,DE,29.0,Women,4.0,1.0,2.0833333333333335,8.333333333333334,100.0,100.0,0.0
NyK9k6q3IX,US,44.0,Men,0.0,0.0,1.1428571428571428,2.6666666666666665,100.0,75.0,0.0
lUhLmyDDjv,US,39.0,Women,0.0,0.0,5.5,5.5,100.0,50.0,0.0
CpmrzibomC,US,27.0,Men,0.0,0.0,2.25,4.5,100.0,50.0,0.0
BpfyfaLvpW,JP,29.0,Women,2.0,1.0,2.111111111111111,9.5,100.0,50.0,0.0
UqjRNDgeht,JP,47.0,Women,0.0,0.0,1.0625,6.8,100.0,25.0,0.0
YM9iw25wbM,US,23.0,Men,0.0,0.0,7.0,14.0,100.0,50.0,0.0
97i3Cnwitz,JP,37.0,Men,0.0,0.0,1.6,5.333333333333333,100.0,75.0,0.0
LpeF5KvlmC,GB,55.0,Women,2.8,1.0,2.037037037037037,9.166666666666666,100.0,100.0,0.0
TeVxO8tvWZ,DE,20.0,Men,20.0,3.0,1.6,2.6666666666666665,100.0,50.0,0.0
yesU4TUrUC,DE,41.0,Women,23.0,4.0,4.090909090909091,15.0,100.0,100.0,37.5
AZ9lvz8qlp,US,29.0,Men,0.0,0.0,2.6666666666666665,8.0,100.0,25.0,0.0
tvkdRnZyO5,GB,43.0,Men,19.599998,5.0,3.4285714285714284,12.0,100.0,75.0,0.0
VxNb07YJKU,US,31.0,Men,4.4,1.0,2.8333333333333335,3.4,100.0,50.0,0.0
vDmM3S1PNK,JP,39.0,Women,0.0,0.0,2.0,2.0,100.0,25.0,0.0
n6HCXDXlFo,DE,33.0,Women,0.0,0.0,1.5,3.0,100.0,25.0,0.0
1s1ZIHBCrA,DE,41.0,Women,4.0,1.0,3.4,8.5,50.0,0.0,0.0
K72o7aGDj3,DE,39.0,Men,0.0,0.0,1.375,2.2,100.0,50.0,0.0
FYx5vqQ2lk,GB,46.0,Women,0.0,0.0,1.3636363636363635,5.0,100.0,0.0,0.0
vTI1viBB1f,GB,34.0,Men,2.8,1.0,2.0,2.0,100.0,25.0,0.0
ijlJGJV5fl,JP,18.0,Women,0.0,0.0,4.0,4.0,100.0,25.0,0.0
fHASfPRi9h,DE,37.0,Men,0.0,0.0,2.0,6.0,100.0,50.0,0.0
JzHmk6MqKk,US,32.0,Men,0.0,0.0,1.75,2.3333333333333335,100.0,50.0,0.0
LxSNwgVCgt,DE,36.0,Men,0.0,0.0,2.5,5.0,50.0,0.0,0.0
32oI12zE7l,GB,49.0,Men,2.8,1.0,2.0,4.0,100.0,50.0,0.0
pLvoWBVPWF,US,52.0,Men,0.0,0.0,1.0,1.0,100.0,25.0,0.0
FTLvhkzsPU,US,50.0,Women,0.0,0.0,1.0,1.0,100.0,0.0,0.0
mnJeshhT1B,GB,32.0,Women,7.0,2.0,2.5,5.0,100.0,75.0,0.0
LrqM4qfnfH,DE,39.0,Men,0.0,0.0,8.0,8.0,100.0,50.0,0.0
NJSCJbxu3y,DE,52.0,Women,0.0,0.0,3.3333333333333335,16.666666666666668,100.0,100.0,25.0
X1dANm6Iq1,GB,29.0,Women,0.0,0.0,6.0,6.0,100.0,25.0,0.0
AYrTQOnfOh,DE,43.0,Men,0.0,0.0,3.5,3.5,100.0,75.0,0.0
YqWwhOY5J8,US,51.0,Men,4.0,1.0,2.0,6.666666666666667,100.0,100.0,12.5
1iha6xQg4s,US,43.0,Men,0.0,0.0,1.5,3.0,100.0,25.0,0.0
IyTvsTivMm,US,48.0,Women,4.0,1.0,2.8333333333333335,5.666666666666667,100.0,50.0,0.0
wZTwynnxPw,US,39.0,Men,0.0,0.0,2.8947368421052633,18.333333333333332,100.0,100.0,50.0
7Hj6UaUuGR,GB,33.0,Men,0.0,0.0,1.9,4.75,100.0,75.0,0.0
cP9fPDYCsl,US,39.0,Men,0.0,0.0,1.5,3.0,100.0,50.0,0.0
7oTdnHFg71,DE,39.0,Men,0.0,0.0,5.083333333333333,20.333333333333332,100.0,100.0,50.0
C8Q6SaZork,JP,39.0,Men,6.2999997,3.0,4.0,4.0,100.0,25.0,0.0
nV1HuiS9yk,GB,45.0,Women,0.0,0.0,3.5319148936170213,20.75,100.0,100.0,50.0
EyPMNU8ME8,GB,38.0,Women,2.8,1.0,5.684210526315789,36.0,100.0,25.0,0.0
gUrHpjeYyV,US,22.0,Women,0.0,0.0,1.0,1.0,100.0,25.0,0.0
k39pNZJEF6,DE,49.0,Men,0.0,0.0,1.0,1.0,50.0,0.0,0.0
BR4EdGd83K,US,39.0,Women,0.0,0.0,2.0,2.0,100.0,25.0,0.0
7hbzJ8TwIl,US,41.0,Women,23.0,4.0,1.5,4.0,100.0,75.0,0.0
ILEuoh4iuf,GB,39.0,Men,0.0,0.0,3.5,7.0,100.0,100.0,0.0
8fKcrnJgWt,US,61.0,Men,0.0,0.0,3.142857142857143,11.0,100.0,75.0,0.0
t9DzCbCgO8,US,39.0,Men,4.0,1.0,1.7142857142857142,4.0,100.0,50.0,0.0
WHFFu79WY0,US,58.0,Men,0.0,0.0,3.53125,18.833333333333332,100.0,100.0,12.5
AG10WwmvUS,DE,53.0,Men,0.0,0.0,2.3333333333333335,3.5,100.0,50.0,0.0
VYFIE5prWP,GB,48.0,Men,19.6,5.0,2.4634146341463414,12.625,100.0,100.0,25.0
SoaeuGDvi7,US,34.0,Men,0.0,0.0,2.2,8.25,100.0,100.0,0.0
SnLIxSmSEG,DE,37.0,Men,0.0,0.0,3.5,3.5,100.0,50.0,0.0
jtJNqqxiKT,DE,36.0,Women,0.0,0.0,5.0,5.0,100.0,50.0,0.0
nk9NINJ88x,GB,56.0,Women,0.0,0.0,4.0,4.0,100.0,50.0,0.0
oXxqoyLsbK,GB,39.0,Women,0.0,0.0,2.0,2.0,50.0,0.0,0.0
0kSoSxsPHj,US,23.0,Women,35.0,8.0,4.75,9.5,100.0,75.0,0.0
Gaw5K9ngpW,GB,39.0,Men,19.599998,5.0,3.642857142857143,25.5,100.0,100.0,62.5
HacI2HyeHC,GB,31.0,Women,0.0,0.0,1.9166666666666667,7.666666666666667,100.0,100.0,0.0
LqGLlK02XG,US,41.0,Men,0.0,0.0,1.25,2.5,100.0,50.0,0.0
JiUQ3dRvaR,US,39.0,Men,0.0,0.0,2.0,2.0,100.0,25.0,0.0
Xp0PQHQTMF,US,39.0,Women,0.0,0.0,1.25,2.5,100.0,50.0,0.0
r1EfNSO59T,GB,43.0,Men,0.0,0.0,2.0,4.0,100.0,50.0,0.0
ku9IpZhz3s,DE,34.0,Women,0.0,0.0,4.964285714285714,27.8,100.0,100.0,37.5
vTys1NTdwY,US,39.0,Men,0.0,0.0,2.0,2.0,100.0,25.0,0.0
rMZAewRBji,GB,50.0,Men,0.0,0.0,2.2857142857142856,5.333333333333333,50.0,0.0,0.0
08zP6xnqxR,US,46.0,Women,0.0,0.0,3.3333333333333335,5.0,100.0,25.0,0.0
UB5I4qr7Dl,DE,39.0,Men,0.0,0.0,2.5217391304347827,11.6,100.0,100.0,0.0
SBi2QXll0g,US,39.0,Men,0.0,0.0,1.0,1.0,100.0,0.0,0.0
GteiIGCwR3,DE,39.0,Women,0.0,0.0,2.7916666666666665,13.4,100.0,100.0,25.0
pg0CbXSfJt,JP,27.0,Women,0.0,0.0,1.5,3.0,100.0,25.0,0.0
tBUJ4IIP0z,GB,31.0,Men,0.0,0.0,3.0,3.0,100.0,50.0,0.0
uVqHCQKBKf,US,53.0,Men,0.0,0.0,1.0,1.0,100.0,0.0,0.0
ctgqWgd1Xx,US,37.0,Women,0.0,0.0,1.0,1.0,100.0,25.0,0.0
SK8iJoum8u,DE,39.0,Women,0.0,0.0,1.0,1.0,100.0,50.0,0.0
0KupOV7jwy,DE,30.0,Women,26.0,5.0,4.157894736842105,26.333333333333332,100.0,100.0,25.0
NnrrANalDe,GB,51.0,Men,0.0,0.0,1.0,1.0,50.0,0.0,0.0
kOgA5qAuVP,US,39.0,Men,0.0,0.0,1.0,1.0,50.0,0.0,0.0
nGG5ujuaX7,GB,39.0,Women,0.0,0.0,2.0,4.0,50.0,0.0,0.0
8DwwmOu3D9,US,39.0,Men,0.0,0.0,1.0,1.0,100.0,25.0,0.0
9qteUFWE6w,US,39.0,Men,0.0,0.0,2.5,5.0,100.0,25.0,0.0
LGa1d3aD7A,DE,21.0,Women,0.0,0.0,5.5,11.0,100.0,50.0,0.0
3MSTSTNOC9,GB,64.0,Women,0.0,0.0,3.8333333333333335,15.333333333333334,100.0,100.0,12.5
RwEzQL50Ep,GB,45.0,Men,0.0,0.0,2.0,3.0,100.0,50.0,0.0
b9ymoEXZsY,GB,26.0,Men,14.0,3.0,7.0,14.0,50.0,0.0,0.0
eYmgxBt6kM,GB,48.0,Men,0.0,0.0,2.0,2.0,50.0,0.0,0.0
6CyvBWvg9P,DE,36.0,Men,4.0,1.0,2.923076923076923,15.2,100.0,100.0,12.5
9D5Uxnyo61,DE,39.0,Men,0.0,0.0,2.5,5.0,100.0,25.0,0.0
Q9RqAXri3B,GB,39.0,Men,0.0,0.0,2.3333333333333335,3.5,100.0,50.0,0.0
P4K7QRlDnB,DE,56.0,Men,0.0,0.0,4.0,4.0,100.0,50.0,0.0
TnmHTEqPaU,US,34.0,Men,0.0,0.0,2.9444444444444446,10.6,100.0,0.0,0.0
YGytOJbGWV,GB,62.0,Women,0.0,0.0,7.853658536585366,53.666666666666664,100.0,100.0,62.5
EvNtdacscS,US,45.0,Men,0.0,0.0,1.6666666666666667,6.666666666666667,100.0,100.0,12.5
dWVWEM9R3L,GB,39.0,Women,0.0,0.0,4.0,4.0,100.0,0.0,0.0
BM3wagSi7J,DE,18.0,Women,0.0,0.0,3.3333333333333335,5.0,100.0,50.0,0.0
JEv0EjRtm2,GB,43.0,Men,2.8,1.0,3.4,5.666666666666667,100.0,75.0,0.0
p02J2v6a48,DE,66.0,Women,0.0,0.0,3.0,6.0,100.0,75.0,0.0
iBzh0aWA2i,US,39.0,Women,4.0,1.0,3.0,7.5,100.0,100.0,37.5
xAWYXdYgeS,US,38.0,Women,4.0,1.0,3.4782608695652173,16.0,100.0,100.0,25.0
F7nHFHge1u,GB,22.0,Men,0.0,0.0,3.0,3.0,100.0,50.0,0.0
NEngZN1IdJ,DE,39.0,Men,0.0,0.0,2.0,2.0,100.0,0.0,0.0
09tt18nXrd,DE,57.0,Men,4.0,1.0,5.0588235294117645,28.666666666666668,100.0,100.0,37.5
N7HHDQo9LK,GB,39.0,Women,0.0,0.0,1.0,1.0,100.0,50.0,0.0
KYpQMEZRui,DE,32.0,Men,4.4,1.0,2.6666666666666665,4.0,100.0,25.0,0.0
MRPSEeBJ5l,US,42.0,Men,0.0,0.0,1.8333333333333333,3.6666666666666665,100.0,50.0,0.0
jG7x9zrEVx,US,51.0,Women,4.0,1.0,1.8,2.25,100.0,100.0,0.0
idyVdET0hM,DE,39.0,Men,0.0,0.0,1.0,2.0,50.0,0.0,0.0
535a8cGHnu,DE,34.0,Men,0.0,0.0,6.888888888888889,37.2,100.0,100.0,50.0
NFTSq9dbFB,US,39.0,Women,0.0,0.0,6.0,6.0,100.0,25.0,0.0
LP4zky6JDU,US,49.0,Men,0.0,0.0,3.0,11.571428571428571,100.0,100.0,37.5
BJbyxnye9C,GB,50.0,Women,0.0,0.0,2.4782608695652173,11.4,100.0,100.0,12.5
5khZ1syAZQ,JP,31.0,Women,0.0,0.0,4.333333333333333,13.0,100.0,25.0,0.0
Y1laRnTVFu,DE,40.0,Women,20.0,3.0,4.075,27.166666666666668,100.0,100.0,75.0
aGNgPiZHBe,US,34.0,Men,23.0,4.0,3.6,13.5,100.0,75.0,0.0
oOtAspejjh,DE,39.0,Women,0.0,0.0,2.5,5.0,100.0,100.0,0.0
BP1ZKc07PK,DE,45.0,Women,10.0,2.0,4.666666666666667,14.0,100.0,75.0,0.0
OtXtEceZtj,DE,52.0,Men,0.0,0.0,2.0,2.0,100.0,25.0,0.0
XrkfKuS4GF,US,22.0,Men,0.0,0.0,1.5,1.5,100.0,25.0,0.0
eHOmHaOhyX,US,52.0,Women,0.0,0.0,1.0,1.0,50.0,0.0,0.0
mlZTRPxzaS,GB,26.0,Men,2.8,1.0,1.2,1.5,100.0,50.0,0.0
gfB5D8x9Vz,US,41.0,Men,0.0,0.0,1.6666666666666667,2.5,100.0,0.0,0.0
HcIHKxtTIl,GB,54.0,Men,0.0,0.0,1.0,1.0,100.0,50.0,0.0
dONpRSSEwz,US,44.0,Men,0.0,0.0,1.0,1.0,50.0,0.0,0.0
nS5scQBkQE,DE,39.0,Women,0.0,0.0,1.6666666666666667,5.0,100.0,50.0,0.0
FLy2xa86o5,DE,36.0,Men,10.0,2.0,2.0,4.0,100.0,75.0,0.0
bQOiFd5UcR,DE,56.0,Men,0.0,0.0,3.0,3.0,100.0,0.0,0.0
pnft7yw2hb,DE,34.0,Women,0.0,0.0,5.0,5.0,100.0,0.0,0.0
zMjmFj4xT7,DE,48.0,Men,0.0,0.0,1.25,3.0,100.0,100.0,0.0
vvogX0JryW,GB,32.0,Women,0.0,0.0,1.7,5.666666666666667,100.0,75.0,0.0
D6uYqrv6qN,DE,26.0,Men,20.0,3.0,2.0,8.0,100.0,75.0,0.0
d3r2pk4nr5,GB,39.0,Men,0.0,0.0,3.0,3.0,100.0,25.0,0.0
06X1fXRxuo,DE,39.0,Men,0.0,0.0,1.0,1.0,100.0,50.0,0.0
daXZidSSkh,DE,39.0,Women,0.0,0.0,2.6666666666666665,16.0,50.0,0.0,0.0
BzR1apgPiy,GB,39.0,Men,0.0,0.0,1.5,4.5,100.0,100.0,0.0
5GhOuPxa5n,JP,40.0,Women,0.0,0.0,2.909090909090909,12.8,100.0,100.0,50.0
zpfeYZE2qn,GB,37.0,Men,0.0,0.0,1.0,2.0,100.0,25.0,0.0
jZUZ14FeCO,DE,32.0,Women,0.0,0.0,1.4375,4.6,100.0,100.0,12.5
zobJVaqhMH,GB,22.0,Women,0.0,0.0,1.0,1.0,50.0,0.0,0.0
nc9PhmCokK,US,38.0,Women,4.0,1.0,3.0,3.0,100.0,25.0,0.0
ty9KG5q5gG,US,42.0,Women,0.0,0.0,2.0,2.0,50.0,0.0,0.0
yI99PI0wPb,DE,38.0,Men,0.0,0.0,9.357142857142858,43.666666666666664,100.0,100.0,25.0
sk5UyQhoOW,US,22.0,Men,0.0,0.0,1.5,3.0,100.0,25.0,0.0
no6hL0m3Pw,DE,39.0,Women,0.0,0.0,1.0,1.0,50.0,0.0,0.0
Ne2Knwomb3,US,45.0,Men,10.6,2.0,4.94,30.875,100.0,100.0,37.5
UF6QU4vXhO,DE,41.0,Men,0.0,0.0,4.0,4.0,100.0,100.0,25.0
f9hGJqy8ve,US,41.0,Women,20.0,3.0,2.411764705882353,8.2,100.0,50.0,0.0
E2NyaEVT2g,US,39.0,Men,0.0,0.0,2.5,5.0,100.0,0.0,0.0
6NosGOOiI7,US,39.0,Women,0.0,0.0,1.0,1.0,50.0,0.0,0.0
X4u6cMAtkr,DE,33.0,Men,0.0,0.0,1.6666666666666667,2.5,100.0,50.0,0.0
6netMgE2CP,DE,56.0,Men,10.0,2.0,1.9444444444444444,7.0,100.0,100.0,37.5
shmK5D3pMh,DE,38.0,Women,4.0,1.0,2.782608695652174,10.666666666666666,100.0,100.0,12.5
fSFTjDBUCO,US,44.0,Men,0.0,0.0,1.95,4.875,100.0,75.0,0.0
ResmH2aMi0,DE,39.0,Men,0.0,0.0,2.3783783783783785,14.666666666666666,100.0,100.0,37.5
ghUyWIAEds,GB,39.0,Women,0.0,0.0,2.0,8.0,100.0,25.0,0.0
Nq0kPyo7GT,DE,34.0,Women,0.0,0.0,3.5454545454545454,13.0,100.0,100.0,0.0
w3T91Gpk2X,GB,26.0,Men,0.0,0.0,5.5,22.0,100.0,100.0,25.0
veY69Wmehx,DE,35.0,Men,0.0,0.0,1.0,1.0,100.0,0.0,0.0
MSDBxKngA7,US,39.0,Women,0.0,0.0,4.0,4.0,100.0,25.0,0.0
oDN1tezeZ8,US,39.0,Men,0.0,0.0,2.0,2.0,100.0,25.0,0.0
P2n2ybbTpO,US,20.0,Men,0.0,0.0,2.0,4.0,100.0,0.0,0.0
E1HJfKtTmr,DE,27.0,Men,0.0,0.0,1.375,2.75,100.0,50.0,0.0
aNENTnjYph,US,51.0,Men,10.0,2.0,1.4285714285714286,5.0,100.0,100.0,0.0
38Uq9GEQSd,DE,39.0,Men,4.0,1.0,1.9230769230769231,5.0,100.0,100.0,0.0
GDESMEjfL7,GB,36.0,Women,2.8,1.0,7.333333333333333,22.0,100.0,100.0,0.0
dlyQxNEydP,GB,39.0,Men,0.0,0.0,2.8620689655172415,13.833333333333334,100.0,75.0,0.0
ppgPdFXU5m,US,39.0,Men,0.0,0.0,2.0,2.0,50.0,0.0,0.0
LdjoRaBpk6,DE,32.0,Men,0.0,0.0,21.25,85.0,100.0,100.0,37.5
l58yRTPFC1,DE,21.0,Men,0.0,0.0,2.0,2.0,100.0,0.0,0.0
qwIwtEtKWa,US,42.0,Men,0.0,0.0,1.0,1.0,100.0,0.0,0.0
2Ks4lZ2quF,DE,61.0,Women,29.0,6.0,2.75,6.6,100.0,100.0,0.0
69ZD1AMNXh,DE,43.0,Women,0.0,0.0,2.0869565217391304,9.6,100.0,100.0,12.5
i80URiJYng,JP,39.0,Men,0.0,0.0,1.0,1.0,100.0,100.0,50.0
rEEZOi0meZ,GB,39.0,Men,0.0,0.0,6.0,6.0,100.0,50.0,0.0
bHmXpMrCyF,GB,56.0,Women,0.0,0.0,1.0,1.0,100.0,50.0,0.0
xZpACx96UO,DE,39.0,Women,0.0,0.0,1.5,3.0,100.0,0.0,0.0
P7Q1uPcwgG,US,19.0,Men,0.0,0.0,2.75,3.6666666666666665,100.0,50.0,0.0
5SdNB5d3J7,DE,51.0,Women,0.0,0.0,2.6,8.666666666666666,50.0,0.0,0.0
mpbQGqcd3P,DE,39.0,Men,4.0,1.0,3.75,22.5,100.0,100.0,12.5
iqgp05SDQu,GB,38.0,Men,0.0,0.0,2.25,9.0,100.0,50.0,0.0
us6TN5hREH,US,40.0,Women,77.0,22.0,2.1,5.25,100.0,75.0,0.0
uv4qRQbRfo,DE,43.0,Men,0.0,0.0,1.0,1.0,50.0,0.0,0.0
SwabQ5pJYg,DE,41.0,Women,0.0,0.0,5.25,21.0,100.0,100.0,0.0
8YZwVNQgWj,DE,39.0,Men,0.0,0.0,2.0,2.0,100.0,25.0,0.0
6iBDSripp5,GB,39.0,Women,0.0,0.0,1.0,1.0,100.0,50.0,0.0
ZoWvOnVxQS,DE,50.0,Women,0.0,0.0,3.0,4.5,100.0,75.0,0.0
bMjymkL1Pp,DE,25.0,Women,0.0,0.0,2.0,2.0,100.0,25.0,0.0
SKSwyfkSn7,US,39.0,Men,0.0,0.0,2.0,2.0,100.0,0.0,0.0
LaTJV09KiL,GB,39.0,Women,0.0,0.0,1.0,1.0,100.0,0.0,0.0
d7JdIhW16f,US,39.0,Women,0.0,0.0,1.0,1.0,50.0,0.0,0.0
qnJlYV1NTg,JP,39.0,Women,0.0,0.0,2.0,2.0,100.0,0.0,0.0
kE7GouVMKN,DE,48.0,Men,0.0,0.0,2.75,3.6666666666666665,50.0,0.0,0.0
tc1BVR3Y4i,GB,39.0,Women,2.8,1.0,14.863636363636363,81.75,100.0,100.0,62.5
4mkXGLQwGk,US,46.0,Men,20.0,3.0,2.9411764705882355,16.666666666666668,100.0,100.0,25.0
fnVt7adxeo,US,39.0,Men,0.0,0.0,1.0,1.0,50.0,0.0,0.0
7OpCt9Jlsv,DE,39.0,Men,0.0,0.0,8.0,12.0,100.0,75.0,0.0
TQ0ldvSahe,US,39.0,Women,0.0,0.0,2.0,2.0,100.0,25.0,0.0
F9uReoLFfE,US,42.0,Women,0.0,0.0,1.0,1.0,100.0,25.0,0.0
HIURPlF0lo,GB,53.0,Men,0.0,0.0,2.25,9.0,100.0,100.0,12.5
O57JintlCo,DE,37.0,Women,10.0,2.0,1.6666666666666667,5.0,100.0,75.0,0.0
FJLdSFG5B8,GB,31.0,Men,0.0,0.0,4.388888888888889,26.333333333333332,100.0,100.0,25.0
DvCDoJixAV,US,39.0,Women,0.0,0.0,1.0,1.0,100.0,0.0,0.0
fyrNY8St8k,DE,35.0,Women,0.0,0.0,2.6666666666666665,5.333333333333333,100.0,75.0,0.0
fJElDQYV9w,GB,43.0,Men,2.8,1.0,4.291666666666667,25.75,100.0,100.0,25.0
V31vbSS9ap,DE,39.0,Men,0.0,0.0,2.6666666666666665,10.666666666666666,100.0,100.0,62.5
1MdVc7DkbM,US,52.0,Women,0.0,0.0,1.0,1.0,50.0,0.0,0.0
pYYfgKf2Sg,GB,39.0,Women,0.0,0.0,1.0,1.0,50.0,0.0,0.0
9h4hA6WMwj,DE,30.0,Women,0.0,0.0,2.0,2.0,50.0,0.0,0.0
F9QS5DlSAa,US,18.0,Men,4.4,1.0,2.25,4.5,100.0,50.0,0.0
2VH9WsspVJ,US,39.0,Women,0.0,0.0,1.0,1.0,50.0,0.0,0.0
GonJ9L9fmy,GB,37.0,Women,16.8,4.0,5.5,11.0,100.0,100.0,0.0
yFznLan9LG,GB,65.0,Women,0.0,0.0,2.0,2.0,50.0,0.0,0.0
hHwSblXx8n,DE,52.0,Men,0.0,0.0,1.375,2.75,100.0,75.0,0.0
ZtwZAuuMgW,GB,39.0,Men,0.0,0.0,5.758620689655173,33.4,100.0,100.0,25.0
Q8OzBDQ3WQ,GB,50.0,Women,14.0,3.0,2.066666666666667,12.4,100.0,100.0,37.5
drj4K3wubQ,GB,47.0,Women,0.0,0.0,4.0,4.0,50.0,0.0,0.0
1tbI1s7ycW,US,41.0,Women,0.0,0.0,1.0,1.0,100.0,75.0,0.0
goyaLa5xeu,GB,34.0,Women,0.0,0.0,3.0,3.0,100.0,50.0,0.0
t5nhQBJp1a,DE,44.0,Women,0.0,0.0,2.076923076923077,11.571428571428571,100.0,100.0,12.5
sBn1kvkukx,DE,39.0,Men,0.0,0.0,2.8,14.0,100.0,75.0,0.0
NwHgpNpRSq,DE,31.0,Men,0.0,0.0,2.0,4.0,100.0,50.0,0.0
sY4iGu1OYo,DE,30.0,Men,4.0,1.0,2.25,9.0,100.0,100.0,0.0
IHBdyPXXSs,DE,18.0,Men,0.0,0.0,2.5294117647058822,8.6,100.0,100.0,0.0
Cng0wjRPUf,DE,43.0,Men,0.0,0.0,2.090909090909091,4.6,100.0,100.0,12.5
L67uyRV4XX,US,42.0,Men,4.0,1.0,2.4,6.0,100.0,25.0,0.0
MpUdsPR7a4,DE,20.0,Men,0.0,0.0,1.0,1.5,50.0,0.0,0.0
hKxXZ0ifNi,DE,39.0,Men,0.0,0.0,1.0,1.0,100.0,75.0,0.0
cvEGpbQyCa,US,36.0,Women,20.0,3.0,2.357142857142857,6.6,100.0,75.0,0.0
cCxWVrHEQA,DE,28.0,Women,0.0,0.0,2.0,2.0,100.0,75.0,0.0
KkTkvovBTk,GB,40.0,Men,0.0,0.0,1.5,9.0,100.0,100.0,0.0
iZMACZcFPA,GB,59.0,Men,2.8,1.0,4.0,14.666666666666666,100.0,100.0,12.5
cTmXZd67oQ,US,59.0,Men,4.0,1.0,1.6363636363636365,4.5,100.0,100.0,0.0
O4NXoqHyhE,US,39.0,Women,0.0,0.0,7.5,15.0,100.0,25.0,0.0
oflPkDhMGd,DE,49.0,Men,0.0,0.0,6.3,21.0,100.0,100.0,12.5
mKvIE9EUkZ,DE,39.0,Men,0.0,0.0,5.888888888888889,26.5,100.0,100.0,0.0
OUzEIUotFd,DE,39.0,Women,0.0,0.0,2.4,6.0,100.0,75.0,0.0
7231u0mVXZ,DE,37.0,Men,4.0,1.0,2.375,7.6,100.0,100.0,12.5
Zt7OjNjHBg,DE,49.0,Men,0.0,0.0,1.0,2.0,100.0,50.0,0.0
f18XEjQ96u,DE,39.0,Women,0.0,0.0,1.0,3.0,100.0,50.0,0.0
x13Pp1njl7,GB,39.0,Men,0.0,0.0,1.7297297297297298,8.0,100.0,100.0,37.5
wSHfIDF3Cj,GB,39.0,Women,0.0,0.0,2.5,5.0,100.0,50.0,0.0
Qq7ByJvLBc,US,38.0,Men,4.0,1.0,9.625,46.2,100.0,100.0,0.0
pWNWek9qBW,DE,34.0,Men,0.0,0.0,2.0,5.0,100.0,0.0,0.0
do4z2HXXIj,DE,42.0,Men,0.0,0.0,2.2,7.333333333333333,100.0,0.0,0.0
KMu8mP2Nfl,DE,28.0,Women,0.0,0.0,4.0,6.0,100.0,75.0,0.0
aeDdjSnht5,GB,39.0,Women,0.0,0.0,1.0,1.0,50.0,0.0,0.0
b4J9ubZurL,GB,42.0,Men,3.08,1.0,2.9767441860465116,16.0,100.0,100.0,50.0
see4rpch3X,DE,18.0,Women,4.0,1.0,3.0,3.0,100.0,0.0,0.0
tiPrcPE5MK,DE,47.0,Women,0.0,0.0,1.0,1.0,100.0,50.0,0.0
F5Yphxg1B8,GB,44.0,Men,0.0,0.0,3.0,9.0,100.0,50.0,0.0
TcfDKhBONJ,JP,51.0,Women,3.5,2.0,5.090909090909091,28.0,100.0,100.0,12.5
LqVOkijWMf,GB,39.0,Women,2.8,1.0,1.5,3.0,100.0,25.0,0.0
3UiBQC3Nqj,US,39.0,Women,0.0,0.0,1.0,1.0,50.0,0.0,0.0
cAEb4iLjaP,DE,46.0,Men,0.0,0.0,1.8333333333333333,5.5,100.0,100.0,0.0
tK6h0qFoRi,US,33.0,Women,4.4,1.0,2.0,2.0,50.0,0.0,0.0
ECRJZqii58,US,42.0,Women,0.0,0.0,1.6666666666666667,5.0,100.0,25.0,0.0
v6yZIRl3fb,US,27.0,Men,4.0,1.0,1.7272727272727273,6.333333333333333,100.0,50.0,0.0
pikx7Ayz1W,US,28.0,Men,0.0,0.0,1.7222222222222223,7.75,100.0,75.0,0.0
pkHu3n31CY,US,34.0,Women,0.0,0.0,2.066666666666667,7.75,100.0,100.0,0.0
xfxFsm9IWJ,US,32.0,Women,0.0,0.0,1.2857142857142858,3.857142857142857,100.0,75.0,0.0
w5FItMmWt2,US,35.0,Men,0.0,0.0,2.0,2.0,100.0,0.0,0.0
p7IIldDZSt,GB,58.0,Men,14.0,3.0,4.744186046511628,29.142857142857142,100.0,100.0,75.0
ADCxI3qEvg,DE,39.0,Women,0.0,0.0,1.0,2.0,100.0,25.0,0.0
28eaBkZ7it,DE,39.0,Women,0.0,0.0,2.0,2.0,100.0,25.0,0.0
AGAzFs6IT8,GB,39.0,Women,0.0,0.0,6.4,21.333333333333332,100.0,75.0,0.0
cUbAA7XlBM,US,39.0,Men,0.0,0.0,1.0,1.0,100.0,25.0,0.0
fT9M0Lx41z,DE,39.0,Men,0.0,0.0,4.625,18.5,100.0,100.0,12.5
L0EjIzXmzv,DE,39.0,Men,0.0,0.0,6.5,6.5,100.0,75.0,0.0
AOMb2BxOVu,JP,46.0,Women,0.0,0.0,1.5,3.0,100.0,25.0,0.0
tN6BOWTPjL,US,40.0,Men,0.0,0.0,4.0,4.0,100.0,25.0,0.0
swjKADOwpW,GB,39.0,Women,0.0,0.0,4.7272727272727275,17.333333333333332,100.0,100.0,12.5
rO3LW6RbZG,US,39.0,Women,0.0,0.0,2.75,11.0,100.0,0.0,0.0
BGn3pJQbCe,DE,44.0,Women,0.0,0.0,2.6,6.5,100.0,75.0,0.0
LF2MZd5nrD,GB,20.0,Women,0.0,0.0,2.0,2.0,50.0,0.0,0.0
tRwa6QdsxO,US,32.0,Men,4.0,1.0,8.6,21.5,100.0,50.0,0.0
D8HLLw0Soo,DE,39.0,Men,0.0,0.0,2.0,2.0,100.0,50.0,0.0
hQ9CzZc6Xu,US,30.0,Men,0.0,0.0,1.0,1.0,100.0,0.0,0.0
WrDUhe8Vr2,DE,45.0,Men,0.0,0.0,1.3333333333333333,2.6666666666666665,100.0,50.0,0.0
0KKv9dCcZE,GB,35.0,Men,0.0,0.0,2.0,2.0,100.0,75.0,0.0
l4jeuyvDyI,GB,57.0,Women,0.0,0.0,8.289473684210526,52.5,100.0,100.0,25.0
qgCiUtgb63,US,39.0,Women,0.0,0.0,1.0,1.0,50.0,0.0,0.0
lV94lmGAAW,US,39.0,Women,4.0,1.0,1.5,1.5,100.0,25.0,0.0
y3HRoqzwu4,DE,50.0,Women,20.0,3.0,2.6,13.0,100.0,100.0,0.0
ZSkjG0GkyY,DE,27.0,Women,0.0,0.0,1.0,2.0,50.0,0.0,0.0
WREMFw09iv,DE,55.0,Women,0.0,0.0,1.5,3.0,100.0,75.0,0.0
EOfHIDBker,DE,41.0,Women,0.0,0.0,4.4,11.0,100.0,75.0,0.0
OUcm0jB764,GB,39.0,Women,0.0,0.0,2.5,2.5,100.0,75.0,0.0
TgokgNryTN,US,55.0,Women,4.4,1.0,1.2,2.0,100.0,25.0,0.0
7TRIjHnOjg,GB,24.0,Men,0.0,0.0,3.0,6.0,100.0,50.0,0.0
OfFG2u161p,US,47.0,Women,4.0,1.0,3.2,16.0,100.0,50.0,0.0
I2KttkTuCR,GB,39.0,Men,0.0,0.0,3.8461538461538463,25.0,100.0,100.0,50.0
mtgYpRec5u,DE,39.0,Women,0.0,0.0,1.0,1.0,50.0,0.0,0.0
9gmqwiPRjK,DE,39.0,Men,0.0,0.0,3.8,9.5,100.0,75.0,0.0
3NnrQHDSPZ,GB,32.0,Men,7.0,2.0,3.0714285714285716,17.2,100.0,100.0,25.0
Tp8ambEQQu,DE,43.0,Men,0.0,0.0,1.0,1.0,100.0,0.0,0.0
TXo9rt0NFv,GB,36.0,Men,0.0,0.0,1.0,4.0,100.0,50.0,0.0
FsBri6jWS1,US,39.0,Men,0.0,0.0,2.3636363636363638,5.2,100.0,100.0,0.0
CA3kefotIK,GB,39.0,Women,0.0,0.0,1.0,2.0,100.0,0.0,0.0
U3r6mivP9a,GB,40.0,Men,0.0,0.0,6.235294117647059,26.5,100.0,100.0,12.5
7RPcU6kcRQ,US,39.0,Men,0.0,0.0,1.0,1.0,50.0,0.0,0.0
9WZYDshrh5,DE,49.0,Men,0.0,0.0,3.75,15.0,100.0,100.0,0.0
HOZThjv5Kh,US,39.0,Women,0.0,0.0,1.8421052631578947,4.375,100.0,100.0,12.5
jj0c2q4yyL,DE,39.0,Men,0.0,0.0,1.0,3.0,50.0,0.0,0.0
8LwIoBUqYG,DE,35.0,Men,0.0,0.0,1.4166666666666667,4.25,100.0,75.0,0.0
LjJsmX1h0L,US,50.0,Men,0.0,0.0,1.5384615384615385,5.0,100.0,75.0,0.0
H3MVQXc1GB,GB,47.0,Men,0.0,0.0,8.5,17.0,100.0,75.0,0.0
VkCHvib00I,DE,32.0,Women,0.0,0.0,5.615384615384615,24.333333333333332,100.0,100.0,12.5
Q2bdEbtthi,GB,44.0,Men,22.679998,6.0,2.3333333333333335,4.666666666666667,100.0,75.0,0.0
eqliqSkuhz,US,46.0,Men,0.0,0.0,1.0,1.0,100.0,75.0,0.0
L3SuYaGhIF,DE,39.0,Men,0.0,0.0,1.0,1.0,50.0,0.0,0.0
TQss3xwH2C,DE,36.0,Men,0.0,0.0,2.4761904761904763,10.4,100.0,100.0,25.0
uC3HiX9YGV,JP,65.0,Men,2.0,1.0,3.3333333333333335,10.0,100.0,50.0,0.0
nZOmKrdagk,DE,56.0,Men,0.0,0.0,1.7179487179487178,8.375,100.0,100.0,25.0
vNCAMt3FUM,DE,39.0,Women,0.0,0.0,2.0,2.0,100.0,0.0,0.0
ews0hw3BRr,GB,39.0,Men,0.0,0.0,8.666666666666666,26.0,100.0,75.0,0.0
fp3aptM2gU,DE,18.0,Women,0.0,0.0,5.0,5.0,100.0,75.0,0.0
CdPVmDsfKh,US,39.0,Women,0.0,0.0,3.0,3.0,50.0,0.0,0.0
DmUW4WZkgF,DE,39.0,Women,0.0,0.0,1.3846153846153846,3.6,100.0,75.0,0.0
jtL4bZhYPH,GB,54.0,Women,0.0,0.0,1.5555555555555556,2.3333333333333335,100.0,75.0,0.0
iBPOg7KD6r,US,39.0,Men,0.0,0.0,1.5,3.0,100.0,25.0,0.0
dLG6ROxL4q,GB,53.0,Men,0.0,0.0,2.933333333333333,8.8,100.0,100.0,0.0
RSFk61rDOH,GB,31.0,Women,2.8,1.0,2.0,4.0,100.0,50.0,0.0
xlr4kva1Fz,GB,39.0,Men,0.0,0.0,1.0,1.0,50.0,0.0,0.0
cw7upU86yx,GB,33.0,Men,2.8,1.0,2.0,2.0,100.0,0.0,0.0
5a38CdkVkb,GB,59.0,Men,47.599995,15.0,7.9,39.5,100.0,100.0,37.5
XbTP2QFQOU,DE,46.0,Women,0.0,0.0,1.1428571428571428,2.6666666666666665,100.0,50.0,0.0
5Dk7UltEf2,DE,41.0,Men,0.0,0.0,4.333333333333333,13.0,100.0,100.0,0.0
nYDr4McADR,US,38.0,Men,0.0,0.0,2.0,2.0,100.0,0.0,0.0
UZFFk6WDIA,DE,44.0,Men,0.0,0.0,1.0,1.0,50.0,0.0,0.0
Vpb6KQ28kn,DE,39.0,Women,0.0,0.0,1.3333333333333333,1.3333333333333333,100.0,50.0,0.0
qU1880V7wr,DE,40.0,Men,0.0,0.0,2.5384615384615383,11.0,100.0,100.0,25.0
WtVmLO5FT3,DE,39.0,Men,0.0,0.0,3.0,3.0,100.0,0.0,0.0
wHvgkS7shK,DE,49.0,Men,23.0,4.0,3.75,7.5,100.0,100.0,0.0
jG5f2Hx4oR,US,45.0,Men,0.0,0.0,2.25,9.0,100.0,25.0,0.0
XdE04fmRcU,DE,24.0,Men,0.0,0.0,2.0,3.0,100.0,0.0,0.0
RUieUqfD19,DE,39.0,Women,0.0,0.0,5.0,5.0,100.0,75.0,0.0
RTkfMCVY0b,US,51.0,Men,4.0,1.0,8.416666666666666,25.25,100.0,100.0,0.0
zLZt5KWWWh,DE,39.0,Men,0.0,0.0,1.8888888888888888,11.333333333333334,100.0,25.0,0.0
bJlkOLjlFj,US,39.0,Men,0.0,0.0,1.0,1.0,100.0,25.0,0.0
ZCRufLmJqt,GB,46.0,Men,0.0,0.0,1.8,9.0,100.0,100.0,12.5
gxC459ykcm,GB,35.0,Women,0.0,0.0,1.0,2.0,100.0,0.0,0.0
TKZ5jC7pJU,GB,45.0,Women,0.0,0.0,2.5,10.0,100.0,50.0,0.0
zkeT4am5zJ,GB,36.0,Men,0.0,0.0,1.8571428571428572,4.333333333333333,100.0,75.0,0.0
NQC5lN298J,US,33.0,Women,4.0,1.0,1.0,1.0,100.0,25.0,0.0
UAI7qeUavh,DE,46.0,Women,0.0,0.0,3.75,15.0,100.0,100.0,25.0
hKLfrZdafj,GB,44.0,Men,0.0,0.0,1.3333333333333333,2.0,100.0,50.0,0.0
NYs5eYQabN,DE,39.0,Men,0.0,0.0,1.6666666666666667,2.5,100.0,75.0,0.0
0dFshRecTD,US,39.0,Men,0.0,0.0,1.5,3.0,100.0,50.0,0.0
wig8vXWPjI,GB,18.0,Women,0.0,0.0,1.125,1.5,100.0,100.0,0.0
PoqdRCxNQA,US,38.0,Women,0.0,0.0,2.0,6.0,100.0,25.0,0.0
JU8bgI3o6y,DE,44.0,Women,0.0,0.0,4.5,4.5,100.0,75.0,0.0
3uLGwwtdqq,US,33.0,Women,0.0,0.0,1.0,1.0,100.0,0.0,0.0
EPE5HwNMPU,DE,39.0,Men,0.0,0.0,3.611111111111111,13.0,100.0,100.0,25.0
yJOHhOjnNw,DE,56.0,Men,0.0,0.0,2.5,3.75,100.0,75.0,0.0
Foq1RJko1q,GB,33.0,Men,0.0,0.0,1.0,1.0,50.0,0.0,0.0
f6rSobzyn7,DE,24.0,Women,0.0,0.0,1.0,2.0,100.0,25.0,0.0
L8XgQyxqo8,GB,37.0,Women,2.8,1.0,3.642857142857143,17.0,100.0,100.0,75.0
lE82JGoIQN,DE,45.0,Men,4.0,1.0,2.0,3.0,100.0,50.0,0.0
HBzKtNA77C,JP,21.0,Women,0.0,0.0,4.333333333333333,13.0,100.0,50.0,0.0
hgibMQqQYu,DE,46.0,Women,0.0,0.0,1.0,1.0,50.0,0.0,0.0
vUmaGCVK1L,US,41.0,Women,0.0,0.0,2.5,5.0,100.0,25.0,0.0
0z2nv0pabr,US,39.0,Women,0.0,0.0,4.0,8.0,100.0,25.0,0.0
0VXWvgGwm4,GB,52.0,Men,0.0,0.0,1.0,1.0,50.0,0.0,0.0
IbOyAIzez1,DE,36.0,Men,20.0,3.0,7.857142857142857,13.75,100.0,100.0,0.0
YE542QUKW7,GB,46.0,Women,0.0,0.0,6.333333333333333,9.5,100.0,50.0,0.0
wkAaB2Dpwv,DE,43.0,Women,0.0,0.0,1.0,1.0,50.0,0.0,0.0
8sF1hBfrLV,DE,41.0,Women,0.0,0.0,1.7222222222222223,5.166666666666667,100.0,50.0,0.0
t8JmW2U0Ih,US,39.0,Women,0.0,0.0,1.5,1.5,100.0,25.0,0.0
jxEHfQyaIU,GB,36.0,Men,0.0,0.0,3.6666666666666665,11.0,100.0,75.0,0.0
TV1F3bdIle,US,40.0,Men,0.0,0.0,1.0,1.0,100.0,0.0,0.0
RPDR9UMjSM,DE,39.0,Women,0.0,0.0,1.5,6.0,100.0,75.0,0.0
TWsrb97hqD,US,53.0,Women,23.0,4.0,2.4285714285714284,5.666666666666667,100.0,50.0,0.0
2mL05dTki7,DE,39.0,Men,0.0,0.0,1.0,1.0,100.0,50.0,0.0
2KJZZvyFY3,DE,39.0,Women,0.0,0.0,4.555555555555555,13.666666666666666,100.0,100.0,0.0
uhH8XnKWOi,DE,35.0,Men,0.0,0.0,1.0,1.0,50.0,0.0,0.0
fMT50ZH0vA,DE,42.0,Men,4.0,1.0,2.3333333333333335,4.666666666666667,50.0,0.0,0.0
IGq0AWriPk,DE,30.0,Women,0.0,0.0,1.0,1.0,100.0,50.0,0.0
nBfxeGBpKX,US,47.0,Women,0.0,0.0,3.0,6.0,100.0,50.0,0.0
Smoq7Oewqt,US,46.0,Men,0.0,0.0,1.6,2.6666666666666665,100.0,50.0,0.0
THmJnyEGLN,DE,37.0,Men,0.0,0.0,1.5,4.5,50.0,0.0,0.0
z2MQMW1cwq,US,39.0,Women,10.0,2.0,6.578947368421052,41.666666666666664,100.0,100.0,50.0
7jW6ciepxb,DE,41.0,Men,0.0,0.0,1.9565217391304348,9.0,50.0,0.0,0.0
wreK1BDVDn,DE,56.0,Men,0.0,0.0,2.5,5.0,100.0,75.0,0.0
IeuPMJcQ4b,DE,47.0,Men,0.0,0.0,3.6666666666666665,16.5,50.0,0.0,0.0
00LZ9EF7oZ,US,39.0,Women,0.0,0.0,7.368421052631579,35.0,100.0,100.0,25.0
Xg2MjudlzH,DE,39.0,Women,0.0,0.0,1.875,5.0,100.0,100.0,0.0
4D4J1Xh79y,US,39.0,Men,4.0,1.0,2.4285714285714284,8.5,100.0,100.0,12.5
VFLje4l5jC,GB,39.0,Women,7.0,2.0,1.6666666666666667,5.0,100.0,75.0,0.0
l1HEeSZr8n,DE,38.0,Men,0.0,0.0,5.0,15.0,100.0,50.0,0.0
TahGOKYZ2o,US,39.0,Men,0.0,0.0,2.0,2.0,100.0,25.0,0.0
l5qsSfMCsw,GB,39.0,Men,0.0,0.0,1.0,1.0,50.0,0.0,0.0
IHeaG5FaJX,DE,42.0,Women,0.0,0.0,2.217391304347826,8.5,100.0,100.0,25.0
wqnjeefnMt,DE,38.0,Men,0.0,0.0,3.0,3.0,100.0,75.0,0.0
jPjnzjyrsp,GB,51.0,Women,0.0,0.0,4.8,24.0,100.0,100.0,0.0
sJdSnJJ2tY,DE,47.0,Men,26.0,5.0,2.0,8.0,100.0,75.0,0.0
qXLzs6SSiG,GB,36.0,Women,0.0,0.0,3.0,3.0,100.0,25.0,0.0
i9nvqiwV5z,US,51.0,Men,4.0,1.0,1.3333333333333333,5.333333333333333,100.0,100.0,0.0
dFZBN59I3M,GB,31.0,Women,14.0,3.0,3.8181818181818183,10.5,100.0,100.0,12.5
bx1pURhBm0,DE,39.0,Women,0.0,0.0,3.0,3.0,100.0,50.0,0.0
Y06r15vaUp,US,52.0,Women,0.0,0.0,7.0,7.0,100.0,25.0,0.0
mu96cikyJE,US,30.0,Men,0.0,0.0,2.7,6.75,100.0,100.0,0.0
lfQeKo8UuX,GB,29.0,Men,0.0,0.0,1.0,1.0,100.0,0.0,0.0
GZwsrvlUme,DE,39.0,Women,0.0,0.0,1.8333333333333333,5.5,100.0,75.0,0.0
CjANHYcj5Z,US,42.0,Women,0.0,0.0,1.0,1.0,100.0,25.0,0.0
KHYBd4nWhl,US,36.0,Men,0.0,0.0,1.5,1.5,50.0,0.0,0.0
KRTtHgW7tG,US,39.0,Men,0.0,0.0,2.1,4.2,100.0,75.0,0.0
V1CxBkzdY4,GB,45.0,Men,0.0,0.0,4.647058823529412,19.75,100.0,75.0,0.0
0Clj6yDxdn,GB,39.0,Men,0.0,0.0,1.0,1.0,100.0,25.0,0.0
9dFq4A4PHE,US,28.0,Men,0.0,0.0,2.0,6.666666666666667,100.0,50.0,0.0
M1KABKHpep,US,51.0,Women,0.0,0.0,8.0,24.0,100.0,100.0,0.0
QHCVVhymIG,GB,55.0,Men,0.0,0.0,1.5,3.0,50.0,0.0,0.0
zw91U0nOiN,GB,21.0,Women,0.0,0.0,2.5,5.0,100.0,50.0,0.0
Y2FvblWuBB,GB,23.0,Women,7.0,2.0,1.0,1.0,100.0,75.0,0.0
7gQdNF2b4y,US,58.0,Women,23.0,4.0,3.0789473684210527,16.714285714285715,100.0,100.0,25.0
48r4cL8oEG,US,39.0,Women,0.0,0.0,1.0,1.0,50.0,0.0,0.0
p8qyIC1oyK,JP,48.0,Men,0.0,0.0,2.5714285714285716,6.0,100.0,50.0,0.0
iuY5P56nyT,US,39.0,Women,0.0,0.0,3.0,6.0,100.0,0.0,0.0
Dl3jz2CJ1b,US,18.0,Women,0.0,0.0,3.3333333333333335,5.0,100.0,0.0,0.0
WCSuj9YQp3,GB,39.0,Men,0.0,0.0,3.0,3.0,50.0,0.0,0.0
GLFibTjcyx,GB,39.0,Women,0.0,0.0,2.0,2.0,100.0,50.0,0.0
xTAVTr2bvq,US,34.0,Men,26.0,5.0,2.388888888888889,6.142857142857143,100.0,100.0,12.5
TkvmT1fpgO,DE,50.0,Women,10.0,2.0,7.3,36.5,100.0,100.0,37.5
u7AiDBmTWy,GB,36.0,Men,0.0,0.0,2.0,2.0,50.0,0.0,0.0
QnYtJFPzLS,GB,61.0,Men,2.8,1.0,1.4285714285714286,3.3333333333333335,100.0,100.0,0.0
OlZ9tppY4X,US,57.0,Women,29.0,6.0,13.333333333333334,40.0,100.0,100.0,12.5
RzOrY12rC6,US,32.0,Men,4.0,1.0,1.0,2.0,100.0,75.0,0.0
U1wBr3ytJr,DE,47.0,Men,0.0,0.0,2.0,2.0,100.0,75.0,0.0
iIT9hxpK2A,GB,57.0,Men,0.0,0.0,2.688888888888889,15.125,100.0,100.0,50.0
hjH82DznD4,GB,50.0,Women,19.599998,5.0,8.857142857142858,31.0,100.0,100.0,12.5
e4AyppOH9i,GB,38.0,Women,7.0,2.0,2.0,5.333333333333333,100.0,0.0,0.0
AVqpxhAL0b,DE,39.0,Men,0.0,0.0,2.909090909090909,10.666666666666666,100.0,100.0,12.5
KXVe9i5Ply,DE,34.0,Women,0.0,0.0,1.3333333333333333,2.0,100.0,50.0,0.0
VzSXQpohEg,US,39.0,Men,0.0,0.0,2.0,2.0,100.0,0.0,0.0
FEblEj3yFQ,GB,39.0,Men,0.0,0.0,2.2,5.5,100.0,50.0,0.0
Ufq16UAO3R,GB,39.0,Women,0.0,0.0,2.5,2.5,100.0,75.0,0.0
T8HodiepPX,DE,39.0,Men,0.0,0.0,1.0,1.0,50.0,0.0,0.0
6DsU9kWr18,US,30.0,Men,0.0,0.0,2.5454545454545454,9.333333333333334,100.0,50.0,0.0
K2KzzA3dZQ,US,39.0,Men,0.0,0.0,2.5,2.5,100.0,25.0,0.0
8jVEIHAUxm,JP,18.0,Men,0.0,0.0,2.3333333333333335,2.3333333333333335,100.0,25.0,0.0
0UesjX63zR,DE,42.0,Men,0.0,0.0,2.7142857142857144,19.0,100.0,100.0,0.0
GLHnaOzsOd,DE,33.0,Women,4.0,1.0,3.75,15.0,100.0,75.0,0.0
n9hPMFsJJg,US,39.0,Men,0.0,0.0,1.0,1.0,100.0,0.0,0.0
negSINjqKi,US,57.0,Women,0.0,0.0,6.0,18.0,100.0,50.0,0.0
QscMEaX0RA,GB,49.0,Men,0.0,0.0,1.0,2.0,100.0,25.0,0.0
qLQXipGKor,DE,46.0,Men,0.0,0.0,3.3333333333333335,3.3333333333333335,100.0,75.0,0.0
5RKlKj6n0s,DE,42.0,Women,0.0,0.0,1.4285714285714286,3.3333333333333335,100.0,75.0,0.0
6mPuMHBo5n,US,39.0,Women,4.0,1.0,1.0,1.0,100.0,25.0,0.0
XeTLc6Rgd8,GB,60.0,Women,0.0,0.0,2.1666666666666665,6.5,50.0,0.0,0.0
zKgXGuOyT6,GB,63.0,Men,0.0,0.0,1.0,3.0,100.0,50.0,0.0
QL57O1lZT7,US,39.0,Women,0.0,0.0,3.0,6.0,100.0,25.0,0.0
k2d0sxEDVc,GB,36.0,Men,2.8,1.0,8.181818181818182,30.0,100.0,100.0,75.0
EDbdHZk3QK,DE,47.0,Women,10.0,2.0,2.75,3.6666666666666665,100.0,75.0,0.0
FRk1M2Mey8,US,41.0,Men,0.0,0.0,1.0,1.0,100.0,25.0,0.0
twJIs1V0Ux,DE,28.0,Women,0.0,0.0,3.4444444444444446,15.5,100.0,100.0,12.5
CplXeyoErR,US,40.0,Women,0.0,0.0,1.5555555555555556,2.3333333333333335,100.0,25.0,0.0
TvMpFyhSnM,US,42.0,Men,0.0,0.0,1.0,1.0,50.0,0.0,0.0
X8SVsz2B9p,DE,31.0,Men,0.0,0.0,2.75,3.6666666666666665,100.0,75.0,0.0
WHfIdrDtTg,DE,57.0,Men,0.0,0.0,2.625,10.5,100.0,50.0,0.0
rfSYpWyzHl,US,39.0,Men,0.0,0.0,2.75,3.6666666666666665,100.0,50.0,0.0
QVWtuqPEyb,US,39.0,Men,0.0,0.0,1.625,4.333333333333333,100.0,25.0,0.0
IduJEPPKR2,DE,41.0,Men,0.0,0.0,1.9333333333333333,9.666666666666666,100.0,100.0,12.5
LqjldE1dsQ,JP,34.0,Women,0.0,0.0,1.0,1.0,50.0,0.0,0.0
4FbbfCRzS9,GB,39.0,Men,0.0,0.0,1.5,3.0,100.0,50.0,0.0
GHsov42shM,DE,39.0,Men,0.0,0.0,1.0,1.0,50.0,0.0,0.0
aGnnroJkX3,US,44.0,Men,0.0,0.0,2.5714285714285716,10.8,100.0,100.0,0.0
jQcj3YhPXs,DE,30.0,Women,0.0,0.0,1.0,1.0,100.0,0.0,0.0
zifDEQcB2V,DE,62.0,Men,0.0,0.0,1.0,1.0,100.0,25.0,0.0
l1AxoNjo7d,US,21.0,Men,0.0,0.0,3.0,3.0,100.0,50.0,0.0
kXXCfQ2PWf,US,34.0,Men,23.0,4.0,2.4166666666666665,4.833333333333333,100.0,75.0,0.0
9Nc9xP6hUY,US,51.0,Men,0.0,0.0,6.333333333333333,29.857142857142858,100.0,100.0,37.5
UPHvYxXjrN,US,39.0,Women,0.0,0.0,3.0,3.0,50.0,0.0,0.0
1PJAFINaZz,DE,19.0,Women,0.0,0.0,1.0,1.0,50.0,0.0,0.0
lnwzth1RFJ,DE,42.0,Men,4.0,1.0,3.9166666666666665,23.5,100.0,100.0,25.0
c50AH0QrRS,US,46.0,Women,0.0,0.0,1.5384615384615385,5.0,100.0,75.0,0.0
SgAwvHHd4m,DE,39.0,Men,0.0,0.0,1.0,3.5,100.0,50.0,0.0
MrQE7pbMrQ,DE,44.0,Women,0.0,0.0,1.4545454545454546,3.2,100.0,100.0,0.0
f7Z5mDBoGc,US,36.0,Men,0.0,0.0,1.0,1.0,100.0,25.0,0.0
pJUqKWvc2G,GB,43.0,Women,25.199997,7.0,2.4827586206896552,10.285714285714286,100.0,100.0,12.5
BpnpZWdLmL,GB,39.0,Men,0.0,0.0,1.25,5.0,100.0,50.0,0.0
gS70urS2yi,DE,39.0,Women,32.0,7.0,2.0,8.0,100.0,0.0,0.0
Bm52x05rOv,GB,56.0,Men,2.8,1.0,3.0833333333333335,18.5,100.0,100.0,37.5
17Cu89zQ9I,DE,55.0,Women,4.0,1.0,1.5555555555555556,4.666666666666667,100.0,100.0,0.0
fRi7C9Qadd,US,31.0,Women,0.0,0.0,2.1,5.25,100.0,50.0,0.0
LeVGDOxYYD,DE,39.0,Women,0.0,0.0,3.0,7.5,100.0,75.0,0.0
D4zzCsQHWk,DE,39.0,Men,0.0,0.0,5.428571428571429,19.0,100.0,100.0,0.0
gD6hZ3GyxS,DE,41.0,Men,4.0,1.0,3.851063829787234,22.625,100.0,100.0,62.5
2lHm3GkNjF,US,40.0,Women,23.0,4.0,1.75,3.5,100.0,25.0,0.0
7JUjJueRLU,JP,39.0,Women,0.0,0.0,4.0,8.0,100.0,25.0,0.0
uajXrDKmvE,DE,25.0,Women,0.0,0.0,2.0,2.0,100.0,50.0,0.0
0oXPS0pBCn,US,52.0,Women,4.0,1.0,2.7142857142857144,6.333333333333333,100.0,50.0,0.0
f7jK6WJFVm,US,57.0,Women,0.0,0.0,7.181818181818182,26.333333333333332,100.0,100.0,0.0
3FpZdeW0Mk,DE,36.0,Women,0.0,0.0,2.3548387096774195,14.6,100.0,100.0,12.5
MVnITPICnp,GB,51.0,Women,0.0,0.0,5.4,34.714285714285715,100.0,100.0,75.0
xWjMz1I8Qc,GB,46.0,Men,0.0,0.0,3.5,21.0,100.0,100.0,25.0
ibZOJOM3HD,DE,39.0,Women,0.0,0.0,1.5,3.0,100.0,25.0,0.0
JDgbA51L49,US,41.0,Women,4.0,1.0,11.933333333333334,59.666666666666664,100.0,100.0,37.5
3YXL7DQZbF,US,55.0,Women,0.0,0.0,3.861111111111111,17.375,100.0,100.0,0.0
DIKmzD8dCi,DE,36.0,Women,4.0,1.0,3.3333333333333335,10.0,100.0,75.0,0.0
ydLYPpCvpn,DE,64.0,Men,0.0,0.0,3.6,9.0,100.0,100.0,0.0
rjViaaLXC9,GB,27.0,Women,2.8,1.0,1.0,1.0,50.0,0.0,0.0
TJ4GPl3KDM,DE,39.0,Men,0.0,0.0,1.6666666666666667,5.0,100.0,75.0,0.0
9Y8OPEpZLT,US,42.0,Men,20.0,3.0,2.0,2.0,100.0,25.0,0.0
nShn4Ltsqb,US,27.0,Women,4.0,1.0,3.0,11.0,100.0,100.0,12.5
Aw9pFIWl5u,US,27.0,Men,0.0,0.0,1.6,4.0,100.0,25.0,0.0
Yf8vmUXzim,US,32.0,Women,10.0,2.0,3.0,4.5,100.0,50.0,0.0
atrmbzrGt4,GB,32.0,Men,0.0,0.0,1.0,2.0,100.0,50.0,0.0
JdolSsdqm6,DE,39.0,Men,0.0,0.0,1.0,1.0,100.0,0.0,0.0
yiCMHLiMNn,DE,21.0,Men,0.0,0.0,2.0,4.0,100.0,50.0,0.0
sfxeGbhq8O,DE,39.0,Men,4.0,1.0,1.75,7.0,100.0,100.0,0.0
DrgaHmWfKx,US,26.0,Men,0.0,0.0,1.25,2.5,100.0,25.0,0.0
HhHZaGBqX3,GB,47.0,Men,0.0,0.0,1.3409090909090908,7.375,100.0,0.0,0.0
SSx2MWgw4C,GB,48.0,Women,0.0,0.0,2.0,4.0,50.0,0.0,0.0
NguAaz1p8a,US,39.0,Women,0.0,0.0,1.6666666666666667,2.5,100.0,0.0,0.0
dj3hYAoGpG,DE,26.0,Men,0.0,0.0,3.1818181818181817,11.666666666666666,100.0,100.0,25.0
jwFlbfWrn1,US,36.0,Men,0.0,0.0,1.5,1.5,50.0,0.0,0.0
dsYk06AaIF,DE,39.0,Men,0.0,0.0,1.5714285714285714,8.25,100.0,100.0,25.0
dc0dAyg0xy,US,39.0,Women,0.0,0.0,1.0,1.0,50.0,0.0,0.0
3vFU3RH6lW,US,51.0,Women,0.0,0.0,1.0,1.0,100.0,0.0,0.0
OiX8qSonrl,US,27.0,Men,0.0,0.0,7.555555555555555,34.0,100.0,100.0,12.5
QAMElRPzjZ,DE,35.0,Women,0.0,0.0,2.3333333333333335,4.666666666666667,100.0,50.0,0.0
9g7PNBWknA,DE,39.0,Men,0.0,0.0,1.5,1.5,100.0,50.0,0.0
Kqi4MT8rxp,GB,40.0,Men,0.0,0.0,2.25,9.0,100.0,75.0,0.0
ISCSl234oe,DE,34.0,Men,0.0,0.0,2.4242424242424243,11.428571428571429,100.0,75.0,0.0
w1JRfrWNdu,DE,60.0,Men,0.0,0.0,2.5789473684210527,16.333333333333332,100.0,100.0,25.0
bg8bqt83y8,DE,28.0,Women,0.0,0.0,8.5,17.0,100.0,50.0,0.0
LHQ2IuvP52,DE,39.0,Men,10.0,2.0,1.6,8.0,100.0,100.0,0.0
B71zaCfzeC,DE,24.0,Men,0.0,0.0,1.0,1.0,100.0,0.0,0.0
Xweja2NZyA,DE,32.0,Women,0.0,0.0,2.5,5.0,100.0,50.0,0.0
1GMQmWQ9Re,DE,39.0,Men,0.0,0.0,6.7368421052631575,42.666666666666664,100.0,100.0,37.5
U9SiA3L7zz,US,42.0,Men,4.0,1.0,1.0,1.0,100.0,50.0,0.0
q6bWtpJMjM,US,33.0,Men,0.0,0.0,1.0,1.0,100.0,0.0,0.0
BrnqshvECI,GB,51.0,Women,0.0,0.0,1.5,3.0,100.0,75.0,0.0
8UvNxWbBgT,DE,19.0,Women,0.0,0.0,2.5,5.0,100.0,50.0,0.0
UfZq51aUwI,DE,31.0,Men,0.0,0.0,4.115384615384615,26.75,100.0,100.0,25.0
hnON3DSqEa,US,30.0,Women,4.0,1.0,5.8,29.0,100.0,100.0,25.0
KTVKJLMYn2,US,39.0,Men,0.0,0.0,1.5,4.5,100.0,25.0,0.0
2engLmfxev,GB,38.0,Women,0.0,0.0,1.0,1.0,100.0,50.0,0.0
5JNmy3Jt0b,US,54.0,Men,0.0,0.0,1.0,1.0,50.0,0.0,0.0
R93TdtkyB9,US,39.0,Men,0.0,0.0,1.0,1.0,50.0,0.0,0.0
tDDdmIloHP,GB,31.0,Men,2.8,1.0,6.461538461538462,33.6,100.0,100.0,37.5
77O6ZcPiYf,GB,39.0,Women,0.0,0.0,1.0,1.0,100.0,25.0,0.0
65sXbtkLoY,US,39.0,Women,0.0,0.0,1.0,1.0,100.0,0.0,0.0
cZGlyyhqOV,GB,33.0,Women,0.0,0.0,2.5,5.0,50.0,0.0,0.0
7Q9ApfkJUD,GB,39.0,Men,0.0,0.0,1.0,1.0,100.0,25.0,0.0
eOveH8dsN6,US,56.0,Women,0.0,0.0,2.875,11.5,100.0,25.0,0.0
s01y0ZmnNC,US,30.0,Women,0.0,0.0,1.0,1.5,100.0,50.0,0.0
hD8w7NNXEu,DE,48.0,Men,0.0,0.0,1.0,1.0,50.0,0.0,0.0
M5iSB6tpel,JP,49.0,Men,0.0,0.0,2.090909090909091,5.75,100.0,50.0,0.0
nCoTTy9vrj,GB,39.0,Women,0.0,0.0,1.0,1.0,50.0,0.0,0.0
u9XhXuqygU,US,39.0,Men,0.0,0.0,1.0,1.0,50.0,0.0,0.0
tonDqGCgTs,US,44.0,Women,10.0,2.0,3.0,3.0,100.0,25.0,0.0
DzmGQAYe7m,US,18.0,Women,0.0,0.0,4.0,10.666666666666666,100.0,75.0,0.0
DGNKHe0zG1,DE,31.0,Men,20.0,3.0,2.0,9.0,100.0,100.0,0.0
y6SAdPSsAV,US,32.0,Men,4.0,1.0,1.5,3.0,50.0,0.0,0.0
X8YsZpHpRr,US,35.0,Men,4.4,1.0,2.6666666666666665,4.0,100.0,25.0,0.0
1nLlO25zom,DE,33.0,Men,0.0,0.0,1.6666666666666667,5.0,100.0,50.0,0.0
1BYtYjNczJ,DE,53.0,Women,4.0,1.0,2.3636363636363638,6.5,100.0,100.0,12.5
SFBWd5hFeV,US,39.0,Women,0.0,0.0,2.0,2.0,50.0,0.0,0.0
hTdIERdBUF,DE,39.0,Men,0.0,0.0,6.0,6.0,100.0,25.0,0.0
M9IJSBB003,US,39.0,Men,0.0,0.0,2.0,2.0,100.0,50.0,0.0
AhR3gpTcXM,GB,48.0,Women,0.0,0.0,1.1111111111111112,2.0,100.0,100.0,0.0
W30C26mlmA,US,39.0,Women,0.0,0.0,1.0,1.0,50.0,0.0,0.0
cFuUFVWFn0,JP,39.0,Women,7.59,3.0,2.5454545454545454,11.2,100.0,100.0,0.0
oE8TX8R04Z,GB,39.0,Men,0.0,0.0,3.0,3.0,100.0,50.0,0.0
qENOLOG6iB,DE,36.0,Women,0.0,0.0,1.5714285714285714,5.5,100.0,0.0,0.0
klswZFeK44,GB,49.0,Men,0.0,0.0,1.0,1.0,100.0,25.0,0.0
dkcY3ehDf5,DE,65.0,Women,0.0,0.0,2.3636363636363638,13.0,100.0,100.0,25.0
Zl6IBB9U9s,GB,39.0,Men,0.0,0.0,4.291666666666667,29.428571428571427,100.0,100.0,50.0
8VkX2IE90E,GB,38.0,Men,0.0,0.0,5.0,16.666666666666668,100.0,75.0,0.0
5jqwgCsZfC,DE,39.0,Women,0.0,0.0,4.0,8.0,100.0,75.0,0.0
KpYJRhBtes,GB,44.0,Women,0.0,0.0,2.142857142857143,7.5,100.0,100.0,0.0
rDhU60BSWY,US,39.0,Men,0.0,0.0,1.3333333333333333,2.0,50.0,0.0,0.0
u5kuLUIRUb,JP,40.0,Men,0.0,0.0,11.23076923076923,73.0,100.0,100.0,50.0
jPhCMwHa3T,DE,43.0,Men,0.0,0.0,2.2222222222222223,10.0,100.0,100.0,12.5
nrx4RrfgXf,GB,37.0,Women,14.0,3.0,2.5714285714285716,4.5,100.0,100.0,0.0
ShlpD3cUiW,GB,39.0,Women,0.0,0.0,2.0,2.0,100.0,50.0,0.0
tVHrswdbf4,DE,42.0,Women,4.0,1.0,2.8333333333333335,10.2,100.0,100.0,25.0
8qJDmBDjrV,DE,29.0,Men,0.0,0.0,4.0,8.0,100.0,100.0,0.0
Iu6dpeLD0U,US,32.0,Men,4.4,1.0,1.0,1.0,100.0,0.0,0.0
bVieh3kBhn,US,38.0,Women,0.0,0.0,2.0,2.0,100.0,25.0,0.0
hatizK2Iyr,DE,39.0,Women,0.0,0.0,1.0,1.0,50.0,0.0,0.0
o21IT345HS,GB,34.0,Men,0.0,0.0,1.7916666666666667,7.166666666666667,100.0,100.0,12.5
dIyCcPjHtK,DE,46.0,Men,10.0,2.0,4.107142857142857,23.0,100.0,100.0,25.0
izxUGpQ3nR,JP,39.0,Men,0.0,0.0,1.4444444444444444,6.5,100.0,100.0,0.0
1Sv9e46Dz0,US,34.0,Men,0.0,0.0,2.3333333333333335,3.5,100.0,25.0,0.0
ISHBYrVbI5,DE,39.0,Men,0.0,0.0,1.3333333333333333,1.3333333333333333,100.0,50.0,0.0
9RkBMobdZS,GB,49.0,Women,0.0,0.0,2.0,2.0,50.0,0.0,0.0
9VX6irpref,US,36.0,Men,0.0,0.0,2.0,2.0,50.0,0.0,0.0
F6pfDD4xEV,JP,35.0,Women,5.0,2.0,2.3333333333333335,3.5,100.0,0.0,0.0
64YXEk7J3k,US,40.0,Men,0.0,0.0,1.0,1.0,100.0,25.0,0.0
Uuf1H710hz,DE,39.0,Men,0.0,0.0,6.363636363636363,28.0,100.0,100.0,50.0
XOqEPfbf0I,US,42.0,Women,0.0,0.0,1.0,1.0,100.0,0.0,0.0
mP5R5rpfnX,DE,39.0,Men,0.0,0.0,2.5,5.0,100.0,75.0,0.0
iM8z1cFIpE,GB,39.0,Women,0.0,0.0,1.0,1.0,100.0,25.0,0.0
2iMr4ZpCmk,GB,48.0,Men,0.0,0.0,1.3333333333333333,2.6666666666666665,100.0,75.0,0.0
iUOadtK4lv,GB,35.0,Men,2.8,1.0,2.2222222222222223,10.0,100.0,100.0,0.0
CMAsb3LSjk,US,35.0,Women,4.0,1.0,1.8518518518518519,6.25,100.0,50.0,0.0
OvX8qFTdDr,DE,36.0,Women,0.0,0.0,1.4285714285714286,2.5,100.0,75.0,0.0
gD5OBiDK5O,DE,46.0,Men,0.0,0.0,1.5,4.5,100.0,75.0,0.0
2IF8LuItiF,US,41.0,Men,0.0,0.0,2.5,7.0,100.0,75.0,0.0
l9IGr68W5S,US,39.0,Women,4.0,1.0,3.888888888888889,17.5,100.0,100.0,12.5
7NEuntwHcP,US,27.0,Men,4.0,1.0,3.0,4.5,100.0,25.0,0.0
7fgRlgII1Y,DE,49.0,Women,0.0,0.0,2.5,5.0,100.0,25.0,0.0
3ZPkDSoAaI,DE,20.0,Men,0.0,0.0,1.3076923076923077,3.4,100.0,0.0,0.0
ZBTnGnq74d,GB,39.0,Women,0.0,0.0,2.0,2.0,100.0,25.0,0.0
fPubjANLa3,US,38.0,Men,0.0,0.0,5.0,5.0,100.0,0.0,0.0
uBABLAEgJR,US,42.0,Men,10.0,2.0,1.96,9.8,100.0,100.0,25.0
cvW1eo1TFV,DE,39.0,Men,0.0,0.0,2.1333333333333333,8.0,100.0,100.0,0.0
vLKIoDC8br,GB,39.0,Women,2.8,1.0,3.625,14.5,100.0,100.0,12.5
NTH3MknTDS,US,35.0,Men,0.0,0.0,2.3333333333333335,7.0,100.0,75.0,0.0
J6yfT08nW3,DE,39.0,Men,0.0,0.0,3.4285714285714284,12.0,100.0,75.0,0.0
FxyWpCcClf,US,41.0,Women,0.0,0.0,5.666666666666667,5.666666666666667,100.0,25.0,0.0
FIw7IVTz47,US,39.0,Women,0.0,0.0,1.0,1.0,50.0,0.0,0.0
vAOIFrHDR3,DE,39.0,Men,4.0,1.0,3.0,8.25,100.0,100.0,0.0
jAgD2f5SAG,US,42.0,Women,0.0,0.0,1.0,1.5,100.0,25.0,0.0
OeFjsbJUkn,US,37.0,Women,0.0,0.0,1.5,1.5,100.0,0.0,0.0
N6ULSUVSdW,GB,32.0,Women,0.0,0.0,1.3333333333333333,4.0,100.0,75.0,0.0
SW4JQnQ6Wr,US,39.0,Women,0.0,0.0,13.0,13.0,100.0,50.0,0.0
1I3DREokcJ,DE,39.0,Men,0.0,0.0,1.0,1.0,50.0,0.0,0.0
c48qcelEtj,DE,39.0,Men,0.0,0.0,4.58,28.625,100.0,100.0,25.0
9IOjCcqxnq,US,40.0,Men,0.0,0.0,1.6363636363636365,5.142857142857143,100.0,100.0,12.5
4tDuPc5G3l,US,34.0,Women,0.0,0.0,1.0,1.0,50.0,0.0,0.0
TpvilLXIx6,DE,35.0,Women,0.0,0.0,2.5454545454545454,9.333333333333334,100.0,100.0,0.0
QowAk49bqc,DE,18.0,Men,4.0,1.0,10.962962962962964,74.0,100.0,100.0,62.5
ofhKcN2zjO,DE,39.0,Women,0.0,0.0,2.5660377358490565,17.0,100.0,100.0,37.5
KRL1BpeeUf,DE,39.0,Men,0.0,0.0,4.0,4.0,100.0,25.0,0.0
6JIW0K89YV,US,50.0,Men,0.0,0.0,1.0,1.0,100.0,25.0,0.0
zcC0pYtvDl,DE,36.0,Women,4.0,1.0,4.823529411764706,32.8,100.0,100.0,62.5
UCAGSGbUxc,US,43.0,Women,4.4,1.0,4.333333333333333,6.5,100.0,25.0,0.0
i4KjFN8nla,DE,45.0,Men,0.0,0.0,1.0,1.0,100.0,50.0,0.0
4JxSoHXbMM,DE,39.0,Men,0.0,0.0,3.4,8.5,100.0,75.0,0.0
9xxrpowJE3,GB,39.0,Women,0.0,0.0,3.0,3.0,50.0,0.0,0.0
A2CmZritJC,JP,93.0,Women,0.0,0.0,3.0,3.0,100.0,50.0,0.0
AihKkm2EXV,GB,20.0,Women,2.8,1.0,3.25,6.5,100.0,75.0,0.0
GgQMXzT5wB,US,39.0,Women,0.0,0.0,1.0,1.0,100.0,25.0,0.0
kplNQsNfyA,DE,36.0,Women,0.0,0.0,2.3076923076923075,6.0,100.0,75.0,0.0
uVFJb2nkWM,GB,42.0,Women,14.0,3.0,2.6,13.0,100.0,100.0,0.0
UimwDZoxeo,DE,39.0,Women,0.0,0.0,9.666666666666666,14.5,100.0,75.0,0.0
myv57sCd3h,US,35.0,Men,0.0,0.0,3.0,7.0,100.0,75.0,0.0
Bwk5nbbTKr,US,42.0,Women,0.0,0.0,1.0,1.0,50.0,0.0,0.0
p7fQxXwKiB,DE,39.0,Men,0.0,0.0,1.6,2.6666666666666665,100.0,100.0,0.0
NMHbb7q2fy,US,41.0,Men,0.0,0.0,2.0,2.0,50.0,0.0,0.0
JnS3eZJyLV,DE,36.0,Women,0.0,0.0,3.0,6.0,100.0,75.0,0.0
Kh73apIHVI,US,39.0,Men,0.0,0.0,1.0,1.0,50.0,0.0,0.0
dbNx4PEleR,US,39.0,Men,0.0,0.0,1.0,1.0,100.0,25.0,0.0
JTJxmdqCPD,DE,39.0,Men,0.0,0.0,1.0,2.0,100.0,25.0,0.0
9Mf7i5qAFp,DE,57.0,Women,0.0,0.0,7.173913043478261,41.25,100.0,0.0,0.0
SSR2zAuTPu,GB,44.0,Women,0.0,0.0,3.3333333333333335,20.0,100.0,100.0,0.0
8B9brLPBaO,GB,32.0,Men,0.0,0.0,2.0,4.0,100.0,75.0,0.0
f2BbTLN4w3,US,53.0,Men,0.0,0.0,1.0,1.0,50.0,0.0,0.0
UCZYFAVNTh,DE,41.0,Men,0.0,0.0,1.7142857142857142,4.8,100.0,100.0,0.0
TAW0zuVNQd,US,31.0,Men,0.0,0.0,1.0,2.0,100.0,0.0,0.0
k43lgaZuam,US,54.0,Men,4.0,1.0,2.625,7.0,100.0,75.0,0.0
TvaWxEh3jb,US,51.0,Men,0.0,0.0,2.0,4.0,100.0,0.0,0.0
gwU28CXz3A,GB,44.0,Women,0.0,0.0,1.0,1.5,100.0,50.0,0.0
SCjHc8inT7,DE,45.0,Women,35.0,8.0,2.1818181818181817,8.0,100.0,100.0,12.5
fnQlDAAoWC,US,39.0,Women,0.0,0.0,1.1428571428571428,4.0,100.0,50.0,0.0
9xQX9vJt1a,GB,48.0,Women,0.0,0.0,1.3333333333333333,2.0,100.0,50.0,0.0
FCscuB23Tk,US,39.0,Men,0.0,0.0,6.5,13.0,100.0,50.0,0.0
Hmku9NIjay,GB,56.0,Men,0.0,0.0,8.115384615384615,42.2,100.0,100.0,37.5
UiOpmV39Xy,US,39.0,Men,0.0,0.0,1.0,1.0,100.0,25.0,0.0
ltx7ba3EZ0,GB,48.0,Women,16.8,4.0,8.0,32.0,100.0,100.0,12.5
V5USHQeFLg,DE,39.0,Men,0.0,0.0,2.3333333333333335,10.5,100.0,100.0,12.5
S0pP4cNIgA,US,40.0,Men,0.0,0.0,2.0,4.0,100.0,25.0,0.0
XppQdQYQ9z,JP,53.0,Women,0.0,0.0,2.4,12.0,100.0,50.0,0.0
jXpGTbLi68,US,45.0,Men,0.0,0.0,2.1904761904761907,5.111111111111111,100.0,100.0,0.0
koMxSbabni,GB,39.0,Men,0.0,0.0,3.0,9.0,100.0,100.0,0.0
N3qHN2mDaY,JP,43.0,Men,2.0,1.0,1.0,1.0,50.0,0.0,0.0
Ugcny3aZCU,DE,39.0,Men,0.0,0.0,2.466666666666667,7.4,100.0,100.0,12.5
cVmgKl67DP,DE,48.0,Women,0.0,0.0,1.0,1.0,100.0,50.0,0.0
cqydcCWYj7,US,39.0,Men,0.0,0.0,2.5384615384615383,8.25,100.0,50.0,0.0
FW237bI2BN,GB,22.0,Women,2.8,1.0,2.0,4.0,100.0,50.0,0.0
ZG5RiaSKW7,US,39.0,Men,0.0,0.0,3.25,13.0,100.0,100.0,0.0
bt9qoJfy8n,DE,32.0,Women,14.0,2.0,1.0,1.0,100.0,50.0,0.0
V4il653S6I,GB,21.0,Women,0.0,0.0,7.0,7.0,100.0,50.0,0.0
QMsmHx3joV,US,36.0,Men,0.0,0.0,1.0,1.0,50.0,0.0,0.0
vo8nHJ6JU2,GB,62.0,Men,0.0,0.0,3.0,6.0,100.0,25.0,0.0
07qrTqk13k,US,20.0,Men,0.0,0.0,2.25,4.5,100.0,50.0,0.0
suE5MkBXQY,US,45.0,Men,4.0,1.0,2.25,3.6,100.0,50.0,0.0
gKW4jYij4g,GB,39.0,Men,0.0,0.0,3.1,15.5,50.0,0.0,0.0
fcMFW0RvwC,US,39.0,Men,0.0,0.0,1.5,3.0,100.0,50.0,0.0
BUN2KI2Lhe,US,52.0,Men,0.0,0.0,1.7222222222222223,7.75,100.0,100.0,0.0
dZ82i5tWkr,US,39.0,Men,0.0,0.0,1.6666666666666667,5.0,100.0,50.0,0.0
GkNiK8chFC,GB,34.0,Women,14.0,3.0,2.4166666666666665,14.5,100.0,100.0,25.0
7aaNXHlsuC,GB,39.0,Women,0.0,0.0,1.0,1.0,100.0,0.0,0.0
AfmBI7qvSk,DE,39.0,Women,0.0,0.0,1.0,2.0,100.0,75.0,0.0
QuuIEtE7V0,GB,62.0,Men,7.0,2.0,4.2272727272727275,18.6,100.0,100.0,12.5
KLDxh7PhS6,US,50.0,Women,0.0,0.0,4.0,12.0,100.0,50.0,0.0
QRUW7CPoIl,US,39.0,Men,0.0,0.0,2.0,2.0,100.0,25.0,0.0
pgd3ja1uME,US,53.0,Women,0.0,0.0,1.4,4.666666666666667,100.0,50.0,0.0
Sbzt8ThuPY,US,21.0,Men,0.0,0.0,1.0,1.0,100.0,25.0,0.0
bvt5FyjiUY,DE,34.0,Women,4.0,1.0,3.902439024390244,26.666666666666668,100.0,100.0,50.0
aNqGOOTt1Q,US,45.0,Women,0.0,0.0,1.5,1.5,100.0,25.0,0.0
5TZake1jJb,GB,50.0,Men,0.0,0.0,1.8181818181818181,10.0,100.0,100.0,12.5
0GMrLU3lqu,DE,34.0,Men,4.0,1.0,3.0,15.0,100.0,100.0,25.0
Y8BpaYzbXL,DE,39.0,Women,0.0,0.0,3.0,4.5,100.0,75.0,0.0
kpqqmvkFIy,US,34.0,Men,4.0,1.0,1.5,2.25,100.0,50.0,0.0
FnNB97kNnh,US,38.0,Women,0.0,0.0,4.0,4.0,100.0,50.0,0.0
sjegATMmSy,US,43.0,Women,4.0,1.0,2.0,6.0,100.0,75.0,0.0
m5Kgx4Ofsh,US,38.0,Men,4.0,1.0,4.0,4.0,100.0,25.0,0.0
kBS0zAa5k0,US,39.0,Women,0.0,0.0,1.0,1.0,100.0,25.0,0.0
ghZFNYkmQk,US,58.0,Men,0.0,0.0,3.5,7.0,50.0,0.0,0.0
UKj8cuBn6b,DE,21.0,Men,4.0,1.0,5.0,10.0,100.0,75.0,0.0
pGI6sBSUTD,US,60.0,Men,0.0,0.0,7.903225806451613,49.0,100.0,100.0,37.5
eUHtpG0yRs,GB,34.0,Men,0.0,0.0,3.3333333333333335,10.0,100.0,100.0,0.0
tN5yLgOnnY,DE,39.0,Women,0.0,0.0,2.0,2.6666666666666665,100.0,75.0,0.0
CpRBiR9zNG,GB,37.0,Men,0.0,0.0,2.3076923076923075,10.0,100.0,100.0,0.0
iOuZ30Pkyq,GB,39.0,Women,0.0,0.0,1.9375,7.75,100.0,100.0,0.0
OWMMEf7i03,US,39.0,Men,4.0,1.0,2.0,4.0,100.0,25.0,0.0
619IjBphkH,GB,35.0,Men,0.0,0.0,1.3125,5.25,100.0,100.0,0.0
7cziqrKw6L,US,34.0,Men,0.0,0.0,1.6666666666666667,3.3333333333333335,100.0,25.0,0.0
Z60LYIbkhW,DE,18.0,Women,0.0,0.0,1.7142857142857142,6.0,100.0,75.0,0.0
Q40npPcj7n,GB,39.0,Women,0.0,0.0,1.0,1.0,100.0,50.0,0.0
0SkC2akv0S,US,32.0,Men,10.0,2.0,1.875,3.75,100.0,50.0,0.0
yAYpQvXU4U,US,54.0,Men,0.0,0.0,2.2857142857142856,10.666666666666666,100.0,75.0,0.0
dQUKlbzTR5,DE,32.0,Men,0.0,0.0,3.142857142857143,14.666666666666666,100.0,100.0,12.5
kpokyrJdtj,DE,34.0,Men,4.0,1.0,1.7142857142857142,4.0,100.0,75.0,0.0
RdBoe10sJW,DE,33.0,Men,0.0,0.0,4.117647058823529,14.0,100.0,100.0,25.0
E31j4lNBfS,JP,39.0,Men,0.0,0.0,4.066666666666666,20.333333333333332,100.0,100.0,0.0
QqNW0AXzbe,US,47.0,Women,0.0,0.0,2.0,2.0,50.0,0.0,0.0
rAL5JK2FAq,GB,39.0,Men,0.0,0.0,1.0,1.0,50.0,0.0,0.0
0TbVGEiBbU,US,55.0,Men,23.0,4.0,1.9,3.8,100.0,75.0,0.0
s7x25uh2uO,DE,37.0,Women,0.0,0.0,3.0,3.0,100.0,0.0,0.0
pQSQWnoatT,GB,39.0,Men,0.0,0.0,2.0,4.0,100.0,75.0,0.0
wlhXLwQS3S,GB,51.0,Men,0.0,0.0,1.4666666666666666,4.4,100.0,100.0,12.5
EROZ949kFL,JP,31.0,Women,0.0,0.0,6.666666666666667,20.0,100.0,50.0,0.0
XhlDBWgEB9,DE,27.0,Women,0.0,0.0,19.0,19.0,100.0,75.0,0.0
rimPHVeqjD,GB,39.0,Men,0.0,0.0,2.75,11.0,100.0,75.0,0.0
zI68wshljq,DE,46.0,Men,0.0,0.0,3.0,6.0,100.0,0.0,0.0
sXFyf2NsGf,GB,56.0,Women,0.0,0.0,2.0,2.0,100.0,50.0,0.0
Eon9onFtXq,DE,28.0,Women,0.0,0.0,1.3333333333333333,2.0,100.0,50.0,0.0
D92FuTWB0o,US,35.0,Women,0.0,0.0,1.0,1.0,100.0,25.0,0.0
CwGTy61FpR,DE,39.0,Women,0.0,0.0,2.5,5.0,100.0,0.0,0.0
DfF2UqUXXu,DE,37.0,Women,4.0,1.0,4.666666666666667,28.0,100.0,100.0,50.0
CsT3TG9VRE,DE,40.0,Men,4.0,1.0,2.7142857142857144,9.5,50.0,0.0,0.0
4H6r4PJMXo,DE,39.0,Men,0.0,0.0,1.5,3.0,50.0,0.0,0.0
okMVA8kP07,GB,52.0,Men,0.0,0.0,2.0,2.0,100.0,50.0,0.0
Oi1IJV2s2H,GB,34.0,Men,0.0,0.0,5.0,10.0,100.0,75.0,0.0
Qewv4P4nIv,GB,39.0,Men,0.0,0.0,3.0,3.0,100.0,0.0,0.0
goPG6L1Ibx,GB,39.0,Men,0.0,0.0,2.0,3.0,100.0,75.0,0.0
ejQEO7eQk9,GB,24.0,Men,0.0,0.0,2.0,2.0,100.0,50.0,0.0
fDhVwzYhDT,DE,44.0,Women,0.0,0.0,4.95,33.0,100.0,100.0,37.5
SdW7gdMxfk,DE,39.0,Women,0.0,0.0,2.0,2.0,100.0,50.0,0.0
vqckAMa18F,US,40.0,Men,0.0,0.0,1.0,1.0,50.0,0.0,0.0
h5cw5ZWDiO,GB,44.0,Men,16.8,4.0,2.375,9.5,100.0,100.0,25.0
OUAj8T2Q2a,GB,39.0,Women,0.0,0.0,1.0,2.0,100.0,50.0,0.0
XyvuSM9F1l,DE,39.0,Men,0.0,0.0,10.333333333333334,15.5,100.0,100.0,0.0
w7oIDpJK3V,DE,39.0,Men,0.0,0.0,3.75,7.5,100.0,100.0,12.5
v7ZkUdyMnp,GB,65.0,Men,0.0,0.0,2.9545454545454546,16.25,100.0,100.0,12.5
i8RzAskuO9,DE,37.0,Women,0.0,0.0,1.0,1.0,100.0,25.0,0.0
pZ3O0BYwcj,DE,47.0,Men,4.0,1.0,2.9,14.5,100.0,100.0,12.5
PbJNBYz5qG,US,28.0,Men,4.0,1.0,1.1666666666666667,2.3333333333333335,100.0,25.0,0.0
EoyYBNkQrv,DE,39.0,Women,0.0,0.0,3.5,7.0,100.0,75.0,0.0
oz7KtGY9iA,DE,48.0,Men,0.0,0.0,1.0,1.0,100.0,75.0,0.0
UvyHrW8xSY,US,39.0,Men,0.0,0.0,1.0,1.0,100.0,25.0,0.0
oIIm3vDWUS,GB,39.0,Women,0.0,0.0,4.0,4.0,100.0,0.0,0.0
Mqpga2UKSP,US,35.0,Men,0.0,0.0,1.0,1.0,100.0,25.0,0.0
eKiSKvgau4,DE,39.0,Women,0.0,0.0,1.8,4.5,100.0,75.0,0.0
Hay4PDHl5D,JP,19.0,Women,2.0,1.0,4.0,10.0,100.0,75.0,0.0
gifvzUO5yQ,GB,32.0,Men,0.0,0.0,10.0,10.0,100.0,50.0,0.0
syzU2CA4Z3,DE,38.0,Women,0.0,0.0,5.0,22.5,100.0,100.0,25.0
0CxpwLtdF5,DE,40.0,Men,0.0,0.0,3.0,12.0,100.0,75.0,0.0
tVgelSPx25,DE,49.0,Men,0.0,0.0,1.0,2.0,100.0,50.0,0.0
ntRxSDg38Z,DE,56.0,Women,0.0,0.0,3.5,7.0,100.0,50.0,0.0
NyUfJKWcpF,GB,44.0,Women,0.0,0.0,2.857142857142857,13.333333333333334,100.0,100.0,0.0
3w8iwIwBrX,US,39.0,Women,0.0,0.0,2.0,8.5,100.0,100.0,0.0
mmSiVtcAyC,US,44.0,Men,0.0,0.0,1.3333333333333333,1.3333333333333333,100.0,25.0,0.0
CD4SPOagnx,GB,25.0,Men,0.0,0.0,4.548387096774194,23.5,100.0,100.0,25.0
sUqABjVuEt,GB,36.0,Men,7.0,2.0,3.8444444444444446,24.714285714285715,100.0,100.0,62.5
BdmjsCiQtS,US,39.0,Men,0.0,0.0,3.5,11.2,100.0,100.0,0.0
m39E2uXk8o,US,36.0,Women,0.0,0.0,1.0,2.0,100.0,25.0,0.0
P9xh8bJlQY,DE,39.0,Women,0.0,0.0,4.0,22.0,100.0,100.0,0.0
HB8ct97sAr,US,36.0,Women,0.0,0.0,2.3333333333333335,7.0,100.0,25.0,0.0
QqoRTKV7w0,US,35.0,Women,20.0,3.0,3.5454545454545454,7.8,100.0,100.0,0.0
izjGjXOddO,DE,29.0,Women,0.0,0.0,5.833333333333333,23.333333333333332,100.0,100.0,12.5
u5jaisrXIf,GB,39.0,Men,0.0,0.0,1.0,1.5,100.0,50.0,0.0
XWc46gqfvH,GB,32.0,Women,0.0,0.0,2.0833333333333335,8.333333333333334,100.0,100.0,0.0
yUVY1A3a7B,DE,39.0,Women,0.0,0.0,3.75,5.0,100.0,100.0,12.5
ZpKy7f7WYb,DE,41.0,Men,0.0,0.0,1.0,3.0,100.0,50.0,0.0
ZHeD8DABxe,US,52.0,Women,0.0,0.0,1.0,1.0,50.0,0.0,0.0
5vyCzmA7eG,US,48.0,Men,0.0,0.0,3.2,8.0,100.0,75.0,0.0
0Qgds7Iy7e,DE,50.0,Men,0.0,0.0,3.466666666666667,17.333333333333332,100.0,100.0,0.0
D5hfDVLJ9n,US,35.0,Men,0.0,0.0,2.9047619047619047,10.166666666666666,100.0,100.0,12.5
8HPJ4fIVDk,US,39.0,Men,0.0,0.0,2.0,4.0,100.0,25.0,0.0
nrjLtAR3U4,US,38.0,Men,4.0,1.0,1.2,2.0,100.0,50.0,0.0
FN8cUI7n0P,DE,53.0,Women,4.0,1.0,1.4705882352941178,3.5714285714285716,100.0,0.0,0.0
19aoeNc3ks,GB,58.0,Men,0.0,0.0,1.0,1.5,100.0,75.0,0.0
PdR1ES1GkR,US,39.0,Men,0.0,0.0,1.8695652173913044,8.6,100.0,100.0,0.0
65ybsjqKFc,US,39.0,Men,0.0,0.0,2.0625,9.428571428571429,100.0,100.0,12.5
n8p6Bel2aN,DE,39.0,Men,0.0,0.0,4.5,9.0,100.0,50.0,0.0
D4rYN8ryrj,US,34.0,Men,4.0,1.0,2.142857142857143,5.0,100.0,75.0,0.0
Fcm8TypLMd,DE,39.0,Women,0.0,0.0,5.0,15.0,50.0,0.0,0.0
5SK1NuznBD,US,53.0,Women,44.0,11.0,2.0,4.0,100.0,75.0,0.0
Rsuw3OAdCv,US,29.0,Men,0.0,0.0,2.0,2.0,50.0,0.0,0.0
BPR7PioxjL,DE,39.0,Men,0.0,0.0,4.0,22.4,100.0,25.0,0.0
9UCv4KtvEM,DE,39.0,Women,0.0,0.0,1.6,2.6666666666666665,100.0,75.0,0.0
U9qES2hRba,DE,46.0,Women,4.0,1.0,6.0,24.0,100.0,75.0,0.0
D0n3zglifb,US,27.0,Women,4.0,1.0,7.25,9.666666666666666,100.0,75.0,0.0
KQKe68zb9u,DE,52.0,Women,4.0,1.0,2.0,3.0,100.0,50.0,0.0
6W0exSWZqs,DE,49.0,Men,0.0,0.0,1.0,1.0,50.0,0.0,0.0
VIFfiqiQsn,DE,34.0,Women,0.0,0.0,4.5,12.0,100.0,100.0,12.5
DjIBKrk3gy,GB,51.0,Men,0.0,0.0,1.0,1.0,100.0,25.0,0.0
E6iUuc2TLY,US,32.0,Men,4.0,1.0,4.375,8.75,100.0,75.0,0.0
KQu94LjveL,GB,39.0,Men,30.8,9.0,3.0,13.0,100.0,25.0,0.0
kxuOFn8FjC,GB,43.0,Men,0.0,0.0,1.0,2.0,100.0,50.0,0.0
lOQXjA02wm,DE,43.0,Men,0.0,0.0,1.0,1.0,50.0,0.0,0.0
UlzmP5aXJx,GB,46.0,Women,2.8,1.0,2.066666666666667,7.75,100.0,100.0,25.0
3xmItB4lAo,DE,33.0,Women,0.0,0.0,2.375,6.333333333333333,100.0,100.0,0.0
FIlmdOSYaW,US,39.0,Men,4.0,1.0,2.0,5.333333333333333,100.0,75.0,0.0
xGc1llMVzp,DE,39.0,Women,0.0,0.0,5.0588235294117645,21.5,100.0,100.0,37.5
EGcl7ollyc,JP,39.0,Men,0.0,0.0,2.4615384615384617,10.666666666666666,100.0,100.0,0.0
xPRNHEWeqg,DE,39.0,Men,0.0,0.0,2.7142857142857144,9.5,100.0,100.0,12.5
sBaCQgs6eo,GB,25.0,Men,0.0,0.0,2.6666666666666665,4.0,100.0,75.0,0.0
Vc6kkBKCQU,DE,18.0,Women,20.0,3.0,3.066666666666667,13.142857142857142,100.0,100.0,25.0
Mw8C9mxE2A,US,27.0,Men,0.0,0.0,2.3333333333333335,3.5,100.0,50.0,0.0
xKJFdOk9Yn,GB,23.0,Men,2.8,1.0,2.7777777777777777,8.333333333333334,100.0,100.0,12.5
fJx6UNRcie,GB,60.0,Women,46.200005,13.0,1.4545454545454546,2.6666666666666665,100.0,0.0,0.0
Lz84kjBHfX,GB,39.0,Men,0.0,0.0,2.4444444444444446,11.0,100.0,100.0,12.5
u6xmJh03io,DE,46.0,Men,0.0,0.0,2.1666666666666665,4.333333333333333,100.0,75.0,0.0
un2zKhSxDs,US,43.0,Men,0.0,0.0,1.0,1.0,50.0,0.0,0.0
HeLydRgPnF,US,44.0,Men,4.0,1.0,2.3333333333333335,4.666666666666667,100.0,50.0,0.0
4GB8LBIpvz,US,52.0,Men,26.0,5.0,3.272727272727273,9.0,100.0,75.0,0.0
KqbeNkkEdQ,US,58.0,Men,0.0,0.0,2.0,2.0,100.0,50.0,0.0
HRGIhUln8Z,GB,50.0,Men,0.0,0.0,3.0,3.0,100.0,50.0,0.0
b237XIVbsu,DE,39.0,Women,0.0,0.0,2.5,2.5,100.0,75.0,0.0
Q2soKnQnCF,GB,55.0,Women,0.0,0.0,1.3333333333333333,4.0,100.0,25.0,0.0
f7RhuI3mjN,US,65.0,Women,0.0,0.0,2.0,2.0,50.0,0.0,0.0
FnbZY4C1Oj,DE,39.0,Men,0.0,0.0,4.375,17.5,100.0,100.0,0.0
QVtXOudxYj,US,60.0,Men,0.0,0.0,2.8333333333333335,8.5,50.0,0.0,0.0
gJBjx2ZRiH,DE,47.0,Men,0.0,0.0,2.857142857142857,20.0,100.0,100.0,25.0
7Q0wu7KQuM,DE,28.0,Men,0.0,0.0,2.0,6.0,100.0,50.0,0.0
3QBEmNPl2c,DE,39.0,Women,0.0,0.0,5.315789473684211,33.666666666666664,100.0,100.0,25.0
8yt5Hi3oxx,GB,39.0,Men,0.0,0.0,2.5,5.0,100.0,50.0,0.0
jZyG4EkGxa,JP,28.0,Women,0.0,0.0,1.0,1.0,50.0,0.0,0.0
On8VkrzFbL,DE,48.0,Men,29.0,6.0,2.8,7.0,100.0,100.0,0.0
ob6a1UvyZR,GB,32.0,Men,2.8,1.0,3.235294117647059,13.75,100.0,100.0,25.0
OtpNOinOXd,DE,40.0,Women,4.0,1.0,1.5,3.0,100.0,50.0,0.0
umqZkQ9PFd,DE,39.0,Women,0.0,0.0,4.045454545454546,22.25,100.0,100.0,25.0
AfiAjMOwJf,US,25.0,Men,0.0,0.0,1.5,2.0,100.0,50.0,0.0
aibyOAx1aO,US,39.0,Women,0.0,0.0,2.0,3.0,100.0,50.0,0.0
BwjVw9g9k8,DE,42.0,Men,20.0,3.0,2.2,11.0,100.0,100.0,12.5
MHMgP4Hca4,US,43.0,Men,0.0,0.0,1.7777777777777777,4.0,100.0,75.0,0.0
zbyodqOwMh,US,39.0,Men,0.0,0.0,1.0,1.0,100.0,25.0,0.0
cF8EJK9BoO,DE,59.0,Women,20.0,3.0,2.0,2.0,100.0,50.0,0.0
vz5r5HMh2i,JP,44.0,Women,0.0,0.0,1.0,1.0,50.0,0.0,0.0
jLE8ZhUY6Y,US,46.0,Women,29.0,6.0,1.2727272727272727,3.5,100.0,100.0,0.0
t3X9NZqbEQ,GB,32.0,Men,0.0,0.0,3.4166666666666665,20.5,100.0,100.0,12.5
ajB79YaNVV,DE,18.0,Men,0.0,0.0,6.1,20.333333333333332,100.0,100.0,12.5
cuWCL7qTbv,GB,50.0,Men,0.0,0.0,1.56,4.875,100.0,25.0,0.0
sU8k9oL0v9,US,50.0,Men,4.0,1.0,1.0,1.5,100.0,0.0,0.0
eidKtjDMTP,DE,39.0,Women,0.0,0.0,4.0,4.0,100.0,100.0,0.0
PBk40IlEgW,US,50.0,Men,4.4,1.0,1.75,2.3333333333333335,50.0,0.0,0.0
iooGoQZ9zr,DE,44.0,Men,0.0,0.0,3.3333333333333335,15.0,100.0,100.0,25.0
n8hPnoxGMu,GB,47.0,Women,0.0,0.0,2.2,11.0,100.0,75.0,0.0
o8JJ4oZ9YO,GB,39.0,Women,19.599998,5.0,2.6,13.0,100.0,75.0,0.0
6eczCVERMN,DE,29.0,Women,20.0,3.0,6.2,15.5,100.0,75.0,0.0
3ZVeebtCV6,GB,43.0,Men,0.0,0.0,4.5,9.0,100.0,50.0,0.0
SBgodZ8iCi,GB,39.0,Women,0.0,0.0,1.0,1.0,100.0,50.0,0.0
912JL1jmRp,GB,39.0,Men,0.0,0.0,2.5,2.5,100.0,25.0,0.0
lavnP3FzB0,JP,23.0,Women,2.0,1.0,1.0,1.0,50.0,0.0,0.0
28CMiljjFs,DE,39.0,Women,0.0,0.0,4.0,4.0,100.0,50.0,0.0
rIKKpUVdlx,US,45.0,Men,20.0,3.0,2.5925925925925926,14.0,100.0,100.0,25.0
QxaDYpfBgH,US,24.0,Women,0.0,0.0,1.0,1.0,50.0,0.0,0.0
QS2NjD6APK,US,36.0,Women,0.0,0.0,1.0,1.0,100.0,25.0,0.0
eXL0kfijKE,DE,39.0,Women,0.0,0.0,2.1333333333333333,10.666666666666666,100.0,100.0,0.0
2Jl8AMebYL,DE,39.0,Men,0.0,0.0,2.0,2.0,100.0,50.0,0.0
zLKbQV33dN,GB,39.0,Men,30.8,9.0,8.590909090909092,47.25,100.0,100.0,62.5
SXNwnKiIYB,GB,39.0,Women,0.0,0.0,1.3333333333333333,2.6666666666666665,100.0,50.0,0.0
AhvL4bVv68,DE,40.0,Men,23.0,4.0,2.0,7.0,100.0,100.0,0.0
cx9ISgMFId,DE,39.0,Women,0.0,0.0,1.5,3.0,100.0,50.0,0.0
BF4H9b9YNa,DE,40.0,Women,0.0,0.0,1.6,8.0,100.0,75.0,0.0
pZUL8Y4wUg,US,39.0,Men,4.4,1.0,1.2,2.0,100.0,50.0,0.0
mukWD0zW5n,DE,39.0,Women,0.0,0.0,1.0,2.0,50.0,0.0,0.0
EoIOIEtYRD,US,30.0,Men,0.0,0.0,1.5,3.0,100.0,50.0,0.0
oms8OpULgs,US,58.0,Men,0.0,0.0,1.0,1.0,50.0,0.0,0.0
ii0jdDYKLk,GB,37.0,Women,16.8,4.0,5.0,5.0,100.0,75.0,0.0
nsuEtkhI1E,GB,39.0,Women,0.0,0.0,1.0,1.0,100.0,0.0,0.0
DYXMsDRMJE,US,42.0,Men,4.0,1.0,3.9523809523809526,16.6,100.0,100.0,12.5
sAH97bkHTZ,DE,53.0,Men,0.0,0.0,2.125,4.25,100.0,75.0,0.0
Xre0KIesPq,US,35.0,Women,0.0,0.0,4.0,4.0,100.0,0.0,0.0
4bXYdiGPhM,DE,39.0,Men,0.0,0.0,5.0,5.0,50.0,0.0,0.0
R12v99jzKt,US,27.0,Women,0.0,0.0,3.0,3.0,100.0,25.0,0.0
k47O0F1ZEp,US,99.0,Men,0.0,0.0,4.0,8.0,100.0,25.0,0.0
dqVGcH9IkU,JP,24.0,Women,0.0,0.0,10.875,29.0,100.0,100.0,12.5
lGFjjaZswx,GB,27.0,Men,0.0,0.0,1.0,1.0,100.0,50.0,0.0
PYgvqY1kBD,DE,23.0,Women,20.0,3.0,4.0,4.0,100.0,0.0,0.0
FZJYW2ZrZw,US,32.0,Men,0.0,0.0,4.0256410256410255,26.166666666666668,100.0,100.0,12.5
nJFKN9zcWR,GB,62.0,Women,0.0,0.0,13.588235294117647,57.75,100.0,100.0,37.5
KKrB7uRaaW,US,35.0,Women,0.0,0.0,3.0,3.0,50.0,0.0,0.0
E0UsKyRBkt,US,26.0,Men,0.0,0.0,4.5,9.0,100.0,25.0,0.0
YKWd08J91u,GB,23.0,Men,0.0,0.0,3.0,6.0,100.0,50.0,0.0
IML4PaJ8dF,GB,40.0,Women,0.0,0.0,2.4,6.0,100.0,75.0,0.0
lgbZFrINcg,US,64.0,Men,0.0,0.0,1.0,1.0,50.0,0.0,0.0
xjvh5Uzo1h,DE,39.0,Women,4.0,1.0,3.0,3.0,100.0,50.0,0.0
X5AHnH7Rhl,US,45.0,Men,0.0,0.0,1.0,1.0,100.0,25.0,0.0
YDebwAlvO6,US,34.0,Women,0.0,0.0,1.7142857142857142,4.8,100.0,75.0,0.0
UyjhLJhjXq,GB,37.0,Women,16.8,4.0,3.4347826086956523,15.8,100.0,100.0,37.5
vuRarfO8Oy,DE,22.0,Women,20.0,3.0,2.0,8.5,100.0,100.0,0.0
i8l1uMMRC6,DE,39.0,Women,0.0,0.0,3.0,3.0,100.0,0.0,0.0
lhhwBGf58z,US,43.0,Men,0.0,0.0,2.0,2.0,100.0,50.0,0.0
KFfuSPMWgY,US,30.0,Women,4.0,1.0,1.5,6.0,100.0,50.0,0.0
pJK7bL61vf,GB,39.0,Men,0.0,0.0,2.6666666666666665,4.0,100.0,100.0,0.0
yy5cWWSMqW,DE,35.0,Women,4.0,1.0,1.5833333333333333,3.8,100.0,100.0,12.5
yFCHVUeKGO,GB,60.0,Women,0.0,0.0,2.0,3.0,100.0,100.0,37.5
EKeQkLXhBC,DE,24.0,Women,0.0,0.0,1.0,1.0,50.0,0.0,0.0
fqNSBKA3KV,GB,53.0,Men,0.0,0.0,4.0,12.0,100.0,100.0,0.0
IExMUX1oaH,DE,49.0,Men,0.0,0.0,2.5384615384615383,13.2,100.0,100.0,12.5
y8BH1dVtyK,US,22.0,Men,0.0,0.0,2.25,9.0,100.0,25.0,0.0
4QDkhD2UOy,US,18.0,Men,4.0,1.0,1.75,7.0,100.0,25.0,0.0
GTDFyTNUtw,DE,43.0,Women,0.0,0.0,1.0,3.0,100.0,100.0,0.0
oLPsU1rZkt,JP,39.0,Men,0.0,0.0,3.5,7.0,100.0,50.0,0.0
aZoEyg9VVI,DE,49.0,Men,0.0,0.0,4.0,4.0,100.0,50.0,0.0
nYgQL8sN4y,DE,51.0,Women,0.0,0.0,5.75,38.333333333333336,100.0,100.0,37.5
IH7mjUXdZY,DE,42.0,Men,0.0,0.0,1.9361702127659575,13.0,100.0,100.0,37.5
CvaUOTcPEz,DE,37.0,Men,20.0,3.0,4.782608695652174,18.333333333333332,100.0,100.0,25.0
yLUbquFIzY,DE,36.0,Women,0.0,0.0,1.3333333333333333,4.0,100.0,50.0,0.0
VH39CToxXF,GB,43.0,Men,0.0,0.0,2.0,2.6666666666666665,100.0,50.0,0.0
Pjd4sOy6wT,DE,39.0,Women,0.0,0.0,2.5294117647058822,14.333333333333334,100.0,100.0,0.0
d69ia0L9YC,US,39.0,Women,0.0,0.0,4.5,4.5,100.0,25.0,0.0
rfxt94SNPx,US,39.0,Men,0.0,0.0,1.0,1.0,100.0,25.0,0.0
fanFldmUdI,GB,39.0,Women,0.0,0.0,3.5,7.0,100.0,50.0,0.0
aViO74v6eM,DE,41.0,Women,0.0,0.0,3.5,9.333333333333334,100.0,100.0,25.0
oMI9PzMJUd,DE,44.0,Women,0.0,0.0,2.2222222222222223,6.666666666666667,100.0,75.0,0.0
XuNVXxl1UB,DE,20.0,Men,0.0,0.0,6.0,12.0,100.0,75.0,0.0
fKedxW3mOq,DE,39.0,Women,0.0,0.0,1.0,1.0,50.0,0.0,0.0
BGMMIfByHL,GB,46.0,Men,0.0,0.0,3.5,10.5,100.0,50.0,0.0
NmRR0bKtTk,DE,39.0,Women,0.0,0.0,1.5,3.0,100.0,25.0,0.0
z4FCDw32fq,DE,32.0,Men,4.0,1.0,2.25,11.25,100.0,100.0,0.0
x21vJHJj1p,US,36.0,Men,20.0,3.0,5.314814814814815,31.88888888888889,100.0,100.0,62.5
5ht4iW2xa2,US,52.0,Men,0.0,0.0,2.0,5.0,100.0,50.0,0.0
QY0ORjy1za,DE,24.0,Women,0.0,0.0,5.714285714285714,26.666666666666668,100.0,100.0,25.0
ZTuRoVZu2z,US,39.0,Men,0.0,0.0,1.5,3.0,100.0,25.0,0.0
00yxittskM,US,28.0,Women,4.0,1.0,2.0,4.0,100.0,75.0,0.0
ijyu9pSWSO,US,39.0,Women,0.0,0.0,3.0,3.0,100.0,0.0,0.0
XYfMaweeH5,JP,89.0,Men,1.4,1.0,1.96,9.8,100.0,100.0,0.0
MVWwfBnGKp,US,35.0,Women,0.0,0.0,2.0,2.0,100.0,25.0,0.0
9YdlzEquNq,DE,19.0,Women,0.0,0.0,2.75,5.5,100.0,50.0,0.0
3pwIl7m76Y,DE,38.0,Women,0.0,0.0,1.0,1.0,100.0,50.0,0.0
8WUZoTkzXM,DE,39.0,Women,0.0,0.0,1.8666666666666667,11.2,100.0,100.0,12.5
gzZoGGWrvu,JP,46.0,Women,0.0,0.0,4.0,20.0,100.0,100.0,0.0
XXxzhNBAUP,US,39.0,Men,0.0,0.0,1.3333333333333333,2.0,100.0,25.0,0.0
YYm68EeiZh,GB,44.0,Men,0.0,0.0,1.3333333333333333,2.6666666666666665,100.0,75.0,0.0
IdTtkAFv9v,DE,40.0,Women,4.0,1.0,2.16,13.5,100.0,25.0,0.0
xwMDoW2qco,GB,39.0,Women,0.0,0.0,1.5,1.5,100.0,50.0,0.0
77b84y6HOC,GB,55.0,Men,0.0,0.0,3.0,12.0,100.0,100.0,0.0
huMVZ9i5sx,US,36.0,Women,4.0,1.0,3.0,6.0,100.0,0.0,0.0
uoN2Ht5vm2,DE,42.0,Men,0.0,0.0,1.0,1.0,100.0,25.0,0.0
QxW2DWKAOC,GB,39.0,Men,0.0,0.0,1.0,1.0,100.0,25.0,0.0
fhq2Wzcbqh,JP,39.0,Men,0.0,0.0,1.2,3.0,100.0,50.0,0.0
rZ5wmTxqjs,DE,41.0,Men,0.0,0.0,5.6521739130434785,21.666666666666668,100.0,100.0,12.5
ZhXPJODvYP,DE,38.0,Men,26.0,5.0,2.625,10.5,100.0,75.0,0.0
g8gnOFm7pm,US,39.0,Men,0.0,0.0,2.0,2.0,100.0,25.0,0.0
XWiNy3uPAs,GB,25.0,Women,0.0,0.0,1.5,1.5,100.0,25.0,0.0
jSOscC7DyU,DE,40.0,Women,20.0,3.0,1.6875,6.75,100.0,100.0,0.0
3MgPW33jtv,US,30.0,Men,0.0,0.0,1.0,2.0,100.0,25.0,0.0
PQp6MERmCm,DE,40.0,Women,0.0,0.0,3.6666666666666665,16.5,100.0,100.0,0.0
oy9qxxzlS5,US,39.0,Women,0.0,0.0,1.6666666666666667,2.5,50.0,0.0,0.0
KBOWnsoJCN,DE,42.0,Women,0.0,0.0,3.0,3.0,100.0,25.0,0.0
FHtBJPMRZL,US,33.0,Men,4.0,1.0,2.7916666666666665,16.75,100.0,100.0,12.5
U41PY5ElKt,DE,38.0,Women,0.0,0.0,1.0,2.0,100.0,50.0,0.0
8M0AncvuRP,DE,31.0,Women,0.0,0.0,2.823529411764706,16.0,100.0,100.0,12.5
KDjmsv6BNd,US,26.0,Men,23.0,4.0,2.0,9.0,100.0,75.0,0.0
AFtAC9ePJz,DE,38.0,Men,0.0,0.0,3.0,3.0,100.0,50.0,0.0
9DCsHY37MY,DE,40.0,Women,0.0,0.0,2.0,2.0,100.0,0.0,0.0
aj7XKI7Y6x,US,63.0,Men,4.0,1.0,6.428571428571429,22.5,100.0,100.0,0.0
uSKV5p0o6I,GB,33.0,Women,0.0,0.0,2.0,2.0,100.0,25.0,0.0
doUi8c4EZ4,DE,46.0,Women,4.0,1.0,1.5714285714285714,5.5,100.0,75.0,0.0
Zbh1luTB8j,US,22.0,Women,0.0,0.0,1.8333333333333333,3.6666666666666665,100.0,25.0,0.0
Eqn18Nlo7y,GB,36.0,Men,0.0,0.0,2.5,5.0,50.0,0.0,0.0
u2qlvy519b,US,54.0,Women,4.4,1.0,1.4782608695652173,6.8,100.0,75.0,0.0
IwVtVX9OHS,DE,43.0,Men,4.0,1.0,3.5,14.0,100.0,100.0,0.0
o5j3Hml3ep,US,35.0,Men,4.0,1.0,2.0,5.0,100.0,50.0,0.0
Qgki6j4rb2,DE,39.0,Women,4.0,1.0,1.2222222222222223,5.5,100.0,100.0,0.0
rSpgSlVN5X,GB,44.0,Men,0.0,0.0,2.1333333333333333,10.666666666666666,100.0,100.0,25.0
bRJel6N5Au,US,38.0,Men,0.0,0.0,2.5,5.0,100.0,25.0,0.0
3PHAj56kNh,GB,39.0,Men,7.0,2.0,3.25,13.0,100.0,100.0,0.0
lMdCYMatSW,DE,42.0,Men,0.0,0.0,2.3333333333333335,7.0,100.0,50.0,0.0
Vni4lxbKnh,DE,40.0,Women,0.0,0.0,1.9523809523809523,6.833333333333333,100.0,100.0,12.5
3bSHE0fzKy,GB,40.0,Men,0.0,0.0,1.0,1.0,50.0,0.0,0.0
D65aRtrjJd,GB,26.0,Men,19.599998,5.0,3.0,9.0,100.0,100.0,0.0
n6xWnq3Cu5,US,39.0,Women,4.4,1.0,3.5,7.0,100.0,25.0,0.0
FkJTXUjLUg,GB,50.0,Men,0.0,0.0,4.451612903225806,27.6,100.0,100.0,50.0
bqZW30f5UN,GB,46.0,Women,0.0,0.0,1.0,3.0,100.0,50.0,0.0
rvnQGVUS0S,DE,39.0,Women,0.0,0.0,2.5,5.0,100.0,50.0,0.0
QLqBPA9xLE,US,41.0,Women,4.0,1.0,1.75,4.666666666666667,100.0,75.0,0.0
esHxMl8sNo,GB,43.0,Women,0.0,0.0,4.0,8.0,100.0,50.0,0.0
ELxFqY35OO,DE,46.0,Women,0.0,0.0,1.5,3.0,100.0,50.0,0.0
7tt3j9b4bb,GB,32.0,Women,0.0,0.0,2.0,2.0,50.0,0.0,0.0
bBmhJcdZuc,US,54.0,Men,0.0,0.0,1.6363636363636365,6.0,100.0,75.0,0.0
Zb9oW3sxAU,US,44.0,Men,0.0,0.0,3.0,12.0,100.0,75.0,0.0
KKasUMiDCu,US,55.0,Men,0.0,0.0,2.0,2.0,50.0,0.0,0.0
DE6Sw9HshX,US,57.0,Men,10.0,2.0,1.3076923076923077,2.8333333333333335,100.0,50.0,0.0
gZSjVVTh2W,GB,36.0,Men,0.0,0.0,1.0,1.0,100.0,50.0,0.0
44SREV0Y0M,US,45.0,Men,0.0,0.0,1.0,1.6666666666666667,100.0,50.0,0.0
qfmTePAIXp,US,32.0,Men,0.0,0.0,3.0,3.0,100.0,25.0,0.0
UqBJuFO9By,US,42.0,Men,0.0,0.0,1.0,1.0,50.0,0.0,0.0
4sXPLzbuTf,DE,45.0,Women,4.0,1.0,5.222222222222222,23.5,100.0,100.0,0.0
3vVJ5jzAON,GB,39.0,Women,0.0,0.0,1.5555555555555556,7.0,100.0,75.0,0.0
JsMTSk83pP,GB,54.0,Women,0.0,0.0,1.0,1.0,50.0,0.0,0.0
N4joCpbBi7,GB,34.0,Women,2.8,1.0,5.333333333333333,20.0,100.0,100.0,37.5
QeJOiRzw7s,GB,26.0,Men,0.0,0.0,4.75,19.0,100.0,75.0,0.0
6KicOfunJj,US,36.0,Women,0.0,0.0,2.5555555555555554,7.666666666666667,100.0,75.0,0.0
7lRtQOuDpP,GB,31.0,Men,0.0,0.0,1.5,3.0,50.0,0.0,0.0
HZEt1ScvjL,US,23.0,Men,0.0,0.0,2.2,5.5,100.0,50.0,0.0
bRrq0sC4pQ,DE,44.0,Women,0.0,0.0,2.75,5.5,100.0,75.0,0.0
gDHne6fJY8,DE,28.0,Women,0.0,0.0,1.0,1.0,50.0,0.0,0.0
KtpsHvAMxo,DE,39.0,Men,0.0,0.0,3.2,16.0,100.0,75.0,0.0
vjy1fVaBW8,GB,39.0,Men,0.0,0.0,14.0,14.0,100.0,50.0,0.0
kvovrachAc,DE,43.0,Men,0.0,0.0,3.1666666666666665,9.5,100.0,100.0,0.0
zwAHjN3vel,US,46.0,Women,0.0,0.0,1.0,1.0,100.0,25.0,0.0
wdjGEDunpB,GB,41.0,Men,0.0,0.0,2.0,2.0,100.0,50.0,0.0
Xid3sMvGfi,JP,46.0,Women,0.0,0.0,1.5,4.5,100.0,100.0,0.0
6NCsLa3waw,DE,41.0,Women,0.0,0.0,2.75,11.0,100.0,100.0,0.0
Hx7dBMvDFz,US,38.0,Women,0.0,0.0,1.3333333333333333,2.0,100.0,0.0,0.0
QmEt7X2jg9,US,25.0,Men,0.0,0.0,3.0,3.0,50.0,0.0,0.0
98pt4IbeRu,GB,39.0,Men,0.0,0.0,1.0,2.0,50.0,0.0,0.0
IXQzdrsgPt,GB,39.0,Women,2.8,1.0,1.6666666666666667,7.5,100.0,100.0,0.0
3qaKiOxoWf,GB,40.0,Women,0.0,0.0,1.0,1.0,100.0,0.0,0.0
N9riS0UGih,US,29.0,Men,10.0,2.0,3.5428571428571427,20.666666666666668,100.0,100.0,37.5
OXMatQVPMB,US,44.0,Women,0.0,0.0,4.2,25.2,100.0,100.0,37.5
vLPDbzA4kz,GB,39.0,Women,0.0,0.0,1.0,1.0,100.0,25.0,0.0
T7LkewqtRC,US,39.0,Women,0.0,0.0,4.25,8.5,100.0,50.0,0.0
Y4MALYxTLd,US,23.0,Men,0.0,0.0,1.0,2.0,50.0,0.0,0.0
NPRoCXzsP9,DE,39.0,Men,0.0,0.0,1.5,3.0,100.0,50.0,0.0
UfHIEEyE5a,JP,39.0,Men,0.0,0.0,5.666666666666667,28.333333333333332,100.0,100.0,0.0
psSSxlnwD4,DE,39.0,Women,20.0,3.0,3.4,6.8,100.0,100.0,12.5
0CcpX3j8y8,GB,45.0,Women,0.0,0.0,12.714285714285714,44.5,100.0,100.0,0.0
osGo7XN0tb,DE,39.0,Men,4.0,1.0,3.0588235294117645,17.333333333333332,100.0,100.0,0.0
pRT8iRob7S,DE,39.0,Men,0.0,0.0,1.25,2.5,100.0,25.0,0.0
xcYgsVxAu4,DE,39.0,Men,0.0,0.0,2.625,7.0,100.0,100.0,0.0
tg2anAQxcC,GB,48.0,Men,41.999992,13.0,3.4693877551020407,24.285714285714285,100.0,100.0,75.0
oEdSNb2mc6,DE,52.0,Men,0.0,0.0,2.4,6.0,100.0,100.0,0.0
HzPmlWfe8S,DE,39.0,Men,0.0,0.0,2.25,4.5,100.0,50.0,0.0
gCyAE7y7BD,GB,39.0,Women,0.0,0.0,1.5192307692307692,8.777777777777779,100.0,100.0,25.0
rxDfd3NoPs,US,39.0,Men,0.0,0.0,1.0,1.0,50.0,0.0,0.0
kY3fXlEW9C,GB,39.0,Men,0.0,0.0,6.0,6.0,100.0,50.0,0.0
yjCkZFVSLm,JP,18.0,Women,0.0,0.0,2.857142857142857,10.0,100.0,75.0,0.0
lspwmllZGb,GB,36.0,Men,0.0,0.0,2.642857142857143,12.333333333333334,100.0,100.0,0.0
FkQQVP0SQb,DE,49.0,Men,10.0,2.0,1.6666666666666667,2.5,100.0,100.0,0.0
P37iJDX3uY,DE,39.0,Women,0.0,0.0,1.0,1.0,50.0,0.0,0.0
qNP7O5hhOm,US,39.0,Women,0.0,0.0,7.444444444444445,22.333333333333332,100.0,100.0,12.5
bHQRBDjSgQ,GB,39.0,Women,0.0,0.0,1.4,3.5,100.0,75.0,0.0
QmyM474Cmp,US,37.0,Women,10.0,2.0,5.071428571428571,17.75,100.0,75.0,0.0
CgKUlspeqP,US,39.0,Women,0.0,0.0,2.5,2.5,100.0,25.0,0.0
2YEsGtjcLP,DE,39.0,Men,0.0,0.0,1.0,1.0,50.0,0.0,0.0
eJyeFwVck8,DE,39.0,Women,0.0,0.0,2.0,2.0,100.0,0.0,0.0
tX1uPTRmTj,US,39.0,Women,0.0,0.0,1.0,1.0,100.0,0.0,0.0
bTaHzy1mfJ,JP,39.0,Men,0.0,0.0,2.0,2.0,50.0,0.0,0.0
9xRpLu8zWr,US,39.0,Women,0.0,0.0,3.0,3.0,100.0,25.0,0.0
hls7KYIrpL,US,39.0,Women,0.0,0.0,1.0,1.0,100.0,25.0,0.0
NJ1zVk5ULH,DE,25.0,Women,4.0,1.0,2.923076923076923,12.666666666666666,100.0,100.0,12.5
lyeGSO07Bw,DE,32.0,Women,0.0,0.0,4.8125,25.666666666666668,100.0,100.0,25.0
YbkPAoqpur,JP,25.0,Women,0.0,0.0,1.5,3.0,100.0,25.0,0.0
y0TzfTCJet,US,40.0,Women,20.0,3.0,3.0,6.0,100.0,100.0,0.0
vhDEJDSsJ9,US,39.0,Women,0.0,0.0,1.0,1.0,100.0,25.0,0.0
B0S2Bkue7u,DE,39.0,Men,0.0,0.0,1.75,4.666666666666667,100.0,100.0,0.0
1AiLFIOJZB,US,45.0,Men,0.0,0.0,1.0,1.0,100.0,25.0,0.0
h1gjcXRT5N,US,21.0,Men,0.0,0.0,1.0,1.0,100.0,0.0,0.0
9WNX5aaMPR,GB,28.0,Men,22.4,6.0,7.666666666666667,46.0,100.0,100.0,37.5
ZDKceZiH6h,US,51.0,Women,10.0,2.0,2.08,10.4,100.0,100.0,25.0
NTvlsdErEO,DE,18.0,Women,0.0,0.0,5.5,11.0,100.0,50.0,0.0
0TR8m8lwdy,US,39.0,Women,0.0,0.0,2.0,8.0,100.0,50.0,0.0
29qmaywAAi,GB,24.0,Women,0.0,0.0,2.5384615384615383,8.25,100.0,100.0,0.0
6nfNxI0jfi,GB,34.0,Men,0.0,0.0,4.521739130434782,26.0,100.0,100.0,25.0
4IcMJdQbcB,DE,40.0,Men,0.0,0.0,7.0,7.0,100.0,75.0,0.0
KJOKSjZ8yv,DE,46.0,Men,0.0,0.0,4.944444444444445,22.25,100.0,100.0,12.5
OSPhNXPNyL,US,38.0,Women,4.0,1.0,2.6666666666666665,4.0,100.0,50.0,0.0
7YqqCmxsOz,US,39.0,Women,0.0,0.0,2.6666666666666665,8.0,100.0,25.0,0.0
EUpDDdxPeP,US,34.0,Men,0.0,0.0,1.0,1.0,50.0,0.0,0.0
UqjRQKJvu3,GB,34.0,Women,30.799995,9.0,2.5714285714285716,9.0,100.0,75.0,0.0
wxSRrwd0fm,US,50.0,Men,0.0,0.0,4.0,8.0,100.0,50.0,0.0
3lrWeVPuJf,JP,18.0,Women,6.8999996,3.0,2.6470588235294117,9.0,100.0,100.0,0.0
kg1Z9B5fqh,GB,23.0,Men,0.0,0.0,2.0,4.0,100.0,75.0,0.0
VCXr773xrb,DE,39.0,Women,0.0,0.0,2.0,4.0,100.0,75.0,0.0
rX9DAi5D5I,US,39.0,Men,0.0,0.0,2.28,7.125,100.0,100.0,12.5
0vEivjYyA5,GB,39.0,Men,0.0,0.0,1.5,1.5,50.0,0.0,0.0
49QYC3asyn,US,33.0,Men,0.0,0.0,1.0,1.0,100.0,0.0,0.0
wn4B4486kp,US,46.0,Women,0.0,0.0,2.2857142857142856,8.0,100.0,50.0,0.0
qDmKFlZE5m,DE,51.0,Women,0.0,0.0,6.333333333333333,19.0,100.0,100.0,12.5
5G6Rm1AScw,US,29.0,Men,4.0,1.0,2.5714285714285716,7.2,100.0,100.0,0.0
755yh3oF1y,US,72.0,Men,20.0,3.0,3.8333333333333335,11.5,100.0,75.0,0.0
sVKhhrywSZ,DE,36.0,Men,0.0,0.0,1.6666666666666667,1.6666666666666667,100.0,25.0,0.0
chVB4DjiAT,DE,39.0,Women,0.0,0.0,2.0,2.0,50.0,0.0,0.0
uXuQK0sMXJ,DE,61.0,Women,10.0,2.0,2.3214285714285716,13.0,100.0,100.0,25.0
wg7GvQm00h,DE,35.0,Women,0.0,0.0,1.2,3.0,100.0,75.0,0.0
H9BTEN1rO1,US,44.0,Women,0.0,0.0,1.0,1.0,50.0,0.0,0.0
Zg4tWs1Nqp,GB,50.0,Women,0.0,0.0,1.7777777777777777,2.6666666666666665,100.0,50.0,0.0
I5VNxZEIPu,DE,39.0,Women,0.0,0.0,2.0,2.0,100.0,25.0,0.0
VUcwsCdgfI,US,46.0,Men,20.0,3.0,2.4516129032258065,15.2,100.0,100.0,25.0
gqUCesOkrc,GB,36.0,Women,0.0,0.0,3.8666666666666667,23.2,100.0,100.0,37.5
jO8YwPlwMB,GB,38.0,Women,0.0,0.0,1.0,1.0,100.0,25.0,0.0
Xfzxx3xMFk,US,24.0,Men,0.0,0.0,1.0,2.0,50.0,0.0,0.0
nZhP2mQ6dp,DE,33.0,Women,0.0,0.0,1.6666666666666667,1.6666666666666667,100.0,50.0,0.0
DJsiz6AvXS,US,55.0,Women,0.0,0.0,2.6666666666666665,8.0,100.0,75.0,0.0
eNWYd8rTYA,GB,43.0,Men,0.0,0.0,2.2857142857142856,5.333333333333333,100.0,75.0,0.0
IMxh7qgzoN,DE,42.0,Women,0.0,0.0,2.2222222222222223,10.0,100.0,100.0,25.0
At24u84yz8,GB,38.0,Women,2.8,1.0,4.0,4.0,100.0,75.0,0.0
4IaIGIvkPw,GB,40.0,Men,0.0,0.0,1.0,1.0,100.0,0.0,0.0
n8vmj6dJay,GB,25.0,Men,0.0,0.0,1.3333333333333333,4.0,100.0,100.0,0.0
MuCHTcIjMA,GB,41.0,Women,19.599998,5.0,3.0,14.25,100.0,100.0,12.5
KwyiOEi5bx,DE,32.0,Men,0.0,0.0,2.7142857142857144,9.5,100.0,100.0,0.0
WFQE6XTLbe,DE,23.0,Men,4.0,1.0,4.285714285714286,10.0,100.0,100.0,12.5
ModJQBjKEO,GB,53.0,Men,67.200005,21.0,3.272727272727273,12.0,100.0,100.0,25.0
qMXfandzUM,GB,38.0,Men,0.0,0.0,2.0,2.0,100.0,50.0,0.0
aH82D8iIAg,DE,60.0,Men,0.0,0.0,8.113636363636363,51.0,100.0,100.0,75.0
bweABjO4YX,GB,44.0,Women,0.0,0.0,4.0,8.0,100.0,75.0,0.0
P4apt8WGAm,JP,31.0,Men,0.0,0.0,2.0588235294117645,8.75,100.0,100.0,12.5
u4FquKZ4KI,DE,58.0,Men,4.0,1.0,1.75,3.5,100.0,50.0,0.0
cS2i0vSPGM,DE,39.0,Men,0.0,0.0,2.0,2.0,100.0,25.0,0.0
zWaesdfH1V,GB,44.0,Men,0.0,0.0,4.933333333333334,24.666666666666668,100.0,100.0,37.5
CM8kQmQ4YQ,DE,39.0,Women,0.0,0.0,1.5,6.0,100.0,75.0,0.0
icwes43zRW,GB,46.0,Women,0.0,0.0,2.3142857142857145,11.571428571428571,100.0,100.0,50.0
8oH5FUgtgM,GB,49.0,Women,0.0,0.0,1.0,1.0,100.0,25.0,0.0
eSOJz8rZuL,GB,36.0,Men,0.0,0.0,3.0,18.0,100.0,100.0,12.5
BVXhs0IDid,DE,39.0,Women,0.0,0.0,3.0,9.0,100.0,25.0,0.0
DXIoGoKBlJ,US,36.0,Women,0.0,0.0,3.7333333333333334,18.666666666666668,100.0,75.0,0.0
7xNzpkw2cp,DE,64.0,Men,20.0,3.0,2.064516129032258,9.142857142857142,100.0,100.0,37.5
1C6UGCv0xs,US,55.0,Women,20.0,3.0,1.8571428571428572,4.333333333333333,100.0,50.0,0.0
nbSgrA3jj9,DE,55.0,Men,0.0,0.0,2.6666666666666665,8.0,100.0,75.0,0.0
JfOYgF6LJv,DE,39.0,Men,0.0,0.0,3.0,3.0,100.0,75.0,0.0
h2Esippe3E,US,58.0,Men,0.0,0.0,1.0,1.0,50.0,0.0,0.0
dezpZ8GZAY,US,39.0,Men,0.0,0.0,1.0,1.0,50.0,0.0,0.0
wlA51QVlsb,DE,53.0,Women,0.0,0.0,3.0,3.0,100.0,75.0,0.0
D9SiV3sBu2,GB,45.0,Men,2.8,1.0,1.0,1.0,100.0,75.0,0.0
cA89X4wfrP,DE,55.0,Men,0.0,0.0,1.4375,4.6,100.0,100.0,25.0
9KmuWlQbKX,GB,47.0,Women,0.0,0.0,2.0,2.6666666666666665,100.0,50.0,0.0
N09hEAOaJ2,US,34.0,Men,10.0,2.0,4.406779661016949,28.88888888888889,100.0,100.0,62.5
9RxtPkDf2l,DE,53.0,Men,0.0,0.0,3.0,13.5,100.0,100.0,12.5
3XeNnGDvsG,US,43.0,Men,0.0,0.0,1.0,1.0,100.0,0.0,0.0
9QtF0K6R4X,US,34.0,Men,0.0,0.0,5.0,5.0,100.0,25.0,0.0
YafZXBTTzP,GB,40.0,Men,2.8,1.0,3.4,8.5,100.0,100.0,12.5
efnGqip2dI,DE,48.0,Women,20.0,3.0,7.285714285714286,25.5,100.0,100.0,0.0
HVpkKdWIwg,DE,32.0,Women,0.0,0.0,8.8,44.0,100.0,100.0,37.5
qBMXR2YCU8,US,63.0,Men,0.0,0.0,1.6666666666666667,1.6666666666666667,100.0,0.0,0.0
BBrH0BgV9C,DE,39.0,Men,20.0,3.0,6.0,18.0,100.0,100.0,37.5
gBwiQFCae6,GB,38.0,Women,0.0,0.0,2.875,5.75,100.0,75.0,0.0
8lcExR6lAP,US,23.0,Men,0.0,0.0,2.0,2.0,50.0,0.0,0.0
GFgeOFuO7u,US,35.0,Men,0.0,0.0,1.6666666666666667,3.3333333333333335,100.0,75.0,0.0
439w9DL3Mw,US,46.0,Men,0.0,0.0,5.0,5.0,100.0,25.0,0.0
86ZVFNR8Ck,GB,32.0,Women,0.0,0.0,9.5,19.0,100.0,75.0,0.0
lofZaFzo3h,DE,60.0,Women,0.0,0.0,2.25,4.5,100.0,50.0,0.0
66ZxidkrZd,GB,39.0,Men,0.0,0.0,1.5,2.4,100.0,75.0,0.0
H8YqHWi8ga,DE,22.0,Women,4.0,1.0,1.55,5.166666666666667,100.0,100.0,12.5
USZZhLzD8h,GB,39.0,Women,0.0,0.0,1.25,2.5,100.0,50.0,0.0
0CDJGmuXne,US,45.0,Women,4.0,1.0,1.1666666666666667,2.3333333333333335,100.0,75.0,0.0
H6I2r1rsXb,US,51.0,Men,0.0,0.0,1.6666666666666667,1.6666666666666667,100.0,0.0,0.0
kP91jOHiVo,GB,41.0,Men,0.0,0.0,2.0,2.0,100.0,25.0,0.0
rosZUp3pmN,DE,37.0,Women,0.0,0.0,1.0,1.0,50.0,0.0,0.0
ryM1bvzco3,DE,41.0,Women,23.0,4.0,1.0,1.0,100.0,50.0,0.0
9iPySpWndl,US,39.0,Men,4.0,1.0,1.0,1.0,100.0,50.0,0.0
SaZT9ULrnw,US,48.0,Women,0.0,0.0,8.096153846153847,52.625,100.0,100.0,62.5
SkpX4eOPlZ,DE,46.0,Women,0.0,0.0,5.333333333333333,16.0,100.0,75.0,0.0
9geMDIQKdB,US,43.0,Men,0.0,0.0,1.4285714285714286,3.3333333333333335,100.0,0.0,0.0
vH4uXQ539b,US,57.0,Men,0.0,0.0,3.5,3.5,100.0,25.0,0.0
QiKGlZRoyg,DE,26.0,Women,0.0,0.0,7.045454545454546,38.75,100.0,100.0,50.0
cvW79UGEB0,US,39.0,Men,0.0,0.0,1.5,3.0,100.0,50.0,0.0
0R1zUNhBlZ,DE,39.0,Women,0.0,0.0,1.0,1.0,100.0,0.0,0.0
qoLByDRY84,GB,60.0,Men,2.8,1.0,1.8,4.5,100.0,75.0,0.0
UFW8vOLmgl,US,39.0,Women,0.0,0.0,2.0,2.0,50.0,0.0,0.0
CoYKD3YvJg,US,25.0,Men,4.0,1.0,1.6666666666666667,2.5,100.0,50.0,0.0
yj0K42M8aE,GB,61.0,Men,0.0,0.0,1.0,1.0,100.0,25.0,0.0
YCh6zR0DFd,GB,61.0,Women,0.0,0.0,4.178571428571429,23.4,100.0,100.0,25.0
g1orSInkyU,US,39.0,Men,4.0,1.0,2.3333333333333335,2.3333333333333335,100.0,50.0,0.0
TCBp3XpmKU,US,39.0,Men,0.0,0.0,1.0,3.0,100.0,0.0,0.0
LbPvtmOgud,DE,38.0,Women,0.0,0.0,6.155555555555556,39.714285714285715,100.0,100.0,50.0
N9MfjHNNce,US,39.0,Women,0.0,0.0,2.0,2.0,100.0,0.0,0.0
mqkVbdyMiL,US,26.0,Men,0.0,0.0,15.0,15.0,100.0,25.0,0.0
Cypcoug9TF,GB,39.0,Women,0.0,0.0,1.0,1.0,100.0,25.0,0.0
6kif8XjXMP,US,34.0,Women,0.0,0.0,4.0,4.0,100.0,25.0,0.0
FitNC55NYJ,GB,53.0,Women,0.0,0.0,3.0,6.0,100.0,50.0,0.0
Q4yatIeUmQ,DE,36.0,Women,4.0,1.0,2.272727272727273,8.333333333333334,100.0,100.0,0.0
CpJOcClkAW,US,39.0,Men,0.0,0.0,3.6666666666666665,11.0,100.0,50.0,0.0
g84h7393V1,GB,51.0,Men,0.0,0.0,1.5,2.0,100.0,50.0,0.0
kzOHwAyomD,GB,36.0,Women,0.0,0.0,1.5,1.5,100.0,50.0,0.0
TxBOWWQYH8,US,52.0,Men,0.0,0.0,1.0,2.0,100.0,0.0,0.0
AW8MzBUYQ6,US,39.0,Men,4.0,1.0,1.2,3.0,100.0,75.0,0.0
J895cPdtLA,US,32.0,Women,0.0,0.0,3.7,12.333333333333334,100.0,75.0,0.0
eok5lGIdUA,GB,39.0,Men,0.0,0.0,4.0,4.0,50.0,0.0,0.0
v7hR984sJP,US,39.0,Women,0.0,0.0,2.0,2.0,100.0,0.0,0.0
S2WkmdfLHI,DE,39.0,Men,0.0,0.0,1.0,1.0,50.0,0.0,0.0
1DPkDDj8G0,JP,39.0,Men,0.0,0.0,5.125,13.666666666666666,100.0,75.0,0.0
QtJ4fQWX7J,US,39.0,Men,0.0,0.0,1.6666666666666667,8.75,100.0,100.0,12.5
5UgnXFWFWw,US,64.0,Men,4.0,1.0,8.0,24.0,100.0,100.0,0.0
cgJeR4unKK,GB,43.0,Women,0.0,0.0,1.0,1.0,50.0,0.0,0.0
Y1wDy3aQOl,US,48.0,Men,20.0,3.0,3.5357142857142856,12.375,100.0,100.0,12.5
SC3JGZIlkZ,DE,39.0,Women,0.0,0.0,4.764705882352941,27.0,100.0,75.0,0.0
1Ea1vTn6c9,DE,39.0,Men,0.0,0.0,3.125,6.25,100.0,0.0,0.0
1IoQdWkL59,DE,39.0,Women,0.0,0.0,3.3333333333333335,10.0,100.0,75.0,0.0
9wgPg3y3Mk,DE,34.0,Women,0.0,0.0,2.5454545454545454,9.333333333333334,100.0,100.0,0.0
rPPzdCtQsW,US,50.0,Women,4.0,1.0,2.0,3.0,100.0,75.0,0.0
FEkLyaAVht,DE,58.0,Men,0.0,0.0,2.1818181818181817,6.0,100.0,100.0,0.0
wIjwytB8wP,US,39.0,Women,4.0,1.0,5.0,5.0,100.0,25.0,0.0
TArsdZfvBu,DE,54.0,Men,0.0,0.0,2.357142857142857,5.5,100.0,100.0,12.5
DQjEEGLx88,US,37.0,Men,0.0,0.0,1.5,3.0,100.0,0.0,0.0
zJKl3pscVo,GB,44.0,Women,2.8,1.0,3.375,20.25,100.0,100.0,62.5
wXhi0wyCIY,US,63.0,Men,0.0,0.0,1.0,2.0,100.0,0.0,0.0
ybx4xMWCre,US,53.0,Men,0.0,0.0,1.5454545454545454,5.666666666666667,50.0,0.0,0.0
TPkHaEzW7q,DE,39.0,Women,0.0,0.0,1.0,1.0,100.0,100.0,0.0
pTeHtnBwC6,DE,37.0,Women,0.0,0.0,5.6,14.0,100.0,25.0,0.0
cl49BQXW2i,US,39.0,Women,0.0,0.0,1.0,1.0,50.0,0.0,0.0
MDnfZEwLXq,US,51.0,Men,0.0,0.0,2.0,2.0,100.0,25.0,0.0
v20l5B6iVm,DE,39.0,Men,4.0,1.0,1.0,1.0,100.0,100.0,75.0
FVhkPEjC3W,GB,39.0,Men,0.0,0.0,9.5,9.5,100.0,100.0,0.0
Tr31qF6b5d,GB,36.0,Men,0.0,0.0,9.0,9.0,100.0,50.0,0.0
HiSfdgf72K,DE,37.0,Women,0.0,0.0,9.75,39.0,100.0,100.0,37.5
mRrhq3fU4A,GB,39.0,Women,0.0,0.0,2.0,2.0,100.0,0.0,0.0
Utmfva7sjl,DE,34.0,Women,0.0,0.0,2.0,4.0,100.0,75.0,0.0
G44KxV26BR,DE,34.0,Men,4.0,1.0,1.5714285714285714,3.6666666666666665,100.0,100.0,12.5
eALj8ZfXVt,DE,33.0,Women,0.0,0.0,2.0,2.0,100.0,25.0,0.0
Vp0wC1sb7j,DE,18.0,Women,0.0,0.0,1.0,2.0,100.0,50.0,0.0
bzjcvHxAqH,DE,37.0,Women,0.0,0.0,1.0,1.0,50.0,0.0,0.0
HKsxX2qIKw,US,45.0,Women,0.0,0.0,5.163265306122449,31.625,100.0,100.0,50.0
NnWZyJWp7T,DE,48.0,Women,4.0,1.0,8.666666666666666,55.714285714285715,100.0,100.0,87.5
5gD06grQii,US,39.0,Women,0.0,0.0,3.8157894736842106,24.166666666666668,100.0,100.0,50.0
irh78eSKJg,DE,39.0,Women,0.0,0.0,1.7142857142857142,8.0,100.0,100.0,0.0
DR7aqUlGua,GB,39.0,Men,0.0,0.0,1.5,3.0,100.0,50.0,0.0
VEJWJa8K01,GB,38.0,Men,0.0,0.0,4.421052631578948,21.0,100.0,100.0,25.0
ABzuJndpaO,US,38.0,Men,4.0,1.0,2.6,6.5,100.0,75.0,0.0
FBt3krzbXx,GB,39.0,Men,0.0,0.0,4.032258064516129,25.0,100.0,100.0,50.0
Smag1yTcvr,JP,18.0,Women,0.0,0.0,3.206896551724138,18.6,100.0,25.0,0.0
cxp1QCeRIi,GB,39.0,Men,0.0,0.0,2.0,4.666666666666667,100.0,75.0,0.0
GRNyjM4q9n,GB,32.0,Men,2.8,1.0,5.8,38.666666666666664,100.0,100.0,12.5
IW7ym88oId,US,29.0,Women,4.4,1.0,2.6666666666666665,8.0,100.0,25.0,0.0
np7eS3gTsn,US,33.0,Men,4.0,1.0,1.2,3.0,100.0,25.0,0.0
AY3E1Ay0FU,US,18.0,Women,0.0,0.0,2.0,2.0,100.0,25.0,0.0
MLfptB8xqV,GB,33.0,Women,14.0,3.0,3.0714285714285716,14.333333333333334,100.0,100.0,12.5
XAeJhUPjtc,GB,39.0,Men,0.0,0.0,4.4,11.0,100.0,100.0,0.0
uUVBf40XwT,US,71.0,Women,0.0,0.0,3.2666666666666666,19.6,100.0,75.0,0.0
bOgiJPdvKW,DE,39.0,Women,0.0,0.0,3.2,16.0,100.0,75.0,0.0
HYFLJH636C,US,39.0,Men,0.0,0.0,3.5,10.5,100.0,50.0,0.0
X43SOH1lts,GB,33.0,Men,0.0,0.0,1.5,1.5,100.0,25.0,0.0
3i8oKH12GX,US,39.0,Men,0.0,0.0,5.5,5.5,100.0,0.0,0.0
JLszBywLCf,DE,24.0,Women,4.0,1.0,5.571428571428571,15.6,100.0,100.0,25.0
cOkywBn1le,DE,39.0,Men,20.0,3.0,3.090909090909091,17.0,100.0,100.0,12.5
p9DZg8HPPp,GB,42.0,Men,2.8,1.0,2.5121951219512195,14.714285714285714,100.0,100.0,37.5
LkCAkUfWBg,US,50.0,Men,0.0,0.0,1.5,2.4,50.0,0.0,0.0
tinIVkhJLk,DE,39.0,Women,0.0,0.0,1.0,1.0,100.0,50.0,0.0
L88ynIoIwk,US,26.0,Men,4.0,1.0,2.5,5.0,100.0,50.0,0.0
1Q79H7JQDK,GB,39.0,Men,0.0,0.0,5.3125,28.333333333333332,100.0,100.0,12.5
yYcGFLVDU9,GB,24.0,Men,0.0,0.0,10.5,10.5,100.0,50.0,0.0
BigapXCBh4,US,39.0,Women,0.0,0.0,1.0,1.2,100.0,25.0,0.0
GEFADYHt63,US,39.0,Men,4.0,1.0,2.4,8.0,100.0,75.0,0.0
8aNMUgpCaw,DE,42.0,Men,0.0,0.0,1.5,6.75,100.0,100.0,0.0
VxvjPzbYDt,DE,39.0,Men,0.0,0.0,1.75,4.2,100.0,50.0,0.0
xCeNZhDY2m,US,39.0,Women,0.0,0.0,2.0,2.0,100.0,25.0,0.0
7ztR22H4Ox,US,62.0,Men,4.4,1.0,3.9615384615384617,20.6,100.0,100.0,25.0
qcCwVwnQTl,US,28.0,Women,0.0,0.0,1.0,1.0,100.0,25.0,0.0
3WXFnw78Sa,DE,39.0,Men,0.0,0.0,1.0,1.0,50.0,0.0,0.0
RCHQeSAd0L,US,47.0,Men,4.0,1.0,3.0,12.0,100.0,25.0,0.0
MfymSMyNzH,US,25.0,Men,0.0,0.0,1.0,1.0,50.0,0.0,0.0
0uSrP1BJBJ,DE,39.0,Men,0.0,0.0,5.0,10.0,100.0,75.0,0.0
IQ3L3lzvLW,US,39.0,Women,0.0,0.0,8.0,8.0,100.0,50.0,0.0
3dz6VNdCI7,DE,57.0,Men,20.0,3.0,2.0,2.8,100.0,100.0,0.0
F3wdnC0hiK,GB,39.0,Men,0.0,0.0,1.0,1.0,100.0,0.0,0.0
wX2iDhZQOy,GB,58.0,Men,0.0,0.0,1.0,1.0,50.0,0.0,0.0
37ntOHMKhn,DE,39.0,Women,0.0,0.0,1.5,1.5,50.0,0.0,0.0
ZDfPrzBuVk,US,35.0,Men,0.0,0.0,2.0,2.0,100.0,25.0,0.0
EeH5R0RSJf,DE,29.0,Women,0.0,0.0,1.8571428571428572,6.5,100.0,75.0,0.0
g7eugWonPF,DE,42.0,Men,0.0,0.0,1.6363636363636365,4.5,100.0,100.0,12.5
XeFnM48Yew,DE,25.0,Women,0.0,0.0,1.0,1.0,100.0,0.0,0.0
ot8wOxmLmw,DE,57.0,Men,0.0,0.0,3.6666666666666665,11.0,100.0,75.0,0.0
UyjdqqoRXT,US,39.0,Men,0.0,0.0,5.75,23.0,100.0,75.0,0.0
yJZX5gznOa,DE,46.0,Women,0.0,0.0,6.888888888888889,31.0,100.0,50.0,0.0
KVd9B38uRG,US,19.0,Women,0.0,0.0,2.25,6.75,100.0,50.0,0.0
54vIP13wJ2,DE,40.0,Men,0.0,0.0,1.0,1.5,100.0,75.0,0.0
tp6H0drsjB,US,52.0,Women,0.0,0.0,1.0,1.8,100.0,50.0,0.0
MAMzSgih6j,DE,39.0,Men,0.0,0.0,3.6785714285714284,17.166666666666668,100.0,100.0,50.0
Jv6413QAju,US,40.0,Men,51.699997,12.0,3.4130434782608696,15.7,100.0,100.0,37.5
dxxf8n0Wce,US,50.0,Women,4.0,1.0,2.4242424242424243,10.0,100.0,100.0,37.5
xb8yIO6hdz,GB,30.0,Men,0.0,0.0,1.0,2.0,100.0,50.0,0.0
HbxgGIqB32,US,18.0,Men,20.0,3.0,6.0,6.0,100.0,50.0,0.0
sU5DS3Gk72,US,45.0,Women,0.0,0.0,2.25,4.5,100.0,0.0,0.0
7MvVmLcBXU,DE,23.0,Women,20.0,3.0,3.111111111111111,9.333333333333334,100.0,75.0,0.0
E8sPii6BOK,GB,41.0,Men,0.0,0.0,1.5,3.0,50.0,0.0,0.0
sH5UcCJmyp,GB,45.0,Women,0.0,0.0,1.6666666666666667,2.5,100.0,75.0,0.0
lEc5vdArlV,DE,44.0,Women,0.0,0.0,3.0,4.5,100.0,75.0,0.0
YlteAimiDX,JP,46.0,Women,2.0,1.0,3.0,3.0,100.0,0.0,0.0
WRycbKAYDY,GB,40.0,Men,0.0,0.0,2.0,2.0,100.0,50.0,0.0
iKyz0jIKnZ,US,29.0,Men,0.0,0.0,2.0,2.0,100.0,0.0,0.0
IWtsnsKYGk,US,21.0,Men,4.0,1.0,2.8,11.2,100.0,100.0,0.0
sgKcH8db6N,DE,44.0,Men,0.0,0.0,3.4444444444444446,15.5,100.0,100.0,0.0
TZ0jx2BTYk,US,39.0,Men,0.0,0.0,1.0,1.0,50.0,0.0,0.0
EjJQg06Zzv,DE,36.0,Men,0.0,0.0,3.0,7.5,100.0,100.0,0.0
xTyy6ZCC1m,US,34.0,Women,4.0,1.0,1.625,2.6,100.0,75.0,0.0
3qQR497Tkb,US,36.0,Men,0.0,0.0,1.8571428571428572,4.333333333333333,100.0,50.0,0.0
iTX2kMuuNf,GB,49.0,Women,2.8,1.0,5.142857142857143,20.571428571428573,100.0,100.0,50.0
VgtqBnECvc,US,28.0,Women,4.0,1.0,8.0,8.0,100.0,0.0,0.0
YEnh1vsa0T,US,28.0,Men,0.0,0.0,1.0,1.0,100.0,0.0,0.0
gRshtE6WxZ,JP,39.0,Men,0.0,0.0,4.208333333333333,25.25,100.0,100.0,50.0
jugY0cOj5Z,DE,33.0,Men,4.0,1.0,4.636363636363637,17.0,100.0,100.0,12.5
UmLejVuHH1,US,23.0,Women,4.0,1.0,7.0,14.0,100.0,50.0,0.0
pKnfcyedty,DE,32.0,Men,0.0,0.0,1.0,1.0,50.0,0.0,0.0
Cd9Zt8Jvmh,JP,35.0,Men,0.0,0.0,11.5,23.0,100.0,50.0,0.0
tdeyMggJqk,JP,39.0,Men,2.0,1.0,1.0,1.0,100.0,25.0,0.0
AipWkrb39c,US,29.0,Women,0.0,0.0,1.625,6.5,100.0,75.0,0.0
tiMnNtcTjF,DE,19.0,Women,0.0,0.0,6.5,13.0,100.0,75.0,0.0
hmE8bHbea9,DE,23.0,Men,0.0,0.0,2.0,2.0,100.0,25.0,0.0
UH45PN9QT9,DE,39.0,Women,10.0,2.0,1.0,1.0,100.0,100.0,12.5
ffB2QXm7My,DE,63.0,Men,20.0,3.0,5.142857142857143,30.857142857142858,100.0,100.0,62.5
qkdBJQa6tO,GB,50.0,Men,0.0,0.0,2.0,4.666666666666667,100.0,100.0,0.0
JRf2UmGzU0,DE,26.0,Women,20.0,3.0,2.4285714285714284,4.25,100.0,75.0,0.0
HIOOH2ZCnf,US,39.0,Women,4.0,1.0,1.8,4.5,100.0,0.0,0.0
sO8Xxkf6Jy,DE,38.0,Men,10.0,2.0,2.75,11.0,100.0,75.0,0.0
huqpn6v94W,DE,44.0,Men,0.0,0.0,6.777777777777778,45.75,100.0,0.0,0.0
xUTM4kNWFS,GB,39.0,Men,0.0,0.0,2.0,2.0,100.0,0.0,0.0
ugo43GWRXi,US,44.0,Women,4.0,1.0,2.3333333333333335,10.5,100.0,75.0,0.0
e3m5fN2nHy,DE,39.0,Men,0.0,0.0,2.0,2.0,100.0,0.0,0.0
l7RFkrTy1g,GB,39.0,Men,0.0,0.0,6.0,6.0,100.0,50.0,0.0
yjAi0Vz277,DE,40.0,Women,0.0,0.0,4.0,4.0,50.0,0.0,0.0
uJ0g4RR6t3,US,42.0,Women,4.0,1.0,1.0,1.0,100.0,25.0,0.0
xQaq3xukVU,JP,39.0,Men,2.0,1.0,4.0,4.0,100.0,25.0,0.0
ohBPAWWOJW,US,60.0,Women,0.0,0.0,3.0,3.0,100.0,25.0,0.0
uGUBe6IcGr,DE,21.0,Women,4.0,1.0,1.0,1.5,100.0,0.0,0.0
RneNFnkfcI,DE,54.0,Men,0.0,0.0,9.8,24.5,100.0,100.0,0.0
tjjz7hglAk,US,39.0,Women,0.0,0.0,3.3333333333333335,5.0,100.0,25.0,0.0
hnK8FORkdY,DE,43.0,Women,0.0,0.0,1.0,1.0,100.0,50.0,0.0
3gEqu1bVya,GB,32.0,Women,0.0,0.0,2.6666666666666665,8.0,100.0,50.0,0.0
GdmNUFcaBL,DE,18.0,Women,0.0,0.0,3.5,7.0,100.0,50.0,0.0
x6ObpQkjHK,GB,39.0,Men,0.0,0.0,2.0,2.0,100.0,0.0,0.0
mgmgazYoso,US,27.0,Women,4.0,1.0,2.4,4.0,100.0,50.0,0.0
ZgjBIPdJXg,DE,41.0,Women,4.0,1.0,2.533333333333333,9.5,100.0,100.0,12.5
ugvkHHeX7n,GB,39.0,Men,2.8,1.0,3.375,9.0,100.0,75.0,0.0
46xD5kYDDz,US,34.0,Men,0.0,0.0,1.0,1.0,50.0,0.0,0.0
ELHQCR7Sw3,GB,18.0,Women,14.0,3.0,3.0869565217391304,17.75,100.0,100.0,25.0
RGj9fX6vPV,DE,57.0,Women,4.0,1.0,3.022727272727273,19.0,100.0,100.0,37.5
Mw49ncsCbe,DE,39.0,Women,0.0,0.0,4.0,4.0,100.0,25.0,0.0
AK555WssiS,DE,29.0,Women,0.0,0.0,2.0,3.5,100.0,75.0,0.0
yMuMqhFmbp,DE,39.0,Women,0.0,0.0,4.0,8.0,100.0,75.0,0.0
bleVvVI2Kf,DE,41.0,Women,0.0,0.0,1.4,2.3333333333333335,100.0,75.0,0.0
ROQfy9m9da,GB,29.0,Men,0.0,0.0,2.727272727272727,7.5,100.0,100.0,0.0
5SgskzoUgr,US,39.0,Men,0.0,0.0,3.0,3.0,50.0,0.0,0.0
u6AUbY0L9H,US,41.0,Women,4.0,1.0,1.5,2.4,50.0,0.0,0.0
BaFqScOOwm,DE,39.0,Men,0.0,0.0,4.821428571428571,27.0,100.0,100.0,37.5
oOYxAKI7Oa,JP,42.0,Women,0.0,0.0,3.0,6.0,100.0,50.0,0.0
iFM0D3hslu,GB,46.0,Women,0.0,0.0,1.0,1.5,50.0,0.0,0.0
LYWGruYrVX,DE,23.0,Men,0.0,0.0,3.0,3.0,100.0,25.0,0.0
HdJV0b6TtH,US,66.0,Men,0.0,0.0,1.8181818181818181,4.0,100.0,50.0,0.0
cRnwKlpA81,DE,46.0,Women,4.0,1.0,1.8181818181818181,5.0,100.0,100.0,12.5
DKv6qhlfsP,US,38.0,Men,0.0,0.0,2.3333333333333335,7.0,100.0,0.0,0.0
t2r0SRd7Zf,US,39.0,Women,0.0,0.0,1.0,1.0,100.0,25.0,0.0
JT9nas3Gzc,US,54.0,Women,0.0,0.0,1.5,1.5,100.0,50.0,0.0
3aQlvkXPcm,GB,63.0,Women,0.0,0.0,2.0,2.0,100.0,25.0,0.0
Y8Nha7MCLJ,US,48.0,Women,0.0,0.0,1.25,1.25,100.0,25.0,0.0
k8L6HtdGFw,US,36.0,Women,4.0,1.0,1.8333333333333333,3.6666666666666665,100.0,0.0,0.0
ITHS6iFbhO,DE,32.0,Women,22.0,3.0,2.272727272727273,6.25,100.0,75.0,0.0
XZcNTxr6EX,GB,18.0,Women,0.0,0.0,2.0,2.0,100.0,75.0,0.0
n3AvpT20Bl,GB,39.0,Men,0.0,0.0,1.0,1.0,50.0,0.0,0.0
qukoLYa8qa,JP,39.0,Men,2.0,1.0,2.5,5.0,100.0,75.0,0.0
wWrBVd8lfJ,DE,36.0,Women,0.0,0.0,1.0,2.5,100.0,75.0,0.0
PAIbgWcQWo,DE,39.0,Women,0.0,0.0,7.5,15.0,100.0,75.0,0.0
j0cw0h15gF,US,37.0,Women,0.0,0.0,10.0,10.0,100.0,25.0,0.0
Rl29M2iKlC,JP,19.0,Men,6.2999997,3.0,10.666666666666666,16.0,100.0,75.0,0.0
qZg8nlQfUi,US,60.0,Women,0.0,0.0,5.0,5.0,100.0,25.0,0.0
TtxTYjifj5,US,39.0,Men,0.0,0.0,5.0,10.0,100.0,25.0,0.0
pc76CqBG5V,US,34.0,Men,0.0,0.0,1.0,1.0,50.0,0.0,0.0
ES2rruOwAI,GB,53.0,Women,30.799995,9.0,1.3333333333333333,4.0,100.0,100.0,12.5
ItroV4dziu,DE,39.0,Women,0.0,0.0,5.0,5.0,100.0,50.0,0.0
2D6WBsYp1r,GB,47.0,Men,0.0,0.0,1.0,1.0,100.0,0.0,0.0
35j0uni0xm,GB,25.0,Men,0.0,0.0,1.5,1.5,50.0,0.0,0.0
cyzkWEMHue,JP,39.0,Women,0.0,0.0,2.6666666666666665,14.0,100.0,100.0,37.5
iiPLbkw27O,GB,37.0,Men,0.0,0.0,3.3333333333333335,10.0,100.0,75.0,0.0
U5wL1K2ao8,GB,25.0,Men,0.0,0.0,4.0,6.0,100.0,100.0,0.0
7QeJC4IPTl,DE,39.0,Women,0.0,0.0,6.333333333333333,9.5,100.0,75.0,0.0
xllcLSGON9,DE,40.0,Women,0.0,0.0,3.857142857142857,13.5,100.0,100.0,0.0
I0cKDZyDvR,US,50.0,Men,0.0,0.0,1.0,1.0,50.0,0.0,0.0
41np4zCHUp,US,31.0,Men,0.0,0.0,1.0,1.0,100.0,25.0,0.0
YGEjtKfpQK,US,44.0,Men,0.0,0.0,9.0,9.0,100.0,50.0,0.0
TJxWiepBdv,DE,39.0,Men,4.0,1.0,2.6,13.0,100.0,100.0,0.0
sO5H4UCSuL,DE,42.0,Women,0.0,0.0,3.0,3.0,100.0,25.0,0.0
PeClt0wSA1,GB,39.0,Men,0.0,0.0,5.0,10.0,100.0,75.0,0.0
Xl0VPSrUL6,DE,48.0,Men,0.0,0.0,1.6666666666666667,5.0,100.0,100.0,0.0
o7eErZLmhR,DE,39.0,Men,0.0,0.0,1.0,1.0,100.0,50.0,0.0
Hh5R8oIGxA,GB,39.0,Men,0.0,0.0,3.0,6.0,100.0,25.0,0.0
bTD986KEj2,DE,32.0,Women,0.0,0.0,2.5,2.5,100.0,50.0,0.0
7bPIeQRKib,US,39.0,Women,0.0,0.0,5.0,5.0,100.0,25.0,0.0
1CUjyUaySk,GB,18.0,Men,0.0,0.0,1.0,1.0,100.0,50.0,0.0
8WSkFETrqn,US,39.0,Women,0.0,0.0,2.2222222222222223,5.0,100.0,50.0,0.0
KzYy1O4BDi,JP,39.0,Men,2.0,1.0,6.857142857142857,24.0,100.0,75.0,0.0
Vfw34egTTg,DE,30.0,Women,0.0,0.0,4.111111111111111,18.5,100.0,100.0,0.0
7I2XVkIe58,US,39.0,Women,4.0,1.0,2.3636363636363638,5.2,100.0,50.0,0.0
T5GUriGbXc,US,28.0,Women,0.0,0.0,4.2439024390243905,19.333333333333332,100.0,100.0,37.5
zAOh9KTOT5,JP,23.0,Women,0.0,0.0,5.0,10.0,100.0,50.0,0.0
ZCUX4pHHZj,DE,45.0,Women,0.0,0.0,5.5,16.5,100.0,75.0,0.0
UhqcerLV8x,DE,39.0,Men,0.0,0.0,1.0,1.0,100.0,50.0,0.0
IS97uGRSWR,US,54.0,Women,0.0,0.0,3.3333333333333335,5.0,100.0,50.0,0.0
rf0D0IvIsU,DE,44.0,Women,0.0,0.0,4.090909090909091,15.0,100.0,100.0,37.5
xlBchOKUi9,DE,28.0,Men,0.0,0.0,5.4,13.5,100.0,100.0,0.0
9zKaz4TOpZ,DE,45.0,Women,4.0,1.0,2.3636363636363638,6.5,100.0,75.0,0.0
FV0GSEydXv,DE,55.0,Men,0.0,0.0,2.0,8.8,100.0,25.0,0.0
rksW5AfsGW,US,39.0,Men,0.0,0.0,1.0,1.0,50.0,0.0,0.0
dy6juqzQpF,DE,21.0,Women,0.0,0.0,5.0,5.0,50.0,0.0,0.0
dhOvEo4d2k,DE,39.0,Women,0.0,0.0,1.5,1.5,100.0,0.0,0.0
jv0ttaePUZ,GB,39.0,Men,0.0,0.0,4.666666666666667,14.0,50.0,0.0,0.0
Dlq66PMzAC,US,43.0,Men,0.0,0.0,1.9333333333333333,5.8,100.0,50.0,0.0
IFTY2AYBXZ,US,41.0,Men,23.0,4.0,3.0,3.75,100.0,75.0,0.0
s6x4zDGEYZ,US,35.0,Men,4.0,1.0,4.333333333333333,6.5,100.0,50.0,0.0
W32T13JGPN,DE,38.0,Men,4.0,1.0,1.6666666666666667,6.25,100.0,100.0,0.0
7DUe76X43p,DE,39.0,Women,0.0,0.0,1.0,1.0,50.0,0.0,0.0
f9f9pH7JJi,DE,60.0,Women,29.0,6.0,8.130434782608695,46.75,100.0,100.0,75.0
sQy5qlqaPU,DE,43.0,Women,0.0,0.0,1.9142857142857144,11.166666666666666,100.0,100.0,25.0
lJw316cDU5,US,39.0,Women,0.0,0.0,2.8333333333333335,8.5,100.0,75.0,0.0
ldnmbcw5l6,DE,32.0,Women,0.0,0.0,2.5217391304347827,14.5,100.0,100.0,12.5
KdVLigj7AM,US,35.0,Men,4.0,1.0,1.5,6.0,100.0,50.0,0.0
SQN2whqaPW,US,30.0,Men,0.0,0.0,2.6666666666666665,4.0,100.0,50.0,0.0
RxplUZbGdr,DE,47.0,Men,0.0,0.0,26.0,95.33333333333333,100.0,100.0,37.5
85UlTabz4G,JP,39.0,Women,0.0,0.0,9.833333333333334,59.0,100.0,100.0,37.5
ZyZN080747,US,41.0,Women,0.0,0.0,3.0,3.0,100.0,25.0,0.0
FBaDtcGcT0,US,47.0,Women,0.0,0.0,2.6666666666666665,2.6666666666666665,100.0,50.0,0.0
qgpqPgkKc9,DE,57.0,Men,0.0,0.0,5.2,26.0,100.0,100.0,12.5
4MbBHGs2xt,GB,30.0,Women,0.0,0.0,3.3333333333333335,21.666666666666668,100.0,100.0,37.5
PCJ20RMoRz,US,39.0,Men,0.0,0.0,2.0,2.0,100.0,0.0,0.0
Zz57d5kMac,DE,39.0,Women,0.0,0.0,2.0,2.0,100.0,25.0,0.0
A8HMjVrCae,DE,28.0,Men,0.0,0.0,1.5555555555555556,5.6,100.0,50.0,0.0
fHuokCxzfU,US,49.0,Men,10.0,2.0,3.411764705882353,8.285714285714286,100.0,100.0,25.0
GyySznYuyK,DE,45.0,Men,0.0,0.0,2.0,2.0,100.0,50.0,0.0
5cGwum4fja,GB,36.0,Women,0.0,0.0,3.0,6.0,100.0,50.0,0.0
pDfkVnKizP,US,39.0,Men,4.0,1.0,1.608695652173913,6.166666666666667,100.0,100.0,12.5
vKAxm7Yf7K,DE,39.0,Men,0.0,0.0,1.0,1.0,100.0,50.0,0.0
xw4Tpvwzr1,US,55.0,Men,0.0,0.0,3.375,6.75,100.0,50.0,0.0
GLTrCF0Ir9,GB,31.0,Men,0.0,0.0,7.5,37.5,100.0,100.0,12.5
CWfXqBFx29,GB,31.0,Men,0.0,0.0,1.5,1.5,50.0,0.0,0.0
vfQqyaPWce,JP,39.0,Women,0.0,0.0,1.4,5.25,50.0,0.0,0.0
4AYtGmpY0d,DE,37.0,Women,20.0,3.0,7.375,19.666666666666668,100.0,100.0,12.5
sfF48AFQOV,DE,39.0,Women,0.0,0.0,3.0,3.0,100.0,75.0,0.0
jNksRH27m2,JP,39.0,Women,0.0,0.0,4.611111111111111,20.75,100.0,100.0,25.0
Br4WP25qgF,DE,39.0,Men,0.0,0.0,9.523809523809524,66.66666666666667,100.0,100.0,50.0
Rkgz9yhyq6,GB,20.0,Men,22.399998,6.0,3.757575757575758,20.666666666666668,100.0,100.0,62.5
g8e3NsvP1g,US,39.0,Women,0.0,0.0,2.5,10.0,100.0,100.0,0.0
FfRupFW1BI,US,39.0,Men,0.0,0.0,2.0,2.0,100.0,25.0,0.0
Cpo5IJgwyX,US,46.0,Women,4.4,1.0,2.227272727272727,8.166666666666666,100.0,100.0,0.0
mgE6fxhygb,GB,37.0,Men,16.8,4.0,3.25,6.5,100.0,100.0,0.0
vTE36TWcA2,JP,39.0,Men,0.0,0.0,1.9090909090909092,7.0,100.0,75.0,0.0
ErkXCWAt9F,US,39.0,Men,0.0,0.0,1.0,1.0,50.0,0.0,0.0
WOkoap3vyO,GB,56.0,Men,2.8,1.0,9.0,36.0,100.0,100.0,0.0
prH9RHrAvr,US,56.0,Men,0.0,0.0,4.0,4.0,100.0,25.0,0.0
It5yhDwszq,DE,39.0,Men,0.0,0.0,1.0,1.5,100.0,25.0,0.0
LjM73el5zs,GB,43.0,Women,3.08,1.0,3.4285714285714284,12.0,100.0,75.0,0.0
Lwy9KRfUGW,US,50.0,Women,0.0,0.0,1.0,1.3333333333333333,100.0,25.0,0.0
XiCB6LbgVr,US,41.0,Women,0.0,0.0,1.0,1.0,50.0,0.0,0.0
jQAIqBJ44O,DE,39.0,Women,0.0,0.0,1.6666666666666667,5.0,100.0,75.0,0.0
TuwtlyYyzB,GB,35.0,Men,0.0,0.0,1.8571428571428572,4.333333333333333,100.0,75.0,0.0
kkucvgNVBZ,GB,31.0,Men,0.0,0.0,4.709677419354839,29.2,100.0,100.0,50.0
BvnsUdrkSq,DE,34.0,Women,0.0,0.0,1.5,3.0,100.0,50.0,0.0
pFNlhUMZxX,GB,30.0,Men,0.0,0.0,2.6666666666666665,8.0,100.0,25.0,0.0
CNHCjSjrxK,GB,26.0,Men,0.0,0.0,1.0,1.0,50.0,0.0,0.0
yIkSxSV764,US,42.0,Women,4.4,1.0,4.0,4.0,100.0,25.0,0.0
GfqzuwTEIy,GB,39.0,Men,0.0,0.0,1.5,1.5,100.0,75.0,0.0
24zQZt8CdF,GB,39.0,Women,0.0,0.0,7.166666666666667,43.0,100.0,100.0,25.0
gFl3QNwjRt,GB,39.0,Women,2.8,1.0,2.652173913043478,15.25,100.0,100.0,37.5
5umCRH2pMr,GB,34.0,Men,0.0,0.0,2.0,10.285714285714286,100.0,100.0,0.0
fXaxJX2hT8,DE,47.0,Men,0.0,0.0,2.259259259259259,10.166666666666666,100.0,100.0,37.5
SYisQOiQjU,DE,47.0,Women,0.0,0.0,5.0,5.0,100.0,50.0,0.0
BnDpKRckW2,US,51.0,Men,0.0,0.0,1.0,1.5,100.0,0.0,0.0
N1JIAnaeno,US,37.0,Women,0.0,0.0,2.0,2.0,100.0,25.0,0.0
wLOWntTuu1,GB,51.0,Men,0.0,0.0,1.0,1.0,100.0,50.0,0.0
u1h0qxVDZZ,GB,46.0,Women,0.0,0.0,2.8780487804878048,14.75,100.0,100.0,25.0
nlxWIohQAk,DE,34.0,Men,0.0,0.0,4.0,4.0,100.0,0.0,0.0
sUtY926jxN,DE,33.0,Men,4.0,1.0,3.0,15.0,100.0,100.0,0.0
qL4j0UyPEy,US,44.0,Women,0.0,0.0,2.142857142857143,3.75,100.0,75.0,0.0
Q5bcngoE4d,GB,29.0,Men,0.0,0.0,1.0,1.0,50.0,0.0,0.0
OHocYQ4DCY,US,47.0,Men,0.0,0.0,3.0,3.0,100.0,25.0,0.0
nKA660bzR6,GB,39.0,Women,2.8,1.0,1.0,1.0,100.0,50.0,0.0
AmduM0xp45,US,27.0,Women,0.0,0.0,2.0,7.2,100.0,100.0,0.0
pbYxclBRKv,DE,39.0,Men,0.0,0.0,2.0,2.0,100.0,50.0,0.0
HDdptdUb1B,US,62.0,Men,20.0,3.0,2.076923076923077,3.375,100.0,100.0,0.0
fKInnxcGEO,US,36.0,Men,0.0,0.0,2.625,10.5,100.0,50.0,0.0
30xRTynyqH,DE,39.0,Women,26.0,5.0,3.7222222222222223,13.4,100.0,100.0,25.0
DW6aOEkk7b,US,49.0,Men,4.0,1.0,1.5,6.5,100.0,100.0,12.5
oWTqnS1LPH,US,30.0,Women,0.0,0.0,10.0,10.0,100.0,0.0,0.0
AuaN4GytzM,GB,54.0,Women,0.0,0.0,4.0,4.0,100.0,50.0,0.0
XsD9hDPuoS,DE,39.0,Women,0.0,0.0,1.5,3.0,100.0,50.0,0.0
zwXA4B9hGO,GB,36.0,Women,0.0,0.0,4.428571428571429,15.5,100.0,75.0,0.0
1KTIGmSlu1,US,53.0,Men,0.0,0.0,1.0,1.0,50.0,0.0,0.0
wQGQKQo5Na,DE,39.0,Men,0.0,0.0,7.75,31.0,100.0,75.0,0.0
g1ETZTcQLv,US,39.0,Women,0.0,0.0,1.0,1.0,100.0,0.0,0.0
b7RFDssllN,DE,39.0,Men,0.0,0.0,2.0,4.0,100.0,75.0,0.0
4hpYpogHZw,US,50.0,Men,0.0,0.0,8.444444444444445,38.0,100.0,75.0,0.0
WuADm3NdMM,US,45.0,Men,23.0,4.0,3.375,9.0,100.0,50.0,0.0
uD7DpuCCuu,US,37.0,Women,0.0,0.0,3.0,6.0,100.0,50.0,0.0
TYW5Am10DH,US,55.0,Women,0.0,0.0,1.0,1.0,100.0,0.0,0.0
coeLQNfL7c,DE,39.0,Women,0.0,0.0,2.0,2.0,100.0,0.0,0.0
1zTmX4LtZW,DE,39.0,Men,0.0,0.0,1.0,2.0,100.0,0.0,0.0
6F8mbzIf0W,DE,35.0,Women,11.0,2.0,3.6176470588235294,15.375,100.0,100.0,25.0
D0Ovj0zj5o,DE,26.0,Men,4.0,1.0,2.0,4.0,100.0,50.0,0.0
2TmhN3Cusd,DE,39.0,Women,0.0,0.0,2.0,6.0,100.0,75.0,0.0
QuMSXlnvU8,US,48.0,Women,0.0,0.0,1.0,1.0,100.0,0.0,0.0
C1tgshflI3,US,35.0,Men,0.0,0.0,3.5,7.0,100.0,25.0,0.0
ZxibEDOgGl,DE,39.0,Women,20.0,3.0,3.75,15.0,100.0,100.0,0.0
p9W1riFtY3,GB,24.0,Women,14.0,3.0,3.75,11.25,100.0,100.0,0.0
TLrDDADi6a,DE,40.0,Women,0.0,0.0,3.0,8.0,100.0,75.0,0.0
YVaTq9qgvm,US,50.0,Men,74.0,21.0,10.372881355932204,68.0,100.0,100.0,75.0
romsJr1TjL,GB,29.0,Women,0.0,0.0,14.375,76.66666666666667,100.0,100.0,25.0
me4PYiDlX4,GB,45.0,Women,0.0,0.0,1.0,1.0,100.0,50.0,0.0
IpPXnIhIYL,US,45.0,Men,0.0,0.0,1.25,2.0,100.0,75.0,0.0
WaOJtQitM5,GB,39.0,Women,0.0,0.0,1.0,1.0,50.0,0.0,0.0
v4z5Dj8mFQ,GB,39.0,Men,0.0,0.0,1.5,3.0,100.0,75.0,0.0
jCofJ9tPJH,DE,39.0,Women,0.0,0.0,2.0,2.0,100.0,0.0,0.0
d6haHmqLTG,DE,58.0,Men,0.0,0.0,3.024390243902439,17.714285714285715,100.0,100.0,50.0
UTgN1Ds3uK,US,20.0,Men,0.0,0.0,1.5,3.0,100.0,0.0,0.0
68FqDLOU5M,US,36.0,Men,0.0,0.0,1.0,2.0,50.0,0.0,0.0
3YMnlJn2JU,DE,25.0,Men,0.0,0.0,2.6,13.0,100.0,75.0,0.0
1YYVqRiwiy,DE,56.0,Men,0.0,0.0,2.0,4.0,100.0,75.0,0.0
HvIGfnA71M,DE,45.0,Women,0.0,0.0,1.4,2.3333333333333335,100.0,50.0,0.0
SFNFI85V3g,DE,44.0,Men,0.0,0.0,1.0,1.0,100.0,25.0,0.0
Tl2Bcu7JC1,DE,67.0,Women,0.0,0.0,4.428571428571429,31.0,100.0,100.0,62.5
B8XyGICh47,US,36.0,Women,0.0,0.0,1.8181818181818181,5.0,100.0,75.0,0.0
vGtZs2AHCI,DE,37.0,Men,0.0,0.0,4.0,4.0,100.0,50.0,0.0
YKlfC8aqAF,DE,39.0,Men,0.0,0.0,1.5,1.5,100.0,0.0,0.0
bIC1bMYHYB,DE,39.0,Women,0.0,0.0,12.0,12.0,100.0,50.0,0.0
EkWx4Ycq9r,DE,25.0,Men,0.0,0.0,3.0,3.0,100.0,50.0,0.0
8zesNxayFg,DE,34.0,Women,0.0,0.0,1.5,3.0,100.0,50.0,0.0
mF0vr1lSop,DE,39.0,Women,0.0,0.0,2.6666666666666665,4.0,100.0,50.0,0.0
6hrZvsS6jh,US,38.0,Men,0.0,0.0,3.4,5.666666666666667,100.0,50.0,0.0
l04Vyk8pCL,DE,39.0,Men,0.0,0.0,2.5714285714285716,9.0,100.0,100.0,0.0
Rj7knnTPG6,US,31.0,Women,4.0,1.0,6.454545454545454,35.5,100.0,100.0,12.5
WGL3Q7glHM,GB,45.0,Men,7.0,2.0,2.25,3.0,100.0,100.0,0.0
767aK4YkKE,US,52.0,Women,0.0,0.0,4.0,4.0,100.0,0.0,0.0
rTug8atX8I,DE,45.0,Men,0.0,0.0,1.0,1.0,100.0,0.0,0.0
MiFwGm5nFf,DE,42.0,Women,10.0,2.0,2.0,5.0,100.0,75.0,0.0
fI2O98ONDV,US,42.0,Men,0.0,0.0,5.0,5.0,50.0,0.0,0.0
mVI8kION5B,US,40.0,Men,0.0,0.0,1.0,1.0,50.0,0.0,0.0
XzYQJpbqRW,GB,51.0,Women,0.0,0.0,4.790697674418604,25.75,100.0,100.0,75.0
gm9mEGiYHq,DE,44.0,Women,0.0,0.0,1.0,1.0,50.0,0.0,0.0
13BXvyR9Zg,DE,34.0,Men,0.0,0.0,2.25,3.0,100.0,75.0,0.0
NnrjfWcwpG,DE,25.0,Men,4.0,1.0,6.159090909090909,38.714285714285715,100.0,100.0,62.5
Kei2Y6YFGB,DE,37.0,Women,0.0,0.0,1.0,2.0,100.0,0.0,0.0
kM0SpgsHpw,US,39.0,Women,0.0,0.0,1.9230769230769231,3.5714285714285716,100.0,25.0,0.0
brLmQt4WaQ,DE,39.0,Men,0.0,0.0,1.3333333333333333,4.0,50.0,0.0,0.0
NcAFAbRmyg,US,24.0,Men,0.0,0.0,2.6,13.0,100.0,100.0,12.5
HacZuAzII6,DE,43.0,Women,0.0,0.0,1.75,7.0,100.0,75.0,0.0
cv2ujF0HxX,GB,39.0,Women,0.0,0.0,2.35,11.75,100.0,100.0,37.5
1iYeJXvoka,DE,39.0,Women,0.0,0.0,1.5,3.0,100.0,25.0,0.0
yUhyDVzql9,US,50.0,Women,0.0,0.0,1.0,1.0,100.0,25.0,0.0
UmfLo2YjmD,US,27.0,Men,0.0,0.0,7.576923076923077,39.4,100.0,100.0,37.5
kdbObZQXE5,DE,39.0,Men,0.0,0.0,2.0,2.0,100.0,25.0,0.0
M7fiW6yeMK,GB,37.0,Men,0.0,0.0,2.0,2.0,50.0,0.0,0.0
QsbkpctRq2,US,39.0,Men,0.0,0.0,1.5,1.5,100.0,25.0,0.0
v6Ul1WTCdx,DE,19.0,Men,0.0,0.0,2.142857142857143,5.0,100.0,100.0,0.0
Tm6zAcWYhV,US,43.0,Women,0.0,0.0,1.0,1.5,50.0,0.0,0.0
fRQl4jh1m1,GB,26.0,Women,2.8,1.0,1.8333333333333333,5.5,100.0,100.0,0.0
impZ31nJBH,GB,39.0,Women,0.0,0.0,2.0,2.0,100.0,25.0,0.0
doA7lOQMoF,US,35.0,Men,0.0,0.0,1.25,1.6666666666666667,100.0,25.0,0.0
K3GGrhBQyb,DE,55.0,Men,0.0,0.0,5.5,22.0,100.0,100.0,50.0
49ZpfSv09X,US,30.0,Women,4.0,1.0,1.0,2.5,100.0,50.0,0.0
7k5YWd3Vmt,DE,27.0,Women,0.0,0.0,4.6,23.0,100.0,100.0,0.0
mYAM0C3aoa,GB,35.0,Women,0.0,0.0,3.764705882352941,21.333333333333332,100.0,100.0,12.5
BygdnM9QYC,US,40.0,Men,0.0,0.0,1.5454545454545454,5.666666666666667,100.0,100.0,0.0
79X49YQ6WS,US,39.0,Women,0.0,0.0,7.5,33.75,100.0,100.0,25.0
dOESFCp1IU,GB,39.0,Men,0.0,0.0,1.0,1.0,50.0,0.0,0.0
aZagdQVXF0,DE,39.0,Men,0.0,0.0,2.0,2.0,100.0,0.0,0.0
OVlTRg3HA7,DE,30.0,Women,0.0,0.0,2.0,4.0,100.0,50.0,0.0
tSyBiP5QdR,GB,42.0,Men,0.0,0.0,10.666666666666666,32.0,100.0,100.0,0.0
7JddkK3eYm,DE,39.0,Men,0.0,0.0,8.666666666666666,13.0,50.0,0.0,0.0
8nSanxqBOc,GB,30.0,Men,0.0,0.0,2.6,6.5,100.0,75.0,0.0
jO4rlsH2Pu,JP,18.0,Women,0.0,0.0,1.0,1.0,100.0,0.0,0.0
fcxxMqPTjP,GB,40.0,Women,0.0,0.0,2.25,9.0,100.0,75.0,0.0
YJ3YGH7ZhZ,GB,57.0,Men,2.8,1.0,2.5,5.0,100.0,75.0,0.0
NwzRlN7BdY,GB,39.0,Women,0.0,0.0,1.3076923076923077,4.25,100.0,75.0,0.0
D5G6AsbYNG,DE,49.0,Women,4.0,1.0,2.6,13.0,100.0,75.0,0.0
6coq5ORexm,US,41.0,Women,0.0,0.0,2.5,5.0,100.0,25.0,0.0
g5uPUiIRU9,DE,39.0,Men,0.0,0.0,1.0,1.0,100.0,0.0,0.0
TGwwBjKJ5s,DE,18.0,Men,0.0,0.0,5.363636363636363,29.5,100.0,100.0,12.5
iQ3hIMOMMF,DE,65.0,Women,0.0,0.0,2.3333333333333335,14.875,100.0,100.0,37.5
Q2vP9eszlX,GB,39.0,Women,0.0,0.0,1.0,1.0,50.0,0.0,0.0
bhJqxUGEXS,DE,39.0,Women,0.0,0.0,1.0,1.0,100.0,0.0,0.0
rNHSBeL9OV,DE,39.0,Men,0.0,0.0,4.583333333333333,18.333333333333332,50.0,0.0,0.0
V3hhr9oaOE,GB,39.0,Men,0.0,0.0,1.0,2.0,100.0,75.0,0.0
V8fFMPMc0R,GB,34.0,Men,2.8,1.0,2.4,6.0,100.0,50.0,0.0
56w2DQbH4r,US,46.0,Women,0.0,0.0,1.5,3.0,100.0,25.0,0.0
OPGloVNKU3,US,39.0,Men,0.0,0.0,1.0,1.0,100.0,0.0,0.0
qUh7eKlEKs,DE,29.0,Men,0.0,0.0,1.5,3.0,100.0,50.0,0.0
xYeq0vtBtQ,US,35.0,Men,0.0,0.0,1.4444444444444444,4.333333333333333,100.0,100.0,0.0
lXy83uaNL4,US,39.0,Men,0.0,0.0,1.0,1.0,100.0,25.0,0.0
EGyk8Tns9Z,US,53.0,Men,4.0,1.0,2.9411764705882355,12.5,100.0,75.0,0.0
AuR8z4uEtg,DE,18.0,Women,0.0,0.0,8.333333333333334,25.0,50.0,0.0,0.0
wbsEGAlkqt,US,39.0,Men,0.0,0.0,1.0,1.0,50.0,0.0,0.0
Jjt1eE2yHE,GB,52.0,Women,0.0,0.0,3.409090909090909,12.5,100.0,100.0,37.5
1tXB2sqFPI,US,39.0,Men,0.0,0.0,1.0,1.0,100.0,25.0,0.0
RxAw0e0AkV,US,39.0,Women,0.0,0.0,1.0,1.0,100.0,0.0,0.0
fBjhexlyTL,GB,39.0,Women,70.0,23.0,9.9,49.5,100.0,100.0,37.5
rHRgBRbYXg,GB,21.0,Men,7.0,2.0,2.4,12.0,100.0,75.0,0.0
PftKPkWeig,JP,39.0,Women,0.0,0.0,4.0,18.0,100.0,100.0,0.0
d3sHyEW5dL,DE,55.0,Men,4.0,1.0,2.52,10.5,100.0,100.0,25.0
jo8DxSEC3w,US,38.0,Women,0.0,0.0,4.0,6.0,100.0,100.0,0.0
7NOzl2jzuK,US,39.0,Men,0.0,0.0,1.0,1.0,100.0,0.0,0.0
15WbZExHt6,GB,52.0,Women,2.8,1.0,4.5,18.0,100.0,100.0,25.0
7w5nGVwfaX,GB,37.0,Men,0.0,0.0,2.0,2.0,100.0,75.0,0.0
e7YRKBckyD,DE,39.0,Men,0.0,0.0,2.5,5.0,100.0,75.0,0.0
Eo7HYJBjlo,GB,39.0,Men,0.0,0.0,2.0,2.0,100.0,0.0,0.0
cJx56IYUEI,DE,43.0,Women,0.0,0.0,2.0,6.0,100.0,100.0,0.0
OIjfdN84w4,US,39.0,Men,0.0,0.0,4.0,4.0,100.0,0.0,0.0
PILTb6wgnt,DE,32.0,Men,0.0,0.0,1.5,3.0,50.0,0.0,0.0
r2Ap4EPLYd,GB,19.0,Men,0.0,0.0,1.5,3.0,100.0,50.0,0.0
8NYKLkkKJk,GB,30.0,Men,0.0,0.0,8.65,43.25,100.0,100.0,25.0
qSg9syqatf,US,33.0,Women,4.0,1.0,2.5,5.0,100.0,50.0,0.0
iJ3RZPr38F,US,34.0,Women,0.0,0.0,1.3333333333333333,4.0,100.0,25.0,0.0
zDJWF7YKik,GB,18.0,Women,0.0,0.0,3.5,7.0,100.0,75.0,0.0
WMQwbRFQFG,US,41.0,Men,4.0,1.0,1.25,1.6666666666666667,100.0,25.0,0.0
6Oxw3Tn3OO,GB,32.0,Men,19.599998,5.0,5.454545454545454,30.0,100.0,100.0,50.0
GKQGxJMUMh,US,39.0,Men,0.0,0.0,2.0,2.0,50.0,0.0,0.0
tu1CqcjfFm,US,39.0,Men,0.0,0.0,2.5,5.0,100.0,50.0,0.0
0wB1BM3BId,GB,43.0,Women,0.0,0.0,1.5,3.0,100.0,25.0,0.0
JYDGBeV4Io,DE,43.0,Men,0.0,0.0,7.0,7.0,50.0,0.0,0.0
KPwP3pdrar,DE,32.0,Men,0.0,0.0,2.75,5.5,100.0,75.0,0.0
KULbCi3LxH,DE,33.0,Women,0.0,0.0,7.862068965517241,45.6,100.0,100.0,62.5
Ca7E9hRfct,GB,26.0,Women,0.0,0.0,6.0,6.0,100.0,50.0,0.0
BQfuuw3Vq6,US,35.0,Men,0.0,0.0,3.0,3.0,100.0,25.0,0.0
xiOrogo1nK,DE,49.0,Men,0.0,0.0,1.8823529411764706,5.333333333333333,100.0,75.0,0.0
vJuRUFAAIk,DE,39.0,Women,0.0,0.0,19.384615384615383,100.8,100.0,100.0,50.0
YtvveAt46R,US,23.0,Women,0.0,0.0,3.3333333333333335,10.0,100.0,50.0,0.0
5nrHKM06L2,JP,39.0,Women,2.0,1.0,2.0,6.0,100.0,50.0,0.0
2AbqWSkt3i,US,19.0,Women,4.0,1.0,2.75,5.5,100.0,50.0,0.0
jSKL81V8Qy,US,46.0,Women,0.0,0.0,17.0,68.0,100.0,100.0,12.5
lXa0eFzVjM,US,39.0,Women,4.0,1.0,3.75,15.0,100.0,100.0,12.5
vJgPOdzUsN,GB,41.0,Women,3.08,1.0,2.6666666666666665,8.0,100.0,75.0,0.0
h847Y9fQl3,DE,39.0,Men,10.0,2.0,1.96,8.166666666666666,100.0,50.0,0.0
PnCMvYCvMl,DE,39.0,Men,4.0,1.0,4.8,24.0,100.0,100.0,25.0
dOooak5DPk,DE,39.0,Women,0.0,0.0,1.0,1.0,100.0,25.0,0.0
CDv78FCSYg,US,32.0,Men,26.0,5.0,5.375,21.5,100.0,75.0,0.0
EJfCGrNOK8,DE,39.0,Women,0.0,0.0,4.0,8.0,100.0,75.0,0.0
kMWwNl9hh9,GB,32.0,Women,0.0,0.0,3.1666666666666665,9.5,100.0,100.0,0.0
mROOtLUwhr,US,25.0,Men,0.0,0.0,1.0,2.0,100.0,25.0,0.0
l2QdL0cifL,US,55.0,Men,0.0,0.0,3.260869565217391,18.75,100.0,100.0,25.0
D04tLPnzrO,GB,38.0,Women,0.0,0.0,3.0,3.0,100.0,50.0,0.0
8Gdqk4rbnz,JP,18.0,Women,7.8,3.0,3.7142857142857144,10.4,100.0,25.0,0.0
sXKvclaZne,DE,31.0,Men,0.0,0.0,1.0,1.5,100.0,100.0,0.0
FkQPvfsYR5,GB,38.0,Men,0.0,0.0,5.208333333333333,25.0,100.0,100.0,12.5
iSELT0cCtm,US,42.0,Women,0.0,0.0,5.0,5.0,100.0,50.0,0.0
bvrPVsujla,GB,33.0,Men,0.0,0.0,2.0,2.0,100.0,50.0,0.0
mcpBaM1ybI,DE,18.0,Women,0.0,0.0,3.5,10.5,100.0,75.0,0.0
RnrOe1ExpC,DE,36.0,Men,0.0,0.0,2.25,9.0,100.0,50.0,0.0
yFnShC4TMS,US,36.0,Men,0.0,0.0,1.5,3.0,100.0,50.0,0.0
UEyeUqTObl,DE,24.0,Men,0.0,0.0,2.533333333333333,15.2,100.0,100.0,50.0
khHR3Uy8QL,DE,35.0,Men,0.0,0.0,3.5,14.0,100.0,0.0,0.0
hyauX2WEji,DE,36.0,Men,0.0,0.0,1.0,1.0,100.0,25.0,0.0
YvmBuk5Z9q,US,43.0,Men,0.0,0.0,2.0,3.0,100.0,50.0,0.0
ncIWALzjdt,DE,29.0,Men,4.0,1.0,3.1951219512195124,18.714285714285715,100.0,100.0,25.0
jushi4hrnx,US,49.0,Men,0.0,0.0,3.0,6.0,100.0,25.0,0.0
CvETtvTYvE,US,39.0,Women,4.0,1.0,3.0,11.25,100.0,75.0,0.0
nGAjhkyfc8,DE,43.0,Women,4.0,1.0,2.103448275862069,10.166666666666666,100.0,0.0,0.0
MIGXlTZ0RU,DE,39.0,Women,4.0,1.0,4.0,4.0,100.0,25.0,0.0
IJluUaYhQy,DE,39.0,Women,0.0,0.0,1.0,1.0,100.0,75.0,0.0
lAXtM98CEi,US,53.0,Women,4.0,1.0,1.5,1.5,100.0,50.0,0.0
euDllCeSMR,US,29.0,Women,0.0,0.0,3.0,3.0,50.0,0.0,0.0
uBKw3eOTzm,GB,47.0,Men,0.0,0.0,1.2307692307692308,4.0,100.0,100.0,0.0
Z5mWoXqOR1,US,39.0,Men,0.0,0.0,2.0,2.0,100.0,0.0,0.0
qET2LeAzo0,DE,32.0,Women,0.0,0.0,10.0,60.0,100.0,100.0,75.0
xfhOmJ6yZQ,DE,51.0,Women,4.0,1.0,2.5,5.0,100.0,100.0,0.0
l3g0Rr83W8,US,36.0,Men,0.0,0.0,3.0,3.0,100.0,25.0,0.0
2pIira5nS7,GB,56.0,Women,0.0,0.0,1.5,1.5,50.0,0.0,0.0
fsekC3JGDo,DE,40.0,Men,0.0,0.0,1.0,2.0,100.0,75.0,0.0
NrhZ69JNYc,US,47.0,Women,0.0,0.0,2.066666666666667,7.75,100.0,25.0,0.0
ToA5rjXfLs,US,39.0,Women,0.0,0.0,4.0,14.666666666666666,100.0,100.0,0.0
VthpgGsAyd,US,43.0,Women,0.0,0.0,2.2857142857142856,5.333333333333333,100.0,50.0,0.0
Iq0MeZOQRo,DE,40.0,Women,0.0,0.0,1.0,1.0,100.0,0.0,0.0
kbCW7OCZyG,GB,44.0,Men,15.4,3.0,1.3125,3.5,100.0,100.0,0.0
Y88R4kULy1,DE,43.0,Women,0.0,0.0,1.3333333333333333,4.0,100.0,50.0,0.0
NI8xmkIvsM,DE,39.0,Women,0.0,0.0,1.0,1.0,100.0,50.0,0.0
DtRM8xSOd3,GB,41.0,Men,14.0,3.0,2.230769230769231,9.666666666666666,100.0,100.0,0.0
MBn9z2jF6X,US,51.0,Women,0.0,0.0,1.0,1.0,50.0,0.0,0.0
gcOkNifLYq,US,40.0,Women,0.0,0.0,3.0,3.0,100.0,25.0,0.0
LI5AXxprly,DE,39.0,Men,0.0,0.0,3.25,6.5,100.0,50.0,0.0
VSbORT4dOd,US,36.0,Women,0.0,0.0,1.0,1.0,100.0,25.0,0.0
Hf3iOgEVpB,GB,47.0,Men,0.0,0.0,5.0,5.0,50.0,0.0,0.0
Dahhc5Qxfz,JP,39.0,Men,0.0,0.0,1.0,2.0,100.0,25.0,0.0
D9eK0eECxQ,GB,36.0,Men,2.8,1.0,2.0,10.0,100.0,100.0,0.0
1kTwtcqGtQ,GB,39.0,Men,0.0,0.0,1.0,1.0,100.0,0.0,0.0
xH4k6ABI8P,US,54.0,Men,4.0,1.0,2.5,7.5,100.0,75.0,0.0
yJCx2IMr9x,US,47.0,Men,20.0,3.0,2.1666666666666665,7.8,100.0,75.0,0.0
a3UbUm3kBx,US,39.0,Men,4.0,1.0,3.0,7.5,100.0,50.0,0.0
XwBxQNihAu,DE,39.0,Women,0.0,0.0,3.2,5.333333333333333,100.0,50.0,0.0
as1ikUXlca,GB,47.0,Men,3.08,1.0,2.0,7.0,50.0,0.0,0.0
YCSPXuPTkA,DE,39.0,Men,0.0,0.0,1.0,1.0,50.0,0.0,0.0
udRGuIOA6m,US,39.0,Men,0.0,0.0,1.0,1.0,100.0,50.0,0.0
fzjXS8cqH2,US,43.0,Women,0.0,0.0,1.0,1.0,50.0,0.0,0.0
u1jm1PWdHI,DE,58.0,Men,20.0,3.0,2.875,11.5,100.0,100.0,12.5
C5ONTh4bPZ,US,39.0,Women,4.0,1.0,2.5,5.0,100.0,75.0,0.0
RR0nRmVtb2,DE,39.0,Men,0.0,0.0,2.1538461538461537,7.0,100.0,100.0,0.0
I9z7XOktpj,US,45.0,Women,0.0,0.0,2.96,14.8,100.0,75.0,0.0
L0yK6hTiXT,US,39.0,Women,0.0,0.0,8.0,8.0,100.0,25.0,0.0
1gyfCYvnbN,DE,54.0,Men,0.0,0.0,3.9591836734693877,24.25,100.0,0.0,0.0
1tCSwIOQLI,GB,25.0,Women,0.0,0.0,6.333333333333333,19.0,100.0,75.0,0.0
4VVyeeKy0E,JP,23.0,Women,0.0,0.0,7.0,7.0,100.0,50.0,0.0
pA6iWSxlnM,DE,37.0,Men,0.0,0.0,9.1,45.5,100.0,100.0,12.5
ae6No0RCg0,DE,39.0,Women,20.0,3.0,2.0,2.0,100.0,50.0,0.0
bKd6GTGN1g,DE,50.0,Women,10.0,2.0,2.75,11.0,100.0,100.0,0.0
etfJO7HSSW,US,21.0,Women,4.0,1.0,3.0,3.0,100.0,25.0,0.0
FShVSKlnCQ,US,34.0,Men,0.0,0.0,1.0,1.0,100.0,25.0,0.0
72ZcU1gKfa,US,45.0,Women,4.0,1.0,3.3421052631578947,21.166666666666668,100.0,100.0,37.5
gmDkX8H2qf,GB,40.0,Women,0.0,0.0,2.5,6.0,100.0,100.0,0.0
5jFouQ2KHR,DE,41.0,Women,0.0,0.0,1.25,2.5,100.0,75.0,0.0
ode5Tv5Uvw,US,37.0,Men,0.0,0.0,1.25,2.0,100.0,75.0,0.0
KSpgh2yDkY,DE,30.0,Men,0.0,0.0,2.272727272727273,12.5,100.0,100.0,0.0
VuREfkJvIB,GB,45.0,Women,2.8,1.0,1.5,3.0,100.0,75.0,0.0
BCGymzXhy9,US,43.0,Men,0.0,0.0,1.9782608695652173,13.0,100.0,100.0,37.5
tgrpLCPLBT,US,39.0,Men,0.0,0.0,1.5,1.5,100.0,25.0,0.0
jMM5rcoop8,DE,34.0,Women,0.0,0.0,4.461538461538462,19.333333333333332,100.0,100.0,12.5
rQiq2jdOPg,US,20.0,Women,0.0,0.0,3.2,5.333333333333333,100.0,50.0,0.0
MpSjf2nw6O,US,54.0,Women,0.0,0.0,2.5,3.75,100.0,50.0,0.0
L1UhE41H8l,DE,39.0,Women,4.0,1.0,4.0,4.0,100.0,75.0,0.0
YFIDHWgW9B,US,37.0,Women,0.0,0.0,2.5,5.0,100.0,25.0,0.0
uQ2KvbF6I7,DE,19.0,Women,0.0,0.0,1.0,1.0,50.0,0.0,0.0
jYUfUm2dYc,US,41.0,Men,4.0,1.0,2.6956521739130435,10.333333333333334,100.0,100.0,50.0
Qp0p3MdymV,GB,39.0,Women,0.0,0.0,7.0,35.0,100.0,100.0,12.5
Lj1nX7KkVs,DE,31.0,Men,0.0,0.0,3.736842105263158,17.75,100.0,100.0,25.0
U9l07P3g8e,DE,54.0,Women,0.0,0.0,5.75,23.0,100.0,75.0,0.0
e89SBCk06n,DE,40.0,Women,0.0,0.0,7.344827586206897,42.6,100.0,100.0,50.0
lofcZzNK67,GB,47.0,Men,0.0,0.0,1.0,2.0,100.0,75.0,0.0
3wYtlRFBEu,GB,49.0,Men,0.0,0.0,1.0,2.0,100.0,50.0,0.0
mOMbd4FrZD,US,39.0,Men,0.0,0.0,1.0,1.0,50.0,0.0,0.0
hNajFwAjOr,DE,39.0,Women,4.0,1.0,4.916666666666667,14.75,100.0,100.0,37.5
lWRnKFgJvo,US,39.0,Men,0.0,0.0,6.0,6.0,50.0,0.0,0.0
ALQgH0atUH,DE,35.0,Women,4.0,1.0,2.0,4.0,100.0,0.0,0.0
PSw0goNvgF,US,36.0,Men,0.0,0.0,1.0,1.0,100.0,25.0,0.0
RHKxC82wFq,US,54.0,Men,0.0,0.0,1.5,3.0,50.0,0.0,0.0
7XRTQ2FaFe,GB,43.0,Men,14.0,3.0,2.0869565217391304,9.6,100.0,100.0,37.5
5Fg05atMnZ,US,18.0,Men,0.0,0.0,2.0,4.0,100.0,25.0,0.0
