user_key_id,country,age,sex,first_time_login,session_count,total_session_time_x,total_ad_viewed,total_spent_in_usd,total_spent_time,total_session_time_y,level_completion_count,avg_level_completion_time,easy_completion_rate,medium_completion_rate,hard_completion_rate,is_quit
bVas4SMsXQ,GB,30.0,Men,2025-02-25 20:54:15.172139 +00:00,86.0,52464.0,15.0,14.0,3.0,52464.0,9.0,5829.333333333333,100.0,100.0,25.0,0.0
Hm917zE2Mc,GB,36.0,Women,2025-03-28 15:54:29.704067 +00:00,10.0,4202.0,5.0,16.8,4.0,4202.0,4.0,1050.5,100.0,50.0,0.0,0.0
wFfzWC1Ydt,US,40.0,Men,2025-03-09 02:16:18.684862 +00:00,62.0,75586.0,23.0,0.0,0.0,75586.0,6.0,12597.666666666666,100.0,100.0,0.0,1.0
73S29MCQWv,DE,39.0,Women,2025-03-07 07:44:10.216009 +00:00,13.0,23024.0,3.0,0.0,0.0,23024.0,5.0,4604.8,100.0,75.0,0.0,1.0
B4A9tTZMAE,US,21.0,Women,2025-02-01 02:21:45.626755 +00:00,2.0,983.0,1.0,0.0,0.0,983.0,2.0,491.5,100.0,0.0,0.0,1.0
FVAffG7oT4,DE,39.0,Men,2025-03-12 11:46:40.351196 +00:00,9.0,4623.0,317.0,4.0,1.0,4623.0,8.0,577.875,100.0,100.0,25.0,0.0
rhRrt93kDx,DE,30.0,Women,2025-03-18 03:14:16.430017 +00:00,8.0,24507.0,11.0,0.0,0.0,24507.0,5.0,4901.4,100.0,75.0,0.0,1.0
DhgEAI6KZN,DE,39.0,Women,2025-03-18 13:38:20.234819 +00:00,70.0,63623.0,110.0,0.0,0.0,63623.0,8.0,7952.875,100.0,100.0,12.5,0.0
CwJLDEtRLC,DE,35.0,Men,2025-03-06 21:08:12.809908 +00:00,109.0,113510.0,5.0,0.0,0.0,113510.0,7.0,16215.714285714286,100.0,100.0,12.5,1.0
SH1i4vTu9W,DE,45.0,Men,2025-03-28 19:11:05.062403 +00:00,1.0,2485.0,8.0,0.0,0.0,2485.0,3.0,828.3333333333334,100.0,25.0,0.0,1.0
rAIxxyP5xL,DE,39.0,Men,2025-04-02 13:16:31.384583 +00:00,1.0,143.0,5.0,0.0,0.0,143.0,1.0,143.0,50.0,0.0,0.0,0.0
P7F9ZURnfQ,GB,39.0,Women,2025-02-26 22:15:02.287492 +00:00,8.0,12976.0,33.0,0.0,0.0,12976.0,7.0,1853.7142857142856,100.0,100.0,0.0,1.0
VU8clZR8OZ,DE,50.0,Women,2025-02-17 14:53:29.183184 +00:00,2.0,2327.0,5.0,0.0,0.0,2327.0,3.0,775.6666666666666,100.0,25.0,0.0,1.0
BLs3r1kVp3,DE,25.0,Women,2025-03-30 18:01:27.111300 +00:00,2.0,571.0,5.0,0.0,0.0,571.0,2.0,285.5,100.0,0.0,0.0,1.0
vfouJzoTmH,DE,42.0,Women,2025-03-06 07:48:42.034437 +00:00,7.0,1781.0,178.0,0.0,0.0,1781.0,5.0,356.2,100.0,75.0,0.0,1.0
KQAxJeSg4n,GB,28.0,Men,2025-02-25 18:16:00.532000 +00:00,78.0,73933.0,5.0,0.0,0.0,73933.0,3.0,24644.333333333332,100.0,25.0,0.0,0.0
mCMuM0XF3e,US,59.0,Women,2025-03-15 07:21:06.796982 +00:00,50.0,66752.0,43.0,23.0,4.0,66752.0,7.0,9536.0,100.0,100.0,12.5,0.0
scJElP7SHY,GB,39.0,Men,2025-02-15 13:56:29.870745 +00:00,60.0,28102.0,1.0,2.8,1.0,28102.0,8.0,3512.75,100.0,100.0,12.5,1.0
5LLhWORaHo,US,47.0,Women,2025-02-23 22:15:34.113471 +00:00,2.0,1447.0,1.0,0.0,0.0,1447.0,2.0,723.5,100.0,0.0,0.0,1.0
516zkxikR6,US,39.0,Men,2025-02-19 03:01:56.088212 +00:00,1.0,661.0,5.0,0.0,0.0,661.0,1.0,661.0,50.0,0.0,0.0,1.0
2FDcZdbK8w,GB,46.0,Men,2025-03-19 00:38:55.155546 +00:00,138.0,126777.0,444.0,0.0,0.0,127035.0,9.0,14115.0,100.0,100.0,25.0,0.0
6ZJLI4nLtQ,DE,39.0,Men,2025-03-28 11:58:06.851322 +00:00,2.0,1787.0,4.0,0.0,0.0,1787.0,3.0,595.6666666666666,100.0,25.0,0.0,1.0
vSctvD4E5n,US,18.0,Men,2025-02-15 12:48:37.320276 +00:00,10.0,24151.0,36.0,10.0,2.0,24151.0,5.0,4830.2,100.0,75.0,0.0,0.0
JcF1iGH5my,US,37.0,Men,2025-02-04 07:46:03.350328 +00:00,15.0,24838.0,1.0,4.0,1.0,24838.0,5.0,4967.6,100.0,75.0,0.0,1.0
ltb9WlnYAb,DE,50.0,Women,2025-03-01 20:58:35.499352 +00:00,16.0,13605.0,17.0,4.0,1.0,13605.0,6.0,2267.5,100.0,100.0,0.0,1.0
9PZQ34YAIn,DE,37.0,Women,2025-03-31 10:57:56.303294 +00:00,2.0,900.0,5.0,0.0,0.0,900.0,1.0,900.0,50.0,0.0,0.0,1.0
zPL3IqOA1P,GB,46.0,Women,2025-03-18 00:18:10.926505 +00:00,222.0,289283.0,846.0,0.0,0.0,289283.0,10.0,28928.3,100.0,100.0,37.5,1.0
QzLq2jayxk,JP,39.0,Men,2025-03-08 12:36:20.675148 +00:00,1.0,1067.0,1.0,0.0,0.0,1067.0,1.0,1067.0,50.0,0.0,0.0,1.0
Nhx4AhSCOW,US,42.0,Women,2025-02-03 04:36:45.002987 +00:00,64.0,135748.0,1.0,0.0,0.0,135748.0,8.0,16968.5,100.0,100.0,12.5,1.0
F5z5GX3kZ9,DE,27.0,Women,2025-03-25 12:07:04.013593 +00:00,60.0,62719.0,39.0,26.0,5.0,62719.0,8.0,7839.875,100.0,100.0,12.5,0.0
kluSjW2Wah,GB,57.0,Women,2025-02-20 03:50:34.156123 +00:00,33.0,74982.0,6.0,0.0,0.0,74982.0,8.0,9372.75,100.0,100.0,12.5,1.0
Cn4N78emyw,DE,39.0,Men,2025-03-04 13:50:28.241517 +00:00,2.0,238.0,5.0,0.0,0.0,238.0,3.0,79.33333333333333,100.0,25.0,0.0,1.0
KhTYoocPjC,US,49.0,Women,2025-02-15 14:58:50.700273 +00:00,1.0,940.0,1.0,0.0,0.0,940.0,3.0,313.3333333333333,100.0,25.0,0.0,1.0
6ZgyxXDVan,US,39.0,Women,2025-02-07 16:55:17.960222 +00:00,27.0,32468.0,15.0,10.6,2.0,32468.0,5.0,6493.6,100.0,75.0,0.0,1.0
9MRJ5quIBk,US,30.0,Men,2025-02-21 13:41:21.911166 +00:00,14.0,23040.0,2.0,0.0,0.0,23040.0,4.0,5760.0,100.0,50.0,0.0,1.0
p5FapG0q8a,US,39.0,Men,2025-02-10 08:19:56.220297 +00:00,1.0,12.0,5.0,0.0,0.0,12.0,1.0,12.0,50.0,0.0,0.0,1.0
UDhTBFcbqx,DE,39.0,Women,2025-03-06 21:34:46.787699 +00:00,11.0,30626.0,5.0,20.0,3.0,30626.0,5.0,6125.2,100.0,75.0,0.0,1.0
INMgcEEmAi,US,34.0,Men,2025-02-15 05:37:02.518614 +00:00,3.0,1654.0,1.0,0.0,0.0,1654.0,3.0,551.3333333333334,100.0,25.0,0.0,1.0
w0AcgSaFrn,DE,30.0,Men,2025-03-21 14:42:32.637962 +00:00,15.0,15113.0,1.0,0.0,0.0,15113.0,5.0,3022.6,100.0,75.0,0.0,1.0
aZC8ThU3s6,US,32.0,Women,2025-03-13 01:05:27.913342 +00:00,16.0,22152.0,84.0,0.0,0.0,22152.0,3.0,7384.0,100.0,25.0,0.0,1.0
zUgKRPB5b8,US,32.0,Women,2025-03-06 07:54:06.860747 +00:00,53.0,120722.0,43.0,4.0,1.0,120722.0,6.0,20120.333333333332,100.0,75.0,0.0,1.0
CpNWNGA9fc,DE,31.0,Men,2025-03-07 21:13:19.990630 +00:00,1.0,21.0,5.0,0.0,0.0,21.0,2.0,10.5,100.0,0.0,0.0,1.0
oVwZYc24rR,DE,39.0,Women,2025-03-03 15:08:13.683621 +00:00,4.0,2820.0,1.0,0.0,0.0,2820.0,1.0,2820.0,50.0,0.0,0.0,1.0
15MGIYpCdr,US,41.0,Men,2025-02-10 02:03:02.467251 +00:00,2.0,1418.0,1.0,0.0,0.0,1418.0,2.0,709.0,100.0,0.0,0.0,1.0
r7doayCDHS,US,34.0,Men,2025-03-02 01:26:32.426879 +00:00,1.0,515.0,1.0,0.0,0.0,515.0,1.0,515.0,50.0,0.0,0.0,1.0
BQmZU0dEUC,GB,29.0,Men,2025-03-18 00:55:14.389383 +00:00,18.0,21448.0,1.0,7.0,2.0,21448.0,5.0,4289.6,100.0,75.0,0.0,0.0
YtN4VOipPl,DE,39.0,Men,2025-02-27 10:02:43.572724 +00:00,1.0,1256.0,5.0,0.0,0.0,1256.0,3.0,418.6666666666667,100.0,25.0,0.0,1.0
cICUrgexLO,US,54.0,Men,2025-01-31 01:56:48.075343 +00:00,50.0,5498.0,1.0,0.0,0.0,5498.0,3.0,1832.6666666666667,100.0,25.0,0.0,1.0
d4IEJ1QI49,US,46.0,Men,2025-03-02 05:31:48.509116 +00:00,3.0,1473.0,5.0,0.0,0.0,1473.0,3.0,491.0,100.0,25.0,0.0,1.0
dT3NcahGie,US,35.0,Women,2025-02-12 16:30:37.946743 +00:00,27.0,26438.0,1.0,0.0,0.0,26438.0,5.0,5287.6,100.0,50.0,0.0,1.0
exVwJoMsyn,GB,40.0,Women,2025-02-27 12:41:36.897155 +00:00,5.0,2361.0,1.0,0.0,0.0,2361.0,2.0,1180.5,100.0,0.0,0.0,1.0
7gsvOoFpO0,US,39.0,Women,2025-03-11 01:57:26.765624 +00:00,11.0,5213.0,1.0,0.0,0.0,5213.0,3.0,1737.6666666666667,100.0,25.0,0.0,1.0
DFptIM2xw8,DE,28.0,Women,2025-03-25 18:24:16.966044 +00:00,8.0,2742.0,2.0,20.0,3.0,2742.0,5.0,548.4,100.0,75.0,0.0,1.0
RjGBpXiJir,DE,35.0,Men,2025-03-19 10:11:14.510068 +00:00,37.0,42808.0,106.0,0.0,0.0,42808.0,7.0,6115.428571428572,100.0,100.0,0.0,1.0
wpfWOHNl14,GB,41.0,Men,2025-02-19 17:21:39.127265 +00:00,37.0,79973.0,1.0,2.8,1.0,79973.0,7.0,11424.714285714286,100.0,100.0,0.0,1.0
GpMePw5PlS,US,39.0,Men,2025-01-30 18:46:30.191676 +00:00,1.0,12.0,5.0,0.0,0.0,12.0,1.0,12.0,50.0,0.0,0.0,1.0
5N31MRqGt0,GB,39.0,Women,2025-03-15 04:25:55.019793 +00:00,2.0,2753.0,5.0,0.0,0.0,2753.0,3.0,917.6666666666666,100.0,25.0,0.0,1.0
XfT7hkanyk,US,39.0,Women,2025-03-16 06:14:02.578399 +00:00,1.0,20.0,2.0,0.0,0.0,20.0,1.0,20.0,50.0,0.0,0.0,1.0
WtXFi8KHqJ,DE,39.0,Women,2025-03-14 10:47:56.758813 +00:00,2.0,1399.0,2.0,0.0,0.0,1399.0,2.0,699.5,100.0,0.0,0.0,1.0
WQOkGTjejS,US,49.0,Women,2025-02-01 00:13:12.972421 +00:00,21.0,25880.0,13.0,0.0,0.0,25880.0,5.0,5176.0,100.0,50.0,0.0,1.0
DWPaUz29dU,DE,49.0,Women,2025-03-13 07:25:19.708666 +00:00,41.0,68707.0,5.0,20.0,3.0,68707.0,3.0,22902.333333333332,100.0,25.0,0.0,1.0
eVPVA35PHw,DE,33.0,Men,2025-02-18 15:32:33.417716 +00:00,7.0,27695.0,1.0,0.0,0.0,27695.0,2.0,13847.5,100.0,0.0,0.0,1.0
A3W2Fv0x1Z,DE,39.0,Women,2025-02-21 11:35:01.780107 +00:00,48.0,1173550.0,1.0,4.0,1.0,1173550.0,7.0,167650.0,100.0,100.0,0.0,1.0
9TkDV0l9KR,US,38.0,Men,2025-03-11 02:51:40.786079 +00:00,11.0,9600.0,62.0,0.0,0.0,9600.0,5.0,1920.0,100.0,50.0,0.0,1.0
cQ2Wf7WiIv,GB,25.0,Women,2025-03-06 10:41:18.971244 +00:00,6.0,6608.0,1.0,0.0,0.0,6608.0,5.0,1321.6,100.0,75.0,0.0,1.0
Z1q2tyf9Lh,DE,39.0,Women,2025-03-15 15:14:17.917824 +00:00,10.0,64311.0,210.0,4.0,1.0,64311.0,8.0,8038.875,100.0,100.0,12.5,0.0
osZtx1iRos,GB,24.0,Women,2025-03-07 20:02:14.063868 +00:00,1.0,516.0,1.0,0.0,0.0,516.0,2.0,258.0,100.0,0.0,0.0,1.0
NX4xjSkVhW,GB,39.0,Women,2025-02-14 10:54:59.575941 +00:00,8.0,5519.0,1.0,0.0,0.0,5519.0,4.0,1379.75,100.0,50.0,0.0,1.0
N6vUye4134,US,32.0,Men,2025-02-16 05:17:48.772507 +00:00,6.0,9442.0,1.0,0.0,0.0,9442.0,4.0,2360.5,100.0,50.0,0.0,1.0
qbcmJNwOkg,DE,39.0,Women,2025-03-14 00:16:17.751012 +00:00,7.0,12645.0,39.0,0.0,0.0,12645.0,6.0,2107.5,100.0,75.0,0.0,1.0
7zcTMau6ix,US,50.0,Men,2025-03-11 03:05:29.745033 +00:00,8.0,1241.0,1.0,4.0,1.0,1241.0,2.0,620.5,100.0,0.0,0.0,1.0
tps9ghE91P,GB,31.0,Men,2025-03-30 03:35:46.674046 +00:00,10.0,11164.0,16.0,0.0,0.0,11164.0,5.0,2232.8,100.0,75.0,0.0,0.0
PC1XTx1uXT,US,41.0,Men,2025-03-05 11:51:21.883766 +00:00,9.0,5380.0,1.0,0.0,0.0,5380.0,3.0,1793.3333333333333,100.0,25.0,0.0,1.0
zQiJRCr7QU,GB,37.0,Women,2025-02-28 17:40:16.489300 +00:00,5.0,3163.0,1.0,0.0,0.0,3163.0,5.0,632.6,100.0,75.0,0.0,1.0
JdQfMVv9zx,DE,46.0,Men,2025-03-13 10:16:22.621102 +00:00,23.0,35702.0,13.0,0.0,0.0,35702.0,6.0,5950.333333333333,100.0,100.0,0.0,1.0
IZfNuSVqRw,US,53.0,Women,2025-02-24 04:01:50.927895 +00:00,11.0,23895.0,42.0,0.0,0.0,23895.0,5.0,4779.0,100.0,50.0,0.0,1.0
GchNZykCtO,US,39.0,Women,2025-02-07 01:59:33.918879 +00:00,3.0,2838.0,1.0,4.0,1.0,2838.0,3.0,946.0,100.0,25.0,0.0,1.0
osiYITIl4I,US,39.0,Men,2025-03-05 12:07:54.871811 +00:00,2.0,288.0,5.0,0.0,0.0,288.0,1.0,288.0,50.0,0.0,0.0,1.0
ckA7PZCJRG,US,39.0,Men,2025-02-01 01:23:16.862647 +00:00,17.0,26429.0,1.0,0.0,0.0,26429.0,6.0,4404.833333333333,100.0,75.0,0.0,1.0
UAhBrSL6Eq,DE,39.0,Women,2025-03-01 10:15:35.451560 +00:00,21.0,44167.0,6.0,0.0,0.0,44167.0,3.0,14722.333333333334,100.0,25.0,0.0,1.0
oSSlMv06BE,US,39.0,Women,2025-02-23 05:10:55.772986 +00:00,1.0,627.0,5.0,0.0,0.0,627.0,3.0,209.0,100.0,25.0,0.0,1.0
3azltA4zRq,GB,49.0,Women,2025-02-12 21:18:00.138293 +00:00,10.0,18420.0,2.0,0.0,0.0,18420.0,6.0,3070.0,100.0,100.0,0.0,1.0
eaRTKcrBoH,JP,39.0,Men,2025-03-09 05:32:49.068270 +00:00,23.0,27874.0,82.0,0.0,0.0,27874.0,7.0,3982.0,100.0,100.0,0.0,1.0
AHSETIbW5M,US,35.0,Women,2025-02-10 01:37:37.903510 +00:00,5.0,2933.0,1.0,0.0,0.0,2933.0,4.0,733.25,100.0,50.0,0.0,1.0
nDyasIZTFa,DE,39.0,Women,2025-02-21 04:31:22.989120 +00:00,75.0,202105.0,166.0,0.0,0.0,202105.0,10.0,20210.5,100.0,100.0,37.5,0.0
EjIFEEcHUr,DE,45.0,Men,2025-02-26 13:51:11.789182 +00:00,4.0,5062.0,1.0,0.0,0.0,5062.0,4.0,1265.5,100.0,50.0,0.0,1.0
ara87ojhEv,US,37.0,Men,2025-02-25 00:50:48.981447 +00:00,4.0,4046.0,1.0,0.0,0.0,4046.0,3.0,1348.6666666666667,100.0,25.0,0.0,1.0
x5nq0z7cd0,US,39.0,Women,2025-02-09 01:17:33.202911 +00:00,5.0,8522.0,2.0,0.0,0.0,8522.0,4.0,2130.5,100.0,50.0,0.0,1.0
RmPgrUfyKw,DE,39.0,Women,2025-04-03 19:58:50.934611 +00:00,2.0,2643.0,4.0,0.0,0.0,2643.0,4.0,660.75,100.0,75.0,0.0,0.0
QwsBSmKehA,US,39.0,Women,2025-02-02 01:28:35.444005 +00:00,61.0,29969.0,200.0,4.0,1.0,29969.0,11.0,2724.4545454545455,100.0,100.0,50.0,0.0
3UCqqehFtE,GB,34.0,Women,2025-02-27 03:18:10.134101 +00:00,1.0,1017.0,2.0,0.0,0.0,1017.0,2.0,508.5,100.0,0.0,0.0,1.0
uVQOL9ybjC,US,45.0,Women,2025-02-04 01:26:09.749440 +00:00,75.0,152998.0,1.0,4.0,1.0,152998.0,4.0,38249.5,100.0,25.0,0.0,1.0
c8LbEoJhql,US,39.0,Men,2025-03-07 05:07:30.402904 +00:00,22.0,26058.0,1.0,0.0,0.0,26058.0,5.0,5211.6,100.0,75.0,0.0,0.0
YIk1baAWBA,GB,39.0,Men,2025-03-17 00:36:38.286574 +00:00,4.0,8473.0,2.0,0.0,0.0,8473.0,3.0,2824.3333333333335,100.0,25.0,0.0,1.0
rMlorYXp8k,GB,37.0,Women,2025-02-12 13:59:58.642302 +00:00,28.0,51267.0,1.0,0.0,0.0,51267.0,7.0,7323.857142857143,100.0,100.0,12.5,1.0
574WKNFqsF,DE,33.0,Men,2025-03-15 14:38:35.777199 +00:00,8.0,10821.0,4.0,0.0,0.0,10821.0,1.0,10821.0,50.0,0.0,0.0,1.0
kK4gWsRuld,US,43.0,Men,2025-02-14 01:57:01.559708 +00:00,37.0,42862.0,1.0,0.0,0.0,42862.0,6.0,7143.666666666667,100.0,75.0,0.0,1.0
PxtMIfUudp,DE,59.0,Women,2025-03-17 18:25:52.802361 +00:00,16.0,40042.0,141.0,0.0,0.0,40042.0,7.0,5720.285714285715,100.0,100.0,0.0,0.0
Lf4x1kDbOG,DE,46.0,Women,2025-02-12 16:57:30.262108 +00:00,51.0,59877.0,51.0,4.0,1.0,59877.0,8.0,7484.625,100.0,100.0,12.5,0.0
JG7xqmmtEM,US,39.0,Men,2025-03-11 04:27:18.686983 +00:00,1.0,1.0,1.0,0.0,0.0,1.0,3.0,0.3333333333333333,100.0,25.0,0.0,1.0
msb7xMS6PM,DE,39.0,Men,2025-03-06 20:57:07.220116 +00:00,9.0,25227.0,1.0,4.0,1.0,25227.0,6.0,4204.5,100.0,75.0,0.0,1.0
ZEr7IxskgL,DE,39.0,Men,2025-02-20 06:44:41.373569 +00:00,1.0,3783.0,3.0,0.0,0.0,3783.0,5.0,756.6,100.0,75.0,0.0,1.0
jjUCMb1iyK,DE,39.0,Men,2025-02-26 03:51:05.915450 +00:00,26.0,52896.0,81.0,4.0,1.0,52896.0,7.0,7556.571428571428,100.0,100.0,0.0,1.0
cVmizMSITX,US,35.0,Men,2025-03-06 02:50:44.864312 +00:00,2.0,532.0,1.0,4.0,1.0,532.0,2.0,266.0,100.0,0.0,0.0,1.0
FAXJH4r4MX,GB,43.0,Women,2025-02-20 19:06:40.665532 +00:00,9.0,6606.0,1.0,0.0,0.0,6606.0,4.0,1651.5,100.0,50.0,0.0,1.0
psi3GRQf16,DE,39.0,Women,2025-04-01 18:17:33.451668 +00:00,2.0,9525.0,16.0,0.0,0.0,9525.0,4.0,2381.25,100.0,50.0,0.0,0.0
ayAMlZ65xL,US,44.0,Men,2025-02-10 11:57:09.479374 +00:00,28.0,46660.0,82.0,0.0,0.0,46660.0,8.0,5832.5,100.0,100.0,12.5,1.0
XxazrBGQEH,US,39.0,Men,2025-02-21 19:10:38.232418 +00:00,2.0,3364.0,1.0,0.0,0.0,3364.0,3.0,1121.3333333333333,100.0,25.0,0.0,1.0
cyaLfBcXXU,US,40.0,Women,2025-03-09 01:47:46.060673 +00:00,119.0,293069.0,1034.0,0.0,0.0,293069.0,9.0,32563.222222222223,100.0,100.0,25.0,0.0
q54P79fkSr,GB,47.0,Men,2025-02-24 17:59:19.363243 +00:00,196.0,562462.0,176.0,0.0,0.0,562462.0,10.0,56246.2,100.0,100.0,50.0,0.0
oEy9bvZmSG,DE,47.0,Women,2025-03-13 17:41:53.662871 +00:00,3.0,620.0,2.0,0.0,0.0,620.0,1.0,620.0,50.0,0.0,0.0,1.0
yvy7h8qyR4,DE,43.0,Men,2025-03-13 14:09:27.283997 +00:00,20.0,33665.0,37.0,0.0,0.0,33665.0,7.0,4809.285714285715,100.0,100.0,12.5,0.0
YY7iwOw7Vq,GB,39.0,Women,2025-02-23 23:57:09.875891 +00:00,5.0,8942.0,1.0,0.0,0.0,8942.0,5.0,1788.4,100.0,75.0,0.0,1.0
q3beLEmj2b,DE,39.0,Women,2025-02-17 13:11:37.738582 +00:00,8.0,14172.0,1.0,0.0,0.0,14172.0,5.0,2834.4,100.0,75.0,0.0,1.0
InRzCnR9bz,GB,38.0,Women,2025-02-23 06:46:51.533141 +00:00,9.0,17551.0,1.0,0.0,0.0,17551.0,5.0,3510.2,100.0,75.0,0.0,1.0
rws4JoEzPw,US,32.0,Women,2025-03-14 05:32:34.908786 +00:00,1.0,1701.0,9.0,0.0,0.0,1701.0,3.0,567.0,100.0,25.0,0.0,1.0
ZAYhpGKXtP,DE,35.0,Women,2025-03-23 09:57:55.474010 +00:00,44.0,58410.0,86.0,0.0,0.0,58410.0,8.0,7301.25,100.0,100.0,12.5,0.0
hdt76sCAGz,DE,53.0,Women,2025-02-21 00:03:46.061618 +00:00,169.0,750245.0,817.0,0.0,0.0,750245.0,12.0,62520.416666666664,100.0,100.0,62.5,0.0
rHMgnCWHpb,US,39.0,Women,2025-02-14 02:21:10.636653 +00:00,25.0,15830.0,12.0,0.0,0.0,15830.0,2.0,7915.0,50.0,0.0,0.0,1.0
S0V0yL984f,US,20.0,Men,2025-02-21 01:34:24.292557 +00:00,22.0,21840.0,2.0,4.0,1.0,21840.0,5.0,4368.0,100.0,75.0,0.0,1.0
SdMHskkLav,US,61.0,Men,2025-01-30 19:01:21.232571 +00:00,144.0,187325.0,1.0,80.0,23.0,187325.0,7.0,26760.714285714286,100.0,100.0,12.5,0.0
SegU0xS2Ag,US,37.0,Women,2025-02-19 03:41:11.252493 +00:00,2.0,2687.0,1.0,0.0,0.0,2687.0,3.0,895.6666666666666,100.0,25.0,0.0,1.0
bveOZs0fzz,DE,52.0,Men,2025-02-13 11:23:30.373486 +00:00,42.0,63651.0,48.0,10.0,2.0,63651.0,8.0,7956.375,100.0,100.0,12.5,0.0
kIwdb2zuSH,GB,43.0,Men,2025-02-28 13:53:46.172152 +00:00,7.0,4522.0,1.0,2.8,1.0,4522.0,4.0,1130.5,100.0,50.0,0.0,1.0
jhMc0xm0s2,DE,50.0,Women,2025-03-20 00:27:51.762612 +00:00,104.0,173576.0,527.0,38.0,9.0,173576.0,10.0,17357.6,100.0,100.0,37.5,1.0
lmWoS0c6X4,US,44.0,Women,2025-03-13 06:23:35.907047 +00:00,3.0,779.0,13.0,0.0,0.0,779.0,3.0,259.6666666666667,100.0,25.0,0.0,1.0
inDQcpYm5L,US,39.0,Men,2025-02-09 14:36:05.283604 +00:00,2.0,601.0,5.0,0.0,0.0,601.0,1.0,601.0,50.0,0.0,0.0,1.0
D0NEa6HbSg,US,39.0,Women,2025-02-07 17:33:35.583912 +00:00,3.0,1114.0,1.0,4.4,1.0,1114.0,3.0,371.3333333333333,100.0,25.0,0.0,1.0
qDwR48wg4x,US,50.0,Men,2025-02-22 19:01:13.989044 +00:00,2.0,1167.0,1.0,0.0,0.0,1167.0,1.0,1167.0,50.0,0.0,0.0,1.0
3wXo7GQbOu,US,52.0,Women,2025-02-20 12:17:25.068712 +00:00,148.0,98302.0,45.0,0.0,0.0,98302.0,9.0,10922.444444444443,100.0,100.0,25.0,1.0
jGyJHvAJz6,US,34.0,Women,2025-02-28 06:14:09.876005 +00:00,39.0,58088.0,206.0,4.0,1.0,58088.0,8.0,7261.0,100.0,100.0,12.5,0.0
l282BUJwi0,US,31.0,Men,2025-02-24 14:58:05.697185 +00:00,6.0,5029.0,1.0,4.0,1.0,5029.0,3.0,1676.3333333333333,100.0,25.0,0.0,1.0
KtXYvWQY0a,US,40.0,Men,2025-03-11 01:34:24.562878 +00:00,11.0,9169.0,422.0,23.0,4.0,9169.0,9.0,1018.7777777777778,100.0,100.0,25.0,1.0
vBYOXl6wWR,DE,39.0,Women,2025-03-20 10:45:40.885973 +00:00,77.0,161049.0,186.0,0.0,0.0,161049.0,8.0,20131.125,100.0,100.0,12.5,0.0
BTiV6sNiIa,US,33.0,Men,2025-03-15 04:56:03.907518 +00:00,1.0,7952.0,5.0,0.0,0.0,7952.0,3.0,2650.6666666666665,100.0,25.0,0.0,1.0
wraPYPkCKD,DE,40.0,Men,2025-02-23 12:41:53.917870 +00:00,21.0,7394.0,10.0,0.0,0.0,7394.0,2.0,3697.0,100.0,0.0,0.0,1.0
FLo7JBhEme,DE,39.0,Women,2025-03-23 09:56:28.295770 +00:00,4.0,1152.0,5.0,0.0,0.0,1152.0,2.0,576.0,100.0,0.0,0.0,1.0
cC6SxGwF3u,DE,39.0,Men,2025-03-22 15:27:27.606963 +00:00,25.0,21777.0,52.0,4.0,1.0,21777.0,6.0,3629.5,100.0,75.0,0.0,1.0
1hheWAloca,DE,36.0,Men,2025-03-02 13:11:48.783193 +00:00,234.0,727627.0,1098.0,10.0,2.0,727627.0,12.0,60635.583333333336,100.0,100.0,62.5,0.0
egU2gAh9fF,GB,42.0,Women,2025-03-20 11:52:37.462133 +00:00,4.0,1185.0,1.0,0.0,0.0,1185.0,2.0,592.5,100.0,0.0,0.0,1.0
XkJ5nSLNin,US,50.0,Women,2025-03-17 00:27:18.888877 +00:00,161.0,307945.0,1232.0,0.0,0.0,307945.0,10.0,30794.5,100.0,100.0,50.0,0.0
8PnkmhWpyl,GB,45.0,Women,2025-02-21 02:13:19.064390 +00:00,16.0,24024.0,37.0,0.0,0.0,24024.0,7.0,3432.0,100.0,100.0,0.0,1.0
gReZjThjDQ,US,33.0,Women,2025-02-10 12:44:17.206105 +00:00,9.0,6757.0,1.0,4.4,1.0,6757.0,2.0,3378.5,100.0,0.0,0.0,1.0
yARL6wsrxf,DE,39.0,Men,2025-03-08 07:36:03.614933 +00:00,74.0,81620.0,179.0,0.0,0.0,81620.0,7.0,11660.0,100.0,100.0,0.0,0.0
C5ZIIphZlS,US,44.0,Men,2025-02-10 11:57:18.796482 +00:00,9.0,8753.0,1.0,4.0,1.0,8753.0,3.0,2917.6666666666665,100.0,25.0,0.0,1.0
s1DcrD2yF1,GB,42.0,Women,2025-02-21 05:17:47.067629 +00:00,72.0,49204.0,19.0,2.8,1.0,49204.0,9.0,5467.111111111111,100.0,100.0,25.0,0.0
Hn517axbTJ,GB,39.0,Men,2025-03-29 08:57:26.886180 +00:00,12.0,14719.0,15.0,0.0,0.0,14719.0,5.0,2943.8,100.0,75.0,0.0,0.0
BxdZy44ESm,US,39.0,Women,2025-02-22 17:18:53.091825 +00:00,18.0,32983.0,18.0,4.0,1.0,32983.0,6.0,5497.166666666667,100.0,75.0,0.0,1.0
2pMfLgoLxF,GB,39.0,Women,2025-03-10 09:02:48.433896 +00:00,19.0,55221.0,23.0,0.0,0.0,55221.0,6.0,9203.5,100.0,100.0,0.0,1.0
mtvgmuHnf3,US,39.0,Men,2025-02-01 00:25:45.758129 +00:00,6.0,3014.0,1.0,4.4,1.0,3014.0,3.0,1004.6666666666666,100.0,25.0,0.0,1.0
hji9ExHAlL,GB,52.0,Women,2025-03-29 13:38:16.156836 +00:00,10.0,14724.0,6.0,0.0,0.0,14724.0,1.0,14724.0,50.0,0.0,0.0,0.0
dgTletHts0,DE,35.0,Men,2025-03-10 00:37:25.566572 +00:00,63.0,73142.0,487.0,0.0,0.0,73142.0,10.0,7314.2,100.0,100.0,37.5,0.0
yvWTZjdOTC,JP,42.0,Women,2025-03-10 20:39:47.334746 +00:00,8.0,2519.0,169.0,1.4,1.0,2519.0,7.0,359.85714285714283,100.0,100.0,0.0,1.0
8k8PqRixWl,DE,39.0,Men,2025-03-28 19:45:10.413346 +00:00,2.0,6269.0,6.0,0.0,0.0,6269.0,5.0,1253.8,100.0,75.0,0.0,1.0
27sIFdUQT5,GB,34.0,Women,2025-03-06 01:56:26.406588 +00:00,4.0,5605.0,1.0,0.0,0.0,5605.0,3.0,1868.3333333333333,100.0,25.0,0.0,1.0
ngolyuM7wR,US,50.0,Women,2025-02-27 18:25:26.193868 +00:00,79.0,133537.0,1.0,0.0,0.0,133537.0,2.0,66768.5,100.0,0.0,0.0,0.0
6Vu7MZmhG4,DE,39.0,Men,2025-03-16 12:59:12.435018 +00:00,6.0,18609.0,32.0,0.0,0.0,18609.0,3.0,6203.0,100.0,0.0,0.0,0.0
PP14CfVj3j,US,39.0,Women,2025-03-05 03:20:30.932660 +00:00,11.0,27101.0,1.0,0.0,0.0,27101.0,5.0,5420.2,100.0,50.0,0.0,1.0
caWrDzLwhR,GB,45.0,Women,2025-02-25 07:39:19.428243 +00:00,16.0,137409.0,150.0,0.0,0.0,137409.0,9.0,15267.666666666666,100.0,100.0,25.0,0.0
SVK1s1Zn9b,DE,39.0,Women,2025-02-22 10:27:47.540497 +00:00,2.0,1006.0,1.0,0.0,0.0,1006.0,1.0,1006.0,50.0,0.0,0.0,1.0
tWeaDmy2Ly,DE,43.0,Women,2025-03-02 11:54:31.913926 +00:00,4.0,9420.0,1.0,4.0,1.0,9420.0,2.0,4710.0,100.0,0.0,0.0,1.0
7eiaRS6uK0,US,39.0,Women,2025-02-03 06:14:07.321857 +00:00,2.0,3561.0,1.0,0.0,0.0,3561.0,3.0,1187.0,100.0,25.0,0.0,1.0
tHwoxoGznj,US,23.0,Women,2025-03-14 00:54:31.021269 +00:00,196.0,151801.0,472.0,23.0,4.0,151801.0,11.0,13800.09090909091,100.0,100.0,50.0,0.0
b7Q8oKQPEt,US,49.0,Men,2025-02-14 16:30:58.811409 +00:00,4.0,4477.0,1.0,0.0,0.0,4477.0,3.0,1492.3333333333333,100.0,25.0,0.0,1.0
D9ywOP0z8D,GB,38.0,Men,2025-03-01 11:09:04.251455 +00:00,26.0,29550.0,15.0,0.0,0.0,29550.0,6.0,4925.0,100.0,100.0,12.5,1.0
Sc4bUIfI35,US,39.0,Women,2025-02-18 00:52:13.989958 +00:00,251.0,260927.0,76.0,0.0,0.0,260927.0,11.0,23720.636363636364,100.0,100.0,50.0,0.0
HEMJoDTUi0,GB,39.0,Men,2025-03-26 17:49:04.557312 +00:00,10.0,11003.0,16.0,0.0,0.0,11003.0,4.0,2750.75,100.0,50.0,0.0,1.0
3kVzfGBBYl,US,39.0,Women,2025-02-12 20:43:08.076285 +00:00,2.0,2764.0,1.0,0.0,0.0,2764.0,2.0,1382.0,100.0,0.0,0.0,1.0
k9lauxyChm,US,35.0,Women,2025-03-02 05:50:37.098753 +00:00,44.0,71185.0,79.0,4.0,1.0,71185.0,7.0,10169.285714285714,100.0,100.0,0.0,1.0
xI4jo9DVr2,JP,23.0,Men,2025-03-12 07:15:33.322989 +00:00,49.0,133682.0,266.0,0.0,0.0,133682.0,1.0,133682.0,50.0,0.0,0.0,1.0
AGx0BnXsVr,GB,37.0,Men,2025-02-21 14:53:08.751318 +00:00,11.0,10515.0,1.0,0.0,0.0,10515.0,6.0,1752.5,100.0,75.0,0.0,1.0
Kh2r4d3Nvq,DE,29.0,Men,2025-03-12 21:15:10.823193 +00:00,2.0,1564.0,5.0,0.0,0.0,1564.0,2.0,782.0,100.0,0.0,0.0,1.0
v3iA8HUBrd,US,42.0,Men,2025-02-20 13:18:47.687727 +00:00,11.0,33756.0,1.0,0.0,0.0,33756.0,5.0,6751.2,100.0,75.0,0.0,1.0
SAppmhhMJF,DE,39.0,Women,2025-04-01 19:48:34.576259 +00:00,1.0,16.0,5.0,0.0,0.0,16.0,1.0,16.0,50.0,0.0,0.0,0.0
ysywBqAYKS,GB,32.0,Men,2025-02-19 21:48:46.930253 +00:00,39.0,30350.0,1.0,2.8,1.0,30350.0,6.0,5058.333333333333,100.0,100.0,0.0,1.0
VxrSkeiLMa,JP,47.0,Women,2025-03-05 04:57:33.908500 +00:00,6.0,6144.0,18.0,0.0,0.0,6144.0,3.0,2048.0,100.0,25.0,0.0,1.0
meow1WbP2S,GB,19.0,Women,2025-02-24 21:23:23.963023 +00:00,5.0,4455.0,5.0,0.0,0.0,4455.0,4.0,1113.75,100.0,50.0,0.0,1.0
ATWp0NHjUh,US,39.0,Women,2025-02-09 01:53:17.969917 +00:00,1.0,33.0,1.0,0.0,0.0,33.0,2.0,16.5,100.0,0.0,0.0,1.0
VJPcSmMa7Y,US,47.0,Women,2025-03-18 03:35:54.748859 +00:00,14.0,16829.0,32.0,4.0,1.0,16829.0,4.0,4207.25,100.0,50.0,0.0,1.0
XiYD4QbEUE,US,23.0,Women,2025-02-20 17:13:55.804968 +00:00,18.0,21864.0,1.0,22.0,3.0,21864.0,5.0,4372.8,100.0,75.0,0.0,1.0
cgCDVlYP4i,DE,40.0,Women,2025-03-03 01:59:29.628373 +00:00,54.0,94679.0,260.0,4.0,1.0,94679.0,9.0,10519.888888888889,100.0,100.0,25.0,0.0
9lsbYI17CU,DE,39.0,Men,2025-03-26 21:19:43.047890 +00:00,5.0,6803.0,3.0,0.0,0.0,6803.0,4.0,1700.75,100.0,50.0,0.0,0.0
JitEX7q8yU,US,39.0,Men,2025-02-11 04:38:33.001070 +00:00,2.0,2512.0,1.0,0.0,0.0,2512.0,3.0,837.3333333333334,100.0,25.0,0.0,1.0
D0bMrhnvsJ,US,39.0,Men,2025-02-20 09:13:49.131326 +00:00,1.0,1313.0,5.0,0.0,0.0,1313.0,1.0,1313.0,50.0,0.0,0.0,1.0
HIMSdxdQ3k,DE,38.0,Women,2025-02-28 16:54:04.474793 +00:00,6.0,10826.0,1.0,0.0,0.0,10826.0,5.0,2165.2,100.0,75.0,0.0,1.0
UUjClelf3a,US,39.0,Women,2025-02-20 13:12:01.680323 +00:00,2.0,4902.0,1.0,0.0,0.0,4902.0,2.0,2451.0,100.0,0.0,0.0,1.0
SEDjdCLEu2,JP,41.0,Women,2025-03-19 12:02:33.006471 +00:00,10.0,95708.0,47.0,6.3,3.0,95708.0,6.0,15951.333333333334,100.0,75.0,0.0,1.0
lr0nPhKV83,US,55.0,Men,2025-03-18 03:47:13.321474 +00:00,2.0,2063.0,4.0,0.0,0.0,2063.0,2.0,1031.5,100.0,0.0,0.0,1.0
Eg5OdzNVOu,DE,53.0,Men,2025-03-28 05:55:46.145004 +00:00,3.0,2063.0,1.0,0.0,0.0,2063.0,3.0,687.6666666666666,100.0,25.0,0.0,0.0
gkeJMKFRcU,US,39.0,Women,2025-02-09 09:17:45.549072 +00:00,3.0,1605.0,5.0,0.0,0.0,1605.0,1.0,1605.0,50.0,0.0,0.0,1.0
orwoZ80tNc,DE,47.0,Women,2025-02-26 14:49:26.392472 +00:00,9.0,13656.0,8.0,4.0,1.0,13656.0,5.0,2731.2,100.0,75.0,0.0,1.0
o8U6thzw5B,US,20.0,Men,2025-02-16 03:34:32.957892 +00:00,9.0,10364.0,2.0,0.0,0.0,10364.0,6.0,1727.3333333333333,100.0,100.0,0.0,1.0
zz81JZ6cFF,DE,48.0,Women,2025-03-23 08:01:46.724769 +00:00,58.0,106640.0,424.0,0.0,0.0,106640.0,8.0,13330.0,100.0,100.0,25.0,0.0
pqUttFTPlb,GB,39.0,Men,2025-03-23 10:02:51.059046 +00:00,3.0,20390.0,29.0,2.8,1.0,20390.0,5.0,4078.0,100.0,75.0,0.0,1.0
wWOO60d69X,JP,39.0,Women,2025-03-05 20:07:11.071191 +00:00,11.0,16878.0,14.0,0.0,0.0,16878.0,3.0,5626.0,100.0,25.0,0.0,1.0
mEnoFEvQ1p,US,50.0,Men,2025-03-07 01:42:55.089990 +00:00,2.0,2453.0,1.0,0.0,0.0,2453.0,3.0,817.6666666666666,100.0,25.0,0.0,1.0
MXaclfxRAE,DE,39.0,Men,2025-03-21 14:11:40.923976 +00:00,26.0,50466.0,99.0,0.0,0.0,50466.0,7.0,7209.428571428572,100.0,100.0,0.0,0.0
RikvXEYJO8,GB,39.0,Women,2025-03-29 14:07:24.499390 +00:00,3.0,1403.0,8.0,0.0,0.0,1403.0,3.0,467.6666666666667,100.0,25.0,0.0,1.0
ed5PsLlNGx,GB,36.0,Women,2025-02-22 17:53:28.398251 +00:00,43.0,126537.0,108.0,0.0,0.0,128000.0,6.0,21333.333333333332,100.0,75.0,0.0,0.0
3CuDxoxYUx,DE,55.0,Men,2025-03-21 01:33:11.198474 +00:00,21.0,55306.0,16.0,4.0,1.0,55306.0,5.0,11061.2,100.0,75.0,0.0,0.0
nwWawQUIcj,US,39.0,Men,2025-03-12 01:27:00.174663 +00:00,2.0,2820.0,13.0,0.0,0.0,2820.0,3.0,940.0,100.0,25.0,0.0,1.0
VllMEznf89,GB,35.0,Women,2025-02-17 10:23:59.513090 +00:00,2.0,3035.0,1.0,0.0,0.0,3035.0,2.0,1517.5,100.0,0.0,0.0,1.0
C63IWUKJjZ,DE,18.0,Women,2025-03-16 18:55:12.461852 +00:00,44.0,14319.0,12.0,0.0,0.0,14319.0,7.0,2045.571428571429,100.0,100.0,12.5,1.0
Qzt1qF1wnt,GB,52.0,Women,2025-03-05 11:07:24.578511 +00:00,1.0,1757.0,5.0,0.0,0.0,1757.0,2.0,878.5,100.0,0.0,0.0,1.0
UlGId8AUHL,US,39.0,Men,2025-03-03 00:37:02.175752 +00:00,2.0,5983.0,1.0,0.0,0.0,5983.0,3.0,1994.3333333333333,100.0,25.0,0.0,1.0
ReKFlwOfay,DE,18.0,Women,2025-02-20 10:09:48.614338 +00:00,2.0,261.0,5.0,4.0,1.0,261.0,1.0,261.0,50.0,0.0,0.0,1.0
ochytcIMhq,US,40.0,Women,2025-02-07 02:27:24.985926 +00:00,3.0,10906.0,1.0,0.0,0.0,10906.0,3.0,3635.3333333333335,100.0,25.0,0.0,1.0
o3V9EkLNEF,DE,40.0,Women,2025-03-29 07:53:25.709736 +00:00,8.0,13629.0,28.0,0.0,0.0,13629.0,5.0,2725.8,100.0,75.0,0.0,0.0
GUvFx9cYzd,GB,39.0,Men,2025-04-02 09:21:31.379140 +00:00,5.0,9059.0,26.0,0.0,0.0,9059.0,5.0,1811.8,100.0,75.0,0.0,0.0
vd6CIBfmYm,GB,62.0,Women,2025-02-14 17:34:18.614073 +00:00,204.0,862427.0,388.0,2.8,1.0,862427.0,13.0,66340.53846153847,100.0,100.0,75.0,1.0
2uBSDr8MHt,JP,44.0,Women,2025-03-05 01:57:41.832769 +00:00,73.0,32009.0,40.0,2.0,1.0,32009.0,8.0,4001.125,100.0,100.0,12.5,0.0
8VYbKosuAN,DE,21.0,Women,2025-02-15 11:20:48.836560 +00:00,23.0,15991.0,1.0,0.0,0.0,15991.0,6.0,2665.1666666666665,100.0,100.0,0.0,1.0
LdcS9zddeP,US,31.0,Women,2025-02-08 08:24:45.943269 +00:00,32.0,22235.0,1.0,4.0,1.0,22235.0,6.0,3705.8333333333335,100.0,75.0,0.0,1.0
2q6SuQzuEF,US,42.0,Women,2025-03-13 05:16:34.480614 +00:00,19.0,13593.0,16.0,20.0,3.0,13593.0,4.0,3398.25,100.0,50.0,0.0,1.0
YGFgq2w2B2,DE,45.0,Women,2025-02-16 00:44:30.709345 +00:00,7.0,3488.0,5.0,4.0,1.0,3488.0,4.0,872.0,100.0,50.0,0.0,1.0
aggraoVuqe,DE,47.0,Men,2025-03-25 19:59:58.148691 +00:00,101.0,352103.0,889.0,4.0,1.0,352428.0,11.0,32038.909090909092,100.0,100.0,50.0,0.0
YNUacQuTkc,DE,32.0,Men,2025-02-18 00:09:54.792351 +00:00,42.0,110352.0,2.0,0.0,0.0,110352.0,7.0,15764.57142857143,100.0,100.0,12.5,1.0
UWLKFyvZYp,US,45.0,Men,2025-02-09 10:23:00.186230 +00:00,7.0,5729.0,1.0,4.0,1.0,5729.0,4.0,1432.25,100.0,50.0,0.0,1.0
vsxKN2Bh9L,US,18.0,Men,2025-03-16 16:49:23.687978 +00:00,4.0,2098.0,5.0,0.0,0.0,2098.0,3.0,699.3333333333334,100.0,25.0,0.0,1.0
xl6paff8aa,US,31.0,Women,2025-02-14 05:54:55.996248 +00:00,2.0,7846.0,1.0,0.0,0.0,7846.0,3.0,2615.3333333333335,100.0,25.0,0.0,1.0
nt12ZolWan,US,29.0,Women,2025-03-09 04:06:02.771220 +00:00,1.0,3476.0,1.0,0.0,0.0,3476.0,3.0,1158.6666666666667,100.0,25.0,0.0,1.0
EaidY4VneU,GB,20.0,Women,2025-03-30 05:22:10.809211 +00:00,3.0,8142.0,9.0,0.0,0.0,8142.0,4.0,2035.5,100.0,50.0,0.0,1.0
41B2hdPMyu,US,47.0,Men,2025-01-31 02:54:21.235772 +00:00,45.0,66188.0,9.0,0.0,0.0,66188.0,8.0,8273.5,100.0,100.0,12.5,0.0
Kav66DHLsS,JP,39.0,Men,2025-03-05 01:41:57.699624 +00:00,1.0,1280.0,5.0,0.0,0.0,1280.0,3.0,426.6666666666667,100.0,25.0,0.0,1.0
yNt3XnhcTk,GB,39.0,Men,2025-03-29 05:46:09.597531 +00:00,2.0,2217.0,4.0,0.0,0.0,2217.0,2.0,1108.5,100.0,0.0,0.0,1.0
dF47SO7rfA,JP,40.0,Women,2025-03-08 07:28:41.664489 +00:00,1.0,495.0,5.0,0.0,0.0,495.0,1.0,495.0,50.0,0.0,0.0,1.0
P4h8Hc3pdj,DE,33.0,Women,2025-03-20 06:27:48.298206 +00:00,17.0,10756.0,18.0,0.0,0.0,10756.0,6.0,1792.6666666666667,100.0,100.0,0.0,0.0
wdhPfuhbD0,US,39.0,Women,2025-03-13 00:28:49.864012 +00:00,1.0,3068.0,4.0,0.0,0.0,3068.0,3.0,1022.6666666666666,100.0,25.0,0.0,1.0
FRSnc3BwGG,US,48.0,Women,2025-02-19 02:31:24.262190 +00:00,37.0,37764.0,1.0,0.0,0.0,37764.0,7.0,5394.857142857143,100.0,100.0,0.0,1.0
pb0nqw692K,US,35.0,Women,2025-02-28 03:16:49.898812 +00:00,5.0,2457.0,1.0,0.0,0.0,2457.0,3.0,819.0,100.0,25.0,0.0,1.0
AIxSzRSOLk,US,41.0,Women,2025-03-02 03:38:47.010001 +00:00,1.0,3802.0,1.0,0.0,0.0,3802.0,3.0,1267.3333333333333,100.0,25.0,0.0,1.0
21Md7qy8zu,GB,53.0,Men,2025-03-10 05:01:44.881724 +00:00,1.0,3282.0,1.0,0.0,0.0,3282.0,4.0,820.5,100.0,50.0,0.0,1.0
5sRtcmq1ba,US,30.0,Men,2025-02-02 06:42:56.156605 +00:00,124.0,225102.0,1.0,4.0,1.0,225102.0,10.0,22510.2,100.0,100.0,37.5,1.0
tlG4kht4ai,DE,39.0,Women,2025-02-19 09:35:15.435329 +00:00,8.0,3773.0,1.0,0.0,0.0,3773.0,5.0,754.6,100.0,75.0,0.0,1.0
KyCLTBRY8T,JP,18.0,Women,2025-03-05 20:05:12.712067 +00:00,43.0,93544.0,1.0,0.0,0.0,93544.0,3.0,31181.333333333332,100.0,25.0,0.0,0.0
EWy5E1pGaS,DE,30.0,Women,2025-03-25 03:31:49.811310 +00:00,7.0,10565.0,16.0,0.0,0.0,10565.0,5.0,2113.0,100.0,75.0,0.0,1.0
DD1es0GvoI,DE,33.0,Men,2025-02-17 08:55:15.401880 +00:00,57.0,161681.0,1.0,0.0,0.0,161681.0,8.0,20210.125,100.0,100.0,12.5,1.0
rGEUELygYY,US,39.0,Women,2025-02-10 01:09:09.420344 +00:00,1.0,36.0,1.0,0.0,0.0,36.0,1.0,36.0,50.0,0.0,0.0,1.0
AivgP6c5jJ,US,46.0,Women,2025-02-15 06:35:55.917628 +00:00,6.0,3685.0,1.0,4.0,1.0,3685.0,3.0,1228.3333333333333,100.0,25.0,0.0,1.0
qp09OhSePk,US,28.0,Men,2025-02-25 07:08:28.035043 +00:00,6.0,4836.0,5.0,0.0,0.0,4836.0,3.0,1612.0,100.0,25.0,0.0,1.0
cIyXREa4Yd,JP,39.0,Women,2025-03-08 00:06:07.032414 +00:00,92.0,59765.0,1110.0,6.8999996,3.0,59765.0,12.0,4980.416666666667,100.0,100.0,62.5,0.0
LKtv45kj80,US,39.0,Women,2025-03-11 07:23:42.882576 +00:00,4.0,4379.0,11.0,0.0,0.0,4379.0,3.0,1459.6666666666667,100.0,25.0,0.0,1.0
UKH0Og2vXg,US,39.0,Women,2025-03-12 04:15:36.101808 +00:00,3.0,1082.0,5.0,0.0,0.0,1082.0,2.0,541.0,100.0,0.0,0.0,1.0
16K8Vtx9kH,DE,39.0,Men,2025-03-29 14:59:56.538518 +00:00,2.0,1968.0,5.0,0.0,0.0,1968.0,3.0,656.0,100.0,25.0,0.0,1.0
LOvpK2pUd0,DE,30.0,Men,2025-03-11 12:54:37.648798 +00:00,139.0,354912.0,10.0,10.0,2.0,354912.0,8.0,44364.0,100.0,100.0,25.0,0.0
mlk29yw7vo,DE,42.0,Men,2025-04-05 09:36:02.284105 +00:00,3.0,10259.0,7.0,0.0,0.0,10259.0,4.0,2564.75,100.0,100.0,0.0,0.0
IcMA5DuQOQ,GB,39.0,Women,2025-03-15 10:41:44.300626 +00:00,14.0,20303.0,3.0,0.0,0.0,20303.0,4.0,5075.75,100.0,50.0,0.0,1.0
nXfVA2u3Xn,DE,25.0,Women,2025-03-04 18:08:59.773812 +00:00,22.0,27953.0,1.0,0.0,0.0,27953.0,6.0,4658.833333333333,100.0,100.0,0.0,1.0
Hd91U4Ant0,GB,31.0,Women,2025-03-24 10:59:44.764835 +00:00,134.0,88385.0,429.0,19.599998,5.0,88385.0,10.0,8838.5,100.0,100.0,37.5,0.0
GpDOjA9Ch3,GB,43.0,Women,2025-03-02 16:51:05.462199 +00:00,9.0,13577.0,1.0,0.0,0.0,13577.0,5.0,2715.4,100.0,75.0,0.0,1.0
tPBmfyUzmN,GB,58.0,Men,2025-03-29 13:37:05.467862 +00:00,16.0,22648.0,29.0,0.0,0.0,22648.0,5.0,4529.6,100.0,75.0,0.0,0.0
OhKd3oIE96,JP,39.0,Men,2025-03-05 16:48:22.860477 +00:00,17.0,22670.0,5.0,0.0,0.0,22670.0,3.0,7556.666666666667,100.0,25.0,0.0,1.0
cy2INrbgRM,DE,38.0,Men,2025-02-14 10:39:30.804156 +00:00,14.0,71267.0,1.0,0.0,0.0,71267.0,6.0,11877.833333333334,100.0,100.0,0.0,1.0
oeGHdsKDWS,DE,39.0,Women,2025-03-23 14:27:19.495833 +00:00,33.0,13277.0,11.0,0.0,0.0,13277.0,5.0,2655.4,100.0,75.0,0.0,0.0
URmrWL3EAF,US,39.0,Women,2025-02-09 09:15:45.818721 +00:00,5.0,9180.0,1.0,0.0,0.0,9180.0,3.0,3060.0,100.0,25.0,0.0,1.0
etfAqswOI5,DE,41.0,Women,2025-03-27 10:41:24.150016 +00:00,14.0,28925.0,3.0,0.0,0.0,28925.0,5.0,5785.0,100.0,100.0,0.0,0.0
t9ptbUswyw,US,39.0,Women,2025-02-20 17:21:44.012248 +00:00,1.0,62.0,1.0,0.0,0.0,62.0,2.0,31.0,100.0,0.0,0.0,1.0
QUxhhK1Fk1,US,37.0,Men,2025-02-22 14:20:50.846468 +00:00,70.0,67246.0,18.0,4.0,1.0,67246.0,6.0,11207.666666666666,100.0,75.0,0.0,1.0
MMUtnYrBeq,US,39.0,Women,2025-01-31 04:26:14.903123 +00:00,15.0,30883.0,1.0,4.0,1.0,30883.0,4.0,7720.75,100.0,50.0,0.0,1.0
YmhGkizggO,DE,29.0,Men,2025-03-17 18:15:01.173156 +00:00,54.0,151699.0,149.0,0.0,0.0,151699.0,8.0,18962.375,100.0,100.0,12.5,1.0
Fd9sgs1xb9,US,21.0,Men,2025-02-26 03:09:56.542391 +00:00,3.0,951.0,5.0,0.0,0.0,951.0,2.0,475.5,100.0,0.0,0.0,1.0
WojStQvfkc,DE,35.0,Women,2025-02-20 08:06:19.848696 +00:00,8.0,8929.0,67.0,0.0,0.0,8929.0,10.0,892.9,100.0,100.0,37.5,0.0
kn84USVYYK,GB,39.0,Men,2025-03-12 03:06:00.691283 +00:00,2.0,581.0,5.0,0.0,0.0,581.0,1.0,581.0,50.0,0.0,0.0,1.0
h0Z3QGeNn9,GB,41.0,Men,2025-02-12 19:22:59.166795 +00:00,196.0,262766.0,41.0,2.8,1.0,262766.0,12.0,21897.166666666668,100.0,100.0,62.5,0.0
WDNz9ZRNia,DE,39.0,Men,2025-03-16 12:48:48.009187 +00:00,1.0,347.0,5.0,0.0,0.0,347.0,1.0,347.0,50.0,0.0,0.0,1.0
P6AxqDizra,US,23.0,Men,2025-02-08 06:14:02.052783 +00:00,42.0,46548.0,65.0,4.0,1.0,46548.0,8.0,5818.5,100.0,100.0,12.5,0.0
xUpsjVcZS6,GB,58.0,Men,2025-02-17 16:13:11.913685 +00:00,11.0,26544.0,16.0,0.0,0.0,26544.0,7.0,3792.0,100.0,100.0,12.5,1.0
ttsuAQAkC5,US,34.0,Women,2025-02-11 01:02:11.281419 +00:00,4.0,15392.0,1.0,0.0,0.0,15392.0,4.0,3848.0,100.0,50.0,0.0,1.0
GL2D8rzHOF,DE,45.0,Men,2025-02-22 08:03:38.908003 +00:00,30.0,76059.0,126.0,4.0,1.0,76059.0,8.0,9507.375,100.0,100.0,12.5,1.0
dy7KW0QWsy,GB,39.0,Men,2025-03-19 16:34:00.104657 +00:00,2.0,2207.0,5.0,0.0,0.0,2207.0,2.0,1103.5,100.0,0.0,0.0,1.0
GoqmNknU0M,GB,37.0,Men,2025-02-26 20:14:54.507541 +00:00,7.0,10557.0,32.0,0.0,0.0,10557.0,6.0,1759.5,100.0,75.0,0.0,1.0
kPl3pv1933,DE,39.0,Women,2025-02-20 13:27:49.698985 +00:00,14.0,6962.0,5.0,0.0,0.0,6962.0,4.0,1740.5,100.0,50.0,0.0,1.0
tFHFyf4MLP,GB,39.0,Women,2025-03-27 14:45:22.843071 +00:00,2.0,4510.0,9.0,0.0,0.0,4510.0,4.0,1127.5,100.0,75.0,0.0,0.0
JVzxBi2lJC,GB,39.0,Men,2025-03-27 09:26:32.973491 +00:00,5.0,6013.0,5.0,0.0,0.0,6013.0,4.0,1503.25,100.0,50.0,0.0,1.0
p0LMon68Hp,GB,39.0,Women,2025-03-17 02:52:27.450849 +00:00,12.0,107618.0,35.0,0.0,0.0,107618.0,7.0,15374.0,100.0,100.0,0.0,0.0
EYgCOCzyWr,DE,50.0,Women,2025-03-04 08:30:59.735628 +00:00,86.0,115409.0,344.0,20.0,3.0,115409.0,10.0,11540.9,100.0,100.0,37.5,0.0
KXNyCy13Km,GB,39.0,Women,2025-02-14 14:04:10.725091 +00:00,69.0,39103.0,1.0,7.0,2.0,39103.0,8.0,4887.875,100.0,100.0,25.0,0.0
xzr9a0fcGX,US,41.0,Men,2025-03-07 09:34:29.493813 +00:00,7.0,3137.0,5.0,0.0,0.0,3137.0,1.0,3137.0,50.0,0.0,0.0,1.0
yo2vW8zgFs,GB,31.0,Men,2025-02-14 12:34:51.326636 +00:00,13.0,3681.0,1.0,0.0,0.0,3681.0,1.0,3681.0,50.0,0.0,0.0,1.0
syXX2hpfkW,DE,43.0,Women,2025-03-04 13:21:05.868277 +00:00,78.0,42918.0,22.0,0.0,0.0,42918.0,8.0,5364.75,100.0,100.0,25.0,0.0
6uNOJhC23s,US,39.0,Women,2025-01-31 04:52:57.827079 +00:00,105.0,103912.0,8.0,20.0,3.0,103912.0,10.0,10391.2,100.0,100.0,37.5,0.0
FWghPjqHmg,GB,40.0,Men,2025-02-12 22:19:03.085830 +00:00,3.0,1008.0,1.0,0.0,0.0,1008.0,4.0,252.0,100.0,50.0,0.0,1.0
DMr9PpyVkg,DE,74.0,Women,2025-03-01 20:09:38.426646 +00:00,101.0,295226.0,484.0,20.0,3.0,295226.0,8.0,36903.25,100.0,100.0,12.5,0.0
hVhTBnxhIG,US,39.0,Men,2025-01-30 16:02:22.776115 +00:00,2.0,1337.0,1.0,0.0,0.0,1337.0,3.0,445.6666666666667,100.0,25.0,0.0,1.0
xtMMkUd8yU,US,60.0,Women,2025-03-10 03:26:35.280941 +00:00,8.0,6680.0,9.0,0.0,0.0,6680.0,3.0,2226.6666666666665,100.0,25.0,0.0,1.0
B4Ym1d4M33,GB,35.0,Women,2025-03-27 13:19:55.013092 +00:00,14.0,35712.0,14.0,0.0,0.0,35712.0,5.0,7142.4,100.0,75.0,0.0,0.0
yLWqqR5RoG,GB,39.0,Men,2025-02-27 20:55:44.865734 +00:00,24.0,60424.0,120.0,0.0,0.0,60424.0,7.0,8632.0,100.0,100.0,0.0,0.0
iV7EoMUpaC,DE,35.0,Women,2025-03-07 18:07:23.666869 +00:00,12.0,10745.0,7.0,0.0,0.0,10745.0,4.0,2686.25,100.0,50.0,0.0,0.0
GgPrIuhOm7,US,36.0,Men,2025-02-23 21:47:45.712557 +00:00,3.0,3246.0,5.0,0.0,0.0,3246.0,2.0,1623.0,100.0,0.0,0.0,1.0
DpEXE5VOJv,GB,36.0,Women,2025-03-04 03:14:14.194755 +00:00,4.0,12937.0,1.0,0.0,0.0,12937.0,4.0,3234.25,100.0,50.0,0.0,1.0
Meh9mJZy0C,GB,43.0,Women,2025-02-13 09:50:01.590218 +00:00,1.0,620.0,1.0,0.0,0.0,620.0,1.0,620.0,50.0,0.0,0.0,1.0
MaslLN4Tdj,JP,38.0,Women,2025-03-18 13:53:37.182338 +00:00,32.0,11540.0,49.0,0.0,0.0,11540.0,6.0,1923.3333333333333,100.0,75.0,0.0,1.0
mNNe6MCp4R,US,63.0,Men,2025-02-10 08:52:39.817682 +00:00,8.0,19962.0,1.0,0.0,0.0,19962.0,3.0,6654.0,100.0,25.0,0.0,1.0
yvSviBc1kw,US,44.0,Men,2025-03-07 04:27:14.060208 +00:00,15.0,5904.0,13.0,0.0,0.0,5904.0,4.0,1476.0,100.0,50.0,0.0,1.0
wRtkIJ7XRQ,GB,32.0,Women,2025-03-27 13:58:46.759439 +00:00,5.0,2278.0,2.0,0.0,0.0,2278.0,2.0,1139.0,100.0,0.0,0.0,1.0
ofvQUnwwcI,US,39.0,Women,2025-02-08 03:06:20.920848 +00:00,7.0,9806.0,1.0,0.0,0.0,9806.0,3.0,3268.6666666666665,100.0,25.0,0.0,1.0
D6VqHE4HwJ,US,28.0,Men,2025-01-31 02:56:14.868870 +00:00,11.0,19138.0,1.0,0.0,0.0,19138.0,6.0,3189.6666666666665,100.0,75.0,0.0,1.0
aWZ9MWrhrU,DE,24.0,Women,2025-03-20 17:10:49.311250 +00:00,1.0,8.0,4.0,0.0,0.0,8.0,1.0,8.0,50.0,0.0,0.0,1.0
GEbb2rxyNB,US,30.0,Men,2025-02-24 18:27:44.991908 +00:00,22.0,19973.0,1.0,0.0,0.0,19973.0,4.0,4993.25,100.0,50.0,0.0,1.0
LY61qhojP9,DE,42.0,Women,2025-03-27 17:04:12.387728 +00:00,4.0,6057.0,1.0,0.0,0.0,6057.0,4.0,1514.25,100.0,50.0,0.0,1.0
cePX58UxwD,DE,33.0,Women,2025-02-13 04:21:36.333932 +00:00,136.0,163311.0,78.0,4.0,1.0,163311.0,10.0,16331.1,100.0,100.0,37.5,1.0
S52RYvuwV7,GB,39.0,Men,2025-02-24 13:00:05.636421 +00:00,2.0,9.0,5.0,0.0,0.0,9.0,2.0,4.5,100.0,0.0,0.0,1.0
g3Hukp0vNl,GB,40.0,Women,2025-02-21 02:39:14.844171 +00:00,99.0,117688.0,50.0,2.8,1.0,117688.0,11.0,10698.90909090909,100.0,100.0,50.0,1.0
J5vYysJGuL,US,48.0,Men,2025-02-14 12:44:39.389694 +00:00,5.0,10787.0,1.0,0.0,0.0,10787.0,3.0,3595.6666666666665,100.0,25.0,0.0,1.0
CJmBmybTaW,GB,38.0,Women,2025-02-14 16:57:41.655904 +00:00,1.0,1.0,1.0,0.0,0.0,1.0,4.0,0.25,100.0,50.0,0.0,1.0
M6idYTy2Xw,GB,28.0,Men,2025-02-12 22:05:54.102550 +00:00,1.0,353.0,5.0,0.0,0.0,353.0,2.0,176.5,100.0,0.0,0.0,1.0
XShdcmC3QN,US,39.0,Men,2025-02-15 07:16:00.051054 +00:00,1.0,41.0,5.0,0.0,0.0,41.0,1.0,41.0,50.0,0.0,0.0,1.0
nCMgdo8WWe,DE,40.0,Women,2025-03-12 11:21:42.972457 +00:00,55.0,34867.0,6.0,29.0,6.0,34867.0,3.0,11622.333333333334,100.0,25.0,0.0,1.0
OyEj3Q9TBK,DE,21.0,Women,2025-04-01 19:11:01.566226 +00:00,2.0,355.0,10.0,4.0,1.0,355.0,5.0,71.0,100.0,75.0,0.0,0.0
3D0vKdrD2f,GB,39.0,Women,2025-03-16 19:04:37.339146 +00:00,50.0,27168.0,22.0,0.0,0.0,27168.0,5.0,5433.6,100.0,75.0,0.0,1.0
Vv5IGb8n9F,US,47.0,Women,2025-03-04 02:06:59.308337 +00:00,5.0,5063.0,18.0,0.0,0.0,5063.0,4.0,1265.75,100.0,25.0,0.0,1.0
krumvpMNxT,JP,44.0,Men,2025-03-04 13:22:44.132668 +00:00,66.0,85162.0,1.0,0.0,0.0,85162.0,3.0,28387.333333333332,100.0,25.0,0.0,1.0
cHWqmVFUtj,DE,39.0,Women,2025-03-12 15:30:00.086497 +00:00,16.0,14376.0,5.0,0.0,0.0,14376.0,5.0,2875.2,100.0,75.0,0.0,1.0
YTWScrZmo5,GB,39.0,Men,2025-03-21 10:38:45.437858 +00:00,6.0,14136.0,2.0,0.0,0.0,14136.0,4.0,3534.0,100.0,50.0,0.0,1.0
o55mBKZgie,DE,28.0,Men,2025-03-17 15:07:27.652069 +00:00,5.0,8144.0,5.0,0.0,0.0,8144.0,4.0,2036.0,100.0,50.0,0.0,1.0
uxinFqZ95B,US,29.0,Men,2025-02-26 12:48:31.611242 +00:00,6.0,5291.0,2.0,0.0,0.0,5291.0,3.0,1763.6666666666667,100.0,25.0,0.0,1.0
0hJGS9TL9f,DE,25.0,Men,2025-03-03 17:04:18.622839 +00:00,4.0,10301.0,1.0,0.0,0.0,10301.0,4.0,2575.25,100.0,50.0,0.0,1.0
odJO8udcZY,GB,49.0,Women,2025-03-14 12:23:00.585660 +00:00,9.0,62406.0,72.0,2.8,1.0,62406.0,5.0,12481.2,100.0,50.0,0.0,1.0
reb22i0l8o,DE,39.0,Women,2025-02-24 04:17:57.650241 +00:00,14.0,15732.0,1.0,0.0,0.0,15732.0,6.0,2622.0,100.0,75.0,0.0,1.0
7ut9Qyu0Um,DE,39.0,Men,2025-03-23 08:46:30.032740 +00:00,4.0,3449.0,8.0,0.0,0.0,3449.0,2.0,1724.5,100.0,0.0,0.0,1.0
jlnPLAKnpD,US,45.0,Men,2025-02-25 14:01:53.550957 +00:00,28.0,39065.0,49.0,0.0,0.0,39065.0,5.0,7813.0,100.0,50.0,0.0,1.0
ehAM8AvwkS,DE,39.0,Women,2025-03-03 10:08:24.891196 +00:00,8.0,6267.0,1.0,0.0,0.0,6267.0,3.0,2089.0,100.0,25.0,0.0,1.0
9uHmsbOyoK,DE,39.0,Women,2025-02-18 07:42:12.214506 +00:00,28.0,44690.0,29.0,20.0,3.0,44690.0,7.0,6384.285714285715,100.0,100.0,0.0,1.0
Hj6m7ruiWd,GB,39.0,Men,2025-02-21 10:06:38.727451 +00:00,41.0,49592.0,139.0,0.0,0.0,49592.0,9.0,5510.222222222223,100.0,100.0,25.0,1.0
F4xve9gKG3,US,31.0,Women,2025-03-13 06:33:30.572107 +00:00,5.0,9147.0,12.0,10.0,2.0,9147.0,4.0,2286.75,100.0,50.0,0.0,1.0
YiDooDAWjK,GB,45.0,Women,2025-02-16 09:14:06.821112 +00:00,119.0,133094.0,134.0,0.0,0.0,133094.0,10.0,13309.4,100.0,100.0,37.5,0.0
A1MimJMhR0,DE,31.0,Women,2025-03-11 17:07:29.518136 +00:00,2.0,2441.0,5.0,0.0,0.0,2441.0,3.0,813.6666666666666,100.0,25.0,0.0,1.0
RQ3V0Fy6gJ,DE,39.0,Women,2025-03-26 15:23:30.725806 +00:00,5.0,4473.0,10.0,0.0,0.0,4473.0,3.0,1491.0,100.0,25.0,0.0,1.0
TqU3deaiN2,US,39.0,Men,2025-02-01 01:06:15.454577 +00:00,3.0,3644.0,1.0,4.0,1.0,3644.0,3.0,1214.6666666666667,100.0,25.0,0.0,1.0
Ot8Zi1NsxH,GB,38.0,Men,2025-03-21 08:27:26.503757 +00:00,3.0,5790.0,5.0,0.0,0.0,5790.0,3.0,1930.0,100.0,25.0,0.0,1.0
NwBk45k1hO,DE,42.0,Men,2025-02-18 11:01:12.392812 +00:00,202.0,503355.0,679.0,10.0,2.0,503355.0,12.0,41946.25,100.0,100.0,75.0,0.0
7GvSWxBgca,GB,39.0,Women,2025-02-25 19:25:08.774197 +00:00,2.0,964.0,5.0,2.8,1.0,964.0,1.0,964.0,50.0,0.0,0.0,1.0
YZ4Qm7AWMp,GB,39.0,Men,2025-03-29 11:10:28.010881 +00:00,2.0,1230.0,5.0,0.0,0.0,1230.0,2.0,615.0,100.0,0.0,0.0,1.0
pz1o2G9DzM,GB,36.0,Women,2025-04-03 20:01:27.462522 +00:00,5.0,8276.0,27.0,0.0,0.0,8276.0,4.0,2069.0,100.0,75.0,0.0,0.0
n6JDK5i6CA,GB,59.0,Men,2025-03-27 10:06:56.920326 +00:00,5.0,10866.0,14.0,15.4,3.0,10866.0,5.0,2173.2,100.0,75.0,0.0,1.0
AfWa0TQhEi,US,35.0,Women,2025-02-16 02:45:55.205472 +00:00,2.0,4314.0,1.0,0.0,0.0,4314.0,3.0,1438.0,100.0,25.0,0.0,1.0
Fo9KFzD3hf,US,29.0,Men,2025-02-25 01:34:27.475387 +00:00,17.0,31055.0,1.0,0.0,0.0,31055.0,4.0,7763.75,100.0,50.0,0.0,1.0
LkzeeRiffU,GB,38.0,Men,2025-03-18 11:00:46.365311 +00:00,7.0,4479.0,3.0,0.0,0.0,4479.0,3.0,1493.0,100.0,25.0,0.0,1.0
O3B1DDPglL,GB,39.0,Women,2025-04-01 07:14:51.136247 +00:00,9.0,8645.0,81.0,0.0,0.0,8645.0,6.0,1440.8333333333333,100.0,75.0,0.0,0.0
u7gYhkWWwH,GB,36.0,Women,2025-03-24 00:27:43.895903 +00:00,44.0,89442.0,145.0,0.0,0.0,89442.0,8.0,11180.25,100.0,100.0,12.5,0.0
dsBSc6ych4,DE,55.0,Men,2025-02-14 02:00:43.261012 +00:00,61.0,169191.0,209.0,0.0,0.0,169191.0,10.0,16919.1,100.0,100.0,37.5,0.0
c4ZZlcQT3J,US,37.0,Men,2025-03-15 00:12:42.678469 +00:00,3.0,2311.0,6.0,0.0,0.0,2311.0,3.0,770.3333333333334,100.0,25.0,0.0,1.0
0rlmcoHgJW,GB,28.0,Women,2025-03-08 18:13:32.996312 +00:00,3.0,5046.0,1.0,0.0,0.0,5046.0,1.0,5046.0,50.0,0.0,0.0,1.0
4F1sRArX9g,GB,39.0,Women,2025-03-10 12:53:52.214375 +00:00,18.0,28849.0,14.0,0.0,0.0,28849.0,3.0,9616.333333333334,100.0,25.0,0.0,1.0
oJysiikLwL,GB,39.0,Men,2025-02-14 15:34:20.026313 +00:00,88.0,104858.0,281.0,0.0,0.0,107902.0,3.0,35967.333333333336,100.0,25.0,0.0,0.0
dPrVZLKWcu,GB,36.0,Women,2025-03-13 16:09:13.490572 +00:00,23.0,27753.0,101.0,0.0,0.0,27753.0,6.0,4625.5,100.0,75.0,0.0,0.0
l1kz9R63fO,US,49.0,Men,2025-02-25 23:19:56.640858 +00:00,1.0,676.0,1.0,0.0,0.0,676.0,2.0,338.0,100.0,0.0,0.0,1.0
piDRl1Son8,US,54.0,Men,2025-02-22 09:46:24.786332 +00:00,1.0,3199.0,5.0,0.0,0.0,3199.0,3.0,1066.3333333333333,100.0,25.0,0.0,1.0
q5kUewkRml,US,23.0,Women,2025-02-25 07:13:30.186304 +00:00,2.0,3273.0,1.0,0.0,0.0,3273.0,3.0,1091.0,100.0,25.0,0.0,1.0
ErB5eqm37i,US,39.0,Men,2025-01-31 04:33:00.803060 +00:00,2.0,2738.0,1.0,0.0,0.0,2738.0,3.0,912.6666666666666,100.0,25.0,0.0,1.0
srTqqAeiDN,GB,39.0,Women,2025-03-16 06:24:22.601464 +00:00,23.0,52737.0,116.0,2.8,1.0,52737.0,7.0,7533.857142857143,100.0,100.0,0.0,1.0
eEzKxbpkGq,DE,39.0,Men,2025-02-12 18:19:51.683236 +00:00,7.0,4899.0,1.0,0.0,0.0,4899.0,4.0,1224.75,100.0,50.0,0.0,1.0
dlGmEqBWIj,DE,44.0,Women,2025-03-30 17:46:14.916307 +00:00,18.0,42290.0,28.0,0.0,0.0,42290.0,6.0,7048.333333333333,100.0,100.0,0.0,0.0
alFDPLQs1x,DE,35.0,Women,2025-03-03 22:02:20.577802 +00:00,6.0,8205.0,1.0,0.0,0.0,8205.0,1.0,8205.0,50.0,0.0,0.0,1.0
EzfAp4Eheq,US,39.0,Men,2025-03-01 14:54:21.020745 +00:00,25.0,36399.0,25.0,10.0,2.0,36399.0,5.0,7279.8,100.0,75.0,0.0,0.0
CTcxQje9yo,DE,39.0,Men,2025-02-23 07:17:13.814593 +00:00,30.0,39118.0,1.0,4.0,1.0,39118.0,7.0,5588.285714285715,100.0,100.0,0.0,1.0
zch1S0BJBz,US,39.0,Men,2025-02-25 13:10:32.413623 +00:00,2.0,1412.0,5.0,0.0,0.0,1412.0,2.0,706.0,100.0,0.0,0.0,1.0
krRTAzRQZy,DE,46.0,Men,2025-03-07 17:37:35.989831 +00:00,12.0,7451.0,1.0,0.0,0.0,7451.0,4.0,1862.75,100.0,50.0,0.0,1.0
CAXYwjzoRV,US,45.0,Men,2025-02-01 03:56:02.513394 +00:00,42.0,22760.0,1.0,4.0,1.0,22760.0,3.0,7586.666666666667,100.0,25.0,0.0,1.0
46giDlCfrA,GB,26.0,Women,2025-03-20 14:54:40.766785 +00:00,5.0,2335.0,4.0,0.0,0.0,2335.0,2.0,1167.5,100.0,0.0,0.0,1.0
gd06bTrVoZ,DE,41.0,Women,2025-04-01 07:39:59.921550 +00:00,5.0,2701.0,7.0,0.0,0.0,2701.0,3.0,900.3333333333334,100.0,25.0,0.0,0.0
0WlC0YBd22,JP,42.0,Women,2025-03-13 06:31:48.246992 +00:00,150.0,238865.0,1020.0,0.0,0.0,238865.0,6.0,39810.833333333336,100.0,75.0,0.0,0.0
U97GlkdAcf,DE,23.0,Men,2025-03-24 11:28:45.021047 +00:00,20.0,20610.0,5.0,20.0,3.0,20610.0,6.0,3435.0,100.0,100.0,0.0,0.0
gpvgwFhI5C,GB,54.0,Men,2025-03-15 15:41:58.762011 +00:00,84.0,158309.0,762.0,7.0,2.0,158309.0,5.0,31661.8,100.0,50.0,0.0,0.0
zdrXCpZnD2,DE,39.0,Men,2025-03-14 09:34:55.348308 +00:00,6.0,5497.0,1.0,0.0,0.0,5497.0,3.0,1832.3333333333333,100.0,25.0,0.0,1.0
bW3TetVUrT,US,42.0,Women,2025-02-09 04:36:35.706742 +00:00,1.0,4782.0,1.0,0.0,0.0,4782.0,3.0,1594.0,100.0,25.0,0.0,1.0
uRizJks3Ci,GB,39.0,Women,2025-02-22 13:36:46.546860 +00:00,7.0,6208.0,1.0,2.8,1.0,6208.0,4.0,1552.0,100.0,50.0,0.0,1.0
NdZJEhMSn1,GB,37.0,Men,2025-04-02 18:24:11.132177 +00:00,2.0,1903.0,5.0,0.0,0.0,1903.0,3.0,634.3333333333334,100.0,25.0,0.0,0.0
RPTVd5NPK8,GB,30.0,Men,2025-03-12 07:31:41.256417 +00:00,2.0,3391.0,6.0,0.0,0.0,3391.0,3.0,1130.3333333333333,100.0,25.0,0.0,1.0
Nzc4lDf3YY,US,36.0,Men,2025-03-03 01:25:17.266980 +00:00,25.0,84279.0,41.0,0.0,0.0,84279.0,2.0,42139.5,50.0,0.0,0.0,1.0
ST1TBGYIWG,US,44.0,Women,2025-03-15 03:00:32.767843 +00:00,99.0,171259.0,348.0,20.0,3.0,171259.0,8.0,21407.375,100.0,100.0,25.0,0.0
oShv5mVBC2,DE,30.0,Men,2025-03-27 12:18:03.596731 +00:00,3.0,1042.0,5.0,20.0,3.0,1042.0,3.0,347.3333333333333,100.0,25.0,0.0,1.0
2TP0cQ0AJM,US,23.0,Men,2025-02-25 01:43:31.894554 +00:00,1.0,576.0,5.0,0.0,0.0,576.0,1.0,576.0,50.0,0.0,0.0,1.0
ISUnfNzy3j,US,39.0,Women,2025-03-10 04:11:35.840757 +00:00,1.0,2123.0,5.0,0.0,0.0,2123.0,3.0,707.6666666666666,100.0,25.0,0.0,1.0
yYqfnXpMDx,US,47.0,Women,2025-02-19 04:01:32.940411 +00:00,5.0,4990.0,3.0,0.0,0.0,4990.0,3.0,1663.3333333333333,100.0,25.0,0.0,1.0
MdjQo3St2c,DE,39.0,Women,2025-03-09 14:19:48.325813 +00:00,44.0,62040.0,63.0,0.0,0.0,62040.0,5.0,12408.0,100.0,50.0,0.0,1.0
e89MduVLjQ,DE,40.0,Women,2025-03-28 15:01:20.066522 +00:00,102.0,362389.0,105.0,0.0,0.0,362822.0,9.0,40313.555555555555,100.0,100.0,37.5,0.0
ff8p8Wk2Ai,GB,27.0,Men,2025-02-26 13:28:40.263219 +00:00,6.0,3534.0,5.0,0.0,0.0,3534.0,4.0,883.5,100.0,50.0,0.0,1.0
R52uSr5ce6,GB,65.0,Women,2025-02-17 18:21:11.023875 +00:00,24.0,44793.0,1.0,2.8,1.0,44793.0,7.0,6399.0,100.0,100.0,0.0,1.0
T4i693xiSw,US,39.0,Men,2025-02-28 09:14:37.726842 +00:00,1.0,4105.0,1.0,0.0,0.0,4105.0,3.0,1368.3333333333333,100.0,25.0,0.0,1.0
ltctxfInrK,GB,40.0,Men,2025-04-05 00:35:50.523619 +00:00,1.0,4147.0,2.0,0.0,0.0,4147.0,4.0,1036.75,100.0,75.0,0.0,0.0
1GcLUZ7drh,DE,39.0,Women,2025-03-26 22:36:30.018492 +00:00,3.0,3379.0,48.0,0.0,0.0,3379.0,7.0,482.7142857142857,100.0,100.0,0.0,1.0
V9T1uUsrX1,US,37.0,Men,2025-03-15 20:30:13.697058 +00:00,2.0,2513.0,2.0,0.0,0.0,2513.0,3.0,837.6666666666666,100.0,25.0,0.0,1.0
RXUbTEGvj1,GB,44.0,Women,2025-03-25 15:52:19.583264 +00:00,61.0,125039.0,88.0,33.6,10.0,125039.0,8.0,15629.875,100.0,100.0,25.0,0.0
j6BOPw7sTy,US,59.0,Women,2025-02-27 05:12:25.876354 +00:00,36.0,54310.0,14.0,0.0,0.0,54310.0,6.0,9051.666666666666,100.0,75.0,0.0,1.0
lPVC3E81AI,GB,39.0,Women,2025-03-18 10:25:36.097164 +00:00,2.0,3386.0,1.0,0.0,0.0,3386.0,4.0,846.5,100.0,50.0,0.0,1.0
20AJUxUeuZ,JP,46.0,Women,2025-03-18 07:41:15.499356 +00:00,32.0,22874.0,142.0,0.0,0.0,22874.0,6.0,3812.3333333333335,100.0,75.0,0.0,1.0
0Oe9mLPP74,US,39.0,Men,2025-02-15 15:27:23.510159 +00:00,2.0,1604.0,5.0,4.0,1.0,1604.0,2.0,802.0,100.0,0.0,0.0,1.0
RW6dqFueHR,US,39.0,Men,2025-02-14 01:01:27.068810 +00:00,1.0,2160.0,1.0,0.0,0.0,2160.0,2.0,1080.0,100.0,0.0,0.0,1.0
bP7FMn9qxy,US,39.0,Women,2025-02-11 04:43:47.352131 +00:00,1.0,458.0,1.0,0.0,0.0,458.0,3.0,152.66666666666666,100.0,25.0,0.0,1.0
BV3ue2oEXz,DE,47.0,Women,2025-02-18 01:52:59.526738 +00:00,3.0,2621.0,1.0,0.0,0.0,2621.0,1.0,2621.0,50.0,0.0,0.0,1.0
qeKZVvxWjU,GB,39.0,Women,2025-03-25 12:11:05.510260 +00:00,4.0,7360.0,1.0,0.0,0.0,7360.0,4.0,1840.0,100.0,50.0,0.0,1.0
5higut0m5P,US,39.0,Women,2025-02-11 07:12:13.954360 +00:00,3.0,2962.0,1.0,0.0,0.0,2962.0,3.0,987.3333333333334,100.0,25.0,0.0,1.0
DyED4fOzsr,GB,39.0,Women,2025-03-17 03:25:04.963706 +00:00,8.0,23037.0,31.0,0.0,0.0,23037.0,6.0,3839.5,100.0,75.0,0.0,1.0
Mcu4UCxdAB,US,39.0,Men,2025-02-01 04:16:55.108873 +00:00,7.0,36343.0,1.0,4.4,1.0,36343.0,5.0,7268.6,100.0,50.0,0.0,1.0
8ieIzWzoNq,US,46.0,Women,2025-02-25 02:47:42.108045 +00:00,2.0,898.0,1.0,0.0,0.0,898.0,2.0,449.0,100.0,0.0,0.0,1.0
vCiYHyFSO1,DE,39.0,Women,2025-03-09 10:34:24.253093 +00:00,3.0,2343.0,5.0,0.0,0.0,2343.0,3.0,781.0,100.0,25.0,0.0,1.0
eEclYrcJmz,US,34.0,Men,2025-02-07 03:02:50.128271 +00:00,12.0,55077.0,1.0,4.0,1.0,55077.0,3.0,18359.0,100.0,0.0,0.0,1.0
R5yJmP2Ujg,DE,40.0,Men,2025-03-14 17:53:36.692836 +00:00,48.0,52736.0,13.0,0.0,0.0,52736.0,7.0,7533.714285714285,100.0,100.0,12.5,0.0
YDN95uW7JO,DE,47.0,Men,2025-03-25 12:50:27.200276 +00:00,19.0,30117.0,38.0,0.0,0.0,30117.0,5.0,6023.4,100.0,50.0,0.0,1.0
p3MAfxexw5,US,45.0,Men,2025-02-19 00:09:09.956226 +00:00,25.0,40359.0,12.0,0.0,0.0,40359.0,7.0,5765.571428571428,100.0,100.0,0.0,1.0
M5eLyrnj2R,US,57.0,Men,2025-03-04 11:12:27.169391 +00:00,1.0,1599.0,1.0,0.0,0.0,1599.0,1.0,1599.0,50.0,0.0,0.0,1.0
Tvas2w1bgV,US,54.0,Men,2025-02-26 05:44:41.613337 +00:00,8.0,21261.0,1.0,0.0,0.0,21261.0,3.0,7087.0,100.0,25.0,0.0,1.0
dS6S2GvECs,DE,39.0,Men,2025-04-01 13:00:42.207559 +00:00,3.0,334.0,3.0,0.0,0.0,334.0,4.0,83.5,100.0,50.0,0.0,0.0
AnnDxJVY4f,DE,25.0,Women,2025-02-12 18:25:11.245612 +00:00,5.0,3678.0,1.0,0.0,0.0,3678.0,4.0,919.5,100.0,50.0,0.0,1.0
oV6O61IgRP,DE,39.0,Men,2025-02-25 17:02:58.983990 +00:00,8.0,6138.0,1.0,0.0,0.0,6138.0,5.0,1227.6,100.0,75.0,0.0,1.0
S2DIDgaA0K,DE,51.0,Women,2025-03-30 11:48:05.747641 +00:00,13.0,13195.0,25.0,0.0,0.0,13195.0,5.0,2639.0,100.0,75.0,0.0,0.0
PbZSHgasOJ,GB,54.0,Women,2025-02-15 15:11:16.628554 +00:00,6.0,2936.0,1.0,0.0,0.0,2936.0,3.0,978.6666666666666,100.0,25.0,0.0,1.0
WNAcsjYcDv,DE,36.0,Women,2025-03-09 13:21:41.966963 +00:00,3.0,748.0,1.0,0.0,0.0,748.0,3.0,249.33333333333337,100.0,25.0,0.0,1.0
xWrCbS2h0X,US,48.0,Men,2025-03-03 01:54:24.161888 +00:00,3.0,2437.0,1.0,0.0,0.0,2437.0,3.0,812.3333333333334,100.0,25.0,0.0,1.0
j0CTuUmKay,US,18.0,Men,2025-02-16 09:10:55.884948 +00:00,13.0,13172.0,1.0,0.0,0.0,13172.0,5.0,2634.4,100.0,75.0,0.0,1.0
OirnAyibR6,US,50.0,Men,2025-02-21 02:03:00.855557 +00:00,68.0,174761.0,220.0,0.0,0.0,174761.0,7.0,24965.85714285714,100.0,100.0,0.0,0.0
JEt5FBqY71,US,37.0,Women,2025-02-07 17:16:43.292226 +00:00,44.0,36878.0,121.0,4.0,1.0,36878.0,9.0,4097.555555555556,100.0,100.0,25.0,0.0
6htEaFKXb8,DE,53.0,Women,2025-02-28 08:41:16.688405 +00:00,122.0,369845.0,536.0,10.0,2.0,369845.0,2.0,184922.5,100.0,0.0,0.0,0.0
5Q2NrmMeg3,DE,44.0,Women,2025-03-26 18:12:48.827085 +00:00,10.0,5301.0,8.0,0.0,0.0,5301.0,4.0,1325.25,100.0,50.0,0.0,1.0
QiZbp1CJEC,US,18.0,Women,2025-02-19 09:33:17.124335 +00:00,1.0,81.0,1.0,0.0,0.0,81.0,2.0,40.5,100.0,0.0,0.0,1.0
qi6p5xOYxg,US,53.0,Women,2025-03-02 03:11:44.006060 +00:00,4.0,8029.0,1.0,0.0,0.0,8029.0,4.0,2007.25,100.0,50.0,0.0,1.0
OGuGtJcf2o,US,24.0,Men,2025-03-09 06:08:50.742400 +00:00,2.0,4071.0,5.0,0.0,0.0,4071.0,3.0,1357.0,100.0,25.0,0.0,1.0
Q1kenPYzRH,GB,41.0,Women,2025-02-28 12:43:40.074678 +00:00,39.0,66838.0,88.0,7.0,2.0,66838.0,9.0,7426.444444444444,100.0,100.0,25.0,0.0
4v65Abclin,US,51.0,Men,2025-03-08 13:00:42.349513 +00:00,3.0,5126.0,1.0,0.0,0.0,5126.0,3.0,1708.6666666666667,100.0,25.0,0.0,1.0
O2F4tcgxnq,DE,35.0,Men,2025-02-18 15:38:12.919239 +00:00,78.0,91313.0,1.0,4.0,1.0,91313.0,10.0,9131.3,100.0,100.0,37.5,1.0
njWd7SHWfg,DE,39.0,Men,2025-03-16 09:29:48.554276 +00:00,1.0,20.0,5.0,0.0,0.0,20.0,1.0,20.0,50.0,0.0,0.0,1.0
JpIDW79vpt,DE,58.0,Men,2025-02-17 09:45:32.379905 +00:00,70.0,72486.0,52.0,4.0,1.0,72486.0,9.0,8054.0,100.0,100.0,25.0,0.0
2KMwshXiXZ,US,41.0,Men,2025-03-15 02:11:10.285704 +00:00,9.0,16900.0,2.0,0.0,0.0,16900.0,3.0,5633.333333333333,100.0,25.0,0.0,1.0
fDFzkuEuDt,US,48.0,Men,2025-03-01 04:13:37.407725 +00:00,5.0,3979.0,6.0,0.0,0.0,3979.0,3.0,1326.3333333333333,100.0,25.0,0.0,1.0
sZzKy9re79,DE,39.0,Men,2025-03-30 08:27:37.504261 +00:00,1.0,1267.0,5.0,0.0,0.0,1267.0,1.0,1267.0,50.0,0.0,0.0,1.0
3yIe0mFiby,DE,37.0,Women,2025-03-22 12:34:17.159191 +00:00,2.0,2426.0,3.0,0.0,0.0,2426.0,1.0,2426.0,50.0,0.0,0.0,1.0
YSs0pFIeSg,JP,25.0,Men,2025-03-06 23:56:30.137240 +00:00,1.0,1970.0,1.0,0.0,0.0,1970.0,3.0,656.6666666666666,100.0,25.0,0.0,1.0
LlWyVh0QVH,JP,34.0,Men,2025-03-08 07:37:14.198041 +00:00,8.0,6876.0,5.0,0.0,0.0,6876.0,3.0,2292.0,100.0,25.0,0.0,1.0
SVQpOS9DIK,DE,39.0,Men,2025-03-13 14:08:05.516507 +00:00,31.0,40411.0,7.0,0.0,0.0,40411.0,6.0,6735.166666666667,100.0,100.0,0.0,1.0
lnElBGxJdv,DE,38.0,Men,2025-02-21 02:58:56.862626 +00:00,139.0,363714.0,315.0,10.0,2.0,363714.0,10.0,36371.4,100.0,100.0,37.5,0.0
5yKvx7PzZb,DE,23.0,Women,2025-02-19 17:22:55.145399 +00:00,95.0,56584.0,5.0,0.0,0.0,56584.0,9.0,6287.111111111111,100.0,100.0,37.5,0.0
tjYtd6PHaB,US,45.0,Men,2025-03-07 09:40:36.220572 +00:00,3.0,4815.0,5.0,0.0,0.0,4815.0,3.0,1605.0,100.0,25.0,0.0,1.0
2mDIQ9Cb9F,US,67.0,Men,2025-01-30 17:06:48.160159 +00:00,360.0,553530.0,592.0,20.0,3.0,553530.0,12.0,46127.5,100.0,100.0,62.5,0.0
TluJcGtTWd,DE,39.0,Women,2025-03-31 21:54:46.330501 +00:00,4.0,4085.0,5.0,0.0,0.0,4085.0,4.0,1021.25,100.0,50.0,0.0,0.0
S1HVO7x6eo,DE,41.0,Men,2025-03-15 09:19:16.975552 +00:00,30.0,57371.0,62.0,0.0,0.0,57371.0,4.0,14342.75,100.0,25.0,0.0,1.0
qviDOe3P5u,US,35.0,Women,2025-02-21 20:36:11.319379 +00:00,2.0,8559.0,1.0,0.0,0.0,8559.0,3.0,2853.0,100.0,25.0,0.0,1.0
3rXefWPlSs,GB,39.0,Women,2025-03-24 05:26:47.101537 +00:00,28.0,47655.0,101.0,2.8,1.0,47655.0,7.0,6807.857142857143,100.0,100.0,0.0,0.0
eqaUHWTHbd,GB,29.0,Women,2025-03-26 15:33:42.690839 +00:00,63.0,53953.0,48.0,0.0,0.0,53953.0,8.0,6744.125,100.0,100.0,12.5,0.0
Dw4izsiuvC,GB,45.0,Men,2025-03-17 09:00:19.053337 +00:00,3.0,1214.0,1.0,0.0,0.0,1214.0,4.0,303.5,100.0,50.0,0.0,1.0
xpEeMHep5Q,US,48.0,Women,2025-02-23 07:05:15.366982 +00:00,9.0,15257.0,1.0,0.0,0.0,15257.0,3.0,5085.666666666667,100.0,25.0,0.0,1.0
rneGgF8fuh,US,39.0,Men,2025-02-07 01:35:14.265486 +00:00,7.0,5543.0,1.0,0.0,0.0,5543.0,4.0,1385.75,100.0,50.0,0.0,1.0
5uN8L193bA,US,59.0,Women,2025-02-11 04:44:35.372188 +00:00,1.0,1123.0,1.0,0.0,0.0,1123.0,3.0,374.3333333333333,100.0,25.0,0.0,1.0
3MrHSiYY0r,US,50.0,Men,2025-01-31 03:03:35.838836 +00:00,73.0,164135.0,1.0,4.0,1.0,164135.0,8.0,20516.875,100.0,100.0,12.5,0.0
pXyAnUruXS,DE,39.0,Women,2025-02-13 11:35:39.490187 +00:00,82.0,136567.0,192.0,0.0,0.0,136567.0,11.0,12415.181818181818,100.0,100.0,50.0,0.0
qY7ynUD7b3,GB,53.0,Men,2025-02-19 16:08:40.538925 +00:00,1.0,1597.0,1.0,0.0,0.0,1597.0,4.0,399.25,100.0,50.0,0.0,1.0
b6NHXHCLXz,JP,39.0,Women,2025-03-09 14:31:25.058087 +00:00,17.0,17890.0,2.0,0.0,0.0,17890.0,3.0,5963.333333333333,100.0,25.0,0.0,1.0
JMrpGtyGhP,GB,41.0,Men,2025-04-03 20:25:49.905889 +00:00,5.0,10117.0,19.0,0.0,0.0,10117.0,5.0,2023.4,100.0,75.0,0.0,0.0
4WzujjpL06,JP,39.0,Men,2025-03-05 10:46:10.701432 +00:00,3.0,3669.0,1.0,0.0,0.0,3669.0,3.0,1223.0,100.0,25.0,0.0,1.0
2jeFgTJbiL,DE,42.0,Men,2025-02-16 03:12:31.316080 +00:00,1.0,846.0,1.0,0.0,0.0,846.0,2.0,423.0,100.0,0.0,0.0,1.0
yY2oeSACxy,DE,45.0,Women,2025-02-22 02:32:32.845887 +00:00,1.0,2738.0,5.0,0.0,0.0,2738.0,3.0,912.6666666666666,100.0,25.0,0.0,1.0
ubqCkHfVkK,GB,27.0,Women,2025-03-19 10:06:56.617020 +00:00,1.0,1539.0,1.0,0.0,0.0,1539.0,1.0,1539.0,50.0,0.0,0.0,1.0
1oYIb2OPKZ,US,39.0,Women,2025-02-12 10:58:32.002912 +00:00,1.0,919.0,5.0,0.0,0.0,919.0,1.0,919.0,50.0,0.0,0.0,1.0
cmSsdocXAR,GB,39.0,Women,2025-02-12 14:19:34.431822 +00:00,2.0,1893.0,1.0,0.0,0.0,1893.0,2.0,946.5,100.0,0.0,0.0,1.0
NRNgpWHZFG,US,54.0,Women,2025-02-11 09:49:04.653295 +00:00,1.0,458.0,1.0,0.0,0.0,458.0,2.0,229.0,100.0,0.0,0.0,1.0
reNlyEf75c,US,31.0,Women,2025-03-13 00:05:59.839129 +00:00,14.0,19576.0,179.0,0.0,0.0,19576.0,7.0,2796.5714285714284,100.0,100.0,0.0,0.0
xCI45dnbOX,DE,39.0,Women,2025-02-24 08:53:29.831395 +00:00,4.0,8133.0,55.0,0.0,0.0,8133.0,4.0,2033.25,100.0,50.0,0.0,1.0
ZOOhw8wwiK,US,51.0,Women,2025-03-07 04:44:36.415667 +00:00,4.0,2594.0,1.0,0.0,0.0,2594.0,2.0,1297.0,100.0,0.0,0.0,1.0
V0KbPTKJbW,US,38.0,Men,2025-02-09 01:21:34.861305 +00:00,31.0,78027.0,47.0,20.0,3.0,78027.0,7.0,11146.714285714286,100.0,100.0,0.0,1.0
raXxzKk6Qk,US,28.0,Women,2025-03-13 00:58:39.588469 +00:00,13.0,8151.0,34.0,20.0,3.0,8151.0,5.0,1630.2,100.0,50.0,0.0,1.0
1Y2XEJZJlH,US,22.0,Women,2025-02-10 10:45:12.470631 +00:00,4.0,2692.0,1.0,0.0,0.0,2692.0,1.0,2692.0,50.0,0.0,0.0,1.0
j7kOFfrFDz,GB,39.0,Women,2025-03-29 00:27:35.077226 +00:00,4.0,8299.0,9.0,0.0,0.0,8299.0,4.0,2074.75,100.0,50.0,0.0,1.0
WJBAsDvuYf,GB,39.0,Women,2025-03-04 19:36:12.945803 +00:00,19.0,16077.0,16.0,0.0,0.0,16077.0,4.0,4019.25,100.0,25.0,0.0,1.0
t4F4hz6LzF,DE,45.0,Women,2025-03-15 14:05:50.650525 +00:00,69.0,105975.0,204.0,0.0,0.0,105975.0,9.0,11775.0,100.0,100.0,25.0,0.0
0uO4Kil2oM,JP,53.0,Men,2025-03-16 08:27:27.618478 +00:00,1.0,572.0,5.0,0.0,0.0,572.0,1.0,572.0,50.0,0.0,0.0,1.0
GIcd5Pyi30,DE,39.0,Men,2025-03-23 16:35:15.248509 +00:00,5.0,4870.0,5.0,0.0,0.0,4870.0,3.0,1623.3333333333333,100.0,25.0,0.0,1.0
iQWGNMqGhB,US,29.0,Men,2025-02-10 03:56:39.684833 +00:00,6.0,15270.0,1.0,4.0,1.0,15270.0,3.0,5090.0,100.0,25.0,0.0,1.0
ARITAW91cr,DE,39.0,Women,2025-03-12 09:45:03.012215 +00:00,51.0,142759.0,163.0,0.0,0.0,142759.0,8.0,17844.875,100.0,100.0,12.5,0.0
q7D2e1bPAl,DE,39.0,Women,2025-03-26 10:38:22.941486 +00:00,2.0,14.0,2.0,0.0,0.0,14.0,4.0,3.5,100.0,50.0,0.0,1.0
B7WU6Ynuex,DE,40.0,Men,2025-03-12 10:12:20.079871 +00:00,91.0,98227.0,611.0,0.0,0.0,98227.0,5.0,19645.4,100.0,75.0,0.0,0.0
92GEgIMdHe,US,36.0,Women,2025-02-06 02:13:57.692154 +00:00,15.0,10927.0,1.0,0.0,0.0,10927.0,7.0,1561.0,100.0,100.0,0.0,1.0
rMxWnUFzD6,JP,41.0,Men,2025-03-07 23:53:35.471050 +00:00,9.0,16473.0,11.0,0.0,0.0,16473.0,3.0,5491.0,100.0,25.0,0.0,1.0
qIGh22eRiv,DE,30.0,Men,2025-03-26 16:59:47.467205 +00:00,2.0,4332.0,1.0,10.0,2.0,4332.0,4.0,1083.0,100.0,50.0,0.0,1.0
L874uw76zl,GB,57.0,Men,2025-03-11 11:07:34.423373 +00:00,51.0,90317.0,328.0,0.0,0.0,90317.0,5.0,18063.4,100.0,50.0,0.0,0.0
gE8vKqmEMr,JP,39.0,Women,2025-03-11 16:09:06.165455 +00:00,20.0,18589.0,32.0,0.0,0.0,18589.0,5.0,3717.8,100.0,50.0,0.0,1.0
ZGTdcaogyq,US,39.0,Women,2025-02-14 02:01:43.531762 +00:00,197.0,733267.0,1.0,4.0,1.0,733267.0,13.0,56405.15384615384,100.0,100.0,75.0,0.0
oizcIKwpIL,US,21.0,Men,2025-02-14 06:56:54.801518 +00:00,9.0,13777.0,1.0,0.0,0.0,13777.0,5.0,2755.4,100.0,75.0,0.0,1.0
5yxa4Da5gG,GB,46.0,Women,2025-02-27 14:58:06.215105 +00:00,295.0,242242.0,470.0,0.0,0.0,242242.0,11.0,22022.0,100.0,100.0,50.0,0.0
47Ezak2Yno,US,45.0,Women,2025-02-26 07:54:05.752667 +00:00,16.0,10778.0,1.0,4.0,1.0,10778.0,6.0,1796.3333333333333,100.0,75.0,0.0,1.0
LD8xUMJ99E,US,67.0,Men,2025-02-12 22:21:24.116572 +00:00,65.0,183073.0,1.0,4.0,1.0,183073.0,7.0,26153.285714285714,100.0,100.0,0.0,1.0
3PTT6IuLHk,DE,39.0,Men,2025-03-27 15:43:25.854575 +00:00,20.0,31376.0,131.0,4.0,1.0,31376.0,6.0,5229.333333333333,100.0,100.0,0.0,0.0
sYoiplA3Zs,US,36.0,Men,2025-02-17 02:28:23.924539 +00:00,3.0,2644.0,1.0,4.0,1.0,2644.0,2.0,1322.0,100.0,0.0,0.0,1.0
8zxH4D6rga,GB,40.0,Men,2025-03-07 17:08:47.880786 +00:00,8.0,14123.0,4.0,0.0,0.0,14123.0,5.0,2824.6,100.0,75.0,0.0,0.0
JABcm6CjC3,US,39.0,Men,2025-03-06 02:37:03.340893 +00:00,2.0,2160.0,1.0,0.0,0.0,2160.0,2.0,1080.0,100.0,0.0,0.0,1.0
Hip1ZneHAP,DE,39.0,Women,2025-02-23 08:37:39.322337 +00:00,58.0,282797.0,11.0,0.0,0.0,282797.0,8.0,35349.625,100.0,100.0,25.0,1.0
yaf8bFNjKZ,US,39.0,Women,2025-02-02 01:11:29.553068 +00:00,7.0,24858.0,1.0,0.0,0.0,24858.0,5.0,4971.6,100.0,50.0,0.0,1.0
pPKiKvaBp3,DE,39.0,Men,2025-03-26 18:48:14.463237 +00:00,3.0,4937.0,10.0,0.0,0.0,4937.0,4.0,1234.25,100.0,50.0,0.0,1.0
abfMTpUANN,US,39.0,Women,2025-02-13 07:08:28.457130 +00:00,1.0,1352.0,5.0,0.0,0.0,1352.0,1.0,1352.0,50.0,0.0,0.0,1.0
LBFRa7HXLv,GB,39.0,Women,2025-02-19 18:01:24.295806 +00:00,5.0,8451.0,5.0,2.8,1.0,8451.0,4.0,2112.75,100.0,50.0,0.0,1.0
3UMUd8mKa1,US,34.0,Women,2025-02-26 06:22:34.969240 +00:00,2.0,181.0,1.0,0.0,0.0,181.0,3.0,60.333333333333336,100.0,25.0,0.0,1.0
poKU4sYqKJ,DE,39.0,Men,2025-02-17 08:10:40.944783 +00:00,220.0,341332.0,234.0,0.0,0.0,341332.0,9.0,37925.77777777778,100.0,100.0,25.0,0.0
JSPOoBZG1Q,DE,33.0,Men,2025-03-11 20:08:43.124505 +00:00,22.0,36994.0,96.0,0.0,0.0,36994.0,6.0,6165.666666666667,100.0,75.0,0.0,1.0
m8jw2zYXHv,US,38.0,Men,2025-03-07 01:44:05.956892 +00:00,2.0,367.0,1.0,0.0,0.0,367.0,2.0,183.5,100.0,0.0,0.0,1.0
5o6L4ONIkV,DE,40.0,Women,2025-02-27 06:02:32.608458 +00:00,1.0,1688.0,1.0,0.0,0.0,1688.0,3.0,562.6666666666666,100.0,25.0,0.0,1.0
oxPLQBOKQD,DE,46.0,Women,2025-02-25 08:05:13.265792 +00:00,13.0,5265.0,1.0,4.0,1.0,5265.0,5.0,1053.0,100.0,75.0,0.0,1.0
e0B2H3G9Mv,GB,49.0,Women,2025-02-23 09:34:56.702560 +00:00,66.0,55425.0,20.0,0.0,0.0,55425.0,8.0,6928.125,100.0,100.0,12.5,1.0
w4gOSHuIEb,GB,39.0,Women,2025-02-13 05:05:45.059933 +00:00,1.0,1093.0,1.0,0.0,0.0,1093.0,1.0,1093.0,50.0,0.0,0.0,1.0
xlNQmi0s90,US,38.0,Women,2025-02-20 05:08:36.882952 +00:00,6.0,2431.0,1.0,0.0,0.0,2431.0,3.0,810.3333333333334,100.0,25.0,0.0,1.0
U5LcIsz0xo,DE,33.0,Women,2025-03-20 20:49:19.793046 +00:00,2.0,309.0,5.0,0.0,0.0,309.0,2.0,154.5,100.0,0.0,0.0,1.0
a3bKYjbqyG,DE,39.0,Men,2025-03-12 07:02:46.585404 +00:00,1.0,1374.0,1.0,0.0,0.0,1374.0,1.0,1374.0,50.0,0.0,0.0,1.0
0OR4I8VuE7,US,39.0,Men,2025-03-05 08:09:01.484005 +00:00,145.0,366559.0,678.0,4.0,1.0,366559.0,9.0,40728.77777777778,100.0,100.0,25.0,0.0
sIHLtZMD3e,DE,39.0,Women,2025-03-17 13:21:32.880471 +00:00,4.0,3500.0,13.0,0.0,0.0,3500.0,4.0,875.0,100.0,50.0,0.0,1.0
OKmOazSOSd,US,39.0,Men,2025-02-02 02:51:28.505058 +00:00,2.0,1140.0,1.0,0.0,0.0,1140.0,3.0,380.0,100.0,25.0,0.0,1.0
GbkqjW0vBk,US,39.0,Women,2025-02-02 02:38:25.170259 +00:00,5.0,2558.0,1.0,0.0,0.0,2558.0,2.0,1279.0,100.0,0.0,0.0,1.0
l7vbcblKZL,US,39.0,Women,2025-03-13 00:24:36.160766 +00:00,3.0,1774.0,1.0,0.0,0.0,1774.0,3.0,591.3333333333334,100.0,25.0,0.0,1.0
IasypOGHOh,US,22.0,Women,2025-02-02 04:26:13.455124 +00:00,34.0,14936.0,1.0,4.0,1.0,14936.0,4.0,3734.0,100.0,50.0,0.0,1.0
TXOpA7OZiE,GB,39.0,Women,2025-03-06 00:20:27.856670 +00:00,1.0,439.0,1.0,0.0,0.0,439.0,1.0,439.0,50.0,0.0,0.0,1.0
BHhe1QvWED,DE,29.0,Women,2025-02-25 07:56:25.428654 +00:00,165.0,178093.0,62.0,4.0,1.0,178093.0,11.0,16190.272727272728,100.0,100.0,50.0,1.0
k4wt4wp5Du,US,57.0,Men,2025-03-13 07:29:43.782635 +00:00,1.0,1895.0,1.0,0.0,0.0,1895.0,2.0,947.5,100.0,0.0,0.0,1.0
kGOQflBEuf,US,48.0,Women,2025-03-13 02:58:16.703709 +00:00,13.0,12029.0,33.0,0.0,0.0,12029.0,5.0,2405.8,100.0,50.0,0.0,1.0
nurynNcRvJ,DE,41.0,Women,2025-03-03 20:38:20.766741 +00:00,8.0,7295.0,6.0,4.0,1.0,7295.0,5.0,1459.0,100.0,75.0,0.0,1.0
6VPPEIxK17,GB,39.0,Women,2025-03-14 12:48:34.750368 +00:00,27.0,84962.0,328.0,0.0,0.0,84962.0,8.0,10620.25,100.0,100.0,12.5,0.0
CCqgIzRYSO,US,26.0,Men,2025-03-10 07:07:37.883652 +00:00,5.0,2622.0,1.0,0.0,0.0,2622.0,2.0,1311.0,100.0,0.0,0.0,1.0
9hU115A6Pl,US,48.0,Women,2025-02-20 11:02:17.181290 +00:00,1.0,1314.0,1.0,0.0,0.0,1314.0,2.0,657.0,100.0,0.0,0.0,1.0
cU933wsDk4,DE,23.0,Men,2025-03-05 02:49:11.572107 +00:00,6.0,2460.0,1.0,0.0,0.0,2460.0,4.0,615.0,100.0,50.0,0.0,1.0
TjekCmKnwD,US,39.0,Women,2025-03-01 15:13:06.760852 +00:00,3.0,2238.0,1.0,0.0,0.0,2238.0,3.0,746.0,100.0,25.0,0.0,1.0
NrXJdI2yjL,US,56.0,Men,2025-02-17 02:54:15.004142 +00:00,191.0,676154.0,1117.0,77.0,22.0,676154.0,13.0,52011.84615384616,100.0,100.0,75.0,0.0
foceaiNFHm,DE,24.0,Women,2025-03-16 18:15:22.003381 +00:00,1.0,3626.0,5.0,0.0,0.0,3626.0,4.0,906.5,100.0,50.0,0.0,1.0
DtA93cjGCJ,DE,34.0,Men,2025-03-12 17:18:16.202944 +00:00,5.0,1419.0,1.0,0.0,0.0,1419.0,4.0,354.75,100.0,50.0,0.0,1.0
qOU9BcYSoc,GB,30.0,Women,2025-03-13 23:29:43.340992 +00:00,2.0,5612.0,2.0,0.0,0.0,5612.0,4.0,1403.0,100.0,50.0,0.0,1.0
KNvW9IpSgM,DE,39.0,Men,2025-02-12 16:03:23.183519 +00:00,4.0,11219.0,1.0,0.0,0.0,11219.0,5.0,2243.8,100.0,75.0,0.0,1.0
H0jwoWZXvg,DE,38.0,Men,2025-03-28 19:22:17.819467 +00:00,10.0,7928.0,5.0,4.0,1.0,7928.0,5.0,1585.6,100.0,75.0,0.0,0.0
Y5qPnA3wZH,DE,35.0,Men,2025-03-17 18:16:31.812397 +00:00,7.0,4409.0,5.0,0.0,0.0,4409.0,4.0,1102.25,100.0,50.0,0.0,1.0
Pxf3S1AQdV,GB,74.0,Women,2025-03-10 22:12:23.933931 +00:00,3.0,5073.0,5.0,16.8,4.0,5073.0,4.0,1268.25,100.0,50.0,0.0,1.0
QCWSMHRLRi,DE,55.0,Women,2025-03-15 11:46:35.688533 +00:00,12.0,38106.0,33.0,0.0,0.0,38106.0,7.0,5443.714285714285,100.0,100.0,0.0,1.0
OHt3Hr4D1V,US,44.0,Women,2025-03-11 08:21:59.241473 +00:00,2.0,1420.0,5.0,0.0,0.0,1420.0,2.0,710.0,100.0,0.0,0.0,1.0
sHCZIHtSxs,US,32.0,Men,2025-02-12 09:20:50.155599 +00:00,17.0,48799.0,1.0,0.0,0.0,48799.0,1.0,48799.0,50.0,0.0,0.0,1.0
nulRyZdddG,DE,39.0,Women,2025-03-06 11:16:44.790211 +00:00,5.0,1453.0,5.0,0.0,0.0,1453.0,1.0,1453.0,50.0,0.0,0.0,1.0
YS5e4eyeiO,DE,36.0,Men,2025-03-11 09:10:15.811076 +00:00,15.0,17406.0,28.0,0.0,0.0,17406.0,5.0,3481.2,100.0,75.0,0.0,1.0
twsAhVOiGk,DE,43.0,Women,2025-03-28 22:12:57.453672 +00:00,6.0,1768.0,5.0,0.0,0.0,1768.0,5.0,353.6,100.0,75.0,0.0,0.0
OFHaWf3HHi,GB,47.0,Men,2025-03-13 00:20:25.877843 +00:00,2.0,1302.0,1.0,0.0,0.0,1302.0,3.0,434.0,100.0,25.0,0.0,1.0
m7HvWwaEOA,GB,48.0,Men,2025-02-26 09:42:09.806670 +00:00,27.0,9997.0,4.0,0.0,0.0,9997.0,6.0,1666.1666666666667,100.0,100.0,0.0,0.0
KJMsg1Kyoe,US,59.0,Men,2025-02-22 16:52:13.009984 +00:00,125.0,60609.0,28.0,0.0,0.0,60609.0,10.0,6060.9,100.0,100.0,37.5,0.0
OtdCVUZy1y,DE,28.0,Men,2025-03-07 19:38:06.289053 +00:00,35.0,48445.0,1.0,0.0,0.0,48445.0,3.0,16148.333333333334,100.0,25.0,0.0,1.0
HswGn7zCqY,US,29.0,Women,2025-02-18 08:27:50.260107 +00:00,8.0,3391.0,1.0,0.0,0.0,3391.0,5.0,678.2,100.0,50.0,0.0,1.0
yM4rize5NE,DE,45.0,Men,2025-02-17 10:51:58.673410 +00:00,200.0,321086.0,231.0,10.0,2.0,321086.0,11.0,29189.636363636364,100.0,100.0,50.0,0.0
yFruM0X3fO,GB,30.0,Men,2025-02-12 23:07:38.935426 +00:00,27.0,29611.0,12.0,14.0,3.0,29611.0,5.0,5922.2,100.0,75.0,0.0,1.0
YDLOQ9TG2R,DE,39.0,Men,2025-03-19 20:48:04.204040 +00:00,1.0,3094.0,5.0,0.0,0.0,3094.0,2.0,1547.0,100.0,0.0,0.0,1.0
rHW43R7Fyi,JP,39.0,Women,2025-03-04 14:07:30.342302 +00:00,3.0,2199.0,5.0,0.0,0.0,2199.0,3.0,733.0,100.0,25.0,0.0,1.0
tA8ZzbuNwI,GB,43.0,Men,2025-02-23 17:27:26.665253 +00:00,107.0,401748.0,404.0,0.0,0.0,401748.0,10.0,40174.8,100.0,100.0,50.0,0.0
gnBKMoZwrR,GB,39.0,Men,2025-03-25 18:05:48.278070 +00:00,3.0,3781.0,4.0,0.0,0.0,3781.0,4.0,945.25,100.0,50.0,0.0,1.0
p9UyHTPBhK,GB,47.0,Men,2025-02-25 11:15:08.305679 +00:00,181.0,265023.0,526.0,0.0,0.0,265023.0,12.0,22085.25,100.0,100.0,75.0,0.0
F36a6HRboS,DE,39.0,Women,2025-03-30 03:12:00.160833 +00:00,6.0,3528.0,22.0,0.0,0.0,3528.0,3.0,1176.0,100.0,25.0,0.0,0.0
OwRu3721IN,DE,39.0,Men,2025-03-23 14:19:24.054482 +00:00,5.0,3654.0,2.0,0.0,0.0,3654.0,4.0,913.5,100.0,50.0,0.0,1.0
x6xu8GzpQp,US,30.0,Women,2025-03-01 09:28:59.519494 +00:00,5.0,5156.0,1.0,0.0,0.0,5156.0,3.0,1718.6666666666667,100.0,25.0,0.0,1.0
R3lYfWmXAj,JP,39.0,Men,2025-03-21 02:07:19.468997 +00:00,24.0,36578.0,56.0,1.4,1.0,36578.0,6.0,6096.333333333333,100.0,75.0,0.0,0.0
QIuH3AAumR,DE,42.0,Women,2025-02-22 10:21:14.237031 +00:00,172.0,195344.0,5.0,4.0,1.0,195344.0,2.0,97672.0,100.0,0.0,0.0,1.0
GqtnBvo3P3,GB,40.0,Women,2025-03-06 15:41:07.282613 +00:00,7.0,12655.0,3.0,7.0,2.0,12655.0,4.0,3163.75,100.0,50.0,0.0,1.0
2x70va0UGV,GB,59.0,Men,2025-03-03 10:51:42.543942 +00:00,1.0,1218.0,1.0,0.0,0.0,1218.0,2.0,609.0,100.0,0.0,0.0,1.0
3WpfaokEa3,US,33.0,Men,2025-02-07 16:47:09.204048 +00:00,14.0,11291.0,1.0,4.0,1.0,11291.0,3.0,3763.6666666666665,100.0,25.0,0.0,1.0
knMyzQ0ZxT,DE,41.0,Women,2025-02-17 06:19:48.917639 +00:00,4.0,5740.0,1.0,0.0,0.0,5740.0,5.0,1148.0,100.0,75.0,0.0,1.0
JbbSvwfecv,US,57.0,Men,2025-03-02 00:40:24.579527 +00:00,33.0,125665.0,6.0,10.0,2.0,125665.0,8.0,15708.125,100.0,100.0,12.5,1.0
xWxlrQnAFC,DE,25.0,Men,2025-03-22 06:14:15.647135 +00:00,5.0,6479.0,1.0,0.0,0.0,6479.0,5.0,1295.8,100.0,75.0,0.0,0.0
ICC9bjBRz3,US,39.0,Men,2025-02-05 01:51:39.121258 +00:00,2.0,2313.0,5.0,0.0,0.0,2313.0,3.0,771.0,100.0,25.0,0.0,1.0
gFWdeaG7Xf,DE,33.0,Men,2025-03-31 21:58:00.759319 +00:00,14.0,19621.0,42.0,0.0,0.0,19621.0,6.0,3270.1666666666665,100.0,75.0,0.0,0.0
PGLlRBfa7G,DE,44.0,Women,2025-04-04 00:12:39.130215 +00:00,25.0,73591.0,42.0,0.0,0.0,73591.0,6.0,12265.166666666666,100.0,100.0,0.0,0.0
6KHlngomjr,DE,41.0,Men,2025-03-11 17:28:45.812664 +00:00,77.0,76550.0,48.0,0.0,0.0,76550.0,9.0,8505.555555555555,100.0,100.0,25.0,0.0
58d1jZpPbj,GB,39.0,Women,2025-03-05 20:11:48.926224 +00:00,68.0,45778.0,2.0,0.0,0.0,45778.0,7.0,6539.714285714285,100.0,100.0,12.5,0.0
7sbgSp08aW,GB,45.0,Women,2025-02-15 13:22:54.450786 +00:00,47.0,22657.0,11.0,3.08,1.0,22657.0,5.0,4531.4,100.0,75.0,0.0,1.0
Se8CRuSCt4,US,67.0,Men,2025-02-15 03:07:45.472141 +00:00,12.0,21385.0,44.0,0.0,0.0,21385.0,6.0,3564.1666666666665,100.0,75.0,0.0,1.0
loPrU4Rn2V,DE,39.0,Men,2025-03-26 21:55:44.290588 +00:00,21.0,19144.0,12.0,0.0,0.0,19144.0,6.0,3190.6666666666665,100.0,100.0,0.0,0.0
FR02Poq4Ip,GB,39.0,Men,2025-03-19 08:17:22.272737 +00:00,2.0,890.0,1.0,0.0,0.0,890.0,2.0,445.0,100.0,0.0,0.0,1.0
ArUzULa57X,US,49.0,Men,2025-03-09 01:47:09.797148 +00:00,7.0,14957.0,5.0,0.0,0.0,14957.0,4.0,3739.25,100.0,50.0,0.0,1.0
ZMiRCqCuRO,DE,29.0,Men,2025-03-26 12:02:53.213295 +00:00,45.0,38895.0,7.0,0.0,0.0,38895.0,5.0,7779.0,100.0,75.0,0.0,1.0
osuzFFRYVQ,GB,45.0,Men,2025-03-07 13:01:50.946790 +00:00,4.0,5991.0,801.0,0.0,0.0,5991.0,12.0,499.25,100.0,100.0,62.5,0.0
Td1rlwTO9n,GB,53.0,Women,2025-03-26 12:07:08.701885 +00:00,69.0,160139.0,301.0,0.0,0.0,160139.0,5.0,32027.8,100.0,50.0,0.0,0.0
ubTxw5r74v,DE,39.0,Men,2025-03-12 17:45:06.477934 +00:00,12.0,48104.0,86.0,0.0,0.0,48104.0,6.0,8017.333333333333,100.0,75.0,0.0,1.0
fA5mInVThT,US,39.0,Men,2025-03-10 01:54:20.866574 +00:00,4.0,11028.0,25.0,0.0,0.0,11028.0,4.0,2757.0,100.0,25.0,0.0,1.0
0sZJ2wWn9l,GB,39.0,Men,2025-02-25 16:11:11.242753 +00:00,161.0,106400.0,52.0,0.0,0.0,106400.0,11.0,9672.727272727272,100.0,100.0,50.0,1.0
4gE4Labhqn,GB,39.0,Women,2025-03-31 09:44:43.813744 +00:00,1.0,0.0,5.0,0.0,0.0,0.0,4.0,0.0,100.0,50.0,0.0,1.0
afr7jvbkF0,US,39.0,Women,2025-03-14 02:50:33.445054 +00:00,2.0,467.0,5.0,0.0,0.0,467.0,1.0,467.0,50.0,0.0,0.0,1.0
MmRzWvLjr0,GB,39.0,Men,2025-03-07 01:15:31.420397 +00:00,11.0,19923.0,139.0,0.0,0.0,19923.0,5.0,3984.6,100.0,75.0,0.0,1.0
1ct8xbb7Mr,US,18.0,Women,2025-03-11 04:28:50.392071 +00:00,10.0,2956.0,7.0,0.0,0.0,2956.0,3.0,985.3333333333334,100.0,25.0,0.0,1.0
bfo7XhpIpv,GB,26.0,Women,2025-03-15 04:46:23.276248 +00:00,18.0,5967.0,1.0,0.0,0.0,5967.0,6.0,994.5,100.0,100.0,0.0,1.0
7KNpGRHNPY,DE,48.0,Women,2025-03-26 15:52:55.477745 +00:00,8.0,7777.0,18.0,0.0,0.0,7777.0,4.0,1944.25,100.0,50.0,0.0,0.0
1L4da9OI5v,US,35.0,Men,2025-03-02 08:26:27.272105 +00:00,5.0,3922.0,1.0,0.0,0.0,3922.0,3.0,1307.3333333333333,100.0,25.0,0.0,1.0
Lw8NBYVbHX,GB,30.0,Men,2025-02-12 19:12:45.642571 +00:00,127.0,66225.0,113.0,3.08,1.0,66225.0,10.0,6622.5,100.0,100.0,37.5,1.0
b5rwprkH8R,DE,25.0,Women,2025-03-26 17:35:41.012921 +00:00,15.0,11306.0,9.0,10.0,2.0,11306.0,5.0,2261.2,100.0,75.0,0.0,0.0
3ynHTykg1f,DE,39.0,Women,2025-03-16 15:44:34.280182 +00:00,3.0,2598.0,6.0,0.0,0.0,2598.0,4.0,649.5,100.0,75.0,0.0,1.0
x3uuE04fTE,DE,39.0,Women,2025-03-21 15:14:24.243013 +00:00,1.0,1292.0,1.0,0.0,0.0,1292.0,3.0,430.6666666666667,100.0,25.0,0.0,1.0
ot6sRs5y44,US,54.0,Men,2025-02-20 01:19:44.460283 +00:00,1.0,240.0,5.0,0.0,0.0,240.0,1.0,240.0,50.0,0.0,0.0,1.0
zvd1W92EWE,GB,47.0,Women,2025-02-18 04:56:03.066079 +00:00,141.0,259542.0,410.0,2.8,1.0,259542.0,11.0,23594.727272727272,100.0,100.0,50.0,0.0
PB1r2kLKc4,GB,42.0,Men,2025-03-20 13:54:17.204211 +00:00,28.0,57108.0,1.0,2.8,1.0,57108.0,1.0,57108.0,50.0,0.0,0.0,0.0
ARtaeMnNYR,US,45.0,Women,2025-03-15 08:24:47.897891 +00:00,3.0,673.0,5.0,0.0,0.0,673.0,1.0,673.0,50.0,0.0,0.0,1.0
eqUDBCtRP3,US,43.0,Men,2025-02-04 08:11:50.072884 +00:00,9.0,16248.0,6.0,4.0,1.0,16248.0,4.0,4062.0,100.0,25.0,0.0,1.0
8SzS5dv57I,US,39.0,Men,2025-02-11 14:36:05.986192 +00:00,11.0,28806.0,1.0,4.0,1.0,28806.0,6.0,4801.0,100.0,75.0,0.0,1.0
GVZ6ywCabT,GB,49.0,Men,2025-03-02 08:53:57.034428 +00:00,7.0,9709.0,1.0,0.0,0.0,9709.0,4.0,2427.25,100.0,50.0,0.0,1.0
Ez9ks8Fodd,JP,40.0,Women,2025-03-04 23:25:01.632915 +00:00,61.0,22682.0,15.0,4.1,2.0,22682.0,11.0,2062.0,100.0,100.0,50.0,0.0
tvU9HVG4rQ,GB,36.0,Men,2025-03-16 01:18:47.886989 +00:00,41.0,149966.0,219.0,0.0,0.0,149966.0,9.0,16662.88888888889,100.0,100.0,25.0,0.0
PyHDt2BRAk,DE,39.0,Women,2025-03-20 13:59:13.711088 +00:00,1.0,166.0,5.0,0.0,0.0,166.0,1.0,166.0,50.0,0.0,0.0,1.0
o8pAEGF4eF,DE,39.0,Women,2025-03-05 21:58:04.259459 +00:00,24.0,36544.0,6.0,0.0,0.0,36544.0,5.0,7308.8,100.0,75.0,0.0,1.0
oLrIr3hmnA,GB,36.0,Men,2025-02-12 18:07:36.316566 +00:00,9.0,12800.0,1.0,2.8,1.0,12800.0,5.0,2560.0,100.0,75.0,0.0,1.0
pj02v9itT2,GB,53.0,Men,2025-04-01 12:54:52.979931 +00:00,2.0,8247.0,5.0,0.0,0.0,8247.0,5.0,1649.4,100.0,75.0,0.0,0.0
c4i68CYBoB,DE,34.0,Men,2025-03-23 16:50:06.278219 +00:00,15.0,20950.0,2.0,0.0,0.0,20950.0,5.0,4190.0,100.0,75.0,0.0,0.0
LtkTbRcnL2,GB,47.0,Women,2025-02-12 15:44:45.615639 +00:00,332.0,454325.0,243.0,0.0,0.0,456759.0,12.0,38063.25,100.0,100.0,62.5,0.0
HfUvYblRMJ,GB,54.0,Men,2025-02-15 14:55:51.478104 +00:00,19.0,32532.0,1.0,0.0,0.0,32532.0,6.0,5422.0,100.0,75.0,0.0,1.0
2qupa2EJr7,DE,36.0,Men,2025-03-29 17:10:49.156496 +00:00,11.0,12725.0,48.0,0.0,0.0,12725.0,6.0,2120.8333333333335,100.0,75.0,0.0,0.0
LixsfCGVDG,US,39.0,Men,2025-02-08 04:01:35.410757 +00:00,10.0,21199.0,1.0,4.0,1.0,21199.0,6.0,3533.1666666666665,100.0,75.0,0.0,1.0
jxNWxmNwLp,US,39.0,Men,2025-02-20 05:00:29.919524 +00:00,8.0,10883.0,3.0,4.0,1.0,10883.0,4.0,2720.75,100.0,50.0,0.0,1.0
UlSbKDpVKg,US,39.0,Men,2025-02-12 14:39:30.157951 +00:00,1.0,1433.0,1.0,0.0,0.0,1433.0,2.0,716.5,100.0,0.0,0.0,1.0
FxlQjXWd6f,US,39.0,Women,2025-02-16 06:39:59.591278 +00:00,1.0,14.0,5.0,0.0,0.0,14.0,1.0,14.0,50.0,0.0,0.0,1.0
GklOCWSODK,GB,44.0,Men,2025-03-18 10:26:47.201121 +00:00,60.0,79099.0,93.0,0.0,0.0,79099.0,8.0,9887.375,100.0,100.0,12.5,0.0
Sf429BEmBP,GB,51.0,Men,2025-03-03 12:21:59.871618 +00:00,126.0,206692.0,56.0,7.0,2.0,206692.0,10.0,20669.2,100.0,100.0,37.5,0.0
kVFIKqPXLf,GB,39.0,Men,2025-03-26 17:16:02.428514 +00:00,1.0,901.0,5.0,0.0,0.0,901.0,1.0,901.0,50.0,0.0,0.0,1.0
qPQTC6mJFB,DE,42.0,Women,2025-02-24 17:18:30.003051 +00:00,48.0,69705.0,112.0,0.0,0.0,69705.0,1.0,69705.0,50.0,0.0,0.0,0.0
jIOgKB14mJ,DE,58.0,Men,2025-03-16 12:13:50.280484 +00:00,12.0,52950.0,80.0,0.0,0.0,52950.0,6.0,8825.0,100.0,75.0,0.0,0.0
TQOZKkASUC,GB,30.0,Men,2025-02-23 17:21:34.060625 +00:00,8.0,10038.0,1.0,0.0,0.0,10038.0,4.0,2509.5,100.0,50.0,0.0,1.0
z99Fwh2E5X,GB,41.0,Men,2025-04-03 14:00:18.130541 +00:00,12.0,28113.0,4.0,0.0,0.0,28113.0,5.0,5622.6,100.0,75.0,0.0,0.0
YyRhCWAoGv,US,40.0,Women,2025-03-01 07:35:42.948117 +00:00,18.0,22838.0,5.0,4.0,1.0,22838.0,5.0,4567.6,100.0,75.0,0.0,1.0
dEQZyA6BnP,US,41.0,Women,2025-02-24 06:07:29.664516 +00:00,90.0,60620.0,317.0,29.0,6.0,60620.0,7.0,8660.0,100.0,100.0,12.5,0.0
iQDy8AAZDy,US,56.0,Women,2025-02-11 02:22:52.583024 +00:00,5.0,8643.0,1.0,0.0,0.0,8643.0,3.0,2881.0,100.0,25.0,0.0,1.0
cu2gibCcmS,GB,42.0,Women,2025-03-05 20:01:22.655404 +00:00,1.0,626.0,1.0,0.0,0.0,626.0,1.0,626.0,50.0,0.0,0.0,1.0
0vQm7t0fRf,DE,28.0,Men,2025-03-23 12:47:18.173946 +00:00,19.0,8683.0,12.0,0.0,0.0,8683.0,5.0,1736.6,100.0,75.0,0.0,0.0
32U0lqYrrr,US,39.0,Men,2025-02-09 05:57:58.798638 +00:00,1.0,3026.0,1.0,0.0,0.0,3026.0,4.0,756.5,100.0,50.0,0.0,1.0
uJLThSIuTx,US,56.0,Men,2025-02-13 16:13:56.911170 +00:00,1.0,86.0,1.0,4.0,1.0,86.0,4.0,21.5,100.0,50.0,0.0,1.0
1yF5f8KyMJ,DE,42.0,Women,2025-03-31 20:11:47.857944 +00:00,1.0,629.0,1.0,0.0,0.0,629.0,2.0,314.5,100.0,0.0,0.0,0.0
OJVpGykjtU,DE,39.0,Women,2025-02-23 09:37:21.522420 +00:00,2.0,1218.0,1.0,0.0,0.0,1218.0,4.0,304.5,100.0,50.0,0.0,1.0
2Fm8EklHOu,DE,39.0,Men,2025-03-28 10:38:41.000747 +00:00,29.0,35524.0,36.0,26.0,5.0,35524.0,7.0,5074.857142857143,100.0,100.0,0.0,0.0
MwBUB7C3NQ,US,21.0,Men,2025-02-10 11:47:16.025520 +00:00,3.0,1568.0,5.0,0.0,0.0,1568.0,1.0,1568.0,50.0,0.0,0.0,1.0
MeFEYOmGCR,US,39.0,Women,2025-03-04 02:50:14.669235 +00:00,1.0,733.0,1.0,0.0,0.0,733.0,3.0,244.33333333333337,100.0,25.0,0.0,1.0
dgwMy78mez,DE,39.0,Men,2025-03-05 17:19:49.115487 +00:00,8.0,4765.0,1.0,0.0,0.0,4765.0,4.0,1191.25,100.0,50.0,0.0,1.0
o6QQkTRU3W,DE,48.0,Men,2025-03-26 03:07:36.439109 +00:00,8.0,2657.0,23.0,0.0,0.0,2657.0,5.0,531.4,100.0,75.0,0.0,0.0
3P0ICdhXTh,DE,55.0,Men,2025-03-11 05:37:29.024161 +00:00,24.0,54095.0,118.0,4.0,1.0,54095.0,7.0,7727.857142857143,100.0,100.0,0.0,1.0
O9aECGEu59,GB,50.0,Women,2025-02-21 18:56:33.410291 +00:00,46.0,72783.0,28.0,0.0,0.0,72783.0,6.0,12130.5,100.0,75.0,0.0,1.0
qy4DwmV0im,JP,51.0,Women,2025-03-10 22:09:20.683751 +00:00,6.0,3853.0,3.0,5.0,2.0,3853.0,3.0,1284.3333333333333,100.0,25.0,0.0,1.0
wJSq82oeTC,US,45.0,Men,2025-02-10 02:24:44.282037 +00:00,6.0,11952.0,4.0,0.0,0.0,11952.0,1.0,11952.0,50.0,0.0,0.0,1.0
h0ioiV8hNy,DE,39.0,Men,2025-03-09 15:56:24.876965 +00:00,2.0,1619.0,1.0,0.0,0.0,1619.0,1.0,1619.0,50.0,0.0,0.0,1.0
1wDq9xDzvf,DE,39.0,Men,2025-02-15 11:06:15.103988 +00:00,116.0,354060.0,746.0,0.0,0.0,354060.0,6.0,59010.0,100.0,100.0,0.0,0.0
0BI1q3aMMR,DE,39.0,Women,2025-03-10 01:08:59.527227 +00:00,4.0,2258.0,5.0,0.0,0.0,2258.0,4.0,564.5,100.0,50.0,0.0,1.0
96K83hvjIX,US,36.0,Men,2025-02-19 04:18:48.425438 +00:00,1.0,985.0,5.0,0.0,0.0,985.0,1.0,985.0,50.0,0.0,0.0,1.0
01nTD19uNO,DE,43.0,Men,2025-03-12 21:20:44.591386 +00:00,1.0,1562.0,5.0,0.0,0.0,1562.0,2.0,781.0,100.0,0.0,0.0,1.0
uCTfIuptlm,GB,38.0,Women,2025-03-03 22:06:02.996825 +00:00,128.0,126357.0,107.0,2.8,1.0,126357.0,8.0,15794.625,100.0,100.0,12.5,1.0
4YVBfWehhl,US,49.0,Men,2025-02-22 09:42:37.952030 +00:00,2.0,2343.0,1.0,0.0,0.0,2343.0,2.0,1171.5,100.0,0.0,0.0,1.0
Z4VhWmZqMG,DE,39.0,Women,2025-03-30 14:26:04.853832 +00:00,4.0,9764.0,29.0,0.0,0.0,9764.0,4.0,2441.0,100.0,75.0,0.0,1.0
cxZyGfj240,US,38.0,Men,2025-02-01 04:18:45.861106 +00:00,37.0,181132.0,1.0,4.4,1.0,181132.0,3.0,60377.333333333336,100.0,25.0,0.0,1.0
xKtlhzUMm5,GB,32.0,Men,2025-02-13 21:00:15.915304 +00:00,1.0,14.0,5.0,0.0,0.0,14.0,1.0,14.0,50.0,0.0,0.0,1.0
xSNLRL0z91,US,54.0,Men,2025-02-25 07:39:01.505076 +00:00,125.0,161880.0,615.0,0.0,0.0,162035.0,8.0,20254.375,100.0,100.0,12.5,0.0
XpjMME2BeK,US,57.0,Women,2025-02-14 13:03:10.240239 +00:00,19.0,39844.0,5.0,0.0,0.0,39844.0,1.0,39844.0,50.0,0.0,0.0,0.0
nncdJjnRbG,GB,27.0,Men,2025-03-25 17:01:29.162818 +00:00,5.0,8586.0,10.0,0.0,0.0,8586.0,4.0,2146.5,100.0,50.0,0.0,1.0
qUjk4sJuYI,DE,33.0,Women,2025-02-14 10:41:15.288706 +00:00,15.0,14868.0,16.0,0.0,0.0,14868.0,4.0,3717.0,100.0,50.0,0.0,1.0
yazc5jORG6,DE,39.0,Men,2025-03-11 13:35:15.514930 +00:00,4.0,8073.0,6.0,0.0,0.0,8073.0,4.0,2018.25,100.0,50.0,0.0,1.0
mTpPiUIflu,US,46.0,Men,2025-02-21 19:45:04.722758 +00:00,2.0,2203.0,1.0,0.0,0.0,2203.0,3.0,734.3333333333334,100.0,25.0,0.0,1.0
zlYTp1m8BG,DE,39.0,Women,2025-02-22 13:00:42.522256 +00:00,65.0,139763.0,216.0,0.0,0.0,139763.0,9.0,15529.222222222224,100.0,100.0,25.0,0.0
Q6uEfOUhmy,DE,55.0,Women,2025-03-31 14:58:28.527726 +00:00,5.0,15201.0,60.0,0.0,0.0,15201.0,6.0,2533.5,100.0,75.0,0.0,0.0
YumBj8AzZm,DE,39.0,Women,2025-03-29 17:04:24.983543 +00:00,3.0,1118.0,1.0,0.0,0.0,1118.0,3.0,372.6666666666667,100.0,25.0,0.0,1.0
ufb6Pz1c4c,DE,53.0,Women,2025-03-14 14:24:48.624642 +00:00,5.0,19623.0,25.0,20.0,3.0,19623.0,5.0,3924.6,100.0,75.0,0.0,1.0
RHhFhuXKXX,US,63.0,Women,2025-03-13 00:18:14.059596 +00:00,4.0,1832.0,5.0,0.0,0.0,1832.0,1.0,1832.0,50.0,0.0,0.0,1.0
lV72eysTu1,DE,39.0,Women,2025-03-21 07:13:03.578764 +00:00,33.0,50369.0,10.0,0.0,0.0,50369.0,5.0,10073.8,100.0,75.0,0.0,0.0
AO5g6or38Z,US,31.0,Men,2025-03-06 01:26:23.963865 +00:00,6.0,4732.0,1.0,0.0,0.0,4732.0,3.0,1577.3333333333333,100.0,25.0,0.0,1.0
XIFcCa801U,GB,68.0,Men,2025-02-25 05:38:30.725426 +00:00,165.0,361450.0,874.0,14.0,3.0,361450.0,12.0,30120.833333333332,100.0,100.0,62.5,0.0
q9i3Yfvqiy,DE,39.0,Men,2025-03-19 15:01:12.347700 +00:00,6.0,8905.0,7.0,41.0,10.0,8905.0,5.0,1781.0,100.0,75.0,0.0,1.0
uG6tPo2g21,GB,31.0,Women,2025-04-03 19:21:54.084031 +00:00,9.0,13182.0,21.0,0.0,0.0,13182.0,5.0,2636.4,100.0,75.0,0.0,0.0
I91nrIHXIj,DE,34.0,Women,2025-03-24 14:15:25.474258 +00:00,16.0,21879.0,127.0,0.0,0.0,21879.0,7.0,3125.5714285714284,100.0,100.0,0.0,0.0
AQxVLHqCCY,US,47.0,Women,2025-03-17 06:15:31.727199 +00:00,13.0,68954.0,67.0,47.0,12.0,68954.0,6.0,11492.333333333334,100.0,100.0,0.0,0.0
BTjP48T2Ue,DE,38.0,Women,2025-03-12 18:16:51.555416 +00:00,1.0,6983.0,23.0,0.0,0.0,6983.0,5.0,1396.6,100.0,75.0,0.0,1.0
OHZEIianWe,JP,42.0,Women,2025-03-11 16:20:09.551338 +00:00,4.0,2261.0,12.0,0.0,0.0,2261.0,3.0,753.6666666666666,100.0,25.0,0.0,1.0
gp7XLFpqmi,US,39.0,Women,2025-02-25 04:08:38.971229 +00:00,136.0,251334.0,55.0,10.0,2.0,251334.0,9.0,27926.0,100.0,100.0,25.0,1.0
kBId6nBWMx,DE,33.0,Men,2025-03-03 01:01:50.472037 +00:00,4.0,7511.0,1.0,0.0,0.0,7511.0,4.0,1877.75,100.0,50.0,0.0,1.0
nj7SZcmVh8,DE,36.0,Women,2025-03-15 04:53:34.431308 +00:00,8.0,9557.0,1.0,0.0,0.0,9557.0,4.0,2389.25,100.0,50.0,0.0,1.0
1XyG5xS3qL,JP,43.0,Women,2025-03-11 06:35:19.683271 +00:00,84.0,86692.0,186.0,1.4,1.0,86692.0,8.0,10836.5,100.0,100.0,12.5,1.0
o6tC55mGAz,DE,36.0,Men,2025-03-18 15:35:30.837649 +00:00,71.0,82046.0,48.0,10.0,2.0,85068.0,9.0,9452.0,100.0,100.0,25.0,0.0
bgfo2SeaVP,GB,37.0,Women,2025-02-13 15:26:01.633568 +00:00,61.0,98809.0,1.0,2.8,1.0,98809.0,11.0,8982.636363636364,100.0,100.0,50.0,0.0
ggbO7riBNg,DE,39.0,Women,2025-02-20 05:23:23.741411 +00:00,6.0,8563.0,1.0,4.0,1.0,8563.0,4.0,2140.75,100.0,50.0,0.0,1.0
CiRyWulbUr,GB,35.0,Men,2025-03-18 10:46:09.846756 +00:00,89.0,127232.0,431.0,0.0,0.0,127232.0,9.0,14136.888888888889,100.0,100.0,37.5,0.0
UxEUwwMkgm,GB,53.0,Women,2025-03-31 11:54:59.721939 +00:00,46.0,105899.0,316.0,0.0,0.0,105899.0,8.0,13237.375,100.0,100.0,12.5,0.0
rPvlG59hlF,DE,37.0,Men,2025-02-28 19:06:38.694146 +00:00,2.0,233.0,2.0,0.0,0.0,233.0,1.0,233.0,50.0,0.0,0.0,1.0
qFFvMkNANE,DE,25.0,Women,2025-03-16 15:23:54.283051 +00:00,6.0,3703.0,1.0,0.0,0.0,3703.0,4.0,925.75,100.0,50.0,0.0,1.0
kBlclzJhAQ,US,33.0,Men,2025-03-18 00:18:58.446719 +00:00,1.0,1025.0,5.0,0.0,0.0,1025.0,2.0,512.5,100.0,0.0,0.0,1.0
Vof1jApYcE,DE,42.0,Women,2025-02-23 12:01:13.322514 +00:00,27.0,60953.0,1.0,0.0,0.0,60953.0,6.0,10158.833333333334,100.0,75.0,0.0,1.0
Ae9jEPNk86,DE,39.0,Men,2025-02-12 18:39:49.560741 +00:00,34.0,30398.0,1.0,0.0,0.0,30398.0,8.0,3799.75,100.0,100.0,12.5,1.0
ZVX2LwMEAt,US,28.0,Men,2025-02-23 20:50:11.377575 +00:00,1.0,455.0,5.0,0.0,0.0,455.0,1.0,455.0,50.0,0.0,0.0,1.0
w6qRhGlxhL,US,26.0,Men,2025-02-24 14:47:20.952022 +00:00,6.0,2134.0,1.0,4.0,1.0,2134.0,3.0,711.3333333333334,100.0,25.0,0.0,1.0
flhRo6XbwD,US,34.0,Women,2025-02-12 23:54:31.654426 +00:00,27.0,32961.0,1.0,0.0,0.0,32961.0,1.0,32961.0,50.0,0.0,0.0,1.0
hi1KtpOgGQ,GB,52.0,Women,2025-03-24 11:10:43.346208 +00:00,23.0,13642.0,3.0,0.0,0.0,13642.0,6.0,2273.6666666666665,100.0,100.0,0.0,0.0
Nfw9vBwlS1,US,39.0,Men,2025-02-26 01:15:33.453009 +00:00,1.0,1113.0,1.0,0.0,0.0,1113.0,1.0,1113.0,50.0,0.0,0.0,1.0
JSsTMFvLR3,GB,38.0,Women,2025-03-04 13:28:52.424520 +00:00,17.0,23128.0,1.0,0.0,0.0,23128.0,6.0,3854.6666666666665,100.0,75.0,0.0,1.0
YqhblF0o9k,DE,28.0,Men,2025-03-09 15:05:58.823014 +00:00,20.0,63621.0,206.0,0.0,0.0,63621.0,7.0,9088.714285714286,100.0,100.0,0.0,1.0
A9UukxWw4h,JP,39.0,Men,2025-03-18 13:45:50.639915 +00:00,3.0,17031.0,23.0,0.0,0.0,17031.0,1.0,17031.0,50.0,0.0,0.0,1.0
EtthZYPpCC,US,47.0,Women,2025-02-17 04:24:32.711081 +00:00,7.0,7583.0,1.0,0.0,0.0,7583.0,3.0,2527.6666666666665,100.0,25.0,0.0,1.0
7qzUgR1OiB,GB,39.0,Women,2025-03-28 08:37:58.896201 +00:00,6.0,5316.0,61.0,0.0,0.0,5316.0,7.0,759.4285714285714,100.0,100.0,0.0,0.0
GtAtBMmUCQ,GB,39.0,Men,2025-02-28 18:55:22.628401 +00:00,28.0,69730.0,10.0,0.0,0.0,69730.0,7.0,9961.42857142857,100.0,100.0,0.0,1.0
MxGlNjgqM5,DE,39.0,Women,2025-02-15 05:54:45.173006 +00:00,4.0,5604.0,5.0,0.0,0.0,5604.0,4.0,1401.0,100.0,50.0,0.0,1.0
OasRG3cLbj,DE,40.0,Men,2025-02-16 00:36:00.201177 +00:00,22.0,15416.0,1.0,0.0,0.0,15416.0,6.0,2569.3333333333335,100.0,100.0,0.0,1.0
rt0RTBuFBG,US,53.0,Women,2025-02-07 01:47:49.693802 +00:00,81.0,81043.0,114.0,0.0,0.0,81043.0,7.0,11577.57142857143,100.0,100.0,0.0,0.0
JPKv2DpKVW,US,31.0,Men,2025-02-15 07:31:28.687135 +00:00,4.0,2085.0,1.0,4.0,1.0,2085.0,5.0,417.0,100.0,75.0,0.0,1.0
tRd0a9rcXY,US,58.0,Men,2025-03-05 11:46:29.509264 +00:00,1.0,22.0,5.0,0.0,0.0,22.0,1.0,22.0,50.0,0.0,0.0,1.0
b5lDb709sQ,JP,34.0,Women,2025-03-10 10:05:32.294685 +00:00,25.0,9172.0,1.0,2.0,1.0,9172.0,3.0,3057.3333333333335,100.0,25.0,0.0,1.0
ugGAJlFUen,GB,30.0,Women,2025-03-24 12:15:06.101874 +00:00,2.0,846.0,5.0,0.0,0.0,846.0,2.0,423.0,100.0,0.0,0.0,1.0
n0V8NXD4SQ,GB,41.0,Men,2025-02-14 00:26:49.828772 +00:00,46.0,81917.0,84.0,0.0,0.0,81917.0,9.0,9101.888888888889,100.0,100.0,25.0,0.0
LFGd6Nrt0G,DE,32.0,Women,2025-03-07 00:29:48.117492 +00:00,3.0,1368.0,1.0,0.0,0.0,1368.0,3.0,456.0,100.0,25.0,0.0,1.0
gNkhQ5ew8i,GB,39.0,Men,2025-03-10 19:26:25.052246 +00:00,238.0,65225.0,62.0,0.0,0.0,65430.0,10.0,6543.0,100.0,100.0,37.5,0.0
AjsixNIMrZ,DE,39.0,Women,2025-03-03 17:27:06.586780 +00:00,8.0,24354.0,5.0,0.0,0.0,24354.0,4.0,6088.5,100.0,50.0,0.0,1.0
Bkr1Lemhvl,DE,20.0,Women,2025-02-12 14:00:35.747996 +00:00,84.0,55419.0,1.0,0.0,0.0,55419.0,6.0,9236.5,100.0,100.0,0.0,0.0
k4TnHqinFF,GB,45.0,Men,2025-03-18 13:42:36.263595 +00:00,50.0,104491.0,2.0,2.8,1.0,104491.0,7.0,14927.285714285714,100.0,100.0,12.5,0.0
fwVgfPkuPb,GB,45.0,Women,2025-04-03 11:36:18.832904 +00:00,1.0,392.0,1.0,14.0,3.0,392.0,4.0,98.0,100.0,50.0,0.0,0.0
pssAzJtSSx,DE,39.0,Men,2025-03-30 13:49:40.778137 +00:00,19.0,22606.0,105.0,4.0,1.0,22606.0,7.0,3229.4285714285716,100.0,100.0,0.0,0.0
Vo5ctwQrGv,US,39.0,Men,2025-03-06 05:40:11.811769 +00:00,19.0,22771.0,22.0,4.0,1.0,22771.0,5.0,4554.2,100.0,75.0,0.0,1.0
IsbzxzbnVE,DE,61.0,Women,2025-02-17 10:56:29.044159 +00:00,526.0,846680.0,1109.0,0.0,0.0,846680.0,3.0,282226.6666666667,100.0,25.0,0.0,0.0
IlFDCMOVX1,US,25.0,Women,2025-03-12 08:44:53.814378 +00:00,74.0,29780.0,73.0,20.0,3.0,29780.0,6.0,4963.333333333333,100.0,100.0,0.0,0.0
WOdAdNbk6x,GB,41.0,Men,2025-03-06 19:08:31.410715 +00:00,47.0,30146.0,16.0,7.0,2.0,30146.0,6.0,5024.333333333333,100.0,100.0,0.0,0.0
2GFwlCpOSv,GB,37.0,Women,2025-02-16 13:10:37.852021 +00:00,7.0,13493.0,1.0,0.0,0.0,13493.0,4.0,3373.25,100.0,50.0,0.0,1.0
eVyrw0g4sm,GB,53.0,Women,2025-03-21 18:30:45.327527 +00:00,4.0,51899.0,120.0,7.0,2.0,51899.0,7.0,7414.142857142857,100.0,100.0,0.0,1.0
mWr776mfiR,US,39.0,Men,2025-02-09 01:55:13.480037 +00:00,3.0,2825.0,1.0,0.0,0.0,2825.0,3.0,941.6666666666666,100.0,25.0,0.0,1.0
0RT7mFzfpS,GB,39.0,Men,2025-03-08 18:28:20.053973 +00:00,3.0,1513.0,5.0,0.0,0.0,1513.0,1.0,1513.0,50.0,0.0,0.0,1.0
ZgfDxuKuGp,DE,38.0,Men,2025-03-14 12:22:03.062528 +00:00,29.0,24687.0,76.0,0.0,0.0,24687.0,7.0,3526.714285714286,100.0,100.0,0.0,1.0
M6rTqiX7gr,JP,32.0,Women,2025-03-06 08:58:47.268392 +00:00,47.0,7555.0,346.0,2.0,1.0,7555.0,10.0,755.5,100.0,100.0,37.5,1.0
VpeDPg2gh9,DE,39.0,Men,2025-03-22 11:34:33.805808 +00:00,78.0,70735.0,266.0,4.0,1.0,71520.0,9.0,7946.666666666667,100.0,100.0,25.0,0.0
7lItZrJQIV,DE,36.0,Women,2025-03-11 23:31:49.362851 +00:00,57.0,100236.0,198.0,0.0,0.0,100236.0,8.0,12529.5,100.0,100.0,12.5,0.0
SvdRUNQubm,DE,39.0,Men,2025-02-17 01:53:59.515778 +00:00,3.0,3718.0,1.0,0.0,0.0,3718.0,4.0,929.5,100.0,50.0,0.0,1.0
JjyKYoeubL,US,39.0,Men,2025-02-27 00:55:58.347250 +00:00,54.0,98965.0,1.0,0.0,0.0,98965.0,2.0,49482.5,100.0,0.0,0.0,1.0
hMs6diBDql,DE,39.0,Women,2025-03-14 13:47:45.090777 +00:00,2.0,656.0,5.0,0.0,0.0,656.0,1.0,656.0,50.0,0.0,0.0,1.0
r8lPv6hJ11,US,44.0,Women,2025-03-13 06:19:09.534871 +00:00,1.0,763.0,6.0,0.0,0.0,763.0,2.0,381.5,100.0,0.0,0.0,1.0
EBvTDhJjLe,US,36.0,Women,2025-02-12 13:57:50.776843 +00:00,5.0,11635.0,9.0,4.0,1.0,11635.0,6.0,1939.1666666666667,100.0,75.0,0.0,1.0
7IKCLolb2r,US,63.0,Men,2025-03-01 04:08:07.412651 +00:00,23.0,25897.0,6.0,0.0,0.0,25897.0,3.0,8632.333333333334,100.0,25.0,0.0,0.0
4MG9PGxGGv,GB,39.0,Men,2025-02-13 18:25:53.332623 +00:00,2.0,7374.0,5.0,0.0,0.0,7374.0,3.0,2458.0,100.0,25.0,0.0,1.0
5dZZeGrgzt,DE,39.0,Men,2025-02-21 05:03:44.395805 +00:00,3.0,5552.0,1.0,0.0,0.0,5552.0,4.0,1388.0,100.0,50.0,0.0,1.0
GgbrcjIkAi,GB,26.0,Men,2025-03-05 05:34:04.570378 +00:00,12.0,19435.0,11.0,2.8,1.0,19435.0,3.0,6478.333333333333,100.0,0.0,0.0,1.0
NQ05lzimm1,DE,34.0,Men,2025-03-06 19:53:21.991457 +00:00,7.0,5838.0,5.0,0.0,0.0,5838.0,1.0,5838.0,50.0,0.0,0.0,1.0
N4K37sxRET,DE,39.0,Women,2025-02-14 11:26:08.429894 +00:00,226.0,670803.0,218.0,20.0,3.0,670803.0,13.0,51600.230769230766,100.0,100.0,75.0,0.0
1Eed6O57kz,US,49.0,Women,2025-03-02 09:30:49.594641 +00:00,1.0,548.0,1.0,0.0,0.0,548.0,1.0,548.0,50.0,0.0,0.0,1.0
4j4tZh4VJ2,DE,58.0,Men,2025-02-18 05:33:57.866669 +00:00,140.0,90250.0,96.0,0.0,0.0,90326.0,1.0,90326.0,50.0,0.0,0.0,0.0
Bqiass0H3o,DE,39.0,Men,2025-03-09 08:16:33.486729 +00:00,63.0,39265.0,31.0,10.0,2.0,39265.0,8.0,4908.125,100.0,100.0,12.5,0.0
Qx5Lq3dxoE,JP,33.0,Men,2025-03-10 22:02:45.516015 +00:00,29.0,30455.0,62.0,3.5,2.0,30455.0,6.0,5075.833333333333,100.0,75.0,0.0,1.0
EGqOgPyL2p,US,51.0,Women,2025-02-15 08:11:27.655736 +00:00,50.0,115722.0,3.0,4.0,1.0,115722.0,6.0,19287.0,100.0,75.0,0.0,1.0
woiwVRr3Xg,US,40.0,Women,2025-03-16 06:02:21.609136 +00:00,4.0,5914.0,8.0,0.0,0.0,5914.0,3.0,1971.3333333333333,100.0,25.0,0.0,1.0
xtXs1DO2AJ,GB,32.0,Women,2025-02-15 13:45:46.706315 +00:00,15.0,20494.0,1.0,3.08,1.0,20494.0,5.0,4098.8,100.0,75.0,0.0,1.0
Pt9UPvPmaX,US,50.0,Men,2025-01-31 04:43:26.888738 +00:00,26.0,73190.0,23.0,4.0,1.0,73190.0,7.0,10455.714285714286,100.0,100.0,0.0,1.0
RXyPm5krRW,JP,24.0,Men,2025-03-06 18:17:17.055049 +00:00,3.0,2368.0,1.0,0.0,0.0,2368.0,2.0,1184.0,100.0,0.0,0.0,1.0
XObE9VeRo7,DE,53.0,Men,2025-03-12 10:41:45.999661 +00:00,26.0,43101.0,100.0,4.0,1.0,43101.0,7.0,6157.285714285715,100.0,100.0,0.0,0.0
6GxhJTE3Cs,GB,63.0,Women,2025-03-16 07:42:43.738505 +00:00,99.0,129674.0,24.0,0.0,0.0,129674.0,9.0,14408.222222222224,100.0,100.0,37.5,0.0
aAtizzwxbX,DE,26.0,Men,2025-02-21 00:36:08.723412 +00:00,2.0,2647.0,1.0,0.0,0.0,2647.0,3.0,882.3333333333334,100.0,25.0,0.0,1.0
nmzr264Rwh,US,39.0,Women,2025-02-10 06:16:30.817862 +00:00,3.0,889.0,1.0,0.0,0.0,889.0,2.0,444.5,100.0,0.0,0.0,1.0
HbL16r9Kn7,US,45.0,Women,2025-03-08 13:36:25.458549 +00:00,5.0,5118.0,12.0,0.0,0.0,5118.0,3.0,1706.0,100.0,25.0,0.0,1.0
OclGjRmKYm,US,39.0,Women,2025-01-31 01:05:05.850804 +00:00,77.0,797616.0,1.0,4.0,1.0,797616.0,8.0,99702.0,100.0,100.0,12.5,1.0
j4rDd8FEGl,DE,38.0,Women,2025-03-21 14:13:37.948721 +00:00,42.0,57211.0,198.0,10.0,2.0,57211.0,2.0,28605.5,100.0,0.0,0.0,0.0
ddA1hXaX26,US,50.0,Women,2025-02-17 05:44:47.901663 +00:00,8.0,13858.0,1.0,0.0,0.0,13858.0,3.0,4619.333333333333,100.0,25.0,0.0,1.0
Mu35g3wMz0,GB,51.0,Men,2025-03-03 20:33:05.254946 +00:00,72.0,167132.0,139.0,14.0,3.0,167132.0,7.0,23876.0,100.0,100.0,0.0,0.0
C23JL3KEsm,DE,39.0,Women,2025-03-08 16:06:30.560789 +00:00,4.0,5911.0,5.0,0.0,0.0,5911.0,4.0,1477.75,100.0,50.0,0.0,1.0
hNzSDG7Nma,DE,43.0,Men,2025-02-19 11:25:42.264347 +00:00,54.0,71458.0,1.0,0.0,0.0,71458.0,7.0,10208.285714285714,100.0,100.0,12.5,1.0
kKHrcKZXoq,US,36.0,Men,2025-02-07 19:34:53.574167 +00:00,30.0,62577.0,1.0,0.0,0.0,62577.0,6.0,10429.5,100.0,100.0,0.0,1.0
CDMl6fGsuz,DE,36.0,Men,2025-03-22 08:06:23.110900 +00:00,81.0,100811.0,536.0,0.0,0.0,100811.0,9.0,11201.222222222224,100.0,100.0,25.0,0.0
zuSu1qlePq,GB,46.0,Men,2025-02-21 17:01:30.904306 +00:00,27.0,37955.0,1.0,0.0,0.0,37955.0,6.0,6325.833333333333,100.0,100.0,0.0,1.0
oULwRou1eY,DE,25.0,Men,2025-03-13 10:40:16.489034 +00:00,7.0,4953.0,1.0,0.0,0.0,4953.0,4.0,1238.25,100.0,50.0,0.0,1.0
GVvVsM6gMQ,DE,56.0,Women,2025-03-25 09:01:41.604706 +00:00,8.0,32394.0,19.0,0.0,0.0,32394.0,5.0,6478.8,100.0,100.0,0.0,0.0
yOYgU4SCr3,US,39.0,Women,2025-02-09 02:41:33.016037 +00:00,7.0,12069.0,1.0,0.0,0.0,12069.0,5.0,2413.8,100.0,50.0,0.0,1.0
ZvJQR45xR4,GB,39.0,Men,2025-02-18 16:25:32.042586 +00:00,2.0,898.0,1.0,0.0,0.0,898.0,4.0,224.5,100.0,50.0,0.0,1.0
DiD9vYP38p,US,39.0,Men,2025-03-06 03:29:41.793116 +00:00,1.0,1613.0,5.0,0.0,0.0,1613.0,2.0,806.5,100.0,0.0,0.0,1.0
5RlGzirPcA,US,32.0,Women,2025-03-05 03:45:37.703664 +00:00,3.0,9013.0,1.0,0.0,0.0,9013.0,3.0,3004.3333333333335,100.0,25.0,0.0,1.0
BLajvemOwk,US,60.0,Women,2025-02-24 14:02:00.200580 +00:00,3.0,1401.0,6.0,0.0,0.0,1401.0,3.0,467.0,100.0,25.0,0.0,1.0
RZxN828QlL,US,34.0,Women,2025-02-19 13:04:41.096688 +00:00,2.0,1043.0,1.0,0.0,0.0,1043.0,2.0,521.5,100.0,0.0,0.0,1.0
8gWSRUvByk,GB,39.0,Men,2025-03-07 02:27:44.684889 +00:00,2.0,7656.0,8.0,0.0,0.0,7656.0,4.0,1914.0,100.0,50.0,0.0,1.0
l4aaH75Wo6,US,39.0,Men,2025-02-23 17:36:44.834683 +00:00,89.0,79708.0,10.0,4.0,1.0,79708.0,9.0,8856.444444444445,100.0,100.0,25.0,1.0
CZOMOcL2l1,DE,39.0,Men,2025-02-22 05:53:45.191746 +00:00,1.0,1389.0,5.0,0.0,0.0,1389.0,1.0,1389.0,50.0,0.0,0.0,1.0
uKXRbtN321,GB,34.0,Women,2025-02-27 01:50:20.020738 +00:00,3.0,2241.0,1.0,0.0,0.0,2241.0,3.0,747.0,100.0,25.0,0.0,1.0
lCTXe4reC6,DE,48.0,Women,2025-03-11 10:05:59.048788 +00:00,15.0,19115.0,85.0,35.0,8.0,19115.0,10.0,1911.5,100.0,100.0,37.5,1.0
mFH4XRU7h5,DE,26.0,Women,2025-03-23 11:23:30.722474 +00:00,4.0,8533.0,5.0,0.0,0.0,8533.0,4.0,2133.25,100.0,50.0,0.0,1.0
eW0Nv2JOKA,DE,55.0,Women,2025-03-11 20:27:27.360041 +00:00,49.0,76470.0,355.0,0.0,0.0,76470.0,7.0,10924.285714285714,100.0,100.0,0.0,0.0
bJCS1fj0P6,GB,50.0,Women,2025-02-20 11:36:41.417675 +00:00,227.0,78838.0,1.0,0.0,0.0,78838.0,5.0,15767.6,100.0,75.0,0.0,0.0
Ji1bZrESIs,DE,22.0,Men,2025-03-09 11:42:56.484625 +00:00,22.0,6976.0,7.0,0.0,0.0,6976.0,6.0,1162.6666666666667,100.0,100.0,0.0,1.0
33ECvai27X,DE,52.0,Men,2025-03-02 13:41:17.146537 +00:00,41.0,76352.0,12.0,4.0,1.0,76352.0,8.0,9544.0,100.0,100.0,12.5,1.0
N7NwphWIvC,DE,39.0,Men,2025-02-12 19:19:39.318985 +00:00,171.0,162392.0,126.0,0.0,0.0,162392.0,12.0,13532.666666666666,100.0,100.0,62.5,0.0
Q2Rwjpm4t6,GB,30.0,Men,2025-02-20 21:02:35.417170 +00:00,2.0,1236.0,5.0,0.0,0.0,1236.0,3.0,412.0,100.0,25.0,0.0,1.0
AVgV4NQo2k,US,46.0,Men,2025-03-03 02:32:39.675179 +00:00,5.0,10602.0,1.0,0.0,0.0,10602.0,4.0,2650.5,100.0,50.0,0.0,1.0
1ghCDYuZLm,GB,32.0,Women,2025-03-24 02:34:50.581972 +00:00,7.0,12712.0,28.0,0.0,0.0,12712.0,5.0,2542.4,100.0,75.0,0.0,1.0
QZ4yWU4l9f,DE,39.0,Men,2025-03-04 09:44:23.100868 +00:00,33.0,60663.0,18.0,4.0,1.0,60663.0,7.0,8666.142857142857,100.0,100.0,0.0,1.0
OLAA64UMts,DE,39.0,Men,2025-02-16 01:04:42.510158 +00:00,4.0,4949.0,1.0,0.0,0.0,4949.0,3.0,1649.6666666666667,100.0,25.0,0.0,1.0
p89K63G3Iq,GB,36.0,Men,2025-02-23 21:56:56.657595 +00:00,7.0,14414.0,1.0,0.0,0.0,14414.0,5.0,2882.8,100.0,75.0,0.0,1.0
IIe57Q9c0b,DE,39.0,Women,2025-02-28 13:00:24.309562 +00:00,2.0,6038.0,15.0,0.0,0.0,6038.0,6.0,1006.3333333333334,100.0,75.0,0.0,1.0
ZZbcDnAgU5,DE,37.0,Men,2025-03-14 11:12:31.273290 +00:00,13.0,12887.0,1.0,4.0,1.0,12887.0,4.0,3221.75,100.0,50.0,0.0,0.0
nue94sBGzm,DE,39.0,Men,2025-03-13 14:12:06.302666 +00:00,28.0,41751.0,177.0,0.0,0.0,41751.0,7.0,5964.428571428572,100.0,100.0,0.0,1.0
0HHtRiQZsz,GB,47.0,Women,2025-02-19 10:23:36.553016 +00:00,22.0,28449.0,38.0,14.0,3.0,28449.0,5.0,5689.8,100.0,50.0,0.0,0.0
zbEISP275d,US,34.0,Men,2025-01-31 05:22:48.825541 +00:00,28.0,43296.0,5.0,4.4,1.0,43296.0,6.0,7216.0,100.0,100.0,0.0,1.0
Oq0ns012Bp,US,27.0,Women,2025-02-08 05:09:38.007608 +00:00,11.0,49209.0,155.0,4.0,1.0,49209.0,6.0,8201.5,100.0,75.0,0.0,1.0
HzMBexwXVN,DE,29.0,Men,2025-03-09 13:19:15.320404 +00:00,29.0,34851.0,45.0,0.0,0.0,34851.0,7.0,4978.714285714285,100.0,100.0,0.0,1.0
pwNgIjJPhe,DE,56.0,Women,2025-03-06 10:56:51.075531 +00:00,164.0,128581.0,586.0,20.0,3.0,128581.0,12.0,10715.083333333334,100.0,100.0,62.5,0.0
9y0Bf6UpB1,DE,39.0,Men,2025-03-05 05:35:26.792700 +00:00,1.0,16.0,5.0,0.0,0.0,16.0,1.0,16.0,50.0,0.0,0.0,1.0
5B2K2upzZT,DE,38.0,Men,2025-03-12 21:42:21.555422 +00:00,37.0,40322.0,29.0,0.0,0.0,40322.0,6.0,6720.333333333333,100.0,75.0,0.0,1.0
k12po9ygpN,GB,39.0,Men,2025-03-15 17:18:06.055676 +00:00,18.0,22830.0,37.0,0.0,0.0,22830.0,7.0,3261.4285714285716,100.0,100.0,0.0,0.0
oEcXzT3Uz7,GB,40.0,Men,2025-03-17 07:44:07.475185 +00:00,38.0,54659.0,43.0,14.0,3.0,54659.0,6.0,9109.833333333334,100.0,75.0,0.0,1.0
PWztiaFfRc,JP,19.0,Women,2025-03-04 13:18:46.014393 +00:00,12.0,12272.0,16.0,1.4,1.0,12272.0,4.0,3068.0,100.0,50.0,0.0,1.0
AgzjGhT4Q9,US,52.0,Women,2025-02-03 00:39:34.947023 +00:00,3.0,2181.0,1.0,0.0,0.0,2181.0,2.0,1090.5,100.0,0.0,0.0,1.0
XWcogN2Mo0,DE,34.0,Women,2025-03-21 10:07:37.624469 +00:00,12.0,50091.0,88.0,0.0,0.0,50091.0,7.0,7155.857142857143,100.0,100.0,0.0,0.0
a6z3bzVQau,US,44.0,Men,2025-02-11 06:10:27.336463 +00:00,37.0,67474.0,1.0,0.0,0.0,67474.0,6.0,11245.666666666666,100.0,75.0,0.0,1.0
fk5yngIe8f,DE,39.0,Men,2025-03-26 21:01:14.622133 +00:00,1.0,436.0,5.0,0.0,0.0,436.0,1.0,436.0,50.0,0.0,0.0,1.0
gAg1uYtwjF,GB,45.0,Women,2025-02-19 03:56:20.936439 +00:00,173.0,350898.0,115.0,27.44,7.0,350898.0,10.0,35089.8,100.0,100.0,37.5,0.0
uYJOoQJ0jl,DE,39.0,Men,2025-03-28 22:23:23.226089 +00:00,13.0,25042.0,1.0,26.0,5.0,25042.0,5.0,5008.4,100.0,75.0,0.0,0.0
J0RNrpgV5F,DE,32.0,Men,2025-03-09 17:56:03.108947 +00:00,28.0,1089.0,5.0,0.0,0.0,1089.0,1.0,1089.0,50.0,0.0,0.0,1.0
OCzKHL8745,US,39.0,Women,2025-01-30 17:05:08.914101 +00:00,12.0,24143.0,1.0,4.0,1.0,24143.0,4.0,6035.75,100.0,50.0,0.0,1.0
2oraoPheZn,US,48.0,Women,2025-02-11 14:09:18.782233 +00:00,1.0,2672.0,1.0,0.0,0.0,2672.0,3.0,890.6666666666666,100.0,25.0,0.0,1.0
qMfxMSMbRV,DE,18.0,Women,2025-03-16 09:04:56.181728 +00:00,2.0,2031.0,5.0,0.0,0.0,2031.0,3.0,677.0,100.0,25.0,0.0,1.0
AlMgDNbUB7,DE,53.0,Women,2025-03-01 17:23:47.042991 +00:00,4.0,3491.0,1.0,0.0,0.0,3491.0,4.0,872.75,100.0,50.0,0.0,1.0
UHGIDPpKzT,US,42.0,Men,2025-02-05 01:07:47.936256 +00:00,28.0,62802.0,1.0,4.0,1.0,62802.0,7.0,8971.714285714286,100.0,100.0,0.0,1.0
6Zq4uPlvxW,US,38.0,Men,2025-02-27 21:24:16.251273 +00:00,1.0,21.0,5.0,0.0,0.0,21.0,2.0,10.5,100.0,0.0,0.0,1.0
mp9tRNgbwn,GB,29.0,Women,2025-02-26 23:50:29.599155 +00:00,92.0,53250.0,90.0,2.8,1.0,53250.0,10.0,5325.0,100.0,100.0,37.5,0.0
wekBYErXmM,US,44.0,Men,2025-03-09 00:36:17.266982 +00:00,8.0,10401.0,1.0,0.0,0.0,10401.0,4.0,2600.25,100.0,50.0,0.0,1.0
pL5DFvqn9T,DE,20.0,Men,2025-04-01 16:22:38.952025 +00:00,6.0,1273.0,5.0,0.0,0.0,1273.0,1.0,1273.0,50.0,0.0,0.0,0.0
gbhUXfHtI3,DE,39.0,Men,2025-04-02 19:54:57.246674 +00:00,1.0,371.0,1.0,0.0,0.0,371.0,1.0,371.0,50.0,0.0,0.0,0.0
6blSTc2Msi,DE,39.0,Women,2025-03-28 16:33:27.040109 +00:00,3.0,1158.0,5.0,0.0,0.0,1158.0,2.0,579.0,100.0,0.0,0.0,1.0
gzXstSSmpc,GB,30.0,Men,2025-03-28 13:29:39.276357 +00:00,45.0,120354.0,252.0,14.0,3.0,120354.0,8.0,15044.25,100.0,100.0,12.5,0.0
2VWWQara1v,US,18.0,Women,2025-02-07 02:24:32.063601 +00:00,375.0,162918.0,30.0,4.0,1.0,162918.0,11.0,14810.727272727272,100.0,100.0,50.0,0.0
sfVBVUFqEH,GB,26.0,Women,2025-02-24 21:22:45.481137 +00:00,3.0,4672.0,1.0,0.0,0.0,4672.0,4.0,1168.0,100.0,50.0,0.0,1.0
u7RHVyiZG9,GB,19.0,Women,2025-04-02 07:49:50.268121 +00:00,7.0,12319.0,6.0,0.0,0.0,12319.0,4.0,3079.75,100.0,50.0,0.0,0.0
wt6TMAhSag,US,28.0,Men,2025-02-15 01:48:39.123297 +00:00,1.0,458.0,5.0,0.0,0.0,458.0,1.0,458.0,50.0,0.0,0.0,1.0
PUnXOemlv7,US,34.0,Women,2025-03-01 03:28:19.814931 +00:00,9.0,6716.0,1.0,4.0,1.0,6716.0,4.0,1679.0,100.0,50.0,0.0,1.0
jnXPGyCnzr,US,44.0,Women,2025-02-07 02:33:41.755654 +00:00,61.0,247521.0,310.0,0.0,0.0,247521.0,10.0,24752.1,100.0,100.0,50.0,0.0
qPQi3Zz2AA,GB,39.0,Women,2025-03-05 04:05:36.904470 +00:00,1.0,24.0,5.0,0.0,0.0,24.0,1.0,24.0,50.0,0.0,0.0,1.0
jKc3Qxpctm,DE,36.0,Women,2025-02-16 08:46:18.475634 +00:00,16.0,10773.0,1.0,0.0,0.0,10773.0,4.0,2693.25,100.0,50.0,0.0,1.0
uoxF9l713E,DE,39.0,Men,2025-04-03 12:38:02.026886 +00:00,10.0,6293.0,2.0,0.0,0.0,6293.0,4.0,1573.25,100.0,75.0,0.0,0.0
AThEXj79Oc,GB,66.0,Women,2025-03-05 16:17:13.931501 +00:00,139.0,191702.0,457.0,25.199997,7.0,191702.0,10.0,19170.2,100.0,100.0,37.5,0.0
0WyG6PB4sW,DE,34.0,Women,2025-02-18 13:44:56.791906 +00:00,17.0,12944.0,1.0,4.0,1.0,12944.0,6.0,2157.3333333333335,100.0,100.0,0.0,1.0
AQfYe1hh9h,DE,66.0,Men,2025-03-18 22:48:47.377134 +00:00,4.0,1254.0,301.0,4.0,1.0,1254.0,8.0,156.75,100.0,100.0,12.5,0.0
HVlo0v4q7t,DE,32.0,Men,2025-04-01 18:14:28.204612 +00:00,10.0,31050.0,32.0,0.0,0.0,31050.0,6.0,5175.0,100.0,75.0,0.0,0.0
o5Deg4o4K8,US,24.0,Women,2025-02-02 03:46:47.780897 +00:00,5.0,5099.0,1.0,4.4,1.0,5099.0,3.0,1699.6666666666667,100.0,25.0,0.0,1.0
ocJAtH7iEL,US,39.0,Women,2025-02-18 05:26:47.849616 +00:00,1.0,898.0,1.0,0.0,0.0,898.0,2.0,449.0,100.0,0.0,0.0,1.0
ILgHSC5jAN,US,33.0,Women,2025-03-14 03:41:43.446214 +00:00,3.0,1995.0,65.0,0.0,0.0,1995.0,6.0,332.5,100.0,75.0,0.0,1.0
rqRgZBnMfc,US,39.0,Men,2025-03-01 04:23:34.080826 +00:00,48.0,102012.0,164.0,0.0,0.0,102012.0,7.0,14573.142857142857,100.0,100.0,12.5,0.0
gHQ08yRiDw,US,35.0,Men,2025-01-31 01:17:33.685929 +00:00,16.0,8643.0,1.0,4.4,1.0,8643.0,4.0,2160.75,100.0,50.0,0.0,1.0
9ega7Vpl1e,DE,46.0,Women,2025-03-09 21:34:33.916390 +00:00,68.0,72698.0,232.0,4.0,1.0,72698.0,8.0,9087.25,100.0,100.0,12.5,0.0
FztPXfFyWn,DE,40.0,Women,2025-03-29 22:05:32.503686 +00:00,23.0,38636.0,118.0,41.0,10.0,38636.0,7.0,5519.428571428572,100.0,100.0,0.0,0.0
ydCN7rPjrE,US,60.0,Women,2025-03-07 04:54:38.895344 +00:00,1.0,270.0,1.0,0.0,0.0,270.0,2.0,135.0,100.0,0.0,0.0,1.0
YajBm0w9Hq,US,43.0,Women,2025-03-17 00:56:16.390695 +00:00,2.0,2444.0,6.0,0.0,0.0,2444.0,3.0,814.6666666666666,100.0,25.0,0.0,1.0
7ukFpIlnDH,US,72.0,Men,2025-03-03 01:39:09.990474 +00:00,26.0,43082.0,23.0,4.0,1.0,43082.0,1.0,43082.0,50.0,0.0,0.0,1.0
rwyG1cw7O4,US,37.0,Women,2025-02-07 01:14:06.296593 +00:00,10.0,8786.0,1.0,0.0,0.0,8786.0,4.0,2196.5,100.0,50.0,0.0,1.0
y6nGHs4Qsl,DE,46.0,Women,2025-03-17 02:47:42.701355 +00:00,32.0,74244.0,139.0,0.0,0.0,74244.0,8.0,9280.5,100.0,100.0,12.5,0.0
TXdnd6IKzV,US,31.0,Men,2025-02-19 03:02:14.676437 +00:00,1.0,3.0,5.0,0.0,0.0,3.0,1.0,3.0,50.0,0.0,0.0,1.0
DTqQ3eqnu1,DE,39.0,Men,2025-02-13 20:07:31.784188 +00:00,1.0,3249.0,5.0,0.0,0.0,3249.0,3.0,1083.0,100.0,25.0,0.0,1.0
xwhCriNxoU,DE,33.0,Women,2025-04-03 04:34:45.956431 +00:00,14.0,9371.0,31.0,0.0,0.0,9371.0,4.0,2342.75,100.0,50.0,0.0,0.0
5ucdDlzpEQ,GB,39.0,Women,2025-03-22 15:44:04.530215 +00:00,1.0,753.0,5.0,0.0,0.0,753.0,1.0,753.0,50.0,0.0,0.0,1.0
7kysewaMB1,US,41.0,Women,2025-03-02 05:15:43.542825 +00:00,20.0,40690.0,72.0,4.0,1.0,40690.0,7.0,5812.857142857143,100.0,100.0,0.0,1.0
hPNNijipBl,US,39.0,Women,2025-02-28 09:13:51.078212 +00:00,25.0,45032.0,9.0,0.0,0.0,45032.0,7.0,6433.142857142857,100.0,100.0,0.0,1.0
ZvXucX127K,DE,39.0,Men,2025-03-11 18:58:34.843816 +00:00,1.0,1909.0,8.0,0.0,0.0,1909.0,4.0,477.25,100.0,50.0,0.0,1.0
v2FuQuUNfl,US,45.0,Men,2025-02-19 02:47:44.837225 +00:00,57.0,30028.0,185.0,4.4,1.0,30028.0,12.0,2502.3333333333335,100.0,100.0,62.5,1.0
lE8WFSHZxh,DE,39.0,Women,2025-02-24 06:04:08.867957 +00:00,4.0,1683.0,1.0,0.0,0.0,1683.0,3.0,561.0,100.0,25.0,0.0,1.0
dSn1lhAP9q,DE,39.0,Men,2025-03-13 16:45:17.284269 +00:00,8.0,17340.0,6.0,0.0,0.0,17340.0,1.0,17340.0,50.0,0.0,0.0,0.0
cXl7YCKGnl,DE,39.0,Men,2025-03-21 19:36:16.305784 +00:00,6.0,1602.0,5.0,0.0,0.0,1602.0,3.0,534.0,100.0,25.0,0.0,1.0
klDVL1sMGV,DE,39.0,Women,2025-03-22 12:05:08.085724 +00:00,1.0,522.0,8.0,0.0,0.0,522.0,1.0,522.0,50.0,0.0,0.0,1.0
nIq5EqpPfc,DE,39.0,Women,2025-03-31 21:19:29.826950 +00:00,1.0,452.0,5.0,0.0,0.0,452.0,2.0,226.0,100.0,0.0,0.0,1.0
IAfdZ6jNAa,GB,44.0,Men,2025-02-18 03:58:26.964404 +00:00,1.0,1489.0,5.0,0.0,0.0,1489.0,3.0,496.3333333333333,100.0,25.0,0.0,1.0
9nxCHO8nUs,DE,25.0,Men,2025-04-05 13:09:38.812211 +00:00,5.0,3605.0,2.0,0.0,0.0,3605.0,4.0,901.25,100.0,75.0,0.0,0.0
aPksWNakwQ,GB,40.0,Men,2025-03-21 11:49:00.904922 +00:00,7.0,13178.0,13.0,0.0,0.0,13178.0,4.0,3294.5,100.0,50.0,0.0,0.0
0O94YqunoV,JP,39.0,Women,2025-03-08 10:52:27.468879 +00:00,58.0,78197.0,142.0,0.0,0.0,78197.0,7.0,11171.0,100.0,100.0,0.0,1.0
010IzufCfQ,DE,45.0,Women,2025-03-26 17:27:44.577056 +00:00,23.0,73541.0,33.0,0.0,0.0,73541.0,7.0,10505.857142857143,100.0,100.0,0.0,0.0
Y58KpLabvf,GB,40.0,Women,2025-03-07 01:11:46.213496 +00:00,1.0,16.0,5.0,0.0,0.0,16.0,1.0,16.0,50.0,0.0,0.0,1.0
c4P8cLu3qV,US,39.0,Men,2025-03-07 06:09:26.233118 +00:00,2.0,3675.0,1.0,0.0,0.0,3675.0,3.0,1225.0,100.0,25.0,0.0,1.0
MQstWiIMpf,DE,41.0,Men,2025-02-12 19:51:42.178037 +00:00,60.0,145298.0,38.0,0.0,0.0,145298.0,8.0,18162.25,100.0,100.0,12.5,1.0
Gr8RqNkWG2,US,39.0,Men,2025-02-18 04:40:10.919792 +00:00,1.0,1820.0,1.0,0.0,0.0,1820.0,2.0,910.0,100.0,0.0,0.0,1.0
8fmJgWEAwJ,US,61.0,Men,2025-02-23 05:09:18.914868 +00:00,3.0,132.0,1.0,0.0,0.0,132.0,3.0,44.0,100.0,25.0,0.0,1.0
z4j7sLOzs3,US,41.0,Men,2025-03-02 04:21:13.700955 +00:00,45.0,46648.0,9.0,0.0,0.0,46648.0,5.0,9329.6,100.0,75.0,0.0,1.0
YkV7ojIgjj,US,37.0,Men,2025-02-22 18:33:17.869285 +00:00,56.0,46861.0,1.0,0.0,0.0,46861.0,8.0,5857.625,100.0,100.0,12.5,1.0
tmCqloSmkk,US,38.0,Men,2025-01-30 15:54:54.420585 +00:00,6.0,15336.0,1.0,0.0,0.0,15336.0,4.0,3834.0,100.0,50.0,0.0,1.0
XJJJR0UA2Q,GB,36.0,Men,2025-03-31 12:16:14.982612 +00:00,1.0,535.0,5.0,0.0,0.0,535.0,1.0,535.0,50.0,0.0,0.0,1.0
8nduLq3n70,GB,43.0,Women,2025-03-13 09:12:39.077369 +00:00,88.0,194177.0,429.0,0.0,0.0,194177.0,9.0,21575.222222222223,100.0,100.0,37.5,0.0
3rjE2dcKQM,DE,53.0,Men,2025-03-15 15:35:41.031665 +00:00,112.0,289202.0,921.0,0.0,0.0,289202.0,6.0,48200.333333333336,100.0,100.0,0.0,1.0
tN2NTtRXz7,US,39.0,Women,2025-03-12 03:34:53.498716 +00:00,23.0,31577.0,17.0,0.0,0.0,31577.0,5.0,6315.4,100.0,75.0,0.0,1.0
luzufkoUEW,DE,38.0,Men,2025-03-16 10:35:56.891744 +00:00,114.0,78332.0,34.0,0.0,0.0,78688.0,10.0,7868.8,100.0,100.0,37.5,0.0
wN5jvr8tvf,US,37.0,Women,2025-03-10 02:31:22.417382 +00:00,4.0,4081.0,5.0,0.0,0.0,4081.0,3.0,1360.3333333333333,100.0,25.0,0.0,1.0
bZ6fX4dgmQ,US,39.0,Women,2025-02-17 05:46:39.863755 +00:00,52.0,36494.0,1.0,0.0,0.0,36494.0,7.0,5213.428571428572,100.0,100.0,0.0,1.0
zYncGqwpWu,DE,39.0,Men,2025-04-02 11:18:05.132966 +00:00,12.0,64024.0,120.0,0.0,0.0,64024.0,7.0,9146.285714285714,100.0,100.0,12.5,0.0
ofCaa0xzuU,US,49.0,Women,2025-02-14 01:23:27.914335 +00:00,21.0,36273.0,1.0,4.0,1.0,36273.0,4.0,9068.25,100.0,25.0,0.0,1.0
mQxKYSe0xe,US,35.0,Men,2025-03-16 06:58:38.649801 +00:00,4.0,4330.0,6.0,0.0,0.0,4330.0,3.0,1443.3333333333333,100.0,25.0,0.0,1.0
8nDKi5NT65,JP,39.0,Women,2025-03-07 14:05:50.190002 +00:00,181.0,143239.0,771.0,2.0,1.0,143239.0,11.0,13021.727272727272,100.0,100.0,50.0,0.0
ZEDHa5NtRi,US,45.0,Men,2025-03-09 09:23:42.082428 +00:00,1.0,1134.0,5.0,0.0,0.0,1134.0,3.0,378.0,100.0,25.0,0.0,1.0
0VmxY6LBHl,JP,38.0,Women,2025-03-11 05:58:07.447317 +00:00,2.0,584.0,8.0,0.0,0.0,584.0,3.0,194.66666666666663,100.0,25.0,0.0,1.0
oaOSH5C2ed,US,48.0,Women,2025-03-16 03:09:38.466944 +00:00,6.0,4237.0,1.0,0.0,0.0,4237.0,3.0,1412.3333333333333,100.0,25.0,0.0,1.0
CuwrKVjDno,US,39.0,Men,2025-02-14 01:53:36.924739 +00:00,19.0,23067.0,1.0,0.0,0.0,23067.0,5.0,4613.4,100.0,50.0,0.0,1.0
wGNBY3hyLl,DE,36.0,Women,2025-02-26 02:00:48.105414 +00:00,22.0,14386.0,2.0,26.0,5.0,14386.0,1.0,14386.0,50.0,0.0,0.0,1.0
ZTf8YuEndI,US,42.0,Women,2025-03-01 13:40:05.456853 +00:00,13.0,26199.0,1.0,0.0,0.0,26199.0,4.0,6549.75,100.0,50.0,0.0,1.0
ZpfeFgD8eU,DE,29.0,Men,2025-03-22 19:23:01.875771 +00:00,12.0,16109.0,1.0,0.0,0.0,16109.0,5.0,3221.8,100.0,75.0,0.0,1.0
HAQH17wi7X,US,39.0,Women,2025-02-01 00:45:29.717102 +00:00,5.0,858.0,5.0,4.4,1.0,858.0,3.0,286.0,100.0,25.0,0.0,1.0
qfQGrY73TZ,DE,42.0,Men,2025-03-12 13:18:31.791996 +00:00,77.0,70064.0,7.0,74.0,21.0,70064.0,9.0,7784.888888888889,100.0,100.0,37.5,1.0
Ul2VKUu8Iv,US,24.0,Men,2025-02-26 02:04:58.595222 +00:00,14.0,5841.0,6.0,20.0,3.0,5841.0,3.0,1947.0,100.0,25.0,0.0,1.0
Q13Y80ISwx,DE,44.0,Women,2025-02-26 01:27:34.052032 +00:00,3.0,141.0,1.0,0.0,0.0,141.0,2.0,70.5,100.0,0.0,0.0,1.0
OBxwd4vU0M,DE,44.0,Women,2025-03-04 18:52:27.716051 +00:00,6.0,5987.0,14.0,0.0,0.0,5987.0,5.0,1197.4,100.0,75.0,0.0,1.0
AYNw9ugZE4,DE,39.0,Men,2025-03-12 18:52:15.582726 +00:00,6.0,7770.0,5.0,0.0,0.0,7770.0,4.0,1942.5,100.0,50.0,0.0,1.0
Eler8nsFpF,US,35.0,Women,2025-03-10 01:11:37.444449 +00:00,2.0,1192.0,2.0,0.0,0.0,1192.0,2.0,596.0,100.0,0.0,0.0,1.0
YAUKHNLOUZ,GB,49.0,Men,2025-03-08 09:44:50.785474 +00:00,28.0,30030.0,16.0,49.0,14.0,30030.0,7.0,4290.0,100.0,100.0,12.5,1.0
YhWXvzlCcL,DE,33.0,Women,2025-03-14 12:23:19.289889 +00:00,35.0,58052.0,231.0,4.0,1.0,58052.0,6.0,9675.333333333334,100.0,75.0,0.0,1.0
dE39INbvHi,GB,47.0,Men,2025-02-14 14:56:34.079770 +00:00,108.0,236351.0,205.0,0.0,0.0,236351.0,11.0,21486.454545454544,100.0,100.0,50.0,0.0
pnppvVuwYK,GB,49.0,Women,2025-03-20 08:09:31.985418 +00:00,63.0,113082.0,258.0,19.6,5.0,113082.0,9.0,12564.666666666666,100.0,100.0,25.0,0.0
VxYzbSw6h0,US,66.0,Women,2025-03-04 09:19:12.438533 +00:00,9.0,24534.0,165.0,26.0,5.0,24534.0,8.0,3066.75,100.0,100.0,12.5,1.0
eIgsc1hXUC,DE,37.0,Men,2025-03-12 08:57:47.754594 +00:00,4.0,3584.0,1.0,0.0,0.0,3584.0,3.0,1194.6666666666667,100.0,25.0,0.0,1.0
R6GbtsgqYw,DE,39.0,Men,2025-02-23 10:38:47.983882 +00:00,10.0,14428.0,4.0,0.0,0.0,14428.0,5.0,2885.6,100.0,75.0,0.0,1.0
9YkifKM0hD,DE,18.0,Women,2025-03-04 19:45:19.976509 +00:00,3.0,1047.0,5.0,0.0,0.0,1047.0,4.0,261.75,100.0,50.0,0.0,1.0
QT3GDFcKup,GB,58.0,Women,2025-02-20 13:40:56.780355 +00:00,141.0,209073.0,721.0,16.8,4.0,209073.0,13.0,16082.53846153846,100.0,100.0,75.0,1.0
yZIVNov2bC,DE,48.0,Women,2025-03-07 02:10:54.563378 +00:00,2.0,4215.0,1.0,0.0,0.0,4215.0,3.0,1405.0,100.0,25.0,0.0,1.0
LU9RCJmyxK,DE,39.0,Men,2025-03-14 12:52:54.613060 +00:00,44.0,126685.0,444.0,0.0,0.0,126685.0,10.0,12668.5,100.0,100.0,37.5,0.0
8Twccw0Nic,GB,39.0,Women,2025-03-28 10:11:00.250575 +00:00,18.0,30955.0,14.0,0.0,0.0,30955.0,5.0,6191.0,100.0,75.0,0.0,0.0
MsNcelv9g7,US,69.0,Women,2025-03-13 06:31:53.915230 +00:00,1.0,262.0,1.0,0.0,0.0,262.0,1.0,262.0,50.0,0.0,0.0,1.0
e77eAZ9XxI,DE,45.0,Men,2025-04-05 11:37:39.421068 +00:00,1.0,135.0,5.0,0.0,0.0,135.0,1.0,135.0,50.0,0.0,0.0,0.0
vNKIuYa4L9,US,42.0,Men,2025-03-13 07:49:12.307205 +00:00,4.0,6069.0,4.0,0.0,0.0,6069.0,2.0,3034.5,100.0,0.0,0.0,1.0
hJk0wpqnPL,DE,39.0,Men,2025-03-23 03:55:08.510373 +00:00,8.0,18897.0,44.0,0.0,0.0,18897.0,5.0,3779.4,100.0,50.0,0.0,1.0
bDAanw74he,US,39.0,Women,2025-02-24 03:38:44.408344 +00:00,11.0,18242.0,1.0,0.0,0.0,18242.0,4.0,4560.5,100.0,50.0,0.0,1.0
xKCtytEKmW,DE,39.0,Men,2025-02-24 11:00:43.255908 +00:00,51.0,79226.0,5.0,0.0,0.0,79226.0,4.0,19806.5,100.0,25.0,0.0,1.0
wtiA8V5AmU,US,44.0,Women,2025-02-07 02:49:29.496671 +00:00,10.0,21901.0,10.0,4.4,1.0,21901.0,6.0,3650.1666666666665,100.0,75.0,0.0,1.0
gybxBeUmVb,GB,42.0,Women,2025-03-04 20:24:06.354549 +00:00,75.0,217737.0,261.0,2.8,1.0,219091.0,10.0,21909.1,100.0,100.0,37.5,0.0
BtJdCMOOlu,GB,36.0,Women,2025-02-18 13:08:52.631495 +00:00,10.0,9821.0,2.0,2.8,1.0,9821.0,6.0,1636.8333333333333,100.0,75.0,0.0,1.0
s9Iw2xnd5M,DE,29.0,Men,2025-03-12 10:25:48.781036 +00:00,23.0,18809.0,13.0,0.0,0.0,18809.0,2.0,9404.5,100.0,0.0,0.0,1.0
g2nbaRTdTs,US,39.0,Men,2025-03-04 04:44:12.655974 +00:00,1.0,391.0,5.0,0.0,0.0,391.0,1.0,391.0,50.0,0.0,0.0,1.0
RtsQkXNTfX,DE,19.0,Women,2025-03-01 11:47:01.957183 +00:00,87.0,30491.0,60.0,0.0,0.0,30491.0,9.0,3387.8888888888887,100.0,100.0,25.0,1.0
Atfataa1hg,US,35.0,Women,2025-02-28 00:10:29.339509 +00:00,1.0,4924.0,1.0,0.0,0.0,4924.0,3.0,1641.3333333333333,100.0,25.0,0.0,1.0
0I9fmOU6Z0,US,39.0,Women,2025-02-15 01:18:11.847168 +00:00,4.0,1978.0,19.0,0.0,0.0,1978.0,3.0,659.3333333333334,100.0,25.0,0.0,1.0
PrRTxNJds7,DE,28.0,Men,2025-03-01 21:24:51.780195 +00:00,4.0,2009.0,5.0,4.4,1.0,2009.0,3.0,669.6666666666666,100.0,25.0,0.0,1.0
zF5BGWwpuO,GB,51.0,Men,2025-02-15 22:51:07.653336 +00:00,2.0,2508.0,1.0,0.0,0.0,2508.0,2.0,1254.0,100.0,0.0,0.0,1.0
Zshmz15t6S,GB,43.0,Women,2025-04-03 16:19:12.325498 +00:00,1.0,1240.0,2.0,0.0,0.0,1240.0,2.0,620.0,100.0,0.0,0.0,0.0
64kGplUriZ,US,27.0,Women,2025-03-11 01:21:51.553773 +00:00,2.0,3088.0,1.0,0.0,0.0,3088.0,3.0,1029.3333333333333,100.0,25.0,0.0,1.0
1iBndmgKSU,GB,37.0,Women,2025-03-24 10:40:31.125603 +00:00,1.0,805.0,1.0,0.0,0.0,805.0,2.0,402.5,100.0,0.0,0.0,1.0
TubhM8f3sJ,US,31.0,Women,2025-02-20 14:00:04.646614 +00:00,7.0,6140.0,1.0,0.0,0.0,6140.0,3.0,2046.6666666666667,100.0,25.0,0.0,1.0
WnnOK0Gpgg,US,36.0,Men,2025-02-09 07:45:06.619910 +00:00,18.0,25376.0,1.0,0.0,0.0,25376.0,5.0,5075.2,100.0,50.0,0.0,1.0
S7EZNSrqam,US,64.0,Men,2025-02-17 05:59:08.873283 +00:00,4.0,1859.0,1.0,0.0,0.0,1859.0,2.0,929.5,100.0,0.0,0.0,1.0
3YzTMKinYo,GB,33.0,Men,2025-03-11 06:05:02.510083 +00:00,74.0,251503.0,286.0,19.599998,5.0,251503.0,10.0,25150.3,100.0,100.0,37.5,0.0
lVqTvOxbVq,US,59.0,Men,2025-02-14 01:45:15.399505 +00:00,182.0,223192.0,394.0,4.0,1.0,223192.0,1.0,223192.0,100.0,0.0,0.0,0.0
N2ltQrASZW,DE,39.0,Men,2025-04-05 05:16:51.513675 +00:00,2.0,701.0,1.0,0.0,0.0,701.0,1.0,701.0,50.0,0.0,0.0,0.0
bwD5ipXB0H,GB,29.0,Women,2025-03-10 21:16:24.706669 +00:00,4.0,5636.0,5.0,0.0,0.0,5636.0,4.0,1409.0,100.0,50.0,0.0,1.0
dwKwbAmhDB,GB,44.0,Women,2025-04-04 18:56:11.634637 +00:00,3.0,3408.0,9.0,14.0,3.0,3408.0,5.0,681.6,100.0,75.0,0.0,0.0
xAVlz8IWye,US,29.0,Men,2025-02-08 20:32:21.000137 +00:00,18.0,31285.0,1.0,0.0,0.0,31285.0,6.0,5214.166666666667,100.0,75.0,0.0,1.0
CJi0tuFH0j,US,39.0,Men,2025-02-21 14:29:45.943475 +00:00,136.0,393896.0,531.0,10.0,2.0,393896.0,9.0,43766.22222222222,100.0,100.0,25.0,0.0
xdi8MnCBZF,DE,40.0,Women,2025-02-14 11:03:23.427687 +00:00,313.0,483665.0,160.0,0.0,0.0,483665.0,1.0,483665.0,50.0,0.0,0.0,1.0
WYpXxGtaJ3,JP,32.0,Women,2025-03-18 11:18:28.833481 +00:00,33.0,27870.0,78.0,6.2999997,3.0,27870.0,9.0,3096.6666666666665,100.0,100.0,25.0,0.0
EOP9TpLkwD,GB,53.0,Men,2025-02-22 09:14:03.481830 +00:00,2.0,863.0,5.0,0.0,0.0,863.0,1.0,863.0,50.0,0.0,0.0,1.0
4TJ8cuvLKM,DE,48.0,Women,2025-03-09 08:55:23.665217 +00:00,14.0,40244.0,73.0,0.0,0.0,40244.0,7.0,5749.142857142857,100.0,100.0,0.0,1.0
IGZf3csOTg,JP,27.0,Women,2025-03-13 08:35:06.348329 +00:00,17.0,27085.0,109.0,0.0,0.0,27085.0,6.0,4514.166666666667,100.0,75.0,0.0,1.0
dLY1bfWGyY,GB,39.0,Women,2025-03-14 16:07:32.995671 +00:00,38.0,19777.0,26.0,0.0,0.0,19777.0,5.0,3955.4,100.0,75.0,0.0,0.0
HHm4Fw5llE,GB,39.0,Men,2025-02-23 18:26:51.619826 +00:00,1.0,665.0,5.0,0.0,0.0,665.0,1.0,665.0,50.0,0.0,0.0,1.0
9VRiK5IuzN,DE,52.0,Men,2025-03-12 15:08:30.427062 +00:00,38.0,28703.0,66.0,0.0,0.0,28703.0,3.0,9567.666666666666,100.0,0.0,0.0,0.0
WzR4uCBM9L,GB,22.0,Men,2025-02-17 19:28:29.261736 +00:00,12.0,32840.0,1.0,2.8,1.0,32840.0,7.0,4691.428571428572,100.0,100.0,0.0,1.0
tKQcoiZQPX,US,39.0,Women,2025-02-02 02:08:58.228359 +00:00,8.0,17039.0,1.0,0.0,0.0,17039.0,5.0,3407.8,100.0,50.0,0.0,1.0
psrezRHz56,US,30.0,Women,2025-03-12 02:17:24.473599 +00:00,6.0,10530.0,31.0,0.0,0.0,10530.0,5.0,2106.0,100.0,50.0,0.0,1.0
CGKWooygzz,GB,47.0,Women,2025-02-19 16:28:23.214690 +00:00,189.0,252837.0,625.0,2.8,1.0,252837.0,11.0,22985.18181818182,100.0,100.0,62.5,0.0
F0jjsQ3XfJ,DE,39.0,Men,2025-03-07 06:12:26.879331 +00:00,55.0,64484.0,101.0,4.0,1.0,64484.0,9.0,7164.888888888889,100.0,100.0,25.0,0.0
xl6K14oXyS,US,25.0,Women,2025-02-11 03:17:57.746776 +00:00,3.0,1993.0,5.0,0.0,0.0,1993.0,1.0,1993.0,50.0,0.0,0.0,1.0
TFlBGmMkFA,US,39.0,Women,2025-02-13 17:02:57.326581 +00:00,2.0,3786.0,1.0,0.0,0.0,3786.0,2.0,1893.0,100.0,0.0,0.0,1.0
kbY7YO3vsX,GB,35.0,Men,2025-02-26 12:49:38.944636 +00:00,63.0,119698.0,14.0,0.0,0.0,119698.0,8.0,14962.25,100.0,100.0,25.0,0.0
Eyd5fhjSMi,DE,18.0,Women,2025-02-26 17:10:51.705370 +00:00,2.0,500.0,5.0,0.0,0.0,500.0,1.0,500.0,50.0,0.0,0.0,1.0
bLhNmBrDsr,US,33.0,Women,2025-02-16 11:52:15.219893 +00:00,6.0,2278.0,1.0,0.0,0.0,2278.0,3.0,759.3333333333334,100.0,25.0,0.0,1.0
GiP0iwUacj,DE,33.0,Women,2025-03-11 09:35:42.268965 +00:00,31.0,59307.0,213.0,0.0,0.0,59307.0,7.0,8472.42857142857,100.0,100.0,0.0,0.0
rsRBVyet7S,US,39.0,Men,2025-03-11 02:51:22.512328 +00:00,7.0,11794.0,2.0,0.0,0.0,11794.0,3.0,3931.3333333333335,100.0,25.0,0.0,1.0
Vvm5X5SoxB,US,46.0,Women,2025-03-13 06:52:33.418863 +00:00,29.0,33075.0,128.0,23.0,4.0,33075.0,5.0,6615.0,100.0,50.0,0.0,0.0
3kEgYnqLNv,US,45.0,Women,2025-03-03 04:16:14.272511 +00:00,56.0,30470.0,1.0,4.0,1.0,30470.0,7.0,4352.857142857143,100.0,100.0,0.0,1.0
bZxVDLrikr,DE,52.0,Men,2025-03-12 12:14:21.283123 +00:00,96.0,137528.0,227.0,0.0,0.0,137528.0,10.0,13752.8,100.0,100.0,37.5,0.0
CYUusqpyFB,US,37.0,Men,2025-02-22 18:57:07.479969 +00:00,3.0,12017.0,1.0,4.0,1.0,12017.0,4.0,3004.25,100.0,50.0,0.0,1.0
Zq0wzBbUdV,GB,25.0,Men,2025-03-23 09:09:08.308832 +00:00,5.0,4255.0,5.0,0.0,0.0,4255.0,4.0,1063.75,100.0,50.0,0.0,1.0
i3pEH8UGVP,GB,42.0,Women,2025-03-20 10:19:06.983493 +00:00,55.0,44084.0,69.0,0.0,0.0,44084.0,8.0,5510.5,100.0,100.0,12.5,0.0
s5FfGUkQTc,DE,46.0,Men,2025-03-16 09:54:10.804856 +00:00,8.0,7018.0,69.0,0.0,0.0,7018.0,6.0,1169.6666666666667,100.0,75.0,0.0,1.0
GdY95GFdkU,GB,52.0,Men,2025-03-28 17:11:39.979972 +00:00,21.0,48444.0,109.0,0.0,0.0,48444.0,6.0,8074.0,100.0,75.0,0.0,0.0
Zd7cBjWLVD,US,49.0,Men,2025-02-26 18:01:02.368988 +00:00,99.0,140898.0,285.0,0.0,0.0,142348.0,9.0,15816.444444444443,100.0,100.0,25.0,0.0
SKffivGjBV,US,39.0,Women,2025-02-26 14:38:38.674540 +00:00,55.0,73754.0,67.0,4.0,1.0,73754.0,7.0,10536.285714285714,100.0,100.0,0.0,1.0
8XoHPl7YWd,US,37.0,Women,2025-03-07 10:15:11.346207 +00:00,2.0,7956.0,5.0,0.0,0.0,7956.0,2.0,3978.0,100.0,0.0,0.0,1.0
gpTcrw5PSp,US,46.0,Men,2025-01-30 17:35:27.660722 +00:00,13.0,11010.0,1.0,4.0,1.0,11010.0,4.0,2752.5,100.0,25.0,0.0,1.0
1vC4mbbWZI,DE,25.0,Men,2025-02-18 08:26:39.398974 +00:00,84.0,61711.0,75.0,4.0,1.0,61711.0,10.0,6171.1,100.0,100.0,50.0,0.0
ZvgDP0Wjj0,GB,45.0,Men,2025-03-30 13:26:50.538339 +00:00,26.0,30465.0,5.0,0.0,0.0,34044.0,5.0,6808.8,100.0,100.0,0.0,0.0
2lDFuqeGwc,DE,48.0,Men,2025-03-13 23:19:48.445236 +00:00,48.0,198238.0,343.0,20.0,3.0,198238.0,9.0,22026.444444444445,100.0,100.0,25.0,1.0
tJikbw3I2y,DE,39.0,Women,2025-02-12 19:40:28.641268 +00:00,14.0,28078.0,1.0,0.0,0.0,28078.0,7.0,4011.142857142858,100.0,100.0,0.0,1.0
hfWc38o1vP,GB,32.0,Men,2025-03-05 16:12:17.267784 +00:00,22.0,14720.0,2.0,2.8,1.0,14720.0,5.0,2944.0,100.0,75.0,0.0,1.0
kMwMrh2o0N,US,29.0,Women,2025-02-08 01:06:07.096578 +00:00,1.0,0.0,1.0,4.0,1.0,0.0,3.0,0.0,100.0,25.0,0.0,1.0
m4O7DKqTGf,GB,39.0,Men,2025-02-25 19:53:05.618121 +00:00,12.0,6542.0,1.0,2.8,1.0,6542.0,5.0,1308.4,100.0,75.0,0.0,1.0
GIry7jyb4C,US,39.0,Women,2025-02-09 07:00:54.974651 +00:00,2.0,167.0,5.0,0.0,0.0,167.0,1.0,167.0,50.0,0.0,0.0,1.0
YQ4XSYqGkM,US,43.0,Men,2025-03-10 05:43:54.685532 +00:00,4.0,1566.0,5.0,0.0,0.0,1566.0,1.0,1566.0,50.0,0.0,0.0,1.0
F1SyOqUNWg,GB,19.0,Women,2025-02-19 20:00:35.383207 +00:00,2.0,1494.0,5.0,0.0,0.0,1494.0,3.0,498.0,100.0,25.0,0.0,1.0
P12sT96Ljr,DE,49.0,Women,2025-03-25 18:08:44.742169 +00:00,7.0,16373.0,127.0,0.0,0.0,16373.0,5.0,3274.6,100.0,50.0,0.0,0.0
Yf7SFYwUl7,US,39.0,Women,2025-03-10 01:01:12.276267 +00:00,1.0,1118.0,5.0,0.0,0.0,1118.0,1.0,1118.0,50.0,0.0,0.0,1.0
upLduvZRWH,DE,42.0,Men,2025-02-17 08:32:52.072115 +00:00,15.0,7610.0,1.0,0.0,0.0,7610.0,5.0,1522.0,100.0,75.0,0.0,1.0
zOvxF04Pha,JP,40.0,Men,2025-03-20 00:24:42.335591 +00:00,26.0,27713.0,107.0,1.4,1.0,27713.0,6.0,4618.833333333333,100.0,75.0,0.0,1.0
oF7cS1c9bM,DE,29.0,Men,2025-02-25 09:19:52.554915 +00:00,4.0,2518.0,1.0,4.0,1.0,2518.0,3.0,839.3333333333334,100.0,25.0,0.0,1.0
GvON2wp2kn,US,55.0,Women,2025-03-17 04:06:01.436183 +00:00,11.0,4731.0,1.0,23.0,4.0,4731.0,2.0,2365.5,100.0,0.0,0.0,1.0
cwrRb1U3N8,GB,22.0,Men,2025-02-16 00:58:08.913714 +00:00,11.0,8303.0,1.0,0.0,0.0,8303.0,4.0,2075.75,100.0,50.0,0.0,1.0
qbdJfSW57l,US,42.0,Women,2025-03-17 02:14:32.475667 +00:00,1.0,408.0,9.0,0.0,0.0,408.0,2.0,204.0,100.0,0.0,0.0,1.0
DiRxoZDmpd,DE,25.0,Women,2025-04-05 07:55:06.215702 +00:00,2.0,663.0,5.0,0.0,0.0,663.0,2.0,331.5,100.0,0.0,0.0,0.0
4lHAcBiI2a,DE,39.0,Women,2025-03-15 07:36:42.039463 +00:00,9.0,14771.0,23.0,0.0,0.0,14771.0,6.0,2461.8333333333335,100.0,100.0,0.0,0.0
Xo28utmXV5,US,63.0,Women,2025-02-01 03:59:27.731698 +00:00,1.0,3528.0,5.0,0.0,0.0,3528.0,1.0,3528.0,50.0,0.0,0.0,1.0
qy1xO7GKap,DE,39.0,Men,2025-03-08 18:37:50.671940 +00:00,4.0,4044.0,1.0,0.0,0.0,4044.0,4.0,1011.0,100.0,50.0,0.0,1.0
gluoUlOFIM,DE,33.0,Men,2025-02-19 14:15:55.096844 +00:00,1.0,670.0,5.0,0.0,0.0,670.0,1.0,670.0,50.0,0.0,0.0,1.0
rt42UBkKlG,DE,41.0,Men,2025-03-23 03:05:53.074769 +00:00,41.0,49351.0,13.0,0.0,0.0,49351.0,7.0,7050.142857142857,100.0,100.0,12.5,0.0
9OlQ5Ygvpj,US,20.0,Women,2025-02-17 08:55:45.249355 +00:00,34.0,118107.0,8.0,84.30002,22.0,118107.0,7.0,16872.428571428572,100.0,100.0,12.5,1.0
8VXPtoHydZ,US,41.0,Women,2025-03-01 09:22:17.588071 +00:00,10.0,57045.0,5.0,0.0,0.0,57045.0,4.0,14261.25,100.0,50.0,0.0,1.0
OAK7yhFviL,DE,34.0,Women,2025-03-17 16:47:47.134946 +00:00,42.0,47239.0,41.0,0.0,0.0,47239.0,7.0,6748.428571428572,100.0,100.0,0.0,1.0
FJylGmNzlq,DE,39.0,Women,2025-03-15 15:33:13.971648 +00:00,2.0,466.0,1.0,0.0,0.0,466.0,1.0,466.0,50.0,0.0,0.0,1.0
0aYzbIIm8U,GB,44.0,Women,2025-03-10 12:39:27.645145 +00:00,143.0,103572.0,255.0,0.0,0.0,103572.0,10.0,10357.2,100.0,100.0,37.5,0.0
4GoX8Q7VZF,US,39.0,Women,2025-01-31 00:35:46.815210 +00:00,1.0,1084.0,1.0,0.0,0.0,1084.0,3.0,361.3333333333333,100.0,25.0,0.0,1.0
mksOlRlVic,DE,37.0,Men,2025-03-22 10:21:42.919647 +00:00,9.0,5289.0,6.0,0.0,0.0,5289.0,4.0,1322.25,100.0,50.0,0.0,1.0
sfrXCda0zE,DE,29.0,Men,2025-02-12 17:39:37.961021 +00:00,99.0,117191.0,6.0,0.0,0.0,117191.0,8.0,14648.875,100.0,100.0,12.5,0.0
iH082z52Fy,US,46.0,Men,2025-02-23 09:30:46.809793 +00:00,13.0,16854.0,23.0,0.0,0.0,16854.0,5.0,3370.8,100.0,75.0,0.0,0.0
xkt0x3Eu9L,GB,54.0,Women,2025-03-22 14:20:42.942661 +00:00,2.0,4967.0,2.0,0.0,0.0,4967.0,1.0,4967.0,50.0,0.0,0.0,1.0
2lQ8UDZZjA,DE,20.0,Women,2025-02-18 12:01:12.128301 +00:00,8.0,3203.0,5.0,0.0,0.0,3203.0,5.0,640.6,100.0,75.0,0.0,1.0
c4PAc2pa6l,US,39.0,Women,2025-03-03 01:06:32.455805 +00:00,1.0,1543.0,70.0,0.0,0.0,1543.0,2.0,771.5,100.0,0.0,0.0,1.0
xofYQxn4Rj,GB,20.0,Men,2025-03-14 07:44:18.709747 +00:00,13.0,28351.0,90.0,7.0,2.0,28351.0,6.0,4725.166666666667,100.0,75.0,0.0,0.0
wOUba8ybQP,US,38.0,Women,2025-02-12 21:04:26.363176 +00:00,4.0,5502.0,5.0,0.0,0.0,5502.0,4.0,1375.5,100.0,50.0,0.0,1.0
3WcN5KBxGx,JP,39.0,Women,2025-03-05 01:24:26.500718 +00:00,11.0,31867.0,10.0,0.0,0.0,31867.0,3.0,10622.333333333334,100.0,25.0,0.0,1.0
TwJmhm9P9k,JP,39.0,Women,2025-03-12 13:11:05.359821 +00:00,17.0,28598.0,50.0,0.0,0.0,28598.0,6.0,4766.333333333333,100.0,75.0,0.0,1.0
hZ492yCEwZ,US,25.0,Men,2025-02-07 19:58:04.859363 +00:00,6.0,8027.0,1.0,0.0,0.0,8027.0,4.0,2006.75,100.0,50.0,0.0,1.0
3YUKLMEfZj,DE,39.0,Women,2025-02-16 09:06:49.508310 +00:00,59.0,41870.0,1.0,4.0,1.0,41870.0,6.0,6978.333333333333,100.0,100.0,0.0,1.0
uB88cbbEW7,US,39.0,Women,2025-02-09 12:22:56.087799 +00:00,1.0,1491.0,5.0,0.0,0.0,1491.0,2.0,745.5,100.0,0.0,0.0,1.0
YOF2qfz1bG,GB,43.0,Women,2025-02-28 17:24:06.059263 +00:00,3.0,1874.0,1.0,0.0,0.0,1874.0,5.0,374.8,100.0,75.0,0.0,1.0
CIVBYuIWnB,GB,31.0,Women,2025-02-23 10:17:54.545228 +00:00,69.0,155579.0,139.0,0.0,0.0,155579.0,9.0,17286.555555555555,100.0,100.0,25.0,0.0
f6O6Es8qsj,GB,39.0,Men,2025-03-05 06:10:22.677002 +00:00,6.0,7223.0,1.0,0.0,0.0,7223.0,4.0,1805.75,100.0,50.0,0.0,1.0
2BVMdghjsN,DE,39.0,Men,2025-03-01 11:50:10.931856 +00:00,88.0,78068.0,334.0,0.0,0.0,78068.0,10.0,7806.8,100.0,100.0,37.5,1.0
haRisDrijf,US,39.0,Women,2025-01-30 17:45:13.036942 +00:00,87.0,240918.0,168.0,0.0,0.0,240918.0,9.0,26768.666666666668,100.0,100.0,25.0,0.0
ZvtGeefGQF,DE,39.0,Men,2025-02-22 11:41:06.095908 +00:00,40.0,44399.0,2.0,0.0,0.0,44399.0,6.0,7399.833333333333,100.0,100.0,0.0,1.0
yLO0u3n7pa,DE,34.0,Men,2025-03-04 08:19:27.919101 +00:00,48.0,42730.0,58.0,0.0,0.0,42730.0,7.0,6104.285714285715,100.0,100.0,0.0,1.0
mMHycl5CxB,GB,45.0,Women,2025-03-14 12:18:54.405810 +00:00,10.0,23996.0,10.0,0.0,0.0,23996.0,4.0,5999.0,100.0,50.0,0.0,0.0
p3XXPpwewR,DE,36.0,Men,2025-03-30 08:37:42.307728 +00:00,2.0,1467.0,2.0,0.0,0.0,1467.0,4.0,366.75,100.0,50.0,0.0,1.0
ZC7EEzy83e,DE,39.0,Women,2025-03-27 19:33:13.926756 +00:00,8.0,3974.0,5.0,0.0,0.0,3974.0,4.0,993.5,100.0,50.0,0.0,1.0
D3XZQ28qbB,US,58.0,Men,2025-03-09 02:57:14.304562 +00:00,146.0,138280.0,478.0,20.0,3.0,138280.0,9.0,15364.444444444443,100.0,100.0,25.0,0.0
JVwbXRgYLL,US,25.0,Women,2025-02-08 12:16:48.987449 +00:00,50.0,71300.0,1.0,0.0,0.0,71300.0,5.0,14260.0,100.0,75.0,0.0,0.0
3Oz2CmNFi3,DE,39.0,Men,2025-03-21 12:36:13.176736 +00:00,2.0,3374.0,8.0,0.0,0.0,3374.0,3.0,1124.6666666666667,100.0,25.0,0.0,1.0
0uC98ku0tc,DE,35.0,Men,2025-03-10 22:53:17.154743 +00:00,2.0,1679.0,5.0,0.0,0.0,1679.0,3.0,559.6666666666666,100.0,25.0,0.0,1.0
qoCBqGoHVl,DE,40.0,Women,2025-02-19 09:27:47.621525 +00:00,7.0,8101.0,1.0,0.0,0.0,8101.0,1.0,8101.0,0.0,0.0,0.0,1.0
09I2Wsze20,GB,51.0,Men,2025-03-16 08:33:51.254249 +00:00,8.0,6921.0,35.0,7.0,2.0,6921.0,6.0,1153.5,100.0,75.0,0.0,1.0
V6niiqR4jh,DE,40.0,Women,2025-03-15 21:32:47.939091 +00:00,59.0,136932.0,225.0,0.0,0.0,136932.0,8.0,17116.5,100.0,100.0,25.0,0.0
XCt1GSu2n7,US,52.0,Men,2025-02-18 05:17:05.989867 +00:00,1.0,3621.0,1.0,0.0,0.0,3621.0,4.0,905.25,100.0,50.0,0.0,1.0
Xe4H4iIukz,GB,39.0,Men,2025-03-20 07:37:42.669306 +00:00,6.0,4904.0,1.0,0.0,0.0,4904.0,4.0,1226.0,100.0,50.0,0.0,1.0
Ylsc2DJgZR,DE,46.0,Women,2025-02-13 06:20:47.665594 +00:00,8.0,4559.0,1.0,4.4,1.0,4559.0,1.0,4559.0,50.0,0.0,0.0,1.0
qe77NIKOiO,GB,32.0,Men,2025-02-16 08:59:06.906466 +00:00,15.0,10812.0,1.0,0.0,0.0,10812.0,4.0,2703.0,100.0,50.0,0.0,1.0
LYUQhURKTc,US,30.0,Women,2025-02-19 00:03:46.473848 +00:00,3.0,17.0,5.0,0.0,0.0,17.0,3.0,5.666666666666667,100.0,25.0,0.0,1.0
sRnMKn9N4g,US,39.0,Women,2025-02-03 02:27:44.660129 +00:00,1.0,124.0,1.0,0.0,0.0,124.0,3.0,41.333333333333336,100.0,25.0,0.0,1.0
OoZ7GGIYV0,DE,18.0,Women,2025-03-14 19:57:43.434645 +00:00,53.0,87191.0,236.0,20.0,3.0,87191.0,10.0,8719.1,100.0,100.0,37.5,1.0
cWeII6W2mx,US,65.0,Women,2025-03-05 02:51:01.198013 +00:00,2.0,5029.0,1.0,0.0,0.0,5029.0,3.0,1676.3333333333333,100.0,25.0,0.0,1.0
zRahkwFG8h,DE,47.0,Women,2025-04-05 18:53:42.579847 +00:00,,,5.0,0.0,0.0,2238.0,2.0,1119.0,100.0,75.0,0.0,0.0
xzztLu2lIl,US,41.0,Men,2025-02-07 02:46:05.625480 +00:00,1.0,1223.0,1.0,0.0,0.0,1223.0,1.0,1223.0,50.0,0.0,0.0,1.0
YT0zlrVvYa,US,41.0,Men,2025-02-21 06:17:36.441870 +00:00,3.0,3964.0,1.0,0.0,0.0,3964.0,2.0,1982.0,100.0,0.0,0.0,1.0
ZtCoM4SFzN,DE,28.0,Men,2025-02-26 08:14:28.521925 +00:00,34.0,46609.0,59.0,20.0,3.0,46609.0,7.0,6658.428571428572,100.0,100.0,0.0,1.0
6nSgEQLwbX,DE,37.0,Men,2025-03-01 07:56:17.910349 +00:00,20.0,47453.0,81.0,4.0,1.0,47453.0,10.0,4745.3,100.0,100.0,37.5,1.0
uKyfcGdgFc,DE,31.0,Men,2025-03-23 12:59:07.579719 +00:00,12.0,22037.0,57.0,0.0,0.0,22037.0,6.0,3672.8333333333335,100.0,75.0,0.0,1.0
tH2EUvBK2R,GB,52.0,Women,2025-02-12 20:28:36.774097 +00:00,3.0,5088.0,1.0,0.0,0.0,5088.0,4.0,1272.0,100.0,50.0,0.0,1.0
aLQUYuYCI6,DE,33.0,Men,2025-04-01 14:49:37.694805 +00:00,1.0,32.0,5.0,0.0,0.0,32.0,1.0,32.0,50.0,0.0,0.0,0.0
j4CGNuaZ9q,DE,34.0,Men,2025-03-11 18:34:55.109205 +00:00,41.0,46780.0,176.0,4.0,1.0,46780.0,8.0,5847.5,100.0,100.0,12.5,1.0
cLeqUB0IWJ,GB,37.0,Women,2025-03-04 19:41:27.411056 +00:00,5.0,1778.0,5.0,0.0,0.0,1778.0,2.0,889.0,100.0,0.0,0.0,1.0
e9tQW6aIob,GB,28.0,Men,2025-03-25 00:39:36.070331 +00:00,2.0,0.0,5.0,0.0,0.0,0.0,2.0,0.0,100.0,0.0,0.0,1.0
pJnmpJTAUh,GB,34.0,Men,2025-03-04 05:23:45.946424 +00:00,80.0,101923.0,4.0,14.0,3.0,101923.0,7.0,14560.42857142857,100.0,100.0,12.5,0.0
oJhTqcQHGv,GB,47.0,Men,2025-02-24 21:54:48.672166 +00:00,287.0,202078.0,518.0,25.2,7.0,202078.0,12.0,16839.833333333332,100.0,100.0,75.0,0.0
kzbaRGlR5A,DE,39.0,Women,2025-04-02 11:42:36.428016 +00:00,7.0,17024.0,26.0,0.0,0.0,17024.0,5.0,3404.8,100.0,75.0,0.0,0.0
ega6wSaArR,DE,36.0,Men,2025-02-16 08:00:53.948415 +00:00,145.0,113474.0,1.0,0.0,0.0,113474.0,7.0,16210.57142857143,100.0,100.0,0.0,1.0
yUHzOziT7E,US,27.0,Men,2025-02-10 18:40:39.695806 +00:00,16.0,20298.0,1.0,0.0,0.0,20298.0,5.0,4059.6,100.0,50.0,0.0,1.0
2osjJwGz9g,DE,26.0,Women,2025-03-31 08:56:17.029304 +00:00,7.0,4185.0,3.0,0.0,0.0,5233.0,3.0,1744.3333333333333,100.0,25.0,0.0,0.0
7RQgSfu3xz,GB,20.0,Men,2025-03-23 01:08:29.849478 +00:00,2.0,6804.0,5.0,0.0,0.0,6804.0,3.0,2268.0,100.0,25.0,0.0,1.0
mJPdNUK2pR,GB,27.0,Women,2025-03-29 06:56:49.752087 +00:00,4.0,111.0,5.0,7.0,2.0,111.0,3.0,37.0,100.0,25.0,0.0,1.0
k8cASWBIDY,GB,46.0,Women,2025-02-21 19:43:47.462942 +00:00,1.0,859.0,5.0,0.0,0.0,859.0,1.0,859.0,50.0,0.0,0.0,1.0
cZJgjiIDcD,DE,35.0,Women,2025-02-12 19:19:24.172331 +00:00,55.0,237151.0,265.0,11.0,2.0,237151.0,11.0,21559.18181818182,100.0,100.0,50.0,0.0
TKZGPUXYQ2,DE,39.0,Men,2025-03-14 17:21:12.210700 +00:00,146.0,59557.0,165.0,0.0,0.0,59557.0,9.0,6617.444444444444,100.0,100.0,25.0,0.0
w3Aqk1ofJ6,US,39.0,Men,2025-02-05 03:08:52.040541 +00:00,1.0,681.0,1.0,0.0,0.0,681.0,2.0,340.5,100.0,0.0,0.0,1.0
BGUHW3tC1F,DE,45.0,Men,2025-03-28 10:18:17.564867 +00:00,5.0,2701.0,1.0,0.0,0.0,2701.0,3.0,900.3333333333334,100.0,25.0,0.0,1.0
H7C6CcyoOZ,US,42.0,Women,2025-02-27 14:14:37.269174 +00:00,102.0,266394.0,712.0,0.0,0.0,266394.0,9.0,29599.333333333332,100.0,100.0,25.0,0.0
sohnS7g7rs,DE,40.0,Women,2025-03-12 02:52:54.847224 +00:00,68.0,49589.0,158.0,34.2,7.0,49589.0,10.0,4958.9,100.0,100.0,37.5,0.0
kzXpzBFs1t,DE,42.0,Men,2025-03-23 08:36:16.293022 +00:00,104.0,58535.0,5.0,0.0,0.0,58892.0,7.0,8413.142857142857,100.0,100.0,12.5,0.0
KLoY7sDCt0,US,26.0,Men,2025-02-18 01:54:37.088919 +00:00,9.0,2524.0,1.0,0.0,0.0,2524.0,4.0,631.0,100.0,50.0,0.0,1.0
ffJaAxRX5c,US,36.0,Men,2025-02-16 00:47:43.709289 +00:00,1.0,6.0,5.0,0.0,0.0,6.0,1.0,6.0,50.0,0.0,0.0,1.0
vJK7csizg1,US,39.0,Men,2025-02-24 18:06:24.087954 +00:00,3.0,7228.0,2.0,0.0,0.0,7228.0,3.0,2409.3333333333335,100.0,25.0,0.0,1.0
1InHpfeTVC,GB,39.0,Men,2025-02-20 08:21:36.565575 +00:00,32.0,154866.0,1.0,3.08,1.0,154866.0,8.0,19358.25,100.0,100.0,12.5,1.0
jXQYxyQDfv,US,76.0,Men,2025-02-12 20:07:33.886699 +00:00,7.0,17117.0,1.0,0.0,0.0,17117.0,6.0,2852.8333333333335,100.0,75.0,0.0,1.0
MRzLeLW85U,DE,39.0,Women,2025-03-22 09:34:31.095504 +00:00,11.0,24498.0,31.0,0.0,0.0,24498.0,6.0,4083.0,100.0,75.0,0.0,0.0
3oQ884do51,DE,38.0,Women,2025-03-21 17:09:13.999924 +00:00,148.0,283720.0,914.0,29.0,6.0,283720.0,12.0,23643.333333333332,100.0,100.0,62.5,0.0
KhCvQ0OR7j,DE,35.0,Women,2025-03-23 08:46:55.877644 +00:00,40.0,106611.0,125.0,20.0,3.0,106611.0,5.0,21322.2,100.0,75.0,0.0,1.0
vnEcIViney,GB,39.0,Men,2025-04-04 12:39:58.078253 +00:00,8.0,11698.0,16.0,0.0,0.0,11698.0,3.0,3899.3333333333335,100.0,50.0,0.0,0.0
K5QfRDXc9C,US,39.0,Women,2025-02-10 08:26:41.667352 +00:00,14.0,39635.0,6.0,0.0,0.0,39635.0,6.0,6605.833333333333,100.0,75.0,0.0,1.0
1heM0T9Ksl,US,36.0,Men,2025-02-19 09:33:31.085394 +00:00,1.0,1969.0,5.0,0.0,0.0,1969.0,1.0,1969.0,50.0,0.0,0.0,1.0
GcPXLCIxF3,US,39.0,Men,2025-03-04 05:38:25.556293 +00:00,4.0,1303.0,5.0,0.0,0.0,1303.0,3.0,434.3333333333333,100.0,25.0,0.0,1.0
kTHeMYBZgC,GB,36.0,Men,2025-03-02 01:18:17.580124 +00:00,7.0,5724.0,1.0,0.0,0.0,5724.0,3.0,1908.0,100.0,25.0,0.0,1.0
3yfvc7hNr8,GB,37.0,Men,2025-03-09 07:42:04.129722 +00:00,7.0,4899.0,7.0,0.0,0.0,4899.0,5.0,979.8,100.0,75.0,0.0,1.0
U1yg0QNixM,US,35.0,Men,2025-02-18 13:41:14.327989 +00:00,3.0,458.0,1.0,0.0,0.0,458.0,2.0,229.0,100.0,0.0,0.0,1.0
3ZSiL1hcPh,GB,39.0,Women,2025-02-21 16:37:40.424133 +00:00,9.0,17553.0,1.0,0.0,0.0,17553.0,5.0,3510.6,100.0,75.0,0.0,1.0
j3rMFShI3Z,DE,26.0,Women,2025-03-05 21:38:04.833668 +00:00,5.0,5794.0,14.0,0.0,0.0,5794.0,4.0,1448.5,100.0,50.0,0.0,0.0
pUAZoRfmtl,DE,30.0,Women,2025-03-21 14:29:11.916100 +00:00,33.0,8591.0,16.0,0.0,0.0,8591.0,4.0,2147.75,100.0,50.0,0.0,1.0
P8X1VujdqZ,DE,39.0,Women,2025-03-15 11:10:09.143132 +00:00,4.0,5826.0,2.0,0.0,0.0,5826.0,4.0,1456.5,100.0,50.0,0.0,1.0
n5TkZCebCv,DE,39.0,Men,2025-03-12 18:33:28.398946 +00:00,5.0,13949.0,11.0,0.0,0.0,13949.0,4.0,3487.25,100.0,50.0,0.0,1.0
RBbt4rCDnn,GB,35.0,Men,2025-04-03 20:11:10.219332 +00:00,12.0,15869.0,17.0,0.0,0.0,15869.0,5.0,3173.8,100.0,75.0,0.0,0.0
S8QTPWg0AK,US,39.0,Men,2025-02-11 01:44:10.299841 +00:00,8.0,11422.0,1.0,0.0,0.0,11422.0,3.0,3807.3333333333335,100.0,25.0,0.0,1.0
DPbPdhzW24,US,33.0,Women,2025-02-03 01:15:26.702578 +00:00,1.0,805.0,5.0,0.0,0.0,805.0,1.0,805.0,50.0,0.0,0.0,1.0
8Y5yTlRnUI,DE,48.0,Women,2025-03-12 00:46:42.475815 +00:00,48.0,124829.0,573.0,0.0,0.0,124829.0,8.0,15603.625,100.0,100.0,12.5,0.0
Zq0x2EjpRZ,DE,28.0,Women,2025-03-26 12:26:46.348047 +00:00,3.0,1091.0,5.0,20.0,3.0,1091.0,1.0,1091.0,50.0,0.0,0.0,1.0
BjDRqsXGsu,US,37.0,Women,2025-02-21 13:31:40.864091 +00:00,3.0,2555.0,1.0,0.0,0.0,2555.0,3.0,851.6666666666666,100.0,25.0,0.0,1.0
jT5P37U6YA,DE,39.0,Women,2025-03-22 10:27:50.939285 +00:00,68.0,84303.0,170.0,0.0,0.0,84303.0,9.0,9367.0,100.0,100.0,37.5,0.0
uHG0TWB9TV,US,39.0,Men,2025-02-18 02:20:07.380094 +00:00,21.0,31596.0,1.0,0.0,0.0,31596.0,7.0,4513.714285714285,100.0,100.0,0.0,1.0
ykI0uu8Exg,DE,39.0,Women,2025-03-31 20:23:07.606401 +00:00,12.0,9302.0,64.0,0.0,0.0,12274.0,6.0,2045.6666666666667,100.0,75.0,0.0,0.0
rZO2D2XhLC,DE,39.0,Women,2025-03-14 11:53:39.218767 +00:00,78.0,88768.0,234.0,0.0,0.0,88768.0,9.0,9863.111111111111,100.0,100.0,25.0,0.0
hWRlrdeWuQ,DE,45.0,Women,2025-03-12 06:05:54.418824 +00:00,44.0,46522.0,45.0,0.0,0.0,46522.0,7.0,6646.0,100.0,100.0,0.0,1.0
LnMGZsTSVq,DE,48.0,Women,2025-02-12 18:30:59.467557 +00:00,2.0,2393.0,1.0,0.0,0.0,2393.0,5.0,478.6,100.0,75.0,0.0,1.0
jdkxg80ffc,US,60.0,Men,2025-02-23 18:57:39.400786 +00:00,141.0,349484.0,158.0,0.0,0.0,349484.0,9.0,38831.555555555555,100.0,100.0,25.0,0.0
Ha3r81up8y,DE,39.0,Women,2025-03-01 08:08:09.481004 +00:00,1.0,5815.0,1.0,0.0,0.0,5815.0,4.0,1453.75,100.0,50.0,0.0,1.0
0MaXwykqKY,GB,39.0,Women,2025-03-03 20:49:44.240284 +00:00,22.0,25954.0,1.0,0.0,0.0,25954.0,5.0,5190.8,100.0,75.0,0.0,1.0
lVQHdZ9045,GB,20.0,Men,2025-03-21 04:42:09.409265 +00:00,3.0,7747.0,1.0,0.0,0.0,7747.0,4.0,1936.75,100.0,50.0,0.0,1.0
N39hExRMKB,US,57.0,Women,2025-01-30 15:43:26.804269 +00:00,13.0,1606.0,1.0,4.0,1.0,1606.0,3.0,535.3333333333334,100.0,25.0,0.0,1.0
lWh8eiUKmK,GB,38.0,Men,2025-02-16 12:07:38.412276 +00:00,2.0,4996.0,1.0,0.0,0.0,4996.0,3.0,1665.3333333333333,100.0,25.0,0.0,1.0
ZhYIAFDTTH,US,54.0,Women,2025-02-02 03:15:43.815837 +00:00,83.0,92267.0,1.0,0.0,0.0,92267.0,3.0,30755.666666666668,100.0,25.0,0.0,0.0
FbQU2dPT1j,GB,39.0,Men,2025-03-20 06:33:15.262178 +00:00,57.0,107456.0,303.0,0.0,0.0,107456.0,9.0,11939.555555555557,100.0,100.0,25.0,0.0
kVTs0E8NYf,GB,39.0,Men,2025-02-21 20:41:31.599869 +00:00,10.0,12000.0,16.0,0.0,0.0,12000.0,3.0,4000.0,100.0,0.0,0.0,1.0
u46qhUnjPw,GB,42.0,Men,2025-02-28 09:45:58.475343 +00:00,2.0,1550.0,5.0,0.0,0.0,1550.0,2.0,775.0,100.0,0.0,0.0,1.0
jImOqUcqAd,DE,35.0,Women,2025-03-07 00:48:07.785475 +00:00,3.0,4684.0,3.0,0.0,0.0,4684.0,2.0,2342.0,100.0,0.0,0.0,1.0
CxdChPzond,GB,32.0,Men,2025-03-14 16:52:33.919089 +00:00,27.0,19461.0,9.0,0.0,0.0,19461.0,6.0,3243.5,100.0,100.0,0.0,0.0
9xSIrGeJwy,US,47.0,Women,2025-02-18 10:05:57.500021 +00:00,14.0,18440.0,8.0,4.0,1.0,18440.0,5.0,3688.0,100.0,50.0,0.0,1.0
oAC2pDvqpj,JP,39.0,Men,2025-03-11 13:48:49.631126 +00:00,1.0,1838.0,5.0,0.0,0.0,1838.0,1.0,1838.0,50.0,0.0,0.0,1.0
ekxBfEhpkx,JP,18.0,Women,2025-03-23 04:43:39.595468 +00:00,28.0,11388.0,1.0,2.0,1.0,11388.0,3.0,3796.0,100.0,25.0,0.0,0.0
elwYnmzE7E,JP,38.0,Women,2025-03-14 13:03:00.548381 +00:00,4.0,4775.0,7.0,0.0,0.0,4775.0,4.0,1193.75,100.0,50.0,0.0,1.0
CRs1RdFyz1,US,24.0,Men,2025-02-19 04:26:09.895186 +00:00,2.0,982.0,5.0,0.0,0.0,982.0,3.0,327.3333333333333,100.0,25.0,0.0,1.0
5TEj966d5I,DE,42.0,Women,2025-02-25 08:05:09.570060 +00:00,80.0,50261.0,6.0,20.0,3.0,50261.0,8.0,6282.625,100.0,100.0,25.0,0.0
nG8VvteDpb,GB,33.0,Men,2025-03-14 02:03:30.547480 +00:00,3.0,2631.0,3.0,0.0,0.0,2631.0,3.0,877.0,100.0,25.0,0.0,1.0
gHu9hpUiNl,JP,39.0,Women,2025-03-09 05:30:19.039515 +00:00,4.0,5766.0,5.0,0.0,0.0,5766.0,3.0,1922.0,100.0,25.0,0.0,1.0
20DSddISuC,US,58.0,Men,2025-03-13 06:49:45.876990 +00:00,5.0,3229.0,9.0,0.0,0.0,3229.0,3.0,1076.3333333333333,100.0,25.0,0.0,1.0
YNh4DxfVWH,DE,35.0,Men,2025-03-28 22:18:27.185128 +00:00,6.0,11637.0,4.0,0.0,0.0,11637.0,4.0,2909.25,100.0,50.0,0.0,0.0
q4DAuYeyhM,GB,39.0,Men,2025-03-18 01:39:18.673270 +00:00,133.0,232181.0,621.0,2.8,1.0,232181.0,11.0,21107.363636363636,100.0,100.0,50.0,0.0
LrkzFKVJpz,US,39.0,Men,2025-02-02 04:32:30.535916 +00:00,1.0,1219.0,1.0,0.0,0.0,1219.0,2.0,609.5,100.0,0.0,0.0,1.0
PoqpEXnr2g,DE,39.0,Men,2025-03-21 15:04:41.613381 +00:00,112.0,264222.0,6.0,0.0,0.0,264222.0,8.0,33027.75,100.0,100.0,25.0,0.0
I4fGKKRNSB,DE,39.0,Women,2025-03-29 13:48:12.599499 +00:00,10.0,7066.0,11.0,0.0,0.0,7066.0,4.0,1766.5,100.0,50.0,0.0,1.0
B2QbJCb1x1,US,39.0,Men,2025-03-18 04:46:25.559847 +00:00,13.0,6797.0,10.0,0.0,0.0,6797.0,2.0,3398.5,100.0,0.0,0.0,0.0
qMsKbm2XiG,US,35.0,Women,2025-03-02 03:44:29.821342 +00:00,203.0,396098.0,905.0,4.0,1.0,396098.0,9.0,44010.88888888889,100.0,100.0,25.0,0.0
iEHty5GsVi,US,39.0,Women,2025-02-15 06:41:22.634204 +00:00,1.0,613.0,1.0,0.0,0.0,613.0,1.0,613.0,50.0,0.0,0.0,1.0
bIdDNdRjKp,US,34.0,Women,2025-02-12 18:14:19.041725 +00:00,31.0,9208.0,1.0,0.0,0.0,9208.0,5.0,1841.6,100.0,50.0,0.0,1.0
Rk36fWz30w,GB,41.0,Men,2025-02-27 22:55:07.915082 +00:00,22.0,44296.0,7.0,0.0,0.0,44296.0,5.0,8859.2,100.0,75.0,0.0,1.0
Ib71qARRgn,GB,49.0,Men,2025-03-27 08:32:32.991154 +00:00,38.0,42008.0,7.0,0.0,0.0,42008.0,6.0,7001.333333333333,100.0,100.0,0.0,0.0
zm2kTuyCaQ,US,39.0,Women,2025-03-10 08:18:25.202597 +00:00,1.0,106.0,1.0,0.0,0.0,106.0,3.0,35.333333333333336,100.0,25.0,0.0,1.0
RK9MXrfgej,US,48.0,Men,2025-02-19 09:49:43.724273 +00:00,4.0,3625.0,1.0,0.0,0.0,3625.0,3.0,1208.3333333333333,100.0,25.0,0.0,1.0
RtcxMwlq2P,GB,28.0,Men,2025-02-23 10:46:52.083569 +00:00,10.0,6368.0,1.0,2.8,1.0,6368.0,5.0,1273.6,100.0,75.0,0.0,1.0
LYwOtJJixY,GB,47.0,Women,2025-02-12 19:41:34.382649 +00:00,560.0,571491.0,1539.0,7.0,2.0,571491.0,14.0,40820.78571428572,100.0,100.0,87.5,0.0
KuXTKstnHr,DE,39.0,Men,2025-02-17 12:44:21.113398 +00:00,4.0,5607.0,1.0,0.0,0.0,5607.0,5.0,1121.4,100.0,50.0,0.0,1.0
blilWgr5eJ,GB,50.0,Men,2025-03-03 13:44:53.238218 +00:00,63.0,119167.0,158.0,0.0,0.0,119167.0,7.0,17023.85714285714,100.0,100.0,0.0,0.0
XY0EmsKa5w,DE,39.0,Women,2025-03-23 13:04:29.901300 +00:00,9.0,9639.0,5.0,29.0,6.0,9639.0,2.0,4819.5,100.0,0.0,0.0,1.0
8fllDdIMJl,GB,39.0,Women,2025-02-27 09:23:39.786527 +00:00,3.0,3294.0,5.0,0.0,0.0,3294.0,1.0,3294.0,50.0,0.0,0.0,1.0
yajbdJmbIt,DE,40.0,Men,2025-02-15 09:32:59.564821 +00:00,1.0,978.0,5.0,0.0,0.0,978.0,1.0,978.0,50.0,0.0,0.0,1.0
SouYEzorO8,US,39.0,Women,2025-02-17 03:51:27.743776 +00:00,1.0,2103.0,1.0,0.0,0.0,2103.0,1.0,2103.0,50.0,0.0,0.0,1.0
xQiJkgYZI1,US,33.0,Women,2025-03-17 02:23:47.242204 +00:00,65.0,103231.0,90.0,32.0,7.0,103231.0,7.0,14747.285714285714,100.0,100.0,0.0,0.0
aumdiB1uQd,GB,33.0,Women,2025-03-26 16:54:00.526989 +00:00,2.0,2053.0,1.0,0.0,0.0,2053.0,2.0,1026.5,100.0,0.0,0.0,1.0
DF0abFn3pI,GB,32.0,Men,2025-03-20 10:55:18.162329 +00:00,43.0,11735.0,10.0,7.0,2.0,11735.0,6.0,1955.8333333333333,100.0,100.0,0.0,0.0
I1HGrjqGwz,US,39.0,Women,2025-02-25 03:30:18.201017 +00:00,4.0,1031.0,5.0,0.0,0.0,1031.0,1.0,1031.0,50.0,0.0,0.0,1.0
yKgcLnkyNf,US,22.0,Men,2025-02-10 11:22:01.407227 +00:00,52.0,148581.0,27.0,0.0,0.0,148581.0,8.0,18572.625,100.0,100.0,12.5,1.0
0MAuzDCTX3,US,36.0,Women,2025-02-23 02:09:50.707996 +00:00,79.0,161287.0,15.0,0.0,0.0,161287.0,9.0,17920.777777777777,100.0,100.0,25.0,1.0
hLGLG35zda,DE,39.0,Men,2025-03-24 05:26:16.654524 +00:00,53.0,30728.0,23.0,20.0,3.0,30728.0,5.0,6145.6,100.0,75.0,0.0,1.0
MHZoQAGZbJ,GB,39.0,Men,2025-02-12 13:46:55.349577 +00:00,256.0,337839.0,391.0,0.0,0.0,337839.0,10.0,33783.9,100.0,100.0,37.5,0.0
NZTZPASOPk,DE,23.0,Men,2025-02-20 02:53:33.433309 +00:00,1.0,1109.0,5.0,0.0,0.0,1109.0,1.0,1109.0,50.0,0.0,0.0,1.0
aqn15pcD6o,US,39.0,Women,2025-02-16 09:09:43.300122 +00:00,1.0,2301.0,1.0,0.0,0.0,2301.0,3.0,767.0,100.0,25.0,0.0,1.0
JBoQuZtWs0,DE,37.0,Men,2025-03-23 11:14:11.299210 +00:00,1.0,673.0,1.0,0.0,0.0,673.0,1.0,673.0,50.0,0.0,0.0,1.0
sfBwupDPoE,US,39.0,Men,2025-02-20 05:48:03.618780 +00:00,5.0,1079.0,5.0,0.0,0.0,1079.0,2.0,539.5,100.0,0.0,0.0,1.0
W7oV8R74Si,US,28.0,Women,2025-03-02 04:20:52.332495 +00:00,128.0,121400.0,130.0,0.0,0.0,121400.0,8.0,15175.0,100.0,100.0,12.5,0.0
vizoReYbJv,GB,40.0,Women,2025-02-17 21:47:36.920078 +00:00,22.0,68612.0,25.0,0.0,0.0,68612.0,8.0,8576.5,100.0,100.0,12.5,0.0
bZD3OB0pPj,DE,44.0,Women,2025-03-13 09:21:02.230310 +00:00,7.0,9396.0,4.0,0.0,0.0,9396.0,5.0,1879.2,100.0,75.0,0.0,1.0
6alg9Xjt2F,US,39.0,Men,2025-02-20 17:22:25.536914 +00:00,69.0,83527.0,18.0,0.0,0.0,83527.0,8.0,10440.875,100.0,100.0,12.5,1.0
5KP5ZQXfNu,DE,36.0,Women,2025-03-02 15:49:48.841152 +00:00,7.0,1366.0,1.0,4.0,1.0,1366.0,4.0,341.5,100.0,50.0,0.0,1.0
Y6nHicH4az,US,43.0,Women,2025-02-18 09:28:14.777181 +00:00,1.0,18.0,5.0,0.0,0.0,18.0,2.0,9.0,100.0,0.0,0.0,1.0
UJdAzv8LK1,DE,58.0,Women,2025-03-25 22:14:41.767193 +00:00,67.0,87665.0,75.0,0.0,0.0,87665.0,8.0,10958.125,100.0,100.0,12.5,0.0
6RJIqM1d2q,GB,47.0,Men,2025-03-09 16:56:35.818524 +00:00,48.0,193237.0,1.0,14.0,3.0,193237.0,8.0,24154.625,100.0,100.0,25.0,0.0
Szk6MYNLhx,DE,38.0,Women,2025-03-25 15:44:07.063658 +00:00,9.0,14403.0,7.0,10.0,2.0,14403.0,5.0,2880.6,100.0,75.0,0.0,1.0
BBy8VJ0uy1,DE,26.0,Men,2025-02-25 14:31:49.379794 +00:00,2.0,2037.0,2.0,0.0,0.0,2037.0,3.0,679.0,100.0,25.0,0.0,1.0
FttS2nIERI,GB,39.0,Women,2025-03-16 07:00:15.428862 +00:00,5.0,2843.0,2.0,0.0,0.0,2843.0,3.0,947.6666666666666,100.0,25.0,0.0,1.0
SxLDg7BX4F,US,27.0,Men,2025-03-04 00:08:42.303116 +00:00,5.0,8915.0,1.0,4.0,1.0,8915.0,3.0,2971.6666666666665,100.0,25.0,0.0,1.0
575IedKxh4,GB,57.0,Men,2025-02-12 13:47:33.516100 +00:00,166.0,230085.0,14.0,0.0,0.0,230085.0,11.0,20916.81818181818,100.0,100.0,50.0,0.0
gjSjVsXZdm,DE,39.0,Women,2025-03-09 20:29:54.499443 +00:00,25.0,68703.0,63.0,0.0,0.0,68703.0,7.0,9814.714285714286,100.0,100.0,0.0,1.0
FDLHy7b1I6,DE,37.0,Men,2025-02-14 07:08:44.684082 +00:00,3.0,3859.0,1.0,0.0,0.0,3859.0,6.0,643.1666666666666,100.0,100.0,0.0,1.0
78IXH4uqPD,DE,39.0,Women,2025-03-26 11:57:53.460538 +00:00,52.0,71851.0,19.0,23.0,4.0,71851.0,9.0,7983.444444444444,100.0,100.0,37.5,0.0
wH5FGxPGgw,DE,52.0,Men,2025-03-11 13:26:53.454643 +00:00,70.0,83736.0,62.0,10.0,2.0,83736.0,5.0,16747.2,100.0,75.0,0.0,0.0
7Ws70MWPl6,DE,39.0,Men,2025-02-17 09:08:58.604636 +00:00,48.0,38932.0,1.0,0.0,0.0,38932.0,7.0,5561.714285714285,100.0,100.0,0.0,1.0
YOrjye7IZX,DE,39.0,Women,2025-03-06 17:48:40.353916 +00:00,1.0,1269.0,5.0,0.0,0.0,1269.0,1.0,1269.0,50.0,0.0,0.0,1.0
vCkvUgKAPm,DE,33.0,Women,2025-02-23 01:23:50.742059 +00:00,7.0,14951.0,7.0,4.0,1.0,14951.0,5.0,2990.2,100.0,75.0,0.0,1.0
cBTucwnhb7,GB,32.0,Women,2025-03-12 05:46:12.117742 +00:00,3.0,5306.0,4.0,0.0,0.0,5306.0,4.0,1326.5,100.0,50.0,0.0,1.0
cwtWYaUPde,US,50.0,Women,2025-02-21 18:59:02.383232 +00:00,37.0,131708.0,73.0,0.0,0.0,131708.0,2.0,65854.0,100.0,0.0,0.0,1.0
6K1kj6FNmZ,DE,39.0,Men,2025-03-09 08:25:50.095280 +00:00,2.0,2871.0,1.0,4.0,1.0,2871.0,3.0,957.0,100.0,25.0,0.0,1.0
6cymTyx7FB,DE,43.0,Women,2025-02-28 10:42:32.187712 +00:00,2.0,4750.0,1.0,0.0,0.0,4750.0,4.0,1187.5,100.0,50.0,0.0,1.0
vH488rvqTR,GB,18.0,Women,2025-03-26 04:00:03.046997 +00:00,59.0,26671.0,43.0,0.0,0.0,26671.0,7.0,3810.142857142858,100.0,100.0,12.5,0.0
sBz9S8tg6w,US,51.0,Women,2025-02-11 03:10:30.210663 +00:00,14.0,6471.0,3.0,4.0,1.0,6471.0,5.0,1294.2,100.0,50.0,0.0,1.0
sD09jqJ9cT,DE,35.0,Men,2025-02-16 09:03:00.458843 +00:00,110.0,68775.0,12.0,0.0,0.0,68775.0,9.0,7641.666666666667,100.0,100.0,25.0,1.0
X2CIeG1Jas,DE,38.0,Women,2025-03-27 09:49:07.452071 +00:00,16.0,17483.0,19.0,0.0,0.0,17483.0,5.0,3496.6,100.0,75.0,0.0,0.0
VBcLhIRuPS,GB,39.0,Women,2025-03-03 21:37:21.863067 +00:00,1.0,5.0,1.0,0.0,0.0,5.0,3.0,1.6666666666666667,100.0,25.0,0.0,1.0
y1ULF7guup,GB,33.0,Men,2025-02-12 14:33:07.694694 +00:00,57.0,157441.0,1.0,0.0,0.0,157441.0,4.0,39360.25,100.0,50.0,0.0,0.0
jrtppqRr3V,GB,20.0,Men,2025-02-16 08:20:37.935867 +00:00,4.0,3061.0,5.0,2.8,1.0,3061.0,5.0,612.2,100.0,75.0,0.0,1.0
FmgjuJoSyw,DE,37.0,Men,2025-02-18 09:18:20.701192 +00:00,1.0,1160.0,1.0,0.0,0.0,1160.0,2.0,580.0,100.0,0.0,0.0,1.0
MBL0D8yzx4,GB,18.0,Men,2025-03-31 01:52:02.162753 +00:00,1.0,438.0,5.0,0.0,0.0,438.0,2.0,219.0,100.0,0.0,0.0,1.0
nilKcht9QW,US,38.0,Men,2025-02-02 03:14:09.435809 +00:00,5.0,2765.0,1.0,0.0,0.0,2765.0,2.0,1382.5,100.0,0.0,0.0,1.0
1puISaDUOU,US,30.0,Men,2025-02-17 04:22:59.211059 +00:00,1.0,15.0,5.0,0.0,0.0,15.0,1.0,15.0,50.0,0.0,0.0,1.0
DVV8Tbpru8,US,49.0,Men,2025-02-23 04:29:03.882963 +00:00,105.0,161311.0,163.0,4.0,1.0,161311.0,7.0,23044.428571428572,100.0,100.0,0.0,0.0
KLKEPMLSsg,JP,33.0,Women,2025-03-07 02:45:29.496676 +00:00,19.0,28058.0,29.0,0.0,0.0,28058.0,6.0,4676.333333333333,100.0,75.0,0.0,1.0
VhUcfbBaE9,US,31.0,Men,2025-03-04 04:13:36.552375 +00:00,3.0,1328.0,5.0,0.0,0.0,1328.0,3.0,442.6666666666667,100.0,25.0,0.0,1.0
Z5Pzejz9ke,DE,39.0,Women,2025-03-08 21:19:10.526511 +00:00,165.0,203089.0,630.0,0.0,0.0,203089.0,6.0,33848.166666666664,100.0,75.0,0.0,0.0
k3JVCHWPKe,GB,60.0,Women,2025-02-12 17:32:16.772284 +00:00,2.0,126.0,1.0,0.0,0.0,126.0,1.0,126.0,50.0,0.0,0.0,1.0
4oGGnQuit0,DE,39.0,Women,2025-03-24 05:33:21.784448 +00:00,5.0,4755.0,9.0,0.0,0.0,4755.0,3.0,1585.0,100.0,25.0,0.0,1.0
EmJAy8L4GJ,GB,50.0,Men,2025-02-12 13:49:52.308878 +00:00,201.0,321831.0,179.0,0.0,0.0,321831.0,12.0,26819.25,100.0,100.0,62.5,1.0
qmlAT1WOI4,GB,45.0,Men,2025-03-27 00:45:15.252344 +00:00,7.0,15598.0,11.0,0.0,0.0,15598.0,3.0,5199.333333333333,100.0,25.0,0.0,0.0
ZFq6t5XrTJ,US,35.0,Men,2025-02-12 13:25:00.108617 +00:00,1.0,2684.0,1.0,0.0,0.0,2684.0,3.0,894.6666666666666,100.0,25.0,0.0,1.0
QpRzHfLoya,US,51.0,Women,2025-03-06 00:29:57.267339 +00:00,18.0,25803.0,11.0,4.0,1.0,25803.0,2.0,12901.5,50.0,0.0,0.0,1.0
jimJmMFfuS,US,28.0,Men,2025-02-21 02:17:59.725628 +00:00,19.0,7215.0,1.0,0.0,0.0,7215.0,3.0,2405.0,100.0,25.0,0.0,1.0
zqtto7ldf3,JP,45.0,Women,2025-02-25 14:26:20.327394 +00:00,2.0,2286.0,5.0,0.0,0.0,2286.0,3.0,762.0,100.0,25.0,0.0,1.0
1x0vr11TpD,DE,22.0,Women,2025-03-19 17:12:06.965955 +00:00,7.0,8539.0,3.0,35.0,8.0,8539.0,5.0,1707.8,100.0,75.0,0.0,1.0
LvQXj4k8VZ,US,39.0,Men,2025-02-05 01:01:08.765280 +00:00,2.0,402.0,5.0,0.0,0.0,402.0,2.0,201.0,100.0,0.0,0.0,1.0
LTJ6JY6AbW,GB,43.0,Men,2025-02-20 18:25:35.366772 +00:00,12.0,5875.0,7.0,22.400002,6.0,5875.0,9.0,652.7777777777778,100.0,100.0,25.0,0.0
d41ySP7FkL,GB,47.0,Women,2025-03-01 19:38:14.113012 +00:00,56.0,59550.0,368.0,0.0,0.0,59550.0,8.0,7443.75,100.0,100.0,12.5,0.0
hrZ6fmrlTV,GB,30.0,Women,2025-02-12 18:12:48.150679 +00:00,14.0,11954.0,1.0,2.8,1.0,11954.0,9.0,1328.2222222222222,100.0,100.0,25.0,1.0
H0q1XI1ZGj,DE,36.0,Men,2025-02-12 15:54:12.770431 +00:00,5.0,8129.0,1.0,0.0,0.0,8129.0,4.0,2032.25,100.0,50.0,0.0,1.0
i7NYO8SbNj,US,28.0,Women,2025-03-06 03:57:31.344674 +00:00,1.0,427.0,1.0,0.0,0.0,427.0,1.0,427.0,50.0,0.0,0.0,1.0
4ZQbIHYrGo,US,31.0,Men,2025-03-06 07:30:11.256229 +00:00,2.0,155.0,5.0,4.0,1.0,155.0,3.0,51.666666666666664,100.0,25.0,0.0,1.0
F5TlG3bszz,DE,37.0,Women,2025-03-26 19:47:34.484373 +00:00,26.0,33869.0,48.0,0.0,0.0,33869.0,7.0,4838.428571428572,100.0,100.0,0.0,0.0
42XngIeLut,US,37.0,Men,2025-02-08 11:33:05.417156 +00:00,14.0,11338.0,1.0,4.4,1.0,11338.0,3.0,3779.3333333333335,100.0,25.0,0.0,1.0
AG5C92DReC,GB,34.0,Men,2025-02-20 22:11:01.189649 +00:00,39.0,67588.0,5.0,0.0,0.0,67588.0,7.0,9655.42857142857,100.0,100.0,12.5,1.0
ErSn2c8kyh,GB,33.0,Men,2025-03-16 10:40:42.779378 +00:00,3.0,723.0,2.0,0.0,0.0,723.0,1.0,723.0,50.0,0.0,0.0,1.0
HkBBUQDCD3,US,39.0,Women,2025-02-02 05:03:09.050571 +00:00,1.0,1382.0,1.0,0.0,0.0,1382.0,2.0,691.0,100.0,0.0,0.0,1.0
JcAfTNMWKb,DE,39.0,Men,2025-03-14 13:35:43.534530 +00:00,14.0,11494.0,1.0,0.0,0.0,11494.0,6.0,1915.6666666666667,100.0,100.0,0.0,0.0
MJWlrqpgqV,DE,36.0,Women,2025-03-06 17:46:23.644932 +00:00,14.0,1944.0,1.0,0.0,0.0,1944.0,2.0,972.0,100.0,0.0,0.0,1.0
Hyn67kfODt,US,40.0,Men,2025-03-09 09:27:14.990161 +00:00,10.0,24677.0,1.0,0.0,0.0,24677.0,5.0,4935.4,100.0,50.0,0.0,1.0
EX5kz0d0yC,US,39.0,Men,2025-02-08 05:22:17.885266 +00:00,5.0,11876.0,1.0,0.0,0.0,11876.0,3.0,3958.6666666666665,100.0,25.0,0.0,1.0
Ejp2lBpEW5,DE,39.0,Men,2025-02-16 06:06:29.523693 +00:00,178.0,548043.0,104.0,0.0,0.0,548043.0,10.0,54804.3,100.0,100.0,37.5,1.0
13xKVJFNNk,DE,39.0,Men,2025-03-30 12:09:54.389809 +00:00,3.0,2538.0,7.0,0.0,0.0,2538.0,4.0,634.5,100.0,50.0,0.0,1.0
SQO7KubM3C,US,38.0,Men,2025-02-09 06:32:14.121939 +00:00,48.0,38344.0,1.0,4.4,1.0,38344.0,7.0,5477.714285714285,100.0,100.0,0.0,1.0
BW4A881sV2,US,39.0,Women,2025-02-16 11:32:33.261559 +00:00,1.0,400.0,5.0,0.0,0.0,400.0,1.0,400.0,50.0,0.0,0.0,1.0
eDmUuTfGDn,DE,36.0,Women,2025-04-01 23:05:26.047371 +00:00,3.0,919.0,11.0,0.0,0.0,919.0,3.0,306.3333333333333,100.0,25.0,0.0,0.0
RC8AlaSGp0,GB,49.0,Men,2025-03-10 00:36:17.336262 +00:00,105.0,197915.0,247.0,0.0,0.0,197915.0,9.0,21990.555555555555,100.0,100.0,25.0,1.0
wss7qgAhTy,US,39.0,Men,2025-02-18 00:33:42.962837 +00:00,9.0,4739.0,1.0,0.0,0.0,4739.0,1.0,4739.0,50.0,0.0,0.0,1.0
hdwVRHzLt5,US,39.0,Men,2025-03-14 09:23:53.968605 +00:00,1.0,435.0,1.0,0.0,0.0,435.0,1.0,435.0,50.0,0.0,0.0,1.0
b2mfrrmkL7,DE,33.0,Women,2025-03-09 10:08:22.104286 +00:00,1.0,2210.0,5.0,0.0,0.0,2210.0,2.0,1105.0,100.0,0.0,0.0,1.0
figIRTOATY,GB,39.0,Women,2025-04-04 18:19:41.617766 +00:00,2.0,1910.0,5.0,0.0,0.0,1910.0,1.0,1910.0,100.0,75.0,0.0,0.0
g7CK5AaGrH,GB,50.0,Women,2025-03-15 13:47:02.417423 +00:00,84.0,137730.0,50.0,0.0,0.0,137730.0,9.0,15303.333333333334,100.0,100.0,25.0,0.0
FJ6WY5qDyE,DE,53.0,Men,2025-03-06 21:27:41.451059 +00:00,21.0,62585.0,79.0,4.0,1.0,62585.0,8.0,7823.125,100.0,100.0,12.5,1.0
qVUH6IEW7P,JP,39.0,Women,2025-03-14 12:06:23.850021 +00:00,36.0,68878.0,21.0,9.0,3.0,68878.0,4.0,17219.5,100.0,50.0,0.0,1.0
GDA5kJNaaA,DE,39.0,Women,2025-03-17 08:46:10.022888 +00:00,25.0,12010.0,20.0,4.0,1.0,12010.0,4.0,3002.5,100.0,50.0,0.0,1.0
7pE8cLZxdn,DE,34.0,Women,2025-03-11 10:53:07.346047 +00:00,59.0,238196.0,361.0,0.0,0.0,238196.0,9.0,26466.222222222223,100.0,100.0,25.0,0.0
DrjmA6kSFs,DE,39.0,Men,2025-03-30 04:35:21.260207 +00:00,2.0,1389.0,1.0,0.0,0.0,1389.0,2.0,694.5,100.0,50.0,0.0,0.0
yvnAXF03yX,JP,30.0,Women,2025-03-19 00:11:13.987169 +00:00,16.0,30463.0,72.0,6.2999997,3.0,30463.0,6.0,5077.166666666667,100.0,75.0,0.0,1.0
N5hmGrAuOl,DE,28.0,Women,2025-03-19 17:33:14.758534 +00:00,1.0,1783.0,5.0,0.0,0.0,1783.0,2.0,891.5,100.0,0.0,0.0,1.0
igx1ZwIhU3,US,46.0,Men,2025-02-16 13:59:34.546574 +00:00,1.0,3003.0,5.0,0.0,0.0,3003.0,3.0,1001.0,100.0,25.0,0.0,1.0
5R8cPsstT3,GB,44.0,Women,2025-02-26 10:39:29.239266 +00:00,146.0,196983.0,245.0,7.0,2.0,196983.0,10.0,19698.3,100.0,100.0,50.0,0.0
kfJhg3ptdw,US,39.0,Women,2025-03-15 02:23:49.608607 +00:00,6.0,6608.0,21.0,0.0,0.0,6608.0,3.0,2202.6666666666665,100.0,25.0,0.0,1.0
YcRixIkmZb,US,39.0,Women,2025-02-14 02:20:35.299854 +00:00,1.0,733.0,1.0,0.0,0.0,733.0,2.0,366.5,100.0,0.0,0.0,1.0
f3YxjmAaNm,DE,55.0,Women,2025-03-01 09:31:55.013923 +00:00,9.0,27682.0,5.0,0.0,0.0,27682.0,5.0,5536.4,100.0,75.0,0.0,0.0
tXrxRy6Cby,US,39.0,Men,2025-02-22 08:23:03.817951 +00:00,4.0,464.0,1.0,0.0,0.0,464.0,3.0,154.66666666666666,100.0,25.0,0.0,1.0
ropTDnHLGS,DE,50.0,Women,2025-02-15 03:06:03.071387 +00:00,52.0,52253.0,1.0,4.0,1.0,52253.0,5.0,10450.6,100.0,50.0,0.0,1.0
t33udrikVO,US,39.0,Men,2025-02-14 08:51:55.749574 +00:00,3.0,4175.0,5.0,0.0,0.0,4175.0,3.0,1391.6666666666667,100.0,25.0,0.0,1.0
FJRQKlZB7l,DE,39.0,Women,2025-03-16 04:52:30.257518 +00:00,51.0,169846.0,462.0,20.0,3.0,169846.0,10.0,16984.6,100.0,100.0,37.5,0.0
qB7cY8UUZH,US,45.0,Men,2025-02-21 13:59:45.538012 +00:00,2.0,3569.0,1.0,0.0,0.0,3569.0,3.0,1189.6666666666667,100.0,25.0,0.0,1.0
qdlsqbIl2b,GB,42.0,Men,2025-04-01 06:50:21.392556 +00:00,3.0,4539.0,12.0,0.0,0.0,4539.0,4.0,1134.75,100.0,50.0,0.0,0.0
yzA9TWHDqL,US,52.0,Men,2025-03-04 10:11:23.592057 +00:00,35.0,47150.0,1.0,4.0,1.0,47150.0,8.0,5893.75,100.0,100.0,25.0,1.0
idVvTIdatr,GB,30.0,Women,2025-02-26 06:04:11.289619 +00:00,5.0,514.0,1.0,0.0,0.0,514.0,4.0,128.5,100.0,50.0,0.0,1.0
VOY8oI1niD,GB,39.0,Men,2025-03-17 10:09:57.316145 +00:00,4.0,3541.0,2.0,0.0,0.0,3541.0,3.0,1180.3333333333333,100.0,25.0,0.0,1.0
fEYZ6DhSvp,JP,39.0,Men,2025-03-08 04:31:09.846093 +00:00,15.0,69903.0,1.0,0.0,0.0,69903.0,6.0,11650.5,100.0,75.0,0.0,1.0
Lfqjj9SAoq,US,44.0,Men,2025-02-09 13:50:31.174477 +00:00,6.0,11164.0,1.0,0.0,0.0,11164.0,3.0,3721.3333333333335,100.0,25.0,0.0,1.0
PIEA9X1hD6,GB,36.0,Women,2025-03-04 00:52:40.737719 +00:00,14.0,17089.0,11.0,0.0,0.0,17089.0,6.0,2848.1666666666665,100.0,75.0,0.0,1.0
yUvYmY4aiw,US,39.0,Women,2025-03-13 01:35:35.332610 +00:00,2.0,2936.0,2.0,0.0,0.0,2936.0,3.0,978.6666666666666,100.0,25.0,0.0,1.0
CdVpKKpeQ5,GB,39.0,Men,2025-02-27 18:19:19.352877 +00:00,1.0,2192.0,1.0,0.0,0.0,2192.0,1.0,2192.0,50.0,0.0,0.0,1.0
F9tKgdSMNC,GB,43.0,Women,2025-03-13 13:41:55.419247 +00:00,51.0,95175.0,12.0,0.0,0.0,95175.0,6.0,15862.5,100.0,100.0,0.0,0.0
VLjWbW3tkg,GB,39.0,Women,2025-02-17 21:53:50.361496 +00:00,6.0,11717.0,1.0,0.0,0.0,11717.0,6.0,1952.8333333333333,100.0,75.0,0.0,1.0
i5JKtqNJFw,DE,34.0,Women,2025-02-19 07:24:48.907981 +00:00,1.0,382.0,1.0,0.0,0.0,382.0,3.0,127.33333333333331,100.0,25.0,0.0,1.0
Y3x7zq71zh,DE,39.0,Women,2025-04-02 14:55:27.036238 +00:00,32.0,7051.0,2.0,20.0,3.0,7051.0,5.0,1410.2,100.0,100.0,0.0,0.0
h5l0MmJfrQ,GB,39.0,Women,2025-04-01 11:47:48.380448 +00:00,3.0,1542.0,1.0,0.0,0.0,1542.0,2.0,771.0,100.0,0.0,0.0,0.0
cKmXvfHEUm,US,40.0,Women,2025-02-08 06:50:36.371125 +00:00,13.0,11576.0,1.0,4.0,1.0,11576.0,5.0,2315.2,100.0,50.0,0.0,1.0
2mFLeI4j8Q,DE,39.0,Women,2025-03-14 01:05:09.605367 +00:00,12.0,15078.0,35.0,0.0,0.0,15078.0,5.0,3015.6,100.0,50.0,0.0,1.0
ILmPbNrtaO,DE,39.0,Men,2025-03-27 19:30:31.220355 +00:00,14.0,48955.0,1.0,10.0,2.0,48955.0,5.0,9791.0,100.0,75.0,0.0,0.0
4idFHKVohh,DE,29.0,Men,2025-03-21 10:10:17.656679 +00:00,19.0,22022.0,15.0,0.0,0.0,22022.0,6.0,3670.3333333333335,100.0,100.0,0.0,1.0
HOUVeHnCRP,US,39.0,Men,2025-01-30 16:26:37.957689 +00:00,14.0,22628.0,1.0,4.0,1.0,22628.0,6.0,3771.3333333333335,100.0,75.0,0.0,1.0
AIzTw9qZGK,DE,44.0,Men,2025-03-26 17:27:13.885628 +00:00,79.0,220238.0,58.0,0.0,0.0,220238.0,7.0,31462.571428571428,100.0,100.0,0.0,0.0
5gl0IRcAtd,US,19.0,Women,2025-02-15 14:08:08.108477 +00:00,2.0,941.0,5.0,0.0,0.0,941.0,3.0,313.6666666666667,100.0,25.0,0.0,1.0
TJYG6CWW1j,US,38.0,Women,2025-02-16 07:10:54.933389 +00:00,103.0,109748.0,151.0,20.0,3.0,109748.0,8.0,13718.5,100.0,100.0,12.5,0.0
6p7BJumuXM,US,49.0,Men,2025-02-27 09:20:24.738177 +00:00,17.0,17132.0,1.0,4.0,1.0,17132.0,3.0,5710.666666666667,100.0,25.0,0.0,1.0
MaPufV15WJ,US,35.0,Men,2025-02-06 02:24:59.879327 +00:00,35.0,32231.0,1.0,4.0,1.0,32231.0,6.0,5371.833333333333,100.0,75.0,0.0,1.0
IS3C1mJoua,GB,39.0,Women,2025-02-14 19:48:52.868076 +00:00,22.0,29379.0,1.0,0.0,0.0,29379.0,6.0,4896.5,100.0,100.0,0.0,1.0
Yd34WYuKbF,JP,24.0,Women,2025-03-10 07:34:47.022718 +00:00,2.0,1622.0,5.0,0.0,0.0,1622.0,3.0,540.6666666666666,100.0,25.0,0.0,1.0
84u1BEeyAS,DE,39.0,Women,2025-02-26 16:42:13.431433 +00:00,3.0,3170.0,1.0,0.0,0.0,3170.0,3.0,1056.6666666666667,100.0,25.0,0.0,1.0
HWHqUAv1Bt,DE,60.0,Women,2025-03-11 17:46:46.773839 +00:00,1.0,1842.0,10.0,0.0,0.0,1842.0,3.0,614.0,100.0,25.0,0.0,1.0
aIqFYs2fwv,GB,25.0,Women,2025-03-24 01:52:26.537770 +00:00,44.0,55276.0,64.0,7.0,2.0,56407.0,8.0,7050.875,100.0,100.0,25.0,0.0
Q6debvvoAI,US,35.0,Men,2025-02-10 16:23:46.077949 +00:00,86.0,65816.0,1.0,4.0,1.0,65816.0,5.0,13163.2,100.0,75.0,0.0,1.0
rpQbVCPvOh,DE,34.0,Women,2025-03-31 11:05:22.964502 +00:00,52.0,45300.0,161.0,0.0,0.0,45300.0,8.0,5662.5,100.0,100.0,12.5,0.0
rDefgowkbH,GB,48.0,Men,2025-02-17 18:36:41.072402 +00:00,69.0,113288.0,60.0,0.0,0.0,113288.0,8.0,14161.0,100.0,100.0,12.5,0.0
idie6dtrqp,DE,39.0,Men,2025-03-16 21:13:05.391923 +00:00,91.0,182855.0,625.0,0.0,0.0,182855.0,11.0,16623.18181818182,100.0,100.0,50.0,0.0
SYIQmqJMUd,GB,43.0,Women,2025-03-19 05:34:17.122355 +00:00,11.0,46710.0,43.0,0.0,0.0,46710.0,6.0,7785.0,100.0,75.0,0.0,1.0
jeGVGkOFsB,GB,45.0,Women,2025-02-18 15:53:50.259653 +00:00,5.0,4534.0,1.0,0.0,0.0,4534.0,4.0,1133.5,100.0,50.0,0.0,1.0
ADnr2vxAJM,US,54.0,Men,2025-02-15 02:21:28.014893 +00:00,4.0,6119.0,14.0,0.0,0.0,6119.0,4.0,1529.75,100.0,50.0,0.0,1.0
ALbOvnUcv4,DE,39.0,Women,2025-02-20 04:18:12.399423 +00:00,42.0,127182.0,1.0,0.0,0.0,127182.0,7.0,18168.85714285714,100.0,100.0,0.0,1.0
NtYtKMvC9Q,DE,49.0,Men,2025-03-01 20:51:32.071813 +00:00,45.0,45888.0,1.0,0.0,0.0,45888.0,6.0,7648.0,100.0,100.0,0.0,1.0
8i9ZGuOIJn,DE,39.0,Men,2025-02-17 14:31:32.025401 +00:00,137.0,78389.0,112.0,0.0,0.0,78389.0,11.0,7126.272727272727,100.0,100.0,50.0,1.0
IUaPUeZNHK,DE,39.0,Men,2025-03-27 19:23:04.922380 +00:00,7.0,16314.0,5.0,0.0,0.0,16314.0,5.0,3262.8,100.0,75.0,0.0,0.0
tbuksCquuk,US,55.0,Women,2025-03-17 02:53:57.973813 +00:00,2.0,2113.0,2.0,0.0,0.0,2113.0,1.0,2113.0,50.0,0.0,0.0,1.0
moa9HvDG5x,GB,35.0,Women,2025-02-15 14:25:47.542340 +00:00,18.0,10349.0,1.0,0.0,0.0,10349.0,6.0,1724.8333333333333,100.0,100.0,0.0,1.0
yW845yUgUr,DE,20.0,Women,2025-03-22 10:31:48.370604 +00:00,22.0,35109.0,28.0,0.0,0.0,35109.0,3.0,11703.0,100.0,0.0,0.0,1.0
ShORh5gJ7H,GB,37.0,Women,2025-03-26 17:36:16.550921 +00:00,9.0,5440.0,2.0,0.0,0.0,5440.0,4.0,1360.0,100.0,50.0,0.0,1.0
vZehH4b1j7,JP,25.0,Women,2025-03-04 13:29:41.874359 +00:00,72.0,52057.0,1.0,0.0,0.0,52057.0,4.0,13014.25,100.0,50.0,0.0,1.0
GXoBu9WC7i,DE,42.0,Men,2025-02-26 10:09:53.763342 +00:00,37.0,111357.0,40.0,10.0,2.0,111357.0,8.0,13919.625,100.0,100.0,12.5,1.0
BN24Bjh8sf,DE,30.0,Women,2025-03-13 21:08:25.524066 +00:00,23.0,11467.0,9.0,4.0,1.0,11467.0,6.0,1911.1666666666667,100.0,100.0,0.0,0.0
ttW8TYCnKx,DE,53.0,Women,2025-03-16 13:57:29.911927 +00:00,8.0,5587.0,2.0,0.0,0.0,5587.0,3.0,1862.3333333333333,100.0,25.0,0.0,1.0
LEVaLcGmts,DE,37.0,Men,2025-03-29 08:08:19.190206 +00:00,12.0,15368.0,24.0,0.0,0.0,15368.0,5.0,3073.6,100.0,75.0,0.0,0.0
2c6K66Mo2C,US,39.0,Men,2025-02-22 18:29:09.141503 +00:00,11.0,12937.0,1.0,0.0,0.0,12937.0,4.0,3234.25,100.0,50.0,0.0,1.0
oknDHTEUCf,DE,30.0,Women,2025-03-05 23:51:09.906121 +00:00,19.0,41826.0,9.0,80.0,23.0,41826.0,8.0,5228.25,100.0,100.0,12.5,0.0
Cf8bRWlYlW,US,63.0,Men,2025-03-10 05:31:08.457615 +00:00,52.0,52577.0,230.0,41.0,10.0,52577.0,7.0,7511.0,100.0,100.0,0.0,0.0
skJgOtuU9P,US,39.0,Women,2025-02-06 01:21:38.824934 +00:00,7.0,14244.0,1.0,0.0,0.0,14244.0,4.0,3561.0,100.0,50.0,0.0,1.0
xIT2EcUAwl,US,39.0,Men,2025-02-02 03:30:49.077194 +00:00,4.0,6288.0,1.0,0.0,0.0,6288.0,3.0,2096.0,100.0,25.0,0.0,1.0
DRfn7xEett,DE,39.0,Women,2025-03-19 10:55:24.640416 +00:00,4.0,12127.0,8.0,0.0,0.0,12127.0,4.0,3031.75,100.0,50.0,0.0,1.0
239mtPpj1w,US,30.0,Men,2025-02-14 08:37:19.973049 +00:00,168.0,290228.0,396.0,0.0,0.0,290228.0,3.0,96742.66666666669,100.0,25.0,0.0,0.0
js8xxOy21x,JP,35.0,Men,2025-03-14 02:50:06.769233 +00:00,11.0,4628.0,142.0,0.0,0.0,4628.0,7.0,661.1428571428571,100.0,100.0,0.0,0.0
IUDeg4TP6f,DE,36.0,Women,2025-02-24 14:20:34.389438 +00:00,41.0,67448.0,12.0,20.0,3.0,67448.0,8.0,8431.0,100.0,100.0,12.5,1.0
cV6wJT7efL,DE,26.0,Men,2025-03-04 22:12:20.166705 +00:00,3.0,3639.0,5.0,0.0,0.0,3639.0,3.0,1213.0,100.0,25.0,0.0,1.0
wPcC71XvNh,GB,39.0,Men,2025-03-14 05:03:00.171489 +00:00,1.0,3089.0,9.0,0.0,0.0,3089.0,4.0,772.25,100.0,50.0,0.0,1.0
LmiVSgqQol,US,36.0,Women,2025-02-05 00:46:41.189109 +00:00,6.0,13845.0,1.0,0.0,0.0,13845.0,3.0,4615.0,100.0,25.0,0.0,1.0
5RO5jVeu6m,DE,37.0,Men,2025-03-27 05:26:27.734962 +00:00,21.0,18506.0,25.0,0.0,0.0,18506.0,6.0,3084.3333333333335,100.0,100.0,0.0,0.0
SNMDlkURCs,US,40.0,Women,2025-02-04 10:10:39.150680 +00:00,2.0,1125.0,5.0,0.0,0.0,1125.0,1.0,1125.0,50.0,0.0,0.0,1.0
VW3YpGJP95,US,50.0,Men,2025-03-13 00:50:26.022392 +00:00,24.0,29738.0,86.0,0.0,0.0,29738.0,3.0,9912.666666666666,100.0,0.0,0.0,1.0
jvjxRmsOuI,DE,57.0,Women,2025-03-17 17:44:29.853473 +00:00,207.0,566403.0,1081.0,0.0,0.0,566403.0,11.0,51491.181818181816,100.0,100.0,50.0,0.0
NAo43lSh5l,DE,39.0,Women,2025-03-29 16:58:42.985632 +00:00,9.0,18471.0,20.0,0.0,0.0,18471.0,5.0,3694.2,100.0,75.0,0.0,1.0
onzrgEDVm4,US,39.0,Men,2025-03-06 02:24:51.335915 +00:00,4.0,8973.0,1.0,0.0,0.0,8973.0,3.0,2991.0,100.0,25.0,0.0,1.0
jTuTFLlRyl,DE,35.0,Men,2025-02-12 17:54:15.136441 +00:00,16.0,25647.0,1.0,0.0,0.0,25647.0,5.0,5129.4,100.0,75.0,0.0,1.0
XJ1AMt4poM,DE,35.0,Men,2025-03-09 17:40:36.974473 +00:00,2.0,612.0,5.0,0.0,0.0,612.0,1.0,612.0,50.0,0.0,0.0,1.0
0lf6218gVo,DE,33.0,Men,2025-03-31 11:20:40.561155 +00:00,2.0,1108.0,1.0,0.0,0.0,1108.0,2.0,554.0,100.0,0.0,0.0,1.0
6lmT7bG69n,GB,32.0,Women,2025-03-01 16:03:02.519665 +00:00,3.0,493.0,1.0,0.0,0.0,493.0,1.0,493.0,50.0,0.0,0.0,1.0
KMY5t5k8Zt,DE,35.0,Women,2025-04-04 10:05:05.260454 +00:00,1.0,1376.0,1.0,0.0,0.0,1376.0,4.0,344.0,100.0,75.0,0.0,0.0
vsh7cMNUth,DE,39.0,Men,2025-03-02 11:11:03.786403 +00:00,26.0,29036.0,25.0,0.0,0.0,29036.0,2.0,14518.0,100.0,0.0,0.0,1.0
fBfsY55f6v,DE,20.0,Men,2025-02-24 10:17:43.232729 +00:00,2.0,2114.0,5.0,0.0,0.0,2114.0,2.0,1057.0,100.0,0.0,0.0,1.0
485bueZcyU,DE,58.0,Women,2025-02-16 07:41:09.597808 +00:00,138.0,595698.0,266.0,20.0,3.0,595698.0,11.0,54154.36363636364,100.0,100.0,62.5,0.0
xZdb9KnL1R,GB,55.0,Men,2025-03-30 07:45:00.759984 +00:00,10.0,19118.0,51.0,22.399998,6.0,19118.0,8.0,2389.75,100.0,100.0,12.5,0.0
a4lzExubvf,GB,18.0,Women,2025-02-24 19:27:15.121792 +00:00,2.0,2179.0,5.0,0.0,0.0,2179.0,1.0,2179.0,50.0,0.0,0.0,1.0
nqz6bDTUDl,GB,30.0,Men,2025-03-11 16:32:12.207353 +00:00,15.0,31812.0,90.0,0.0,0.0,31812.0,6.0,5302.0,100.0,75.0,0.0,1.0
zUOeaPGqBq,GB,38.0,Women,2025-02-20 20:53:20.100046 +00:00,3.0,3062.0,5.0,0.0,0.0,3062.0,3.0,1020.6666666666666,100.0,25.0,0.0,1.0
KFNp8AoNL0,GB,45.0,Women,2025-02-17 09:31:14.643912 +00:00,143.0,266585.0,278.0,0.0,0.0,266585.0,10.0,26658.5,100.0,100.0,37.5,0.0
f2R1Ga4WFK,DE,29.0,Men,2025-03-21 12:37:57.156665 +00:00,2.0,839.0,5.0,0.0,0.0,839.0,2.0,419.5,100.0,0.0,0.0,1.0
avcHlDSCHD,GB,23.0,Men,2025-03-13 07:48:17.752500 +00:00,34.0,32757.0,19.0,7.0,2.0,32757.0,6.0,5459.5,100.0,100.0,0.0,1.0
37VV7FYg0f,DE,31.0,Men,2025-02-17 07:14:55.488247 +00:00,1.0,587.0,5.0,0.0,0.0,587.0,2.0,293.5,100.0,0.0,0.0,1.0
clvNfNSDBH,US,36.0,Men,2025-02-17 02:24:42.613043 +00:00,15.0,16993.0,5.0,0.0,0.0,16993.0,3.0,5664.333333333333,100.0,25.0,0.0,1.0
ktygk2YKt2,US,39.0,Women,2025-03-03 13:20:20.248089 +00:00,1.0,100.0,1.0,0.0,0.0,100.0,1.0,100.0,50.0,0.0,0.0,1.0
q3VKa21p3Z,US,40.0,Women,2025-03-16 09:09:43.597917 +00:00,2.0,3344.0,5.0,0.0,0.0,3344.0,3.0,1114.6666666666667,100.0,25.0,0.0,1.0
64DguSUI7s,DE,39.0,Women,2025-02-13 04:07:27.563564 +00:00,72.0,62376.0,11.0,0.0,0.0,62376.0,7.0,8910.857142857143,100.0,100.0,12.5,0.0
XbtV4zEuhb,DE,37.0,Men,2025-03-18 11:54:55.442030 +00:00,2.0,116.0,1.0,23.0,4.0,116.0,4.0,29.0,100.0,50.0,0.0,1.0
6NKKT2rq9a,DE,37.0,Men,2025-04-01 08:02:28.520347 +00:00,12.0,28752.0,5.0,0.0,0.0,28752.0,5.0,5750.4,100.0,75.0,0.0,0.0
B20EMwbwwA,DE,39.0,Women,2025-02-26 13:06:07.392171 +00:00,2.0,922.0,1.0,0.0,0.0,922.0,1.0,922.0,50.0,0.0,0.0,1.0
AlgS8tTT1j,GB,38.0,Men,2025-03-16 13:04:19.390575 +00:00,2.0,1906.0,2.0,0.0,0.0,1906.0,4.0,476.5,100.0,50.0,0.0,0.0
8wBLyOyuBZ,GB,37.0,Women,2025-02-18 17:32:59.099602 +00:00,10.0,24298.0,1.0,0.0,0.0,24298.0,5.0,4859.6,100.0,75.0,0.0,1.0
ZbytdCOBAZ,DE,50.0,Women,2025-02-17 04:48:47.809498 +00:00,2.0,3764.0,1.0,0.0,0.0,3764.0,1.0,3764.0,50.0,0.0,0.0,1.0
odGGLp9hkf,US,37.0,Men,2025-02-07 17:47:21.615012 +00:00,66.0,79229.0,1.0,4.0,1.0,79229.0,8.0,9903.625,100.0,100.0,12.5,1.0
ZIgSfLHVyQ,DE,40.0,Women,2025-03-11 13:38:27.910925 +00:00,13.0,7580.0,2.0,0.0,0.0,7580.0,1.0,7580.0,50.0,0.0,0.0,1.0
4vpLPOhqja,US,39.0,Men,2025-02-07 18:19:19.992255 +00:00,8.0,8310.0,1.0,0.0,0.0,8310.0,3.0,2770.0,100.0,25.0,0.0,1.0
crn1Kll2U3,US,46.0,Women,2025-03-16 01:51:49.413226 +00:00,7.0,44894.0,218.0,0.0,0.0,44894.0,4.0,11223.5,100.0,50.0,0.0,1.0
Q4buTMP78R,DE,39.0,Men,2025-03-23 09:13:19.186735 +00:00,1.0,225.0,19.0,0.0,0.0,225.0,4.0,56.25,100.0,50.0,0.0,0.0
MC567UgoOC,US,39.0,Men,2025-03-02 00:32:00.160179 +00:00,25.0,18391.0,12.0,0.0,0.0,18391.0,6.0,3065.1666666666665,100.0,100.0,0.0,1.0
onXq3TQk1b,US,31.0,Men,2025-03-01 10:25:05.510646 +00:00,2.0,3392.0,2.0,0.0,0.0,3392.0,3.0,1130.6666666666667,100.0,25.0,0.0,1.0
Y1Mi7V9Uou,GB,44.0,Men,2025-03-09 16:10:18.798399 +00:00,26.0,44130.0,12.0,14.0,3.0,44130.0,6.0,7355.0,100.0,100.0,0.0,0.0
96kP6CrMpa,DE,53.0,Women,2025-02-15 15:18:56.132296 +00:00,470.0,874420.0,800.0,0.0,0.0,878969.0,14.0,62783.5,100.0,100.0,87.5,0.0
F0r5FdRt5M,US,39.0,Men,2025-03-10 03:01:00.031493 +00:00,1.0,943.0,1.0,0.0,0.0,943.0,3.0,314.3333333333333,100.0,25.0,0.0,1.0
bqGdwdMJ0u,DE,29.0,Men,2025-03-21 07:04:05.246064 +00:00,5.0,8182.0,9.0,0.0,0.0,8182.0,4.0,2045.5,100.0,50.0,0.0,1.0
vbEUA8kmfF,GB,39.0,Men,2025-04-04 09:16:19.914212 +00:00,2.0,1315.0,5.0,0.0,0.0,1315.0,1.0,1315.0,100.0,0.0,0.0,0.0
wcWPuzufKK,US,40.0,Women,2025-03-18 01:55:33.197295 +00:00,31.0,75051.0,153.0,0.0,0.0,75051.0,6.0,12508.5,100.0,75.0,0.0,0.0
stPVD2ykUv,US,49.0,Men,2025-02-25 08:30:24.741144 +00:00,2.0,4674.0,1.0,0.0,0.0,4674.0,3.0,1558.0,100.0,25.0,0.0,1.0
ctOSdK5dpn,US,39.0,Women,2025-02-03 02:36:47.782558 +00:00,1.0,1221.0,1.0,0.0,0.0,1221.0,2.0,610.5,100.0,0.0,0.0,1.0
3VAexZ8pxy,DE,43.0,Men,2025-02-24 12:14:44.670780 +00:00,233.0,567591.0,1195.0,0.0,0.0,571822.0,12.0,47651.833333333336,100.0,100.0,62.5,0.0
GFOUP9YIFm,US,39.0,Women,2025-02-15 16:49:54.569204 +00:00,3.0,4308.0,796.0,0.0,0.0,4308.0,12.0,359.0,100.0,100.0,62.5,1.0
mLVzlAAfLM,DE,29.0,Men,2025-03-19 01:45:56.053383 +00:00,1.0,1741.0,10.0,0.0,0.0,1741.0,5.0,348.2,100.0,75.0,0.0,0.0
2jJdb3bOx0,DE,39.0,Men,2025-04-01 06:46:07.214707 +00:00,3.0,2662.0,5.0,0.0,0.0,2662.0,3.0,887.3333333333334,100.0,25.0,0.0,0.0
Yhbbp2nGZU,DE,46.0,Men,2025-02-27 07:55:05.426630 +00:00,19.0,23426.0,66.0,0.0,0.0,23426.0,7.0,3346.5714285714284,100.0,100.0,0.0,0.0
9Bun2ThGtY,US,39.0,Men,2025-02-05 01:02:13.824896 +00:00,1.0,747.0,1.0,0.0,0.0,747.0,3.0,249.0,100.0,25.0,0.0,1.0
y6J2Bp6bfC,DE,37.0,Women,2025-02-23 12:33:05.089629 +00:00,1.0,239.0,5.0,0.0,0.0,239.0,1.0,239.0,50.0,0.0,0.0,1.0
ayug16Twgj,US,68.0,Women,2025-03-18 00:27:41.381831 +00:00,17.0,31811.0,158.0,0.0,0.0,31811.0,6.0,5301.833333333333,100.0,75.0,0.0,1.0
eFKslOxOMk,DE,44.0,Women,2025-03-18 16:00:12.967970 +00:00,1.0,867.0,5.0,0.0,0.0,867.0,3.0,289.0,100.0,25.0,0.0,1.0
QKZ0Sq6ek5,DE,28.0,Men,2025-03-12 21:38:18.918645 +00:00,22.0,12899.0,24.0,0.0,0.0,12899.0,8.0,1612.375,100.0,100.0,25.0,0.0
20YN7hrTfQ,US,39.0,Women,2025-03-07 02:45:59.921039 +00:00,1.0,453.0,5.0,0.0,0.0,453.0,1.0,453.0,50.0,0.0,0.0,1.0
rZmfZXrXdw,US,34.0,Women,2025-02-07 18:22:54.094990 +00:00,6.0,10089.0,1.0,4.0,1.0,10089.0,4.0,2522.25,100.0,50.0,0.0,1.0
I7PbDvxk3i,US,30.0,Men,2025-02-25 09:25:57.301980 +00:00,3.0,1143.0,5.0,0.0,0.0,1143.0,1.0,1143.0,50.0,0.0,0.0,1.0
xBgKvYNfPr,US,39.0,Women,2025-03-17 03:22:08.852807 +00:00,5.0,3022.0,10.0,0.0,0.0,3022.0,3.0,1007.3333333333334,100.0,25.0,0.0,1.0
PzcRjrKZaR,US,37.0,Men,2025-01-31 05:48:58.892188 +00:00,44.0,167585.0,1.0,4.4,1.0,167585.0,9.0,18620.555555555555,100.0,100.0,25.0,1.0
b5PBEAi8k5,US,43.0,Women,2025-02-05 00:48:47.725357 +00:00,4.0,8335.0,1.0,0.0,0.0,8335.0,3.0,2778.3333333333335,100.0,25.0,0.0,1.0
jqxfLD2z9Q,DE,36.0,Women,2025-03-17 18:42:43.098404 +00:00,15.0,7181.0,8.0,0.0,0.0,7181.0,1.0,7181.0,50.0,0.0,0.0,1.0
RD8dHfnhNm,US,39.0,Men,2025-02-03 05:25:08.811164 +00:00,21.0,16063.0,1.0,0.0,0.0,16063.0,5.0,3212.6,100.0,75.0,0.0,1.0
3qTMoXo80V,DE,49.0,Women,2025-02-26 16:10:13.767227 +00:00,444.0,804367.0,1144.0,4.0,1.0,804367.0,14.0,57454.78571428572,100.0,100.0,87.5,0.0
CBIOX9z7k2,US,34.0,Women,2025-03-06 02:08:46.289900 +00:00,6.0,5178.0,5.0,4.0,1.0,5178.0,4.0,1294.5,100.0,50.0,0.0,1.0
CSLUPX9kmC,DE,30.0,Men,2025-03-28 23:34:47.744622 +00:00,29.0,42642.0,105.0,4.4,1.0,42642.0,8.0,5330.25,100.0,100.0,25.0,0.0
nrnGjtXODA,US,37.0,Women,2025-03-10 06:15:32.210513 +00:00,1.0,490.0,1.0,0.0,0.0,490.0,2.0,245.0,100.0,0.0,0.0,1.0
GLUGDdOEIr,GB,31.0,Women,2025-03-07 11:19:12.740214 +00:00,1.0,0.0,5.0,0.0,0.0,0.0,1.0,0.0,50.0,0.0,0.0,1.0
cJ6ivUi2q3,DE,33.0,Women,2025-03-29 11:54:53.690386 +00:00,9.0,7217.0,11.0,0.0,0.0,7217.0,4.0,1804.25,100.0,50.0,0.0,0.0
nDEzbIVLph,GB,60.0,Women,2025-02-26 20:57:55.128071 +00:00,188.0,531012.0,418.0,0.0,0.0,531012.0,11.0,48273.818181818184,100.0,100.0,50.0,0.0
TKGfummMmu,US,42.0,Men,2025-02-15 03:21:54.229575 +00:00,27.0,25593.0,1.0,0.0,0.0,25593.0,6.0,4265.5,100.0,100.0,0.0,1.0
rQ4lVkMbuG,JP,28.0,Men,2025-03-07 15:26:36.391990 +00:00,6.0,8370.0,1.0,0.0,0.0,8370.0,4.0,2092.5,100.0,50.0,0.0,1.0
H2KIClof6u,US,39.0,Women,2025-02-16 05:10:03.362657 +00:00,1.0,17.0,5.0,0.0,0.0,17.0,1.0,17.0,50.0,0.0,0.0,1.0
CARJJzOjRc,DE,25.0,Men,2025-04-03 22:28:09.385557 +00:00,2.0,1063.0,5.0,0.0,0.0,1063.0,1.0,1063.0,50.0,0.0,0.0,0.0
OyXaZ4D9XA,DE,39.0,Women,2025-03-13 11:51:16.148129 +00:00,3.0,3499.0,3.0,0.0,0.0,3499.0,4.0,874.75,100.0,50.0,0.0,1.0
D7W4t2L3Pu,DE,38.0,Men,2025-02-20 09:43:14.537477 +00:00,61.0,47308.0,1.0,4.4,1.0,47308.0,5.0,9461.6,100.0,75.0,0.0,1.0
g5YCRHUGJN,US,39.0,Women,2025-03-13 00:26:45.412216 +00:00,1.0,7.0,4.0,0.0,0.0,7.0,1.0,7.0,50.0,0.0,0.0,1.0
k7Yd10Uk7u,DE,39.0,Men,2025-03-23 15:04:17.060478 +00:00,22.0,37548.0,38.0,4.0,1.0,37548.0,7.0,5364.0,100.0,100.0,0.0,0.0
nbGm0o8UF3,DE,39.0,Men,2025-03-13 14:19:54.025237 +00:00,18.0,8105.0,7.0,0.0,0.0,8105.0,5.0,1621.0,100.0,75.0,0.0,1.0
pa085GwNtY,US,39.0,Women,2025-02-22 03:04:19.843322 +00:00,11.0,13456.0,1.0,4.0,1.0,13456.0,4.0,3364.0,100.0,50.0,0.0,1.0
0zNMocELTN,GB,39.0,Men,2025-02-13 08:05:46.776335 +00:00,25.0,32723.0,1.0,0.0,0.0,32723.0,5.0,6544.6,100.0,75.0,0.0,1.0
5tgvMOqtps,GB,47.0,Men,2025-04-01 09:10:51.032354 +00:00,1.0,2159.0,5.0,0.0,0.0,2159.0,2.0,1079.5,100.0,0.0,0.0,0.0
i0s3iQQD7j,GB,39.0,Women,2025-03-27 01:35:06.114768 +00:00,18.0,25325.0,21.0,0.0,0.0,25325.0,6.0,4220.833333333333,100.0,100.0,0.0,0.0
oubhK1rfRH,DE,22.0,Women,2025-03-21 17:46:19.514306 +00:00,21.0,36765.0,30.0,4.0,1.0,36765.0,6.0,6127.5,100.0,75.0,0.0,1.0
BWAQvpnngr,DE,42.0,Men,2025-04-05 17:47:10.652148 +00:00,2.0,2614.0,1.0,0.0,0.0,2614.0,2.0,1307.0,100.0,0.0,0.0,0.0
GAmP08gOcw,GB,39.0,Women,2025-03-25 05:15:14.638563 +00:00,3.0,1151.0,4.0,0.0,0.0,1151.0,4.0,287.75,100.0,50.0,0.0,1.0
M42Br7rLGf,GB,26.0,Women,2025-03-12 11:37:25.753361 +00:00,1.0,0.0,5.0,0.0,0.0,0.0,1.0,0.0,50.0,0.0,0.0,1.0
LDjONs7iw4,GB,36.0,Men,2025-02-19 18:34:51.887288 +00:00,27.0,58071.0,10.0,0.0,0.0,58071.0,8.0,7258.875,100.0,100.0,12.5,1.0
mTqaK6CXF1,GB,39.0,Women,2025-03-06 20:16:07.407615 +00:00,22.0,36419.0,5.0,0.0,0.0,36419.0,5.0,7283.8,100.0,75.0,0.0,1.0
vb0rVdZXEJ,US,21.0,Women,2025-02-08 08:00:05.579791 +00:00,22.0,6592.0,1.0,4.4,1.0,6592.0,3.0,2197.3333333333335,100.0,25.0,0.0,1.0
j6YRJ0TT8A,US,34.0,Men,2025-02-25 01:55:34.636067 +00:00,1.0,2081.0,1.0,0.0,0.0,2081.0,3.0,693.6666666666666,100.0,25.0,0.0,1.0
ix49QAZLdN,DE,52.0,Men,2025-02-28 19:52:16.775502 +00:00,2.0,722.0,1.0,0.0,0.0,722.0,1.0,722.0,50.0,0.0,0.0,1.0
lv0jRxzujf,GB,39.0,Women,2025-02-28 22:34:33.226835 +00:00,41.0,64171.0,2.0,0.0,0.0,64171.0,6.0,10695.166666666666,100.0,100.0,0.0,1.0
MPYWZ6aKKo,US,42.0,Women,2025-03-05 07:29:13.069680 +00:00,4.0,4503.0,5.0,4.0,1.0,4503.0,4.0,1125.75,100.0,50.0,0.0,1.0
PpY7tFAu4d,US,53.0,Men,2025-02-28 02:25:34.860962 +00:00,21.0,35365.0,1.0,0.0,0.0,35365.0,5.0,7073.0,100.0,50.0,0.0,1.0
B9WZhPfv4R,GB,62.0,Women,2025-02-27 19:28:38.207775 +00:00,20.0,42788.0,41.0,0.0,0.0,42788.0,9.0,4754.222222222223,100.0,100.0,25.0,1.0
VkYqQ4b5wM,US,42.0,Women,2025-02-07 00:07:48.571944 +00:00,7.0,2607.0,1.0,0.0,0.0,2607.0,4.0,651.75,100.0,50.0,0.0,1.0
ClicQPTrws,GB,26.0,Men,2025-02-13 11:46:57.841574 +00:00,223.0,200606.0,206.0,7.0,2.0,200606.0,13.0,15431.23076923077,100.0,100.0,75.0,0.0
zlGJTV90HC,US,45.0,Women,2025-03-17 00:24:50.181019 +00:00,19.0,30874.0,116.0,4.0,1.0,30874.0,6.0,5145.666666666667,100.0,75.0,0.0,1.0
lKFGEzkE7P,US,35.0,Women,2025-02-21 05:39:57.647604 +00:00,17.0,20480.0,1.0,4.0,1.0,20480.0,4.0,5120.0,100.0,25.0,0.0,1.0
a5NOuro1Km,US,39.0,Women,2025-02-05 00:38:23.247491 +00:00,23.0,31952.0,1.0,4.0,1.0,31952.0,6.0,5325.333333333333,100.0,75.0,0.0,1.0
09wgO3Axah,US,39.0,Men,2025-02-06 01:47:44.922718 +00:00,22.0,29943.0,1.0,0.0,0.0,29943.0,4.0,7485.75,100.0,50.0,0.0,1.0
a9mIVB6moz,DE,39.0,Men,2025-03-05 09:27:06.545690 +00:00,4.0,1799.0,1.0,0.0,0.0,1799.0,4.0,449.75,100.0,50.0,0.0,1.0
DM36HQRBt9,JP,35.0,Men,2025-03-06 08:20:57.763004 +00:00,128.0,45374.0,42.0,0.0,0.0,45374.0,9.0,5041.555555555556,100.0,100.0,25.0,0.0
jAOzmaRQS2,US,47.0,Women,2025-03-06 00:14:59.843013 +00:00,4.0,991.0,1.0,0.0,0.0,991.0,3.0,330.3333333333333,100.0,25.0,0.0,1.0
IGOMtdFpk5,DE,46.0,Women,2025-02-27 08:30:53.965924 +00:00,83.0,107286.0,1.0,20.0,3.0,107286.0,11.0,9753.272727272728,100.0,100.0,50.0,0.0
nRY89MqGqj,DE,42.0,Women,2025-03-07 17:27:52.936444 +00:00,11.0,6239.0,5.0,0.0,0.0,6239.0,3.0,2079.6666666666665,100.0,25.0,0.0,1.0
VDdWxs9Y4P,GB,23.0,Men,2025-03-12 07:48:29.712585 +00:00,6.0,4774.0,5.0,0.0,0.0,4774.0,4.0,1193.5,100.0,50.0,0.0,1.0
DMEzPZT4s6,US,46.0,Men,2025-03-04 01:01:41.331783 +00:00,1.0,127.0,1.0,20.0,3.0,127.0,3.0,42.333333333333336,100.0,25.0,0.0,1.0
S460g8Dnoz,JP,39.0,Men,2025-03-20 06:50:20.538927 +00:00,6.0,11548.0,764.0,0.0,0.0,11548.0,9.0,1283.111111111111,100.0,100.0,25.0,1.0
x9TQdgbGTC,US,39.0,Men,2025-03-15 00:28:08.460808 +00:00,2.0,289.0,5.0,0.0,0.0,289.0,3.0,96.33333333333331,100.0,25.0,0.0,1.0
a8a6bFYYGh,DE,33.0,Women,2025-02-16 06:38:28.144588 +00:00,4.0,2521.0,1.0,0.0,0.0,2521.0,3.0,840.3333333333334,100.0,25.0,0.0,1.0
niecOzGJGh,JP,25.0,Women,2025-03-05 18:26:13.938994 +00:00,3.0,5346.0,1.0,0.0,0.0,5346.0,3.0,1782.0,100.0,25.0,0.0,1.0
XvAaSrvXgM,US,34.0,Women,2025-02-24 12:41:33.440374 +00:00,12.0,6137.0,1.0,0.0,0.0,6137.0,3.0,2045.6666666666667,100.0,25.0,0.0,1.0
4FKWoGbDN0,GB,39.0,Men,2025-02-18 15:28:02.931818 +00:00,37.0,62016.0,1.0,0.0,0.0,62016.0,8.0,7752.0,100.0,100.0,12.5,1.0
Tymvod9TJk,US,40.0,Men,2025-02-24 01:32:47.532675 +00:00,2.0,3044.0,1.0,0.0,0.0,3044.0,3.0,1014.6666666666666,100.0,0.0,0.0,1.0
i6ZrlDFCFZ,US,36.0,Women,2025-02-24 05:31:12.837883 +00:00,1.0,1603.0,5.0,0.0,0.0,1603.0,2.0,801.5,100.0,0.0,0.0,1.0
oDHjsM4fHj,DE,39.0,Men,2025-04-03 08:58:08.173205 +00:00,1.0,1227.0,6.0,0.0,0.0,1227.0,3.0,409.0,100.0,50.0,0.0,0.0
WdOm5DKRHQ,DE,39.0,Women,2025-02-26 14:17:16.262526 +00:00,2.0,1360.0,5.0,0.0,0.0,1360.0,2.0,680.0,100.0,0.0,0.0,1.0
tTwcWKfBep,GB,39.0,Women,2025-03-27 08:33:27.336108 +00:00,50.0,113472.0,336.0,0.0,0.0,113472.0,10.0,11347.2,100.0,100.0,37.5,0.0
9MV2du6QRJ,US,36.0,Men,2025-02-17 04:03:58.754535 +00:00,2.0,2059.0,1.0,0.0,0.0,2059.0,3.0,686.3333333333334,100.0,25.0,0.0,1.0
I7LwvfhQeX,DE,34.0,Men,2025-02-12 14:41:07.979079 +00:00,252.0,569680.0,206.0,10.0,2.0,569680.0,11.0,51789.09090909091,100.0,100.0,50.0,1.0
uj53viJGM8,DE,39.0,Women,2025-02-28 11:28:30.491141 +00:00,23.0,17696.0,34.0,0.0,0.0,17696.0,7.0,2528.0,100.0,100.0,0.0,1.0
JvwXKhWjWK,DE,39.0,Women,2025-02-20 10:50:26.093191 +00:00,69.0,1699008.0,2.0,10.0,2.0,1699008.0,7.0,242715.42857142855,100.0,100.0,0.0,1.0
1b6028drKU,DE,18.0,Men,2025-03-22 13:18:05.569561 +00:00,25.0,11436.0,13.0,0.0,0.0,11436.0,5.0,2287.2,100.0,75.0,0.0,1.0
OGXLPKK5RC,US,47.0,Men,2025-02-24 05:21:39.310432 +00:00,332.0,697703.0,1094.0,0.0,0.0,697703.0,11.0,63427.545454545456,100.0,100.0,50.0,1.0
r7NCUCNuKx,US,35.0,Men,2025-03-08 04:01:02.837895 +00:00,1.0,2364.0,10.0,4.0,1.0,2364.0,4.0,591.0,100.0,50.0,0.0,1.0
4c5orMlwiu,GB,31.0,Women,2025-02-12 19:43:48.684612 +00:00,6.0,3074.0,1.0,0.0,0.0,3074.0,3.0,1024.6666666666667,100.0,25.0,0.0,1.0
O6FyvCsBGq,DE,39.0,Men,2025-03-07 08:24:17.857279 +00:00,4.0,8998.0,4.0,0.0,0.0,8998.0,4.0,2249.5,100.0,50.0,0.0,1.0
VlFvBrNDfz,DE,44.0,Women,2025-03-30 16:31:27.039625 +00:00,2.0,1815.0,1.0,0.0,0.0,1815.0,2.0,907.5,100.0,0.0,0.0,1.0
LWfJdhXgrL,DE,36.0,Men,2025-02-23 00:16:52.596327 +00:00,89.0,158639.0,1.0,26.0,5.0,158639.0,10.0,15863.9,100.0,100.0,50.0,0.0
V8fQmW5Tvg,US,41.0,Men,2025-02-25 11:02:36.142480 +00:00,11.0,3632.0,1.0,0.0,0.0,3632.0,3.0,1210.6666666666667,100.0,25.0,0.0,1.0
Ag8MlC07NT,GB,41.0,Men,2025-02-19 16:16:08.348477 +00:00,1.0,1585.0,5.0,0.0,0.0,1585.0,2.0,792.5,100.0,0.0,0.0,1.0
Klu0y96MAF,US,38.0,Men,2025-02-18 08:37:09.830300 +00:00,2.0,1401.0,5.0,0.0,0.0,1401.0,1.0,1401.0,50.0,0.0,0.0,1.0
BD61TmsPoZ,US,38.0,Men,2025-02-06 00:28:00.054368 +00:00,3.0,6572.0,1.0,0.0,0.0,6572.0,3.0,2190.6666666666665,100.0,25.0,0.0,1.0
P8iNojYUVw,US,42.0,Men,2025-02-20 07:09:54.523101 +00:00,1.0,172.0,1.0,0.0,0.0,172.0,3.0,57.333333333333336,100.0,25.0,0.0,1.0
KU2El3h0is,US,34.0,Men,2025-02-07 18:51:58.100026 +00:00,19.0,7678.0,1.0,0.0,0.0,7678.0,5.0,1535.6,100.0,75.0,0.0,1.0
YBfQLeGSa9,GB,20.0,Men,2025-03-03 13:27:36.198911 +00:00,20.0,23438.0,1.0,0.0,0.0,23438.0,7.0,3348.285714285714,100.0,100.0,0.0,1.0
HimYjFTTMr,GB,38.0,Women,2025-03-11 17:36:00.195967 +00:00,28.0,64265.0,279.0,0.0,0.0,64265.0,7.0,9180.714285714286,100.0,100.0,0.0,0.0
EhlBABhZJR,US,39.0,Women,2025-02-05 00:13:58.855592 +00:00,4.0,8263.0,1.0,0.0,0.0,8263.0,5.0,1652.6,100.0,50.0,0.0,1.0
Rt2UM7HrOQ,DE,28.0,Women,2025-03-30 00:31:04.603162 +00:00,55.0,67483.0,47.0,4.0,1.0,67483.0,7.0,9640.42857142857,100.0,100.0,12.5,0.0
2LT4sysItX,DE,34.0,Men,2025-03-16 12:44:51.470215 +00:00,5.0,5658.0,1.0,0.0,0.0,5658.0,5.0,1131.6,100.0,75.0,0.0,1.0
ar6h64kC3X,US,32.0,Men,2025-02-20 05:52:02.180102 +00:00,8.0,8099.0,1.0,0.0,0.0,8099.0,3.0,2699.6666666666665,100.0,25.0,0.0,1.0
a9AEPVB7ef,GB,47.0,Women,2025-02-19 11:00:08.183171 +00:00,30.0,68109.0,1.0,0.0,0.0,68109.0,1.0,68109.0,50.0,0.0,0.0,1.0
ET6O1kU9DT,US,49.0,Women,2025-03-05 16:00:08.243281 +00:00,8.0,809.0,1.0,0.0,0.0,809.0,4.0,202.25,100.0,50.0,0.0,1.0
8HQzB6LIX8,US,56.0,Women,2025-02-24 12:09:34.596156 +00:00,46.0,59042.0,101.0,20.0,3.0,59042.0,7.0,8434.57142857143,100.0,100.0,0.0,0.0
Wx0B3PoUtb,DE,42.0,Men,2025-02-12 17:24:29.264464 +00:00,28.0,45047.0,1.0,0.0,0.0,45047.0,7.0,6435.285714285715,100.0,100.0,0.0,1.0
OZg16YXLoI,GB,39.0,Women,2025-02-26 19:48:39.115451 +00:00,3.0,13115.0,1.0,0.0,0.0,13115.0,4.0,3278.75,100.0,50.0,0.0,1.0
t4FaZesHkx,US,32.0,Women,2025-03-02 06:45:42.485581 +00:00,9.0,2544.0,1.0,0.0,0.0,2544.0,1.0,2544.0,50.0,0.0,0.0,1.0
nfnTx0NyTM,US,49.0,Women,2025-03-06 00:29:46.234789 +00:00,24.0,22642.0,188.0,10.0,2.0,22642.0,7.0,3234.5714285714284,100.0,100.0,0.0,0.0
IQ26h1fmZ1,DE,39.0,Women,2025-02-16 09:03:18.687099 +00:00,2.0,2261.0,1.0,0.0,0.0,2261.0,4.0,565.25,100.0,50.0,0.0,1.0
FdocLdEuuj,US,38.0,Men,2025-02-11 10:30:59.861451 +00:00,33.0,34792.0,1.0,0.0,0.0,34792.0,6.0,5798.666666666667,100.0,75.0,0.0,1.0
misSKgKxaM,DE,25.0,Women,2025-02-24 07:27:52.384667 +00:00,19.0,32951.0,2.0,10.0,2.0,32951.0,5.0,6590.2,100.0,75.0,0.0,0.0
2yfSzxsZW9,GB,39.0,Men,2025-02-26 01:34:38.765128 +00:00,4.0,5353.0,2.0,0.0,0.0,5353.0,4.0,1338.25,100.0,50.0,0.0,0.0
cSEkVTyMir,US,39.0,Women,2025-02-07 00:43:40.410781 +00:00,1.0,570.0,5.0,0.0,0.0,570.0,1.0,570.0,50.0,0.0,0.0,1.0
ntrzX1GwWr,US,34.0,Women,2025-02-23 20:50:39.117529 +00:00,1.0,2251.0,5.0,0.0,0.0,2251.0,3.0,750.3333333333334,100.0,25.0,0.0,1.0
U0gh2oHnvq,GB,35.0,Men,2025-03-12 07:11:11.374037 +00:00,20.0,20665.0,27.0,14.0,3.0,20665.0,6.0,3444.1666666666665,100.0,100.0,0.0,1.0
a4uqJFz5BK,GB,57.0,Women,2025-02-24 10:07:30.551107 +00:00,21.0,90192.0,1.0,2.8,1.0,90192.0,6.0,15032.0,100.0,75.0,0.0,1.0
3gK3aw2jEn,GB,39.0,Women,2025-02-16 12:55:27.011773 +00:00,57.0,72931.0,254.0,0.0,0.0,72931.0,10.0,7293.1,100.0,100.0,37.5,0.0
CJueFQJmCn,DE,46.0,Women,2025-03-26 09:24:08.097639 +00:00,5.0,5380.0,23.0,0.0,0.0,5380.0,5.0,1076.0,100.0,75.0,0.0,1.0
l1pDeJnhbN,DE,21.0,Men,2025-03-18 12:56:46.675700 +00:00,25.0,18504.0,1.0,0.0,0.0,18504.0,4.0,4626.0,100.0,50.0,0.0,1.0
oyHkkkHf0T,US,49.0,Men,2025-02-13 09:16:21.253262 +00:00,28.0,20773.0,9.0,4.0,1.0,20773.0,6.0,3462.1666666666665,100.0,75.0,0.0,1.0
JZ4FO559Xd,US,28.0,Women,2025-02-09 02:22:51.068872 +00:00,7.0,10337.0,1.0,0.0,0.0,10337.0,4.0,2584.25,100.0,50.0,0.0,1.0
6WiR7hfHZI,DE,18.0,Women,2025-03-03 22:02:18.962337 +00:00,4.0,2826.0,1.0,0.0,0.0,2826.0,3.0,942.0,100.0,25.0,0.0,1.0
eDEfDMus4i,DE,36.0,Men,2025-03-03 09:58:21.242752 +00:00,5.0,16671.0,1.0,0.0,0.0,16671.0,4.0,4167.75,100.0,50.0,0.0,1.0
i7h7r3jrmB,DE,39.0,Women,2025-03-11 13:38:13.862126 +00:00,3.0,3058.0,17.0,0.0,0.0,3058.0,2.0,1529.0,100.0,0.0,0.0,1.0
VVCFtedFIo,GB,38.0,Men,2025-02-14 08:59:24.427385 +00:00,13.0,7157.0,1.0,0.0,0.0,7157.0,5.0,1431.4,100.0,75.0,0.0,1.0
pNtoBm6jdF,DE,26.0,Men,2025-03-19 15:17:40.228757 +00:00,11.0,12648.0,6.0,0.0,0.0,12648.0,5.0,2529.6,100.0,75.0,0.0,0.0
EcaRV5em7X,GB,30.0,Women,2025-04-03 12:27:00.277515 +00:00,17.0,13356.0,39.0,0.0,0.0,13356.0,6.0,2226.0,100.0,75.0,0.0,0.0
Lx9CD1WLq8,GB,47.0,Women,2025-03-29 03:55:25.105114 +00:00,22.0,50129.0,213.0,0.0,0.0,50129.0,7.0,7161.285714285715,100.0,100.0,0.0,0.0
QkhpfYXBGa,US,47.0,Men,2025-03-15 05:06:12.524703 +00:00,1.0,606.0,5.0,0.0,0.0,606.0,1.0,606.0,50.0,0.0,0.0,1.0
q1SQIMofFA,US,39.0,Men,2025-02-20 06:04:45.895766 +00:00,1.0,197.0,1.0,0.0,0.0,197.0,1.0,197.0,50.0,0.0,0.0,1.0
ePcv2hWBIN,DE,34.0,Men,2025-03-04 14:48:02.260828 +00:00,2.0,2032.0,1.0,4.0,1.0,2032.0,4.0,508.0,100.0,50.0,0.0,1.0
HM9QiI8Ql4,DE,45.0,Men,2025-02-23 12:13:53.359169 +00:00,78.0,132858.0,1.0,0.0,0.0,132858.0,8.0,16607.25,100.0,100.0,12.5,1.0
c1X4iyWW0k,DE,65.0,Women,2025-03-23 10:16:50.434790 +00:00,3.0,3259.0,9.0,0.0,0.0,3259.0,3.0,1086.3333333333333,100.0,25.0,0.0,1.0
6tvlxFr82Y,GB,50.0,Men,2025-03-04 05:54:38.531593 +00:00,2.0,270.0,3.0,0.0,0.0,270.0,2.0,135.0,100.0,0.0,0.0,1.0
1w4GTEdUnb,US,39.0,Men,2025-02-15 16:43:16.543466 +00:00,51.0,39264.0,15.0,4.0,1.0,39264.0,9.0,4362.666666666667,100.0,100.0,25.0,1.0
5HMvYP801X,US,39.0,Women,2025-02-14 12:40:27.347791 +00:00,15.0,11109.0,1.0,0.0,0.0,11109.0,6.0,1851.5,100.0,75.0,0.0,1.0
sEjvF9TkhZ,DE,45.0,Men,2025-02-20 08:50:39.345290 +00:00,18.0,40661.0,7.0,0.0,0.0,40661.0,7.0,5808.714285714285,100.0,100.0,0.0,0.0
YkVLk9EGKf,DE,31.0,Men,2025-03-19 09:55:22.363401 +00:00,3.0,3854.0,2.0,0.0,0.0,3854.0,4.0,963.5,100.0,50.0,0.0,1.0
MdRgZGEYPV,DE,46.0,Men,2025-03-28 21:17:51.262942 +00:00,6.0,6623.0,18.0,0.0,0.0,6623.0,1.0,6623.0,0.0,0.0,0.0,0.0
wb1HWOFEAZ,US,42.0,Women,2025-03-06 06:11:26.444522 +00:00,1.0,4733.0,1.0,0.0,0.0,4733.0,3.0,1577.6666666666667,100.0,25.0,0.0,1.0
ZlPnjzr1iV,DE,36.0,Women,2025-03-11 20:23:44.312999 +00:00,9.0,12757.0,4.0,0.0,0.0,13085.0,4.0,3271.25,100.0,50.0,0.0,0.0
D3dgoxFEUj,GB,39.0,Men,2025-02-26 02:03:37.481793 +00:00,1.0,352.0,5.0,0.0,0.0,352.0,2.0,176.0,100.0,0.0,0.0,1.0
W9i0WUrHUz,GB,37.0,Women,2025-02-18 23:54:52.161426 +00:00,8.0,6561.0,1.0,0.0,0.0,6561.0,4.0,1640.25,100.0,50.0,0.0,1.0
Bf4941adk1,DE,35.0,Women,2025-03-18 10:44:58.518928 +00:00,3.0,4149.0,5.0,0.0,0.0,4149.0,4.0,1037.25,100.0,50.0,0.0,1.0
nLEPsSTND2,DE,22.0,Men,2025-03-09 21:47:17.171615 +00:00,16.0,2065.0,5.0,0.0,0.0,2065.0,4.0,516.25,100.0,50.0,0.0,1.0
hDfiT921jq,JP,41.0,Men,2025-03-05 02:44:37.709076 +00:00,3.0,2185.0,1.0,0.0,0.0,2185.0,2.0,1092.5,100.0,0.0,0.0,1.0
l1EOaX5zxU,DE,45.0,Men,2025-03-30 03:57:36.135629 +00:00,8.0,17526.0,19.0,0.0,0.0,17526.0,4.0,4381.5,100.0,50.0,0.0,1.0
FZ1M4THgxT,GB,58.0,Men,2025-03-18 10:20:17.167628 +00:00,53.0,74393.0,257.0,14.0,3.0,74393.0,8.0,9299.125,100.0,100.0,12.5,0.0
2Qt8H3fywg,US,35.0,Women,2025-02-07 16:51:44.528761 +00:00,6.0,6885.0,1.0,0.0,0.0,6885.0,8.0,860.625,100.0,100.0,12.5,1.0
pnHtCwghJB,US,22.0,Women,2025-02-17 02:27:19.215704 +00:00,5.0,2213.0,1.0,0.0,0.0,2213.0,4.0,553.25,100.0,50.0,0.0,1.0
XGpRDr8DfL,GB,46.0,Women,2025-03-03 11:09:25.017867 +00:00,2.0,6315.0,7.0,14.0,3.0,6315.0,4.0,1578.75,100.0,50.0,0.0,1.0
LUCwTI6fZ7,GB,36.0,Women,2025-03-12 10:49:50.418151 +00:00,148.0,294684.0,582.0,16.8,4.0,299246.0,11.0,27204.18181818182,100.0,100.0,50.0,0.0
ktaA2XOsVP,US,54.0,Men,2025-02-12 14:32:27.526316 +00:00,1.0,41.0,5.0,0.0,0.0,41.0,2.0,20.5,100.0,0.0,0.0,1.0
ivvapxYZX2,US,39.0,Women,2025-02-23 04:16:53.115037 +00:00,3.0,1352.0,2.0,0.0,0.0,1352.0,2.0,676.0,100.0,0.0,0.0,1.0
uVpsN3eUzn,GB,46.0,Men,2025-03-14 13:08:59.185197 +00:00,49.0,136309.0,67.0,2.8,1.0,136309.0,9.0,15145.444444444443,100.0,100.0,25.0,0.0
TB2GQa8aa2,US,64.0,Women,2025-03-01 03:16:15.037963 +00:00,2.0,1150.0,22.0,4.0,1.0,1150.0,2.0,575.0,50.0,0.0,0.0,1.0
u4etAMNkmA,US,39.0,Men,2025-02-21 20:39:28.856853 +00:00,1.0,913.0,1.0,0.0,0.0,913.0,1.0,913.0,50.0,0.0,0.0,1.0
ehYO1cAOLT,US,21.0,Women,2025-03-02 07:22:32.916778 +00:00,13.0,21187.0,1.0,0.0,0.0,21187.0,5.0,4237.4,100.0,75.0,0.0,1.0
YX2X8V9Obl,US,36.0,Men,2025-02-25 00:38:35.191232 +00:00,13.0,13602.0,2.0,0.0,0.0,13602.0,3.0,4534.0,100.0,25.0,0.0,1.0
TBhYdr7NqM,DE,58.0,Women,2025-03-11 13:09:30.785665 +00:00,187.0,163714.0,420.0,0.0,0.0,163714.0,11.0,14883.09090909091,100.0,100.0,50.0,0.0
ELLzaPnizV,DE,64.0,Women,2025-03-29 17:40:20.051285 +00:00,21.0,36462.0,50.0,29.0,6.0,36462.0,6.0,6077.0,100.0,75.0,0.0,1.0
fpo2cFhNVb,DE,42.0,Men,2025-03-24 17:25:23.810642 +00:00,10.0,14516.0,2.0,0.0,0.0,14516.0,5.0,2903.2,100.0,75.0,0.0,0.0
HTa4UwY26I,DE,41.0,Women,2025-02-13 09:10:30.732301 +00:00,5.0,1567.0,1.0,0.0,0.0,1567.0,1.0,1567.0,50.0,0.0,0.0,1.0
EDi72ciwka,DE,38.0,Men,2025-03-08 22:38:39.534881 +00:00,12.0,7472.0,2.0,0.0,0.0,7472.0,1.0,7472.0,50.0,0.0,0.0,1.0
8VGcQN5zeP,DE,44.0,Women,2025-03-03 01:01:33.336114 +00:00,28.0,60705.0,1.0,4.0,1.0,60705.0,6.0,10117.5,100.0,100.0,0.0,1.0
DD8AlMBRBI,GB,49.0,Men,2025-03-27 13:42:43.030413 +00:00,50.0,68916.0,145.0,2.8,1.0,68916.0,7.0,9845.142857142857,100.0,100.0,12.5,0.0
ZEOGxycNsn,US,35.0,Men,2025-03-16 09:17:19.397166 +00:00,5.0,3882.0,22.0,0.0,0.0,3882.0,2.0,1941.0,100.0,0.0,0.0,1.0
7mx9HM4saU,US,39.0,Men,2025-02-09 07:42:21.770369 +00:00,2.0,2993.0,1.0,0.0,0.0,2993.0,1.0,2993.0,50.0,0.0,0.0,1.0
h0soQ9B6pG,US,26.0,Men,2025-03-14 01:54:48.570158 +00:00,21.0,30484.0,25.0,0.0,0.0,30484.0,4.0,7621.0,100.0,50.0,0.0,1.0
KLVsnV0IAq,US,31.0,Men,2025-03-08 02:50:17.912440 +00:00,2.0,1096.0,5.0,0.0,0.0,1096.0,3.0,365.3333333333333,100.0,25.0,0.0,1.0
Inc497zq49,GB,38.0,Women,2025-04-02 15:58:05.208330 +00:00,9.0,7220.0,7.0,0.0,0.0,7220.0,4.0,1805.0,100.0,50.0,0.0,0.0
gyFdSS7iyh,GB,26.0,Men,2025-02-23 02:07:46.744572 +00:00,3.0,4003.0,1.0,0.0,0.0,4003.0,4.0,1000.75,100.0,50.0,0.0,1.0
RIMoZj4XYI,DE,42.0,Women,2025-03-16 18:19:12.856501 +00:00,8.0,6436.0,12.0,29.0,6.0,6436.0,2.0,3218.0,100.0,0.0,0.0,1.0
pL3cCzY7xc,GB,41.0,Women,2025-03-15 10:39:32.784570 +00:00,91.0,95504.0,382.0,2.8,1.0,95504.0,10.0,9550.4,100.0,100.0,37.5,0.0
Wu9rwL6ych,US,51.0,Women,2025-03-05 11:41:57.008161 +00:00,14.0,16260.0,30.0,0.0,0.0,16260.0,3.0,5420.0,100.0,0.0,0.0,1.0
YMNwUTbdfG,US,41.0,Women,2025-02-15 17:02:19.972002 +00:00,5.0,4227.0,1.0,0.0,0.0,4227.0,3.0,1409.0,100.0,25.0,0.0,1.0
ayIN6A6QWu,DE,54.0,Women,2025-03-02 10:27:50.858578 +00:00,151.0,330661.0,344.0,10.0,2.0,330661.0,10.0,33066.1,100.0,100.0,37.5,1.0
QifwLu3Tbz,US,34.0,Women,2025-02-24 18:01:49.004940 +00:00,1.0,311.0,1.0,0.0,0.0,311.0,3.0,103.66666666666669,100.0,25.0,0.0,1.0
ckPFKfULpy,GB,37.0,Men,2025-03-20 12:48:30.845892 +00:00,31.0,58803.0,5.0,0.0,0.0,60499.0,2.0,30249.5,100.0,0.0,0.0,0.0
Iavpa44tsU,GB,39.0,Women,2025-02-22 00:31:23.448801 +00:00,23.0,34312.0,1.0,0.0,0.0,34312.0,2.0,17156.0,100.0,0.0,0.0,0.0
RhvVAhQ7ua,DE,42.0,Men,2025-03-30 19:28:14.435253 +00:00,20.0,22171.0,2.0,0.0,0.0,22171.0,4.0,5542.75,100.0,50.0,0.0,0.0
fx3hrdLHps,US,62.0,Women,2025-01-31 02:50:35.970848 +00:00,71.0,93725.0,1.0,0.0,0.0,93725.0,6.0,15620.833333333334,100.0,75.0,0.0,1.0
Ta5P4XjRfJ,DE,39.0,Women,2025-03-01 15:22:42.776774 +00:00,7.0,10897.0,1.0,4.0,1.0,10897.0,6.0,1816.1666666666667,100.0,75.0,0.0,1.0
X68cRoGd83,DE,42.0,Men,2025-03-27 23:15:25.284056 +00:00,28.0,85156.0,37.0,62.6,17.0,85156.0,8.0,10644.5,100.0,100.0,12.5,0.0
Ls3Kn3txxW,US,39.0,Men,2025-02-06 01:30:52.579005 +00:00,7.0,1395.0,1.0,0.0,0.0,1395.0,3.0,465.0,100.0,25.0,0.0,1.0
PAuf6mY8BS,US,24.0,Women,2025-03-14 01:33:23.408642 +00:00,52.0,20859.0,9.0,31.9,6.0,20859.0,6.0,3476.5,100.0,100.0,0.0,0.0
zxYHDXobx5,DE,39.0,Women,2025-03-28 07:21:37.274251 +00:00,34.0,30875.0,17.0,10.0,2.0,31168.0,6.0,5194.666666666667,100.0,100.0,12.5,0.0
ROOcSHGQWu,US,45.0,Men,2025-02-24 03:55:42.607245 +00:00,10.0,13767.0,19.0,4.0,1.0,13767.0,4.0,3441.75,100.0,25.0,0.0,1.0
uyyEzioQkl,DE,52.0,Women,2025-03-28 21:57:21.081295 +00:00,2.0,1746.0,2.0,0.0,0.0,1746.0,1.0,1746.0,50.0,0.0,0.0,1.0
APDXzGReel,DE,32.0,Men,2025-02-28 21:27:20.346629 +00:00,1.0,905.0,1.0,0.0,0.0,905.0,2.0,452.5,100.0,0.0,0.0,1.0
eBgBnY3rvZ,DE,39.0,Men,2025-02-15 13:58:18.908831 +00:00,2.0,620.0,5.0,0.0,0.0,620.0,1.0,620.0,50.0,0.0,0.0,1.0
6RqiOENJWh,GB,51.0,Women,2025-03-01 00:39:10.442840 +00:00,62.0,219729.0,1.0,0.0,0.0,219729.0,7.0,31389.85714285714,100.0,100.0,0.0,1.0
ukTji0Bso8,US,58.0,Women,2025-03-09 08:13:23.954997 +00:00,3.0,684.0,1.0,0.0,0.0,684.0,1.0,684.0,50.0,0.0,0.0,1.0
y5nNiGsnuJ,US,39.0,Men,2025-02-14 03:52:35.643058 +00:00,1.0,1045.0,1.0,0.0,0.0,1045.0,1.0,1045.0,50.0,0.0,0.0,1.0
1mNoRBaADb,DE,18.0,Men,2025-03-28 14:45:50.918370 +00:00,2.0,2632.0,5.0,0.0,0.0,2632.0,3.0,877.3333333333334,100.0,25.0,0.0,1.0
RqgjVnFDtW,GB,30.0,Women,2025-02-17 21:40:03.298301 +00:00,2.0,1058.0,5.0,0.0,0.0,1058.0,3.0,352.6666666666667,100.0,25.0,0.0,1.0
QVKAhy1cOZ,US,39.0,Men,2025-02-28 10:39:40.544051 +00:00,5.0,6614.0,26.0,0.0,0.0,6614.0,5.0,1322.8,100.0,50.0,0.0,1.0
O6Vi1VZrI5,DE,39.0,Men,2025-03-24 13:41:59.402609 +00:00,3.0,5417.0,2.0,0.0,0.0,5417.0,4.0,1354.25,100.0,50.0,0.0,1.0
I0cVtD1ZZA,US,56.0,Women,2025-03-03 02:42:12.398160 +00:00,2.0,3457.0,1.0,0.0,0.0,3457.0,3.0,1152.3333333333333,100.0,25.0,0.0,1.0
SvRn9NytNm,GB,57.0,Men,2025-02-21 22:24:14.159703 +00:00,26.0,33714.0,282.0,25.199999,7.0,33714.0,13.0,2593.3846153846152,100.0,100.0,87.5,0.0
Xj54yYYYV0,DE,43.0,Men,2025-03-10 12:47:27.102642 +00:00,68.0,105247.0,348.0,0.0,0.0,105247.0,1.0,105247.0,50.0,0.0,0.0,1.0
KDQobXbJJI,GB,39.0,Women,2025-03-17 08:53:37.440256 +00:00,1.0,1629.0,1.0,0.0,0.0,1629.0,2.0,814.5,100.0,0.0,0.0,1.0
Zh7ZMmK66k,GB,39.0,Women,2025-02-25 21:11:20.505048 +00:00,5.0,2732.0,1.0,0.0,0.0,2732.0,3.0,910.6666666666666,100.0,25.0,0.0,1.0
dUNT3kDwo9,DE,25.0,Women,2025-03-07 14:14:41.206415 +00:00,9.0,2784.0,1.0,0.0,0.0,2784.0,3.0,928.0,100.0,25.0,0.0,1.0
QkX0CB29RH,DE,41.0,Men,2025-03-18 17:57:02.483676 +00:00,25.0,30863.0,79.0,0.0,0.0,30863.0,9.0,3429.222222222222,100.0,100.0,25.0,1.0
GMfXlyphKK,US,40.0,Women,2025-02-01 00:50:11.410585 +00:00,25.0,26094.0,1.0,0.0,0.0,26094.0,7.0,3727.714285714286,100.0,100.0,0.0,1.0
JMk9O2KKbM,DE,39.0,Men,2025-03-15 20:39:33.345972 +00:00,1.0,180.0,5.0,0.0,0.0,180.0,1.0,180.0,50.0,0.0,0.0,1.0
v4DHyreXLS,DE,39.0,Women,2025-03-11 19:37:40.512821 +00:00,40.0,43743.0,21.0,4.0,1.0,43743.0,6.0,7290.5,100.0,100.0,0.0,0.0
6KNwVTS7Ce,DE,44.0,Women,2025-03-07 19:54:59.474023 +00:00,12.0,13341.0,53.0,0.0,0.0,13341.0,6.0,2223.5,100.0,75.0,0.0,1.0
svZApc7XHU,DE,39.0,Women,2025-02-12 14:28:13.249116 +00:00,13.0,32638.0,1.0,0.0,0.0,32638.0,6.0,5439.666666666667,100.0,75.0,0.0,1.0
XYNwkdlsoZ,GB,25.0,Men,2025-03-28 07:20:03.771124 +00:00,20.0,11808.0,1.0,19.599998,5.0,11808.0,5.0,2361.6,100.0,75.0,0.0,0.0
603Jl4mKjM,DE,36.0,Women,2025-03-17 22:35:57.289581 +00:00,40.0,74025.0,522.0,23.0,4.0,74025.0,8.0,9253.125,100.0,100.0,12.5,0.0
qso34O5PiQ,US,55.0,Men,2025-02-17 10:06:42.188691 +00:00,1.0,885.0,5.0,0.0,0.0,885.0,1.0,885.0,50.0,0.0,0.0,1.0
AEst4D382d,US,51.0,Men,2025-03-01 04:41:33.463920 +00:00,64.0,79467.0,104.0,0.0,0.0,79467.0,7.0,11352.42857142857,100.0,100.0,0.0,0.0
SxvS1uxydM,JP,39.0,Men,2025-03-09 14:42:18.718965 +00:00,1.0,1864.0,1.0,0.0,0.0,1864.0,3.0,621.3333333333334,100.0,25.0,0.0,1.0
7aL5TCAv38,DE,46.0,Men,2025-03-17 22:23:43.892752 +00:00,139.0,226199.0,593.0,0.0,0.0,226199.0,9.0,25133.222222222223,100.0,100.0,37.5,0.0
FTrjnt4Co4,US,49.0,Men,2025-02-09 03:23:53.902643 +00:00,29.0,79637.0,11.0,0.0,0.0,79637.0,5.0,15927.4,100.0,50.0,0.0,1.0
rDA7oyHnBY,GB,34.0,Men,2025-03-02 21:34:31.628277 +00:00,13.0,24524.0,3.0,0.0,0.0,24524.0,5.0,4904.8,100.0,75.0,0.0,1.0
KpSM9iYjjX,US,51.0,Women,2025-03-12 00:21:33.642714 +00:00,7.0,11971.0,17.0,20.0,3.0,11971.0,3.0,3990.3333333333335,100.0,25.0,0.0,1.0
bYjFIopGvQ,GB,41.0,Men,2025-03-06 23:25:12.722554 +00:00,4.0,6901.0,1.0,0.0,0.0,6901.0,4.0,1725.25,100.0,50.0,0.0,1.0
74jUq0sWE2,GB,39.0,Women,2025-03-08 13:38:35.915412 +00:00,3.0,371.0,5.0,0.0,0.0,371.0,2.0,185.5,100.0,0.0,0.0,1.0
b8pfcSwxb8,US,39.0,Women,2025-01-31 05:09:08.165695 +00:00,5.0,974.0,1.0,0.0,0.0,974.0,3.0,324.6666666666667,100.0,25.0,0.0,1.0
nkJa4NpJ2C,US,39.0,Women,2025-03-14 04:16:25.528354 +00:00,10.0,5478.0,3.0,0.0,0.0,5478.0,4.0,1369.5,100.0,50.0,0.0,1.0
WwiCK54yQT,DE,53.0,Men,2025-03-26 20:52:06.825023 +00:00,35.0,203691.0,517.0,0.0,0.0,203691.0,11.0,18517.363636363636,100.0,100.0,50.0,0.0
CAwqGhTI4n,US,39.0,Women,2025-02-13 11:08:50.198631 +00:00,5.0,7352.0,1.0,0.0,0.0,7352.0,3.0,2450.6666666666665,100.0,25.0,0.0,1.0
thjHqznbMy,DE,39.0,Women,2025-03-28 11:11:02.005433 +00:00,32.0,83426.0,240.0,0.0,0.0,83426.0,10.0,8342.6,100.0,100.0,37.5,0.0
l4AT2kZgVF,GB,28.0,Men,2025-02-19 23:59:57.201883 +00:00,2.0,8767.0,1.0,0.0,0.0,8767.0,4.0,2191.75,100.0,50.0,0.0,1.0
DHDJMpakRE,DE,40.0,Men,2025-03-31 00:53:17.102413 +00:00,16.0,67384.0,198.0,0.0,0.0,67384.0,7.0,9626.285714285714,100.0,100.0,12.5,0.0
aE7bIaFZM1,US,39.0,Women,2025-03-07 01:07:42.580595 +00:00,4.0,1573.0,6.0,0.0,0.0,1573.0,3.0,524.3333333333334,100.0,25.0,0.0,1.0
e6XioiiGhk,JP,21.0,Women,2025-03-05 03:25:29.161526 +00:00,26.0,41087.0,1.0,0.0,0.0,41087.0,8.0,5135.875,100.0,100.0,12.5,1.0
ih5t2UlDBR,GB,39.0,Men,2025-03-13 01:12:53.059379 +00:00,1.0,950.0,2.0,0.0,0.0,950.0,3.0,316.6666666666667,100.0,25.0,0.0,1.0
n2iADoolIL,US,36.0,Men,2025-02-15 00:08:22.271058 +00:00,26.0,25697.0,2.0,4.4,1.0,25697.0,7.0,3671.0,100.0,100.0,12.5,1.0
qYmOaz579c,US,39.0,Men,2025-03-01 05:38:35.355967 +00:00,6.0,10560.0,2.0,0.0,0.0,10560.0,4.0,2640.0,100.0,50.0,0.0,0.0
Oq7RyVs4r1,GB,35.0,Men,2025-02-26 08:43:42.659286 +00:00,200.0,126166.0,1.0,2.8,1.0,126166.0,9.0,14018.444444444443,100.0,100.0,37.5,1.0
GQUoqtNJDQ,DE,54.0,Women,2025-02-26 09:55:10.208201 +00:00,1.0,0.0,5.0,0.0,0.0,0.0,1.0,0.0,50.0,0.0,0.0,1.0
HfmlyerkzC,DE,39.0,Women,2025-03-10 20:43:08.707310 +00:00,34.0,55981.0,129.0,0.0,0.0,55981.0,7.0,7997.285714285715,100.0,100.0,0.0,0.0
oMLtqeMmax,DE,39.0,Women,2025-02-13 16:00:46.986952 +00:00,87.0,224549.0,272.0,4.0,1.0,224549.0,12.0,18712.416666666668,100.0,100.0,62.5,0.0
Vbkb4ymlqF,DE,39.0,Women,2025-03-24 17:55:42.731536 +00:00,2.0,0.0,5.0,0.0,0.0,0.0,1.0,0.0,50.0,0.0,0.0,1.0
Bva9kl4VoS,DE,36.0,Men,2025-02-19 13:34:59.433484 +00:00,209.0,183860.0,1.0,4.0,1.0,183860.0,9.0,20428.88888888889,100.0,100.0,25.0,0.0
9qRSXgrWmB,US,42.0,Men,2025-02-12 17:06:51.295768 +00:00,7.0,18975.0,1.0,0.0,0.0,18975.0,6.0,3162.5,100.0,75.0,0.0,1.0
m1iZxK9xZx,DE,39.0,Women,2025-03-08 15:56:11.905968 +00:00,122.0,156231.0,283.0,4.0,1.0,156231.0,11.0,14202.818181818182,100.0,100.0,50.0,0.0
Tlor2AHvND,US,39.0,Men,2025-02-20 17:21:46.654739 +00:00,15.0,13825.0,13.0,0.0,0.0,13825.0,4.0,3456.25,100.0,25.0,0.0,1.0
atfXknVEwJ,US,52.0,Men,2025-02-23 14:41:43.047917 +00:00,11.0,29288.0,33.0,4.0,1.0,29288.0,6.0,4881.333333333333,100.0,75.0,0.0,1.0
DEbsa31lSL,GB,39.0,Men,2025-04-01 10:58:16.125628 +00:00,4.0,3182.0,5.0,0.0,0.0,3182.0,4.0,795.5,100.0,50.0,0.0,0.0
UI4Pa8bNPI,DE,40.0,Men,2025-02-21 12:00:04.436602 +00:00,175.0,311902.0,607.0,0.0,0.0,311902.0,10.0,31190.2,100.0,100.0,50.0,0.0
30p0hBV9oB,GB,40.0,Men,2025-03-09 15:02:47.860840 +00:00,4.0,19438.0,1.0,2.8,1.0,19438.0,4.0,4859.5,100.0,50.0,0.0,1.0
mgz5CWSepT,US,28.0,Men,2025-03-14 00:13:32.522723 +00:00,3.0,3773.0,3.0,0.0,0.0,3773.0,3.0,1257.6666666666667,100.0,25.0,0.0,1.0
rn84IN1vL2,DE,49.0,Women,2025-02-12 14:23:54.321858 +00:00,147.0,208270.0,2.0,4.0,1.0,208270.0,11.0,18933.636363636364,100.0,100.0,50.0,0.0
law2lBm7Sc,DE,32.0,Men,2025-02-19 12:31:53.781371 +00:00,75.0,128067.0,206.0,4.0,1.0,128067.0,9.0,14229.666666666666,100.0,100.0,25.0,1.0
zqWVjpjscJ,DE,26.0,Women,2025-03-19 23:44:18.033757 +00:00,26.0,34855.0,30.0,0.0,0.0,34855.0,6.0,5809.166666666667,100.0,100.0,0.0,1.0
ELzkZQwP50,US,39.0,Women,2025-03-08 03:53:16.704890 +00:00,72.0,122478.0,47.0,0.0,0.0,122478.0,8.0,15309.75,100.0,100.0,12.5,0.0
FAZQDCKYsH,DE,39.0,Men,2025-03-04 09:47:24.517052 +00:00,211.0,228490.0,582.0,0.0,0.0,228490.0,11.0,20771.81818181818,100.0,100.0,50.0,0.0
vtHH8Urdy9,US,42.0,Men,2025-03-16 06:55:01.778290 +00:00,19.0,18756.0,65.0,0.0,0.0,18756.0,5.0,3751.2,100.0,50.0,0.0,0.0
m5IQW7xOrX,GB,53.0,Women,2025-03-23 00:46:38.521045 +00:00,63.0,147085.0,139.0,0.0,0.0,147085.0,8.0,18385.625,100.0,100.0,12.5,0.0
jnLwfNzk6o,DE,33.0,Women,2025-03-02 15:49:42.303001 +00:00,84.0,79428.0,68.0,4.0,1.0,79428.0,7.0,11346.857142857143,100.0,100.0,0.0,1.0
qJZM6InWpG,US,39.0,Women,2025-02-20 09:47:48.621583 +00:00,5.0,4940.0,1.0,0.0,0.0,4940.0,3.0,1646.6666666666667,100.0,25.0,0.0,1.0
cpNtGJYCR2,DE,47.0,Women,2025-02-22 07:43:09.690001 +00:00,34.0,242640.0,252.0,0.0,0.0,242640.0,11.0,22058.18181818182,100.0,100.0,50.0,0.0
RBueckB36X,DE,39.0,Women,2025-04-01 16:12:28.349989 +00:00,1.0,2502.0,5.0,0.0,0.0,2502.0,3.0,834.0,100.0,25.0,0.0,0.0
d7SLv3VnV6,DE,42.0,Women,2025-03-19 17:35:34.767935 +00:00,21.0,51349.0,130.0,10.0,2.0,51349.0,7.0,7335.571428571428,100.0,100.0,0.0,0.0
UcJ24pc0MT,GB,39.0,Men,2025-04-04 10:40:54.790312 +00:00,3.0,1950.0,5.0,0.0,0.0,1950.0,3.0,650.0,100.0,25.0,0.0,0.0
54WiABiHCL,US,51.0,Men,2025-03-09 01:46:26.188656 +00:00,13.0,31183.0,27.0,0.0,0.0,31183.0,5.0,6236.6,100.0,50.0,0.0,1.0
zr2f005zbm,GB,39.0,Men,2025-04-02 13:32:39.079268 +00:00,5.0,6315.0,46.0,0.0,0.0,6315.0,6.0,1052.5,100.0,75.0,0.0,0.0
jtNqlfFRHG,GB,37.0,Men,2025-03-29 08:15:23.812078 +00:00,6.0,2302.0,1.0,0.0,0.0,2302.0,5.0,460.4,100.0,100.0,0.0,1.0
awwEHNnENX,US,46.0,Men,2025-02-01 05:22:46.543266 +00:00,456.0,1450164.0,1709.0,20.0,3.0,1450164.0,7.0,207166.2857142857,100.0,100.0,12.5,0.0
LOawrZcjYo,DE,39.0,Women,2025-02-18 10:11:36.248785 +00:00,2.0,4221.0,5.0,0.0,0.0,4221.0,1.0,4221.0,50.0,0.0,0.0,1.0
HqXbJDFcPY,GB,49.0,Men,2025-03-19 17:33:29.292921 +00:00,30.0,49546.0,34.0,7.0,2.0,49546.0,7.0,7078.0,100.0,100.0,0.0,0.0
DRswPKXGfl,GB,33.0,Women,2025-03-05 01:49:05.016206 +00:00,3.0,6160.0,1.0,0.0,0.0,6160.0,4.0,1540.0,100.0,50.0,0.0,1.0
1KsRwlzWZz,GB,26.0,Men,2025-02-13 12:29:18.167340 +00:00,4.0,2426.0,5.0,0.0,0.0,2426.0,4.0,606.5,100.0,50.0,0.0,1.0
4rRaiq6Cw2,GB,52.0,Men,2025-02-21 19:34:07.348606 +00:00,19.0,54244.0,261.0,0.0,0.0,54244.0,9.0,6027.111111111111,100.0,100.0,25.0,1.0
0j7jYhqHoE,DE,39.0,Women,2025-03-29 12:21:39.151595 +00:00,7.0,5781.0,3.0,0.0,0.0,5781.0,5.0,1156.2,100.0,75.0,0.0,1.0
3eCDBWMQde,DE,45.0,Men,2025-03-06 19:21:09.145489 +00:00,94.0,158725.0,39.0,26.0,5.0,158725.0,7.0,22675.0,100.0,100.0,0.0,0.0
Qr0d3bhkML,DE,39.0,Men,2025-03-21 19:14:44.307816 +00:00,10.0,5840.0,2.0,0.0,0.0,5840.0,4.0,1460.0,100.0,50.0,0.0,1.0
p8WcFQUINI,JP,18.0,Women,2025-03-23 11:31:24.664440 +00:00,25.0,27694.0,104.0,0.0,0.0,27694.0,6.0,4615.666666666667,100.0,75.0,0.0,1.0
57aGHGF6ON,DE,42.0,Women,2025-03-30 10:16:10.891210 +00:00,7.0,10682.0,1.0,0.0,0.0,10682.0,4.0,2670.5,100.0,50.0,0.0,0.0
iD8LlhcIHh,DE,39.0,Women,2025-02-25 04:28:00.749023 +00:00,243.0,355701.0,176.0,0.0,0.0,355701.0,10.0,35570.1,100.0,100.0,37.5,0.0
68ucxolc8v,DE,24.0,Women,2025-02-20 14:03:14.516798 +00:00,106.0,25684.0,2.0,4.0,1.0,25684.0,9.0,2853.777777777778,100.0,100.0,25.0,1.0
G6gDGSbuGW,DE,37.0,Women,2025-02-19 22:25:37.787286 +00:00,194.0,220742.0,144.0,0.0,0.0,220742.0,10.0,22074.2,100.0,100.0,37.5,0.0
0SncqMj4F8,DE,42.0,Men,2025-03-19 22:03:06.521156 +00:00,1.0,24.0,1.0,0.0,0.0,24.0,6.0,4.0,100.0,100.0,0.0,1.0
zjrbmPNs2x,GB,46.0,Women,2025-02-16 00:43:31.734677 +00:00,21.0,64367.0,1.0,0.0,0.0,64367.0,7.0,9195.285714285714,100.0,100.0,0.0,1.0
ilZy07EgFD,DE,39.0,Women,2025-02-28 12:07:30.135052 +00:00,7.0,10506.0,8.0,0.0,0.0,10506.0,5.0,2101.2,100.0,75.0,0.0,1.0
8XbWghYRA3,GB,42.0,Women,2025-04-05 12:39:38.189908 +00:00,6.0,20052.0,18.0,2.8,1.0,21774.0,5.0,4354.8,100.0,75.0,0.0,0.0
t085i0B6M0,US,39.0,Men,2025-02-07 03:07:07.081207 +00:00,140.0,257197.0,123.0,41.0,10.0,257197.0,10.0,25719.7,100.0,100.0,37.5,0.0
fAIsDy85ln,US,39.0,Women,2025-03-03 01:43:51.902218 +00:00,3.0,366.0,1.0,4.0,1.0,366.0,4.0,91.5,100.0,50.0,0.0,1.0
F9V1WlYYBF,DE,39.0,Men,2025-02-15 13:23:16.781606 +00:00,4.0,27.0,5.0,0.0,0.0,27.0,5.0,5.4,100.0,75.0,0.0,1.0
x5e7BHD1aB,US,44.0,Men,2025-02-11 12:48:30.309860 +00:00,15.0,5935.0,1.0,4.0,1.0,5935.0,4.0,1483.75,100.0,50.0,0.0,1.0
dgAXLjDn0S,US,26.0,Men,2025-02-27 00:59:11.762408 +00:00,4.0,659.0,1.0,4.0,1.0,659.0,5.0,131.8,100.0,75.0,0.0,1.0
ee60Eq52KZ,US,40.0,Men,2025-02-04 12:46:21.204520 +00:00,134.0,776209.0,95.0,0.0,0.0,776209.0,7.0,110887.0,100.0,100.0,0.0,1.0
gBpBQRLvYb,US,39.0,Men,2025-03-07 04:25:29.067756 +00:00,2.0,2847.0,1.0,0.0,0.0,2847.0,3.0,949.0,100.0,25.0,0.0,1.0
HUYVTEmk6C,US,39.0,Women,2025-03-14 04:23:57.632635 +00:00,6.0,2064.0,3.0,0.0,0.0,2064.0,4.0,516.0,100.0,50.0,0.0,0.0
q0zE5D3VjQ,DE,39.0,Men,2025-03-04 16:44:05.723808 +00:00,24.0,15985.0,188.0,4.0,1.0,15985.0,10.0,1598.5,100.0,100.0,50.0,1.0
O3ocWJ83zG,DE,35.0,Men,2025-03-18 15:29:50.230587 +00:00,56.0,166344.0,1.0,0.0,0.0,166344.0,2.0,83172.0,100.0,0.0,0.0,0.0
7PRu6pfTRg,DE,18.0,Women,2025-02-14 18:05:09.990922 +00:00,10.0,6046.0,1.0,4.0,1.0,6046.0,4.0,1511.5,100.0,50.0,0.0,1.0
j9kNsUGyJo,US,39.0,Women,2025-02-09 09:53:52.932087 +00:00,9.0,4362.0,1.0,4.0,1.0,4362.0,4.0,1090.5,100.0,50.0,0.0,1.0
4aNZNaSgX6,US,47.0,Women,2025-02-17 03:37:50.400520 +00:00,3.0,2655.0,1.0,0.0,0.0,2655.0,2.0,1327.5,100.0,0.0,0.0,1.0
Fc9lbOdUM9,DE,39.0,Men,2025-03-09 20:00:58.443410 +00:00,9.0,23041.0,1.0,0.0,0.0,23041.0,5.0,4608.2,100.0,75.0,0.0,1.0
PISBVOzUM0,DE,55.0,Men,2025-03-21 13:35:24.022352 +00:00,16.0,28603.0,32.0,0.0,0.0,28603.0,5.0,5720.6,100.0,75.0,0.0,0.0
sSgeSJBA9T,GB,36.0,Women,2025-03-23 13:04:56.429943 +00:00,9.0,10062.0,5.0,0.0,0.0,10062.0,4.0,2515.5,100.0,75.0,0.0,0.0
2VEa7Kvsva,GB,34.0,Men,2025-03-06 15:17:20.444556 +00:00,52.0,85129.0,19.0,0.0,0.0,85129.0,8.0,10641.125,100.0,100.0,12.5,0.0
o7lwyvJnid,US,39.0,Men,2025-02-25 01:28:43.782593 +00:00,1.0,814.0,1.0,0.0,0.0,814.0,2.0,407.0,100.0,0.0,0.0,1.0
JVIHVcoF4k,US,58.0,Men,2025-03-10 00:42:35.635448 +00:00,40.0,70246.0,129.0,11.0,2.0,70246.0,6.0,11707.666666666666,100.0,75.0,0.0,0.0
fItXcbpIRL,US,39.0,Women,2025-03-04 11:59:17.686133 +00:00,44.0,25603.0,5.0,0.0,0.0,25603.0,1.0,25603.0,50.0,0.0,0.0,0.0
KY3NHsTAOE,DE,39.0,Men,2025-04-05 18:05:59.324054 +00:00,1.0,1156.0,5.0,0.0,0.0,1156.0,1.0,1156.0,100.0,50.0,0.0,0.0
KkSK7HHD2K,DE,39.0,Men,2025-03-27 18:28:18.897791 +00:00,12.0,7229.0,3.0,0.0,0.0,7229.0,5.0,1445.8,100.0,75.0,0.0,0.0
4ujY3DzNkE,GB,34.0,Men,2025-03-25 12:33:09.276469 +00:00,14.0,15834.0,17.0,0.0,0.0,15834.0,5.0,3166.8,100.0,75.0,0.0,1.0
AODXqbA5f2,DE,36.0,Men,2025-04-03 17:27:55.386637 +00:00,1.0,372.0,5.0,0.0,0.0,372.0,1.0,372.0,50.0,0.0,0.0,0.0
qoQnniTUE6,JP,39.0,Women,2025-03-08 04:35:43.284148 +00:00,33.0,23814.0,1.0,2.0,1.0,23814.0,6.0,3969.0,100.0,75.0,0.0,1.0
gw4ZZqzm8c,US,74.0,Women,2025-01-30 19:14:50.720425 +00:00,2.0,1048.0,1.0,0.0,0.0,1048.0,2.0,524.0,100.0,0.0,0.0,1.0
5sgNfdf6lY,US,46.0,Men,2025-02-08 04:24:38.586185 +00:00,2.0,1270.0,5.0,0.0,0.0,1270.0,2.0,635.0,100.0,0.0,0.0,1.0
03rUuSNzdM,GB,25.0,Men,2025-03-24 12:28:44.463300 +00:00,7.0,1335.0,1.0,0.0,0.0,1335.0,1.0,1335.0,50.0,0.0,0.0,1.0
IRKVG0dGYw,US,50.0,Men,2025-03-18 01:11:50.733084 +00:00,17.0,45747.0,51.0,0.0,0.0,45747.0,6.0,7624.5,100.0,75.0,0.0,1.0
ByjO4u3nxH,DE,42.0,Men,2025-04-01 11:07:21.514495 +00:00,11.0,25105.0,48.0,10.0,2.0,25105.0,6.0,4184.166666666667,100.0,75.0,0.0,0.0
av9S2LBhA2,DE,39.0,Men,2025-03-30 18:51:26.053253 +00:00,2.0,593.0,3.0,0.0,0.0,593.0,1.0,593.0,50.0,0.0,0.0,1.0
554lxq8Mce,US,39.0,Men,2025-03-17 03:43:25.384490 +00:00,4.0,6476.0,27.0,0.0,0.0,6476.0,4.0,1619.0,100.0,50.0,0.0,1.0
z16EGmeyD7,DE,39.0,Women,2025-03-18 23:41:49.185562 +00:00,140.0,392760.0,645.0,0.0,0.0,392760.0,10.0,39276.0,100.0,100.0,37.5,0.0
9pE08Mx5zo,JP,39.0,Women,2025-03-20 05:29:11.711246 +00:00,6.0,3543.0,10.0,0.0,0.0,3543.0,3.0,1181.0,100.0,25.0,0.0,1.0
MrNs3e0CYK,DE,33.0,Men,2025-03-05 20:55:16.435038 +00:00,68.0,60470.0,73.0,4.0,1.0,60470.0,8.0,7558.75,100.0,100.0,12.5,0.0
6USEFBDL05,GB,39.0,Women,2025-03-24 13:07:51.629374 +00:00,12.0,26026.0,8.0,0.0,0.0,26026.0,3.0,8675.333333333334,100.0,25.0,0.0,1.0
JrlVLjWTOK,US,29.0,Women,2025-03-12 02:57:53.839431 +00:00,19.0,34528.0,22.0,20.0,3.0,34528.0,4.0,8632.0,100.0,50.0,0.0,1.0
2ofsilRSU9,DE,25.0,Men,2025-02-15 04:22:27.021657 +00:00,35.0,73838.0,45.0,23.0,4.0,73838.0,5.0,14767.6,100.0,50.0,0.0,0.0
WccvnEr3TO,GB,44.0,Women,2025-02-22 12:48:00.413788 +00:00,5.0,5555.0,1.0,0.0,0.0,5555.0,3.0,1851.6666666666667,100.0,25.0,0.0,1.0
YueUBGBswO,US,60.0,Women,2025-03-06 03:00:15.057051 +00:00,5.0,15101.0,223.0,0.0,0.0,15101.0,6.0,2516.8333333333335,100.0,75.0,0.0,1.0
DiEiHEbGR2,DE,93.0,Women,2025-03-04 18:37:19.307791 +00:00,8.0,9281.0,1.0,0.0,0.0,9281.0,4.0,2320.25,100.0,50.0,0.0,1.0
SJ5d64E26c,US,32.0,Women,2025-02-01 02:12:18.695735 +00:00,3.0,9536.0,1.0,0.0,0.0,9536.0,4.0,2384.0,100.0,50.0,0.0,1.0
JUKeGJlrqs,GB,44.0,Women,2025-03-09 07:25:16.608340 +00:00,3.0,1253.0,5.0,0.0,0.0,1253.0,1.0,1253.0,50.0,0.0,0.0,1.0
deKZ3v0zBm,DE,39.0,Women,2025-03-25 10:41:55.220601 +00:00,9.0,9707.0,58.0,0.0,0.0,9707.0,6.0,1617.8333333333333,100.0,75.0,0.0,0.0
WC8PFeNa6h,GB,38.0,Men,2025-02-23 10:04:21.190934 +00:00,119.0,83359.0,118.0,2.8,1.0,83359.0,9.0,9262.111111111111,100.0,100.0,25.0,0.0
iwOyR5tLbM,GB,52.0,Men,2025-02-17 12:25:04.344406 +00:00,109.0,403893.0,549.0,0.0,0.0,403893.0,11.0,36717.545454545456,100.0,100.0,50.0,0.0
H0ZEnNjjUl,US,39.0,Women,2025-02-21 20:25:01.911606 +00:00,6.0,6644.0,1.0,0.0,0.0,6644.0,4.0,1661.0,100.0,50.0,0.0,1.0
Dbo5hfyRNa,US,39.0,Men,2025-03-09 03:03:43.489396 +00:00,2.0,1372.0,5.0,0.0,0.0,1372.0,2.0,686.0,100.0,0.0,0.0,1.0
dvL29Sx4kY,DE,39.0,Men,2025-02-16 06:47:21.957322 +00:00,13.0,11215.0,1.0,0.0,0.0,11215.0,6.0,1869.1666666666667,100.0,75.0,0.0,1.0
4GzzafXPnI,GB,38.0,Women,2025-02-24 13:29:55.530767 +00:00,90.0,149603.0,56.0,14.0,3.0,149603.0,11.0,13600.272727272728,100.0,100.0,50.0,1.0
y7qUMGawKf,GB,35.0,Women,2025-02-13 10:30:47.202699 +00:00,18.0,8447.0,1.0,2.8,1.0,8447.0,3.0,2815.6666666666665,100.0,25.0,0.0,0.0
Oi5GFkXy7d,DE,43.0,Women,2025-03-15 11:28:35.646774 +00:00,29.0,63639.0,59.0,23.0,4.0,63639.0,7.0,9091.285714285714,100.0,100.0,0.0,1.0
ZMsJKgbVM1,GB,40.0,Women,2025-02-20 19:22:34.915032 +00:00,27.0,36872.0,10.0,2.8,1.0,37236.0,6.0,6206.0,100.0,100.0,0.0,0.0
4btnOxbJTk,DE,43.0,Men,2025-03-20 19:21:15.853654 +00:00,22.0,45754.0,166.0,0.0,0.0,45754.0,7.0,6536.285714285715,100.0,100.0,0.0,0.0
zExTh2vOOf,DE,25.0,Women,2025-03-22 23:59:06.552323 +00:00,9.0,2823.0,5.0,0.0,0.0,2823.0,1.0,2823.0,50.0,0.0,0.0,1.0
bDxDtpj5h1,US,35.0,Women,2025-03-15 08:14:14.738721 +00:00,1.0,1023.0,5.0,0.0,0.0,1023.0,1.0,1023.0,50.0,0.0,0.0,1.0
BriyNkDjnH,US,29.0,Women,2025-02-01 01:19:10.462050 +00:00,94.0,133770.0,2.0,4.0,1.0,133770.0,9.0,14863.333333333334,100.0,100.0,25.0,1.0
TO3MhmLdoX,US,72.0,Men,2025-02-12 20:18:34.913639 +00:00,4.0,4054.0,1.0,4.0,1.0,4054.0,3.0,1351.3333333333333,100.0,25.0,0.0,1.0
KIKhelW3Nj,DE,39.0,Women,2025-03-04 10:13:41.276090 +00:00,118.0,109897.0,1.0,44.0,11.0,110069.0,11.0,10006.272727272728,100.0,100.0,62.5,0.0
S2fnO5rJFo,US,39.0,Men,2025-03-07 00:47:46.352584 +00:00,1.0,362.0,5.0,0.0,0.0,362.0,1.0,362.0,50.0,0.0,0.0,1.0
WWORvxlvph,DE,28.0,Men,2025-03-21 02:01:33.595753 +00:00,71.0,96219.0,248.0,0.0,0.0,96219.0,5.0,19243.8,100.0,50.0,0.0,0.0
4ogr32dj9F,JP,30.0,Women,2025-03-05 03:05:52.836956 +00:00,50.0,93675.0,147.0,2.0,1.0,93675.0,8.0,11709.375,100.0,100.0,12.5,0.0
uwWuNUThbn,DE,39.0,Men,2025-02-15 05:20:12.556084 +00:00,51.0,71945.0,1.0,0.0,0.0,71945.0,7.0,10277.857142857143,100.0,100.0,0.0,1.0
smiuefTT75,US,39.0,Women,2025-02-14 08:08:08.795585 +00:00,1.0,1572.0,1.0,0.0,0.0,1572.0,1.0,1572.0,50.0,0.0,0.0,1.0
vCUNcutQVe,US,39.0,Women,2025-02-19 10:13:07.811582 +00:00,5.0,2127.0,5.0,0.0,0.0,2127.0,3.0,709.0,100.0,25.0,0.0,1.0
99ScUjKAKg,US,43.0,Women,2025-03-04 05:42:01.715883 +00:00,18.0,42134.0,40.0,0.0,0.0,42134.0,2.0,21067.0,100.0,0.0,0.0,1.0
6dvHX7nGjB,US,37.0,Men,2025-02-24 04:53:23.077044 +00:00,2.0,101.0,5.0,4.0,1.0,101.0,4.0,25.25,100.0,50.0,0.0,1.0
iDGDz4J04V,US,23.0,Men,2025-02-19 01:31:15.890505 +00:00,6.0,7485.0,1.0,0.0,0.0,7485.0,3.0,2495.0,100.0,25.0,0.0,1.0
aSFb7es6eP,US,58.0,Men,2025-02-08 04:22:44.937666 +00:00,3.0,1777.0,1.0,0.0,0.0,1777.0,2.0,888.5,100.0,0.0,0.0,1.0
k6FMv5cLUG,GB,39.0,Men,2025-03-29 07:42:14.714168 +00:00,3.0,2210.0,5.0,0.0,0.0,2210.0,2.0,1105.0,100.0,0.0,0.0,1.0
SBic6RJQqO,US,57.0,Men,2025-02-08 12:37:57.141392 +00:00,86.0,110862.0,15.0,4.0,1.0,110862.0,8.0,13857.75,100.0,100.0,12.5,1.0
3i0M31oRXW,DE,40.0,Women,2025-03-03 14:11:12.304201 +00:00,179.0,178643.0,64.0,0.0,0.0,180008.0,11.0,16364.363636363636,100.0,100.0,62.5,0.0
rTGVXXPNsW,US,99.0,Women,2025-02-23 08:19:58.273418 +00:00,1.0,169.0,1.0,0.0,0.0,169.0,3.0,56.333333333333336,100.0,25.0,0.0,1.0
AuwZuDlbQi,US,36.0,Women,2025-02-15 01:27:51.446973 +00:00,1.0,789.0,1.0,4.0,1.0,789.0,1.0,789.0,50.0,0.0,0.0,1.0
GMmKnoi7Gj,DE,49.0,Women,2025-03-01 10:30:32.284706 +00:00,89.0,93049.0,59.0,0.0,0.0,93049.0,8.0,11631.125,100.0,100.0,12.5,0.0
zZMdGOw4KA,US,34.0,Women,2025-02-10 13:08:09.540422 +00:00,5.0,6230.0,1.0,0.0,0.0,6230.0,4.0,1557.5,100.0,50.0,0.0,1.0
ZqnDjkgt88,JP,33.0,Women,2025-03-04 22:33:06.051917 +00:00,4.0,6412.0,4.0,0.0,0.0,6412.0,2.0,3206.0,100.0,0.0,0.0,1.0
bggrH8TaEc,US,63.0,Women,2025-02-02 03:20:30.316216 +00:00,23.0,12152.0,1.0,0.0,0.0,12152.0,5.0,2430.4,100.0,50.0,0.0,0.0
AzSAh19onX,GB,35.0,Men,2025-03-26 11:57:34.272008 +00:00,11.0,19999.0,25.0,0.0,0.0,19999.0,2.0,9999.5,50.0,0.0,0.0,0.0
PX6UArmVM7,JP,51.0,Women,2025-03-08 08:22:31.069066 +00:00,130.0,73481.0,122.0,2.0,1.0,73481.0,10.0,7348.1,100.0,100.0,37.5,1.0
E2Gdpj6Zqx,GB,27.0,Women,2025-03-02 06:02:36.782122 +00:00,2.0,13.0,5.0,0.0,0.0,13.0,4.0,3.25,100.0,50.0,0.0,1.0
EO3GszUxQA,US,37.0,Men,2025-02-26 01:14:59.706948 +00:00,11.0,14515.0,17.0,0.0,0.0,14515.0,5.0,2903.0,100.0,50.0,0.0,1.0
tMeOET7Bd6,US,39.0,Men,2025-03-09 01:16:50.930524 +00:00,1.0,79.0,1.0,0.0,0.0,79.0,2.0,39.5,100.0,0.0,0.0,1.0
qYzCPW2MlP,DE,39.0,Men,2025-03-12 13:52:09.637981 +00:00,1.0,1515.0,5.0,0.0,0.0,1515.0,3.0,505.0,100.0,25.0,0.0,1.0
LrelEqZTwj,US,29.0,Men,2025-03-09 08:24:30.216694 +00:00,5.0,5214.0,4.0,0.0,0.0,5214.0,3.0,1738.0,100.0,25.0,0.0,1.0
WovZjAplQK,US,44.0,Men,2025-02-24 07:06:00.184046 +00:00,73.0,90994.0,1.0,4.0,1.0,90994.0,8.0,11374.25,100.0,100.0,12.5,1.0
SePKl6jaYh,US,39.0,Women,2025-02-21 08:05:05.101763 +00:00,2.0,1838.0,1.0,0.0,0.0,1838.0,2.0,919.0,100.0,0.0,0.0,1.0
AlouTv8vMu,JP,44.0,Women,2025-03-07 14:45:03.821220 +00:00,36.0,80615.0,31.0,0.0,0.0,80615.0,5.0,16123.0,100.0,50.0,0.0,1.0
7zx0jFwPEn,US,47.0,Men,2025-02-03 02:51:32.157238 +00:00,2.0,1303.0,5.0,0.0,0.0,1303.0,2.0,651.5,100.0,0.0,0.0,1.0
BBOtFBMvtu,US,41.0,Men,2025-02-04 12:22:10.985000 +00:00,28.0,156977.0,1.0,20.0,3.0,156977.0,6.0,26162.833333333332,100.0,75.0,0.0,0.0
9XOrHJVtpe,US,35.0,Women,2025-02-09 14:48:21.749409 +00:00,7.0,2881.0,5.0,0.0,0.0,2881.0,1.0,2881.0,50.0,0.0,0.0,1.0
OV5d91ndBJ,DE,37.0,Men,2025-03-06 16:45:01.156805 +00:00,74.0,109922.0,285.0,0.0,0.0,109922.0,10.0,10992.2,100.0,100.0,37.5,1.0
LPXu38dZ28,US,58.0,Women,2025-03-08 06:37:52.435311 +00:00,10.0,32988.0,380.0,0.0,0.0,32988.0,7.0,4712.571428571428,100.0,100.0,0.0,1.0
NaeTQHHtY1,GB,37.0,Women,2025-02-21 06:17:01.917923 +00:00,18.0,13537.0,9.0,7.0,2.0,13634.0,4.0,3408.5,100.0,75.0,0.0,0.0
C5GKQ9aKQz,DE,39.0,Women,2025-03-23 14:14:31.217273 +00:00,1.0,396.0,5.0,0.0,0.0,396.0,1.0,396.0,50.0,0.0,0.0,1.0
FxxIbpai7n,US,44.0,Men,2025-02-21 03:09:10.922545 +00:00,4.0,2111.0,5.0,0.0,0.0,2111.0,1.0,2111.0,50.0,0.0,0.0,1.0
jKjX260rPG,US,50.0,Women,2025-02-20 11:05:30.855727 +00:00,3.0,1919.0,2.0,0.0,0.0,1919.0,3.0,639.6666666666666,100.0,25.0,0.0,1.0
Nc1D1krOrW,DE,39.0,Men,2025-02-12 17:25:20.042841 +00:00,340.0,405253.0,424.0,29.0,6.0,405253.0,13.0,31173.30769230769,100.0,100.0,75.0,0.0
VdQtbTxSbH,US,42.0,Women,2025-02-02 05:05:28.663331 +00:00,78.0,202591.0,1.0,4.4,1.0,202591.0,7.0,28941.571428571428,100.0,100.0,0.0,1.0
fBBUGiS5A8,GB,29.0,Women,2025-03-31 00:08:06.671545 +00:00,5.0,17628.0,12.0,0.0,0.0,17628.0,5.0,3525.6,100.0,75.0,0.0,0.0
U1k4oiRnxR,GB,39.0,Women,2025-02-24 05:58:54.342126 +00:00,13.0,19649.0,1.0,0.0,0.0,19649.0,6.0,3274.8333333333335,100.0,75.0,0.0,1.0
kOirXk211S,DE,21.0,Men,2025-02-20 00:18:23.951651 +00:00,18.0,17469.0,1.0,0.0,0.0,17469.0,5.0,3493.8,100.0,75.0,0.0,1.0
3F80yurGfP,DE,20.0,Men,2025-03-21 11:42:05.241285 +00:00,5.0,3884.0,2.0,0.0,0.0,3884.0,5.0,776.8,100.0,75.0,0.0,1.0
XxLVQPnT7r,DE,37.0,Women,2025-03-20 07:38:23.381601 +00:00,6.0,8707.0,13.0,0.0,0.0,8707.0,4.0,2176.75,100.0,75.0,0.0,1.0
egtAZqEmv1,DE,28.0,Women,2025-03-18 23:08:01.551223 +00:00,4.0,3270.0,6.0,0.0,0.0,3270.0,1.0,3270.0,50.0,0.0,0.0,1.0
3g3J1mplDx,GB,36.0,Men,2025-02-15 03:54:15.180106 +00:00,1.0,4404.0,1.0,0.0,0.0,4404.0,4.0,1101.0,100.0,50.0,0.0,1.0
Fv673MgvlQ,US,54.0,Women,2025-01-30 16:34:56.326740 +00:00,614.0,642239.0,1.0,4.0,1.0,642239.0,12.0,53519.916666666664,100.0,100.0,62.5,0.0
UInFWgXQ6z,US,36.0,Men,2025-02-20 05:15:19.604271 +00:00,2.0,4480.0,5.0,0.0,0.0,4480.0,3.0,1493.3333333333333,100.0,25.0,0.0,1.0
dFMrvRH5UR,GB,28.0,Women,2025-04-03 14:08:52.833032 +00:00,2.0,2840.0,5.0,0.0,0.0,2840.0,4.0,710.0,100.0,50.0,0.0,0.0
dLanvwEmeD,US,39.0,Women,2025-03-05 03:07:14.101320 +00:00,27.0,35868.0,120.0,0.0,0.0,35868.0,6.0,5978.0,100.0,75.0,0.0,0.0
OzEXAMW239,DE,39.0,Men,2025-03-16 09:35:22.062988 +00:00,45.0,38226.0,77.0,0.0,0.0,38226.0,7.0,5460.857142857143,100.0,100.0,0.0,1.0
lGH9boU5J2,GB,34.0,Men,2025-03-05 16:12:54.514401 +00:00,1.0,276.0,5.0,0.0,0.0,276.0,1.0,276.0,50.0,0.0,0.0,1.0
gsW52zwSe5,DE,35.0,Men,2025-02-16 02:15:11.239433 +00:00,85.0,115927.0,7.0,4.0,1.0,115927.0,8.0,14490.875,100.0,100.0,12.5,1.0
DpTqUuFoZk,DE,50.0,Men,2025-03-31 15:51:42.872417 +00:00,5.0,3483.0,9.0,0.0,0.0,3483.0,4.0,870.75,100.0,50.0,0.0,0.0
Cm9oAPRhTQ,DE,25.0,Women,2025-03-09 10:21:19.709111 +00:00,10.0,9312.0,1.0,0.0,0.0,9312.0,5.0,1862.4,100.0,75.0,0.0,1.0
BebjBWSeKQ,US,46.0,Men,2025-02-18 04:03:31.006364 +00:00,2.0,204.0,5.0,0.0,0.0,204.0,3.0,68.0,100.0,25.0,0.0,1.0
AlPdEp5X3V,US,46.0,Women,2025-02-12 11:24:35.879311 +00:00,1.0,2948.0,1.0,0.0,0.0,2948.0,4.0,737.0,100.0,50.0,0.0,1.0
iK4Xy8l59R,DE,65.0,Women,2025-03-01 13:00:12.103426 +00:00,2.0,498.0,1.0,0.0,0.0,498.0,4.0,124.5,100.0,50.0,0.0,1.0
NvJ9ig2L23,US,39.0,Men,2025-03-11 06:38:27.237246 +00:00,14.0,17169.0,96.0,20.0,3.0,17169.0,6.0,2861.5,100.0,75.0,0.0,0.0
autkW6KQjv,DE,49.0,Women,2025-03-12 07:58:29.096458 +00:00,16.0,11930.0,14.0,0.0,0.0,11930.0,2.0,5965.0,100.0,0.0,0.0,0.0
EAoDbadhEO,US,41.0,Men,2025-03-03 00:47:22.492686 +00:00,18.0,19221.0,5.0,4.0,1.0,19221.0,4.0,4805.25,100.0,50.0,0.0,1.0
hu06376RZ8,DE,39.0,Women,2025-02-22 10:51:53.051423 +00:00,1.0,770.0,5.0,0.0,0.0,770.0,1.0,770.0,50.0,0.0,0.0,1.0
jVa0gADAav,GB,55.0,Men,2025-03-24 11:46:23.986522 +00:00,37.0,86821.0,62.0,2.8,1.0,86821.0,8.0,10852.625,100.0,100.0,12.5,0.0
mO30KoRHwQ,US,49.0,Men,2025-03-01 04:36:18.217365 +00:00,1.0,221.0,1.0,0.0,0.0,221.0,1.0,221.0,50.0,0.0,0.0,1.0
pY8qr4Fw4b,DE,39.0,Women,2025-03-08 14:19:36.855609 +00:00,63.0,66092.0,140.0,0.0,0.0,66092.0,8.0,8261.5,100.0,100.0,12.5,0.0
2EFRMmsUiv,US,39.0,Men,2025-02-07 00:31:36.072048 +00:00,30.0,60532.0,1.0,0.0,0.0,60532.0,4.0,15133.0,100.0,25.0,0.0,1.0
eFRNZrSu3x,US,50.0,Women,2025-03-02 09:21:03.235971 +00:00,5.0,5560.0,1.0,0.0,0.0,5560.0,4.0,1390.0,100.0,50.0,0.0,1.0
NAOYwmdM2W,GB,50.0,Men,2025-03-03 19:07:48.372805 +00:00,33.0,36365.0,59.0,0.0,0.0,36365.0,7.0,5195.0,100.0,100.0,0.0,0.0
cgKAySpBUw,GB,50.0,Women,2025-02-20 09:49:35.265534 +00:00,7.0,12048.0,1.0,0.0,0.0,12048.0,3.0,4016.0,100.0,25.0,0.0,1.0
j7FsMCKSpg,US,39.0,Women,2025-03-17 01:58:41.066815 +00:00,1.0,7.0,2.0,0.0,0.0,7.0,1.0,7.0,50.0,0.0,0.0,1.0
cURnedKhpV,GB,45.0,Women,2025-02-22 20:52:14.415962 +00:00,109.0,297719.0,94.0,0.0,0.0,297719.0,4.0,74429.75,100.0,50.0,0.0,0.0
hrfohcXl76,DE,39.0,Men,2025-03-31 21:24:50.509812 +00:00,1.0,752.0,5.0,0.0,0.0,752.0,1.0,752.0,50.0,0.0,0.0,1.0
JUP8R2cHWn,DE,42.0,Men,2025-03-30 16:37:24.539438 +00:00,6.0,8960.0,17.0,0.0,0.0,8960.0,5.0,1792.0,100.0,75.0,0.0,0.0
uzxVOAV19b,DE,46.0,Men,2025-03-11 14:11:29.935957 +00:00,54.0,167003.0,111.0,0.0,0.0,177001.0,8.0,22125.125,100.0,100.0,12.5,0.0
MjED2RQeUC,US,39.0,Women,2025-02-19 17:22:08.751540 +00:00,21.0,24718.0,1.0,4.0,1.0,24718.0,3.0,8239.333333333334,100.0,25.0,0.0,1.0
xM8fprtvM9,GB,36.0,Women,2025-02-15 12:53:02.184825 +00:00,42.0,13548.0,4.0,0.0,0.0,13548.0,6.0,2258.0,100.0,100.0,0.0,1.0
rc8V9fObkD,DE,39.0,Women,2025-02-19 11:20:45.690339 +00:00,56.0,1302017.0,1.0,4.0,1.0,1302017.0,8.0,162752.125,100.0,100.0,12.5,1.0
xAvYHwEX9D,DE,35.0,Men,2025-03-11 21:40:23.723272 +00:00,29.0,32499.0,14.0,0.0,0.0,32499.0,6.0,5416.5,100.0,100.0,0.0,1.0
ulZ6dTe0ZU,JP,45.0,Women,2025-03-18 01:37:18.627901 +00:00,370.0,174457.0,146.0,3.5,2.0,174457.0,11.0,15859.727272727272,100.0,100.0,62.5,0.0
bbHPaa1Cc6,DE,32.0,Men,2025-03-23 10:54:12.707453 +00:00,10.0,11071.0,10.0,4.0,1.0,11071.0,5.0,2214.2,100.0,100.0,0.0,0.0
9FJ3B9BHO2,US,39.0,Men,2025-02-14 05:37:10.528800 +00:00,12.0,21132.0,1.0,4.0,1.0,21132.0,6.0,3522.0,100.0,75.0,0.0,1.0
uCAveekaCT,US,29.0,Men,2025-02-08 03:03:03.922562 +00:00,12.0,13295.0,1.0,4.0,1.0,13295.0,1.0,13295.0,50.0,0.0,0.0,1.0
sjaCFMufkv,US,62.0,Women,2025-03-12 06:17:07.010972 +00:00,11.0,28501.0,51.0,26.0,5.0,28501.0,6.0,4750.166666666667,100.0,75.0,0.0,1.0
IRQUhRktTI,DE,30.0,Women,2025-02-14 08:59:43.590263 +00:00,10.0,12327.0,1.0,4.4,1.0,12327.0,1.0,12327.0,50.0,0.0,0.0,1.0
QlrnBO3SZs,GB,39.0,Men,2025-03-03 18:29:04.744994 +00:00,13.0,24611.0,141.0,2.8,1.0,24611.0,7.0,3515.8571428571427,100.0,100.0,0.0,1.0
gucnN2fD1l,DE,36.0,Men,2025-03-25 18:38:04.205594 +00:00,1.0,1128.0,5.0,0.0,0.0,1128.0,4.0,282.0,100.0,50.0,0.0,1.0
TPNw3n6bpk,GB,34.0,Men,2025-02-16 11:52:42.691033 +00:00,25.0,39123.0,1.0,2.8,1.0,39123.0,1.0,39123.0,50.0,0.0,0.0,1.0
25ZPAAeYU1,DE,33.0,Men,2025-03-22 10:06:09.829579 +00:00,4.0,5609.0,5.0,0.0,0.0,5609.0,1.0,5609.0,50.0,0.0,0.0,1.0
d9HvvitQQD,US,58.0,Men,2025-02-18 02:07:13.827445 +00:00,2.0,1203.0,1.0,0.0,0.0,1203.0,1.0,1203.0,50.0,0.0,0.0,1.0
8aMIDzcVGk,DE,46.0,Men,2025-03-26 21:17:10.751094 +00:00,10.0,9870.0,13.0,0.0,0.0,9870.0,5.0,1974.0,100.0,75.0,0.0,0.0
BNLaobl4mV,US,37.0,Women,2025-02-20 06:01:20.855905 +00:00,29.0,18322.0,20.0,20.0,3.0,18322.0,5.0,3664.4,100.0,50.0,0.0,1.0
p7IlNkirFt,US,41.0,Men,2025-02-18 01:07:39.779682 +00:00,9.0,4455.0,1.0,4.0,1.0,4455.0,3.0,1485.0,100.0,25.0,0.0,1.0
3SI2rWAVAi,GB,31.0,Men,2025-02-26 20:57:54.216601 +00:00,15.0,29942.0,36.0,0.0,0.0,29942.0,1.0,29942.0,50.0,0.0,0.0,1.0
PDzZFtxoYj,GB,31.0,Men,2025-03-25 15:37:57.098744 +00:00,6.0,13204.0,8.0,0.0,0.0,13204.0,5.0,2640.8,100.0,75.0,0.0,0.0
cssjfmgF04,GB,39.0,Women,2025-03-28 16:11:36.354610 +00:00,2.0,536.0,4.0,0.0,0.0,536.0,2.0,268.0,100.0,0.0,0.0,1.0
GIwCZikHnz,US,39.0,Men,2025-02-24 14:00:01.159768 +00:00,6.0,17760.0,1.0,0.0,0.0,17760.0,4.0,4440.0,100.0,50.0,0.0,1.0
VQGCnq7XaP,DE,41.0,Women,2025-03-31 14:04:27.155207 +00:00,8.0,11602.0,21.0,0.0,0.0,11602.0,5.0,2320.4,100.0,75.0,0.0,0.0
7hv51JIZdE,GB,48.0,Women,2025-03-22 14:02:14.045679 +00:00,12.0,8335.0,2.0,0.0,0.0,8335.0,4.0,2083.75,100.0,50.0,0.0,0.0
oRApU5JADi,DE,39.0,Women,2025-03-16 08:16:33.251431 +00:00,12.0,24121.0,67.0,20.0,3.0,24121.0,7.0,3445.8571428571427,100.0,100.0,0.0,1.0
hSp5AFnvIe,DE,39.0,Men,2025-03-22 03:19:29.245458 +00:00,2.0,650.0,5.0,0.0,0.0,650.0,1.0,650.0,50.0,0.0,0.0,1.0
SHne8htLnE,US,39.0,Women,2025-03-04 00:58:23.743483 +00:00,3.0,1109.0,1.0,0.0,0.0,1109.0,3.0,369.6666666666667,100.0,25.0,0.0,1.0
zK7ZNFmmnk,GB,48.0,Men,2025-04-01 03:33:41.472941 +00:00,32.0,100525.0,203.0,7.0,2.0,100525.0,7.0,14360.714285714286,100.0,100.0,0.0,0.0
owvHCGOFPc,DE,20.0,Men,2025-02-27 19:10:24.586814 +00:00,15.0,4699.0,1.0,0.0,0.0,4699.0,4.0,1174.75,100.0,50.0,0.0,1.0
69JNKuqhgX,GB,36.0,Men,2025-03-01 22:23:33.590825 +00:00,61.0,44645.0,6.0,0.0,0.0,44645.0,6.0,7440.833333333333,100.0,100.0,0.0,0.0
OetWqBUaL9,US,54.0,Men,2025-02-24 07:14:58.541562 +00:00,2.0,1136.0,1.0,0.0,0.0,1136.0,3.0,378.6666666666667,100.0,25.0,0.0,1.0
zQyoSxzcgT,DE,39.0,Men,2025-02-16 08:45:15.887259 +00:00,25.0,20877.0,1.0,0.0,0.0,20877.0,6.0,3479.5,100.0,75.0,0.0,1.0
uir7HaMaWr,DE,39.0,Women,2025-03-23 16:17:31.611925 +00:00,2.0,402.0,5.0,0.0,0.0,402.0,1.0,402.0,50.0,0.0,0.0,1.0
Wh6PmueUWL,DE,39.0,Women,2025-03-16 16:04:13.208469 +00:00,14.0,33304.0,67.0,0.0,0.0,33304.0,6.0,5550.666666666667,100.0,75.0,0.0,1.0
7Lbph4c1HT,DE,39.0,Women,2025-03-24 17:28:17.368926 +00:00,11.0,41585.0,17.0,0.0,0.0,41585.0,1.0,41585.0,50.0,0.0,0.0,0.0
SJ0SefxQGn,US,39.0,Women,2025-02-23 18:59:12.650949 +00:00,24.0,24117.0,58.0,0.0,0.0,24117.0,5.0,4823.4,100.0,50.0,0.0,1.0
TzkI8yF2m2,DE,39.0,Men,2025-02-21 13:08:14.937782 +00:00,9.0,25260.0,1.0,4.0,1.0,25260.0,7.0,3608.571428571429,100.0,100.0,0.0,1.0
4kNePxKujw,US,39.0,Women,2025-03-08 02:54:41.974651 +00:00,2.0,338.0,5.0,0.0,0.0,338.0,1.0,338.0,50.0,0.0,0.0,1.0
JeBAO56Ddj,US,39.0,Women,2025-02-24 03:11:57.181718 +00:00,6.0,2127.0,1.0,0.0,0.0,2127.0,3.0,709.0,100.0,25.0,0.0,1.0
8Zo5btDgLv,GB,47.0,Men,2025-02-25 01:06:59.472705 +00:00,123.0,375127.0,182.0,0.0,0.0,375127.0,10.0,37512.7,100.0,100.0,37.5,0.0
cI4lWvrueO,US,34.0,Men,2025-02-05 01:20:36.814096 +00:00,5.0,2418.0,1.0,0.0,0.0,2418.0,2.0,1209.0,100.0,0.0,0.0,1.0
IdoDJRMaKV,DE,36.0,Women,2025-03-13 18:16:23.326424 +00:00,159.0,104787.0,1.0,0.0,0.0,104787.0,9.0,11643.0,100.0,100.0,37.5,0.0
8Y2VawwEas,DE,19.0,Women,2025-02-22 10:20:19.600507 +00:00,3.0,6993.0,1.0,0.0,0.0,6993.0,5.0,1398.6,100.0,75.0,0.0,1.0
TYQXvxWiY2,DE,39.0,Men,2025-02-25 06:30:01.424019 +00:00,118.0,434191.0,257.0,10.0,2.0,434191.0,6.0,72365.16666666667,100.0,100.0,0.0,0.0
IQeyyoOIyf,US,21.0,Men,2025-02-03 03:57:55.294841 +00:00,9.0,68145.0,1.0,0.0,0.0,68145.0,3.0,22715.0,100.0,25.0,0.0,1.0
chcjTrmd9l,DE,40.0,Women,2025-03-24 10:10:30.406039 +00:00,33.0,37497.0,40.0,0.0,0.0,37497.0,8.0,4687.125,100.0,100.0,12.5,0.0
NDjxpFhdTC,DE,39.0,Women,2025-03-15 18:47:35.977267 +00:00,13.0,12777.0,3.0,0.0,0.0,12777.0,4.0,3194.25,100.0,75.0,0.0,0.0
aBDrkvXNjS,US,24.0,Men,2025-02-15 07:45:43.114722 +00:00,9.0,28891.0,1.0,0.0,0.0,28891.0,4.0,7222.75,100.0,50.0,0.0,1.0
qeescrLAiB,DE,49.0,Women,2025-03-10 13:13:21.551469 +00:00,80.0,565277.0,1064.0,4.0,1.0,565277.0,10.0,56527.7,100.0,100.0,37.5,1.0
Fbl7llBU1g,DE,26.0,Women,2025-03-25 07:21:31.768484 +00:00,4.0,856.0,5.0,21.6,3.0,856.0,1.0,856.0,50.0,0.0,0.0,1.0
7Ffm61bL4r,DE,39.0,Men,2025-03-03 07:59:19.995368 +00:00,7.0,12656.0,7.0,0.0,0.0,12656.0,4.0,3164.0,100.0,50.0,0.0,1.0
mYBaaelqzE,US,39.0,Men,2025-02-27 01:10:26.866646 +00:00,9.0,5111.0,1.0,0.0,0.0,5111.0,1.0,5111.0,50.0,0.0,0.0,1.0
PsDxfbItta,US,39.0,Women,2025-02-28 00:43:15.095238 +00:00,3.0,343.0,1.0,0.0,0.0,343.0,2.0,171.5,100.0,0.0,0.0,1.0
IlCSwZK1G1,DE,39.0,Women,2025-03-09 16:15:23.361055 +00:00,1.0,18.0,5.0,0.0,0.0,18.0,1.0,18.0,50.0,0.0,0.0,1.0
eyQ7PgsMm6,JP,46.0,Women,2025-03-13 18:39:11.496068 +00:00,48.0,58269.0,203.0,0.0,0.0,58269.0,7.0,8324.142857142857,100.0,100.0,0.0,0.0
aBEBITkKr2,DE,39.0,Women,2025-03-23 00:49:04.544998 +00:00,3.0,2412.0,5.0,0.0,0.0,2412.0,3.0,804.0,100.0,25.0,0.0,1.0
TD4F2mNCGn,DE,39.0,Women,2025-03-30 08:23:19.040596 +00:00,2.0,2490.0,4.0,0.0,0.0,2490.0,3.0,830.0,100.0,50.0,0.0,1.0
cQJ6INK6lo,US,39.0,Men,2025-03-12 00:26:58.363745 +00:00,2.0,496.0,5.0,0.0,0.0,496.0,2.0,248.0,100.0,0.0,0.0,1.0
lZ0lmSnvIn,GB,37.0,Men,2025-02-12 23:36:15.940825 +00:00,57.0,160386.0,4.0,2.8,1.0,160386.0,9.0,17820.666666666668,100.0,100.0,37.5,0.0
f2zWOnTIas,GB,21.0,Men,2025-02-16 11:37:29.546448 +00:00,168.0,135094.0,1.0,2.8,1.0,135094.0,9.0,15010.444444444443,100.0,100.0,37.5,1.0
yZfE9fnRML,DE,39.0,Men,2025-02-18 09:36:50.979265 +00:00,29.0,189225.0,1.0,0.0,0.0,189225.0,9.0,21025.0,100.0,100.0,25.0,1.0
uAU84oMbl1,GB,34.0,Men,2025-02-14 11:03:02.720364 +00:00,103.0,153505.0,407.0,2.8,1.0,153505.0,10.0,15350.5,100.0,100.0,37.5,0.0
u2X7kc2zgk,DE,39.0,Women,2025-03-18 18:24:59.423559 +00:00,41.0,7009.0,1.0,0.0,0.0,7009.0,1.0,7009.0,50.0,0.0,0.0,0.0
uJVFveMEZk,DE,39.0,Women,2025-02-24 12:21:22.003162 +00:00,10.0,24275.0,8.0,0.0,0.0,24275.0,5.0,4855.0,100.0,75.0,0.0,1.0
XvzostByiB,DE,22.0,Men,2025-02-18 16:04:25.564893 +00:00,65.0,59818.0,5.0,4.0,1.0,59818.0,9.0,6646.444444444444,100.0,100.0,25.0,1.0
scAD4hsKxH,DE,39.0,Women,2025-03-23 16:22:35.490847 +00:00,26.0,83904.0,226.0,0.0,0.0,88763.0,7.0,12680.42857142857,100.0,100.0,0.0,0.0
wslEDKDDE1,US,50.0,Women,2025-02-17 00:39:45.166063 +00:00,1.0,855.0,5.0,0.0,0.0,855.0,1.0,855.0,50.0,0.0,0.0,1.0
MnNbSxFFO8,US,42.0,Men,2025-02-23 15:00:55.153058 +00:00,2.0,4366.0,4.0,0.0,0.0,4366.0,3.0,1455.3333333333333,100.0,25.0,0.0,1.0
LYtshhJA38,US,43.0,Men,2025-02-13 12:39:34.675008 +00:00,2.0,751.0,1.0,4.0,1.0,751.0,5.0,150.2,100.0,75.0,0.0,1.0
JKG4EQxMCu,GB,41.0,Men,2025-03-23 09:55:16.917414 +00:00,20.0,31863.0,31.0,0.0,0.0,31863.0,5.0,6372.6,100.0,75.0,0.0,0.0
m5WlbMae2a,US,42.0,Men,2025-02-28 03:53:54.887452 +00:00,2.0,5172.0,1.0,0.0,0.0,5172.0,1.0,5172.0,50.0,0.0,0.0,1.0
Mr3NS0GAK3,GB,47.0,Men,2025-02-18 15:18:08.103005 +00:00,18.0,20423.0,3.0,16.8,4.0,20423.0,6.0,3403.8333333333335,100.0,100.0,0.0,0.0
rsz9CidqRN,US,39.0,Men,2025-03-01 12:29:23.924299 +00:00,2.0,1449.0,5.0,0.0,0.0,1449.0,1.0,1449.0,50.0,0.0,0.0,1.0
0nPfi39JGe,GB,57.0,Men,2025-02-16 11:08:15.624024 +00:00,3.0,8153.0,1.0,2.8,1.0,8153.0,4.0,2038.25,100.0,50.0,0.0,1.0
CHlt0YtxeK,GB,43.0,Men,2025-03-12 12:34:42.905205 +00:00,4.0,6476.0,3.0,0.0,0.0,6476.0,2.0,3238.0,100.0,0.0,0.0,1.0
P5DLtSpYxP,US,39.0,Men,2025-02-15 10:41:01.900995 +00:00,16.0,27904.0,1.0,0.0,0.0,27904.0,5.0,5580.8,100.0,75.0,0.0,1.0
QGwS07H97K,US,39.0,Men,2025-03-14 02:28:36.154443 +00:00,1.0,370.0,5.0,0.0,0.0,370.0,1.0,370.0,50.0,0.0,0.0,1.0
giyNdmZogi,GB,40.0,Women,2025-03-19 02:14:32.943114 +00:00,1.0,210.0,2.0,0.0,0.0,210.0,1.0,210.0,50.0,0.0,0.0,1.0
d3Tdy3ww3y,JP,39.0,Women,2025-03-07 03:29:25.481645 +00:00,1.0,2.0,186.0,4.1,2.0,2.0,9.0,0.2222222222222222,100.0,100.0,25.0,1.0
4LHUD9sESo,US,62.0,Men,2025-03-13 04:30:39.372488 +00:00,7.0,8372.0,33.0,0.0,0.0,8372.0,3.0,2790.6666666666665,100.0,25.0,0.0,1.0
0wvm2w6O7h,US,42.0,Men,2025-02-07 02:05:44.476393 +00:00,7.0,11503.0,3.0,0.0,0.0,11503.0,3.0,3834.3333333333335,100.0,25.0,0.0,1.0
eQUMPbkOYS,DE,35.0,Women,2025-03-30 12:17:44.858097 +00:00,1.0,2241.0,5.0,0.0,0.0,2241.0,3.0,747.0,100.0,25.0,0.0,1.0
mpH9NPrNb5,DE,18.0,Men,2025-03-25 09:13:45.277298 +00:00,25.0,79581.0,165.0,4.0,1.0,79581.0,8.0,9947.625,100.0,100.0,12.5,1.0
maH73A68OH,US,27.0,Women,2025-02-20 15:58:58.787768 +00:00,15.0,14732.0,1.0,0.0,0.0,14732.0,5.0,2946.4,100.0,50.0,0.0,1.0
KkoZ3T5s27,US,32.0,Men,2025-02-21 19:16:28.514451 +00:00,12.0,55213.0,1.0,0.0,0.0,55213.0,6.0,9202.166666666666,100.0,75.0,0.0,1.0
RaVJxE5Q5p,DE,29.0,Women,2025-02-13 02:07:36.502193 +00:00,25.0,35848.0,1.0,0.0,0.0,35848.0,4.0,8962.0,100.0,50.0,0.0,0.0
SqPROtu3t6,GB,46.0,Women,2025-02-13 11:57:37.850555 +00:00,40.0,61528.0,8.0,0.0,0.0,61528.0,7.0,8789.714285714286,100.0,100.0,0.0,1.0
F7BYTvl1aW,DE,28.0,Men,2025-03-23 12:52:53.028570 +00:00,1.0,1774.0,5.0,0.0,0.0,1774.0,1.0,1774.0,50.0,0.0,0.0,1.0
K9b2Cb6EO6,GB,32.0,Women,2025-04-02 19:33:42.410965 +00:00,20.0,30268.0,56.0,2.8,1.0,30268.0,7.0,4324.0,100.0,100.0,0.0,0.0
RlJHYbEqGH,DE,27.0,Men,2025-03-27 06:56:29.207540 +00:00,22.0,18670.0,21.0,0.0,0.0,18670.0,4.0,4667.5,100.0,50.0,0.0,1.0
0enO7c1Ksn,GB,39.0,Men,2025-03-25 10:29:01.569971 +00:00,2.0,817.0,5.0,0.0,0.0,817.0,3.0,272.3333333333333,100.0,25.0,0.0,1.0
efUmzLJjOE,US,39.0,Men,2025-03-16 03:20:35.715404 +00:00,15.0,22063.0,25.0,0.0,0.0,22063.0,5.0,4412.6,100.0,75.0,0.0,1.0
PGj3j382ym,DE,45.0,Women,2025-02-28 15:00:45.603925 +00:00,149.0,116919.0,337.0,29.0,6.0,116919.0,12.0,9743.25,100.0,100.0,62.5,0.0
rEuvYSOSUx,US,39.0,Men,2025-03-05 13:37:42.796142 +00:00,43.0,27482.0,1.0,4.0,1.0,27482.0,4.0,6870.5,100.0,50.0,0.0,1.0
4B51n2AYep,US,54.0,Women,2025-02-02 05:38:10.016974 +00:00,1.0,4604.0,1.0,0.0,0.0,4604.0,3.0,1534.6666666666667,100.0,25.0,0.0,1.0
0w79uqvkl2,DE,48.0,Men,2025-02-13 13:50:24.407560 +00:00,7.0,4222.0,5.0,0.0,0.0,4222.0,4.0,1055.5,100.0,50.0,0.0,1.0
m4B0fCQo0A,US,39.0,Men,2025-02-23 22:47:48.567084 +00:00,3.0,320.0,1.0,0.0,0.0,320.0,3.0,106.66666666666669,100.0,25.0,0.0,1.0
dy0xfHkf0A,DE,39.0,Men,2025-03-31 08:36:10.008041 +00:00,3.0,1331.0,5.0,0.0,0.0,1331.0,3.0,443.6666666666667,100.0,25.0,0.0,1.0
3N9mLiV0uH,JP,39.0,Women,2025-03-04 13:54:48.578199 +00:00,41.0,43004.0,20.0,0.0,0.0,43004.0,6.0,7167.333333333333,100.0,75.0,0.0,1.0
MKeBaNyP0I,US,39.0,Women,2025-03-06 03:49:43.838604 +00:00,1.0,495.0,5.0,0.0,0.0,495.0,2.0,247.5,100.0,0.0,0.0,1.0
KD0EwA3swB,DE,53.0,Men,2025-03-11 17:37:22.440786 +00:00,1.0,3703.0,2.0,0.0,0.0,3703.0,3.0,1234.3333333333333,100.0,25.0,0.0,1.0
IQulWw0ihQ,US,55.0,Women,2025-02-22 12:46:29.100517 +00:00,16.0,26947.0,1.0,4.0,1.0,26947.0,5.0,5389.4,100.0,50.0,0.0,0.0
PFsyQGiVFH,GB,39.0,Women,2025-02-23 10:49:37.092882 +00:00,5.0,6821.0,1.0,0.0,0.0,6821.0,4.0,1705.25,100.0,50.0,0.0,1.0
635WNk6vGF,DE,36.0,Women,2025-02-28 22:53:14.098497 +00:00,117.0,64834.0,90.0,0.0,0.0,64834.0,9.0,7203.777777777777,100.0,100.0,25.0,0.0
iU6TvKSPWb,GB,33.0,Men,2025-03-20 12:37:42.074243 +00:00,17.0,6575.0,5.0,0.0,0.0,6575.0,1.0,6575.0,50.0,0.0,0.0,0.0
3yDXAv6Rre,GB,46.0,Men,2025-02-24 21:05:12.790578 +00:00,260.0,679701.0,1209.0,16.8,4.0,679701.0,12.0,56641.75,100.0,100.0,62.5,0.0
VqBQJ2GNP3,DE,22.0,Women,2025-03-08 19:56:47.061675 +00:00,2.0,177.0,5.0,0.0,0.0,177.0,1.0,177.0,50.0,0.0,0.0,1.0
IyJPqQo7Y4,US,54.0,Women,2025-02-08 03:17:56.449643 +00:00,407.0,915508.0,1633.0,0.0,0.0,915508.0,7.0,130786.85714285714,100.0,100.0,12.5,0.0
Sk0EI4yNdn,US,35.0,Men,2025-03-13 03:12:50.012017 +00:00,47.0,26509.0,9.0,0.0,0.0,26509.0,5.0,5301.8,100.0,75.0,0.0,0.0
qcLIdRpIR2,DE,33.0,Women,2025-03-24 13:17:39.201346 +00:00,106.0,29096.0,2.0,10.0,2.0,29096.0,8.0,3637.0,100.0,100.0,25.0,0.0
09CmfWWy0r,US,51.0,Men,2025-03-14 04:54:15.258258 +00:00,5.0,11369.0,7.0,0.0,0.0,11369.0,3.0,3789.6666666666665,100.0,25.0,0.0,1.0
oNf7vTsuu0,JP,44.0,Women,2025-03-21 11:04:36.181648 +00:00,4.0,4957.0,7.0,0.0,0.0,4957.0,3.0,1652.3333333333333,100.0,25.0,0.0,1.0
7UMjbtz3Gh,US,39.0,Women,2025-02-08 15:06:21.455518 +00:00,1.0,665.0,1.0,0.0,0.0,665.0,1.0,665.0,50.0,0.0,0.0,1.0
GwY3qxzczg,US,39.0,Men,2025-02-13 07:31:20.604993 +00:00,1.0,3227.0,5.0,0.0,0.0,3227.0,3.0,1075.6666666666667,100.0,25.0,0.0,1.0
QKqAckBDCL,US,39.0,Men,2025-02-25 02:43:29.524943 +00:00,2.0,1588.0,1.0,4.4,1.0,1588.0,3.0,529.3333333333334,100.0,25.0,0.0,1.0
0cCCJVy6JG,GB,39.0,Men,2025-02-19 22:46:58.517559 +00:00,3.0,2206.0,1.0,0.0,0.0,2206.0,1.0,2206.0,50.0,0.0,0.0,1.0
rMtmbq0BGS,US,58.0,Men,2025-02-17 14:07:42.500249 +00:00,47.0,122804.0,1.0,28.599998,5.0,122804.0,7.0,17543.428571428572,100.0,100.0,0.0,0.0
HJMBFRgQW4,US,64.0,Men,2025-02-07 00:57:38.776576 +00:00,9.0,15257.0,1.0,0.0,0.0,15257.0,3.0,5085.666666666667,100.0,25.0,0.0,1.0
OchjkpEjqt,GB,51.0,Men,2025-03-24 06:03:08.351415 +00:00,2.0,547.0,5.0,0.0,0.0,547.0,1.0,547.0,50.0,0.0,0.0,1.0
oZgoulG1Zv,GB,39.0,Women,2025-03-02 15:18:59.062695 +00:00,38.0,48901.0,4.0,7.0,2.0,48901.0,6.0,8150.166666666667,100.0,100.0,0.0,1.0
I4At3hOMuC,GB,46.0,Men,2025-03-02 23:59:32.925790 +00:00,5.0,7306.0,1.0,0.0,0.0,7306.0,3.0,2435.3333333333335,100.0,25.0,0.0,1.0
VerPgDtClr,DE,35.0,Men,2025-03-05 16:21:59.062110 +00:00,7.0,6287.0,1.0,4.0,1.0,6287.0,4.0,1571.75,100.0,50.0,0.0,1.0
OissxMuSg9,US,43.0,Men,2025-02-17 14:40:22.268635 +00:00,2.0,2419.0,1.0,0.0,0.0,2419.0,2.0,1209.5,100.0,0.0,0.0,1.0
fnAXZqSoNw,JP,39.0,Women,2025-03-15 06:16:48.132902 +00:00,21.0,12393.0,103.0,0.0,0.0,12393.0,1.0,12393.0,50.0,0.0,0.0,1.0
p0oacgqw0e,GB,46.0,Women,2025-02-16 18:20:12.953577 +00:00,1.0,8800.0,1.0,0.0,0.0,8800.0,5.0,1760.0,100.0,75.0,0.0,1.0
TLEMCX6dDT,DE,32.0,Women,2025-03-21 10:45:54.892283 +00:00,6.0,4234.0,7.0,0.0,0.0,4234.0,4.0,1058.5,100.0,50.0,0.0,1.0
a0ZzNfP7DL,US,38.0,Women,2025-02-07 05:42:03.429884 +00:00,11.0,15206.0,1.0,0.0,0.0,15206.0,2.0,7603.0,50.0,0.0,0.0,1.0
W9dKyfq5RS,US,18.0,Men,2025-03-15 07:21:40.972386 +00:00,2.0,1625.0,1.0,0.0,0.0,1625.0,2.0,812.5,100.0,0.0,0.0,1.0
kBnjGigpgd,GB,57.0,Men,2025-02-26 12:01:46.060375 +00:00,123.0,106357.0,129.0,0.0,0.0,106357.0,10.0,10635.7,100.0,100.0,37.5,0.0
0SgiRJJF9E,GB,43.0,Men,2025-02-17 11:54:57.694977 +00:00,178.0,86976.0,24.0,18.48,4.0,87315.0,11.0,7937.727272727273,100.0,100.0,50.0,0.0
bJLlSKjPNR,US,57.0,Women,2025-02-11 14:07:34.422745 +00:00,1.0,656.0,1.0,0.0,0.0,656.0,1.0,656.0,50.0,0.0,0.0,1.0
o7JaRX81FE,DE,23.0,Women,2025-03-17 11:54:38.570809 +00:00,20.0,20384.0,31.0,0.0,0.0,20384.0,5.0,4076.8,100.0,75.0,0.0,1.0
c2BnW41WmM,US,42.0,Men,2025-02-09 09:07:18.859617 +00:00,14.0,20793.0,8.0,4.0,1.0,20793.0,7.0,2970.4285714285716,100.0,100.0,0.0,1.0
llonJucNSw,US,39.0,Men,2025-03-13 08:25:03.934991 +00:00,7.0,5946.0,1.0,0.0,0.0,5946.0,3.0,1982.0,100.0,25.0,0.0,1.0
DPlq94A1hZ,US,47.0,Men,2025-02-10 07:28:23.738040 +00:00,2.0,1661.0,1.0,0.0,0.0,1661.0,1.0,1661.0,50.0,0.0,0.0,1.0
RsJuVGGqdz,GB,52.0,Women,2025-03-10 15:18:50.602216 +00:00,4.0,3515.0,6.0,0.0,0.0,3515.0,2.0,1757.5,100.0,25.0,0.0,1.0
9nszblYjB0,GB,36.0,Men,2025-02-25 04:03:19.544078 +00:00,30.0,83781.0,55.0,0.0,0.0,83781.0,10.0,8378.1,100.0,100.0,37.5,1.0
0hxoY7F9es,GB,24.0,Men,2025-03-20 10:13:02.134358 +00:00,4.0,2122.0,5.0,0.0,0.0,2122.0,3.0,707.3333333333334,100.0,25.0,0.0,1.0
CwFq5jD4Pf,DE,25.0,Women,2025-03-23 12:44:42.728420 +00:00,50.0,54384.0,9.0,0.0,0.0,54384.0,6.0,9064.0,100.0,100.0,0.0,0.0
hmSsOnusA4,DE,39.0,Men,2025-03-26 12:14:16.535470 +00:00,2.0,9674.0,6.0,0.0,0.0,9674.0,3.0,3224.6666666666665,100.0,25.0,0.0,1.0
ywt3JNeFTA,GB,46.0,Men,2025-03-15 09:56:00.614104 +00:00,1.0,29.0,26.0,0.0,0.0,29.0,6.0,4.833333333333333,100.0,100.0,0.0,1.0
gyTXtme7H0,DE,29.0,Women,2025-03-21 08:21:10.598851 +00:00,151.0,217858.0,639.0,4.0,1.0,217858.0,11.0,19805.272727272728,100.0,100.0,50.0,0.0
aphYptFWJi,US,39.0,Men,2025-02-27 17:35:09.407794 +00:00,3.0,8767.0,5.0,0.0,0.0,8767.0,3.0,2922.3333333333335,100.0,25.0,0.0,1.0
oOO6TcTzWO,DE,39.0,Women,2025-03-07 14:07:08.139354 +00:00,7.0,28091.0,14.0,0.0,0.0,28091.0,4.0,7022.75,100.0,50.0,0.0,0.0
jOn1RWmwua,JP,22.0,Men,2025-03-06 08:56:29.219498 +00:00,32.0,45219.0,51.0,0.0,0.0,45219.0,6.0,7536.5,100.0,75.0,0.0,0.0
CRzWPb9wWr,US,35.0,Men,2025-03-10 06:17:23.798556 +00:00,29.0,69914.0,71.0,25.3,4.0,69914.0,3.0,23304.666666666668,100.0,25.0,0.0,1.0
vGBEbAct4K,DE,39.0,Women,2025-02-17 11:28:30.436341 +00:00,4.0,2004.0,5.0,4.0,1.0,2004.0,3.0,668.0,100.0,25.0,0.0,1.0
a41Sf9htWq,DE,41.0,Women,2025-02-15 10:32:18.845970 +00:00,1.0,939.0,1.0,0.0,0.0,939.0,3.0,313.0,100.0,25.0,0.0,1.0
Q4vxnyGvko,US,29.0,Men,2025-03-18 02:10:05.102542 +00:00,3.0,4266.0,5.0,0.0,0.0,4266.0,3.0,1422.0,100.0,25.0,0.0,1.0
BlejticgDV,DE,39.0,Women,2025-03-27 17:01:16.012541 +00:00,27.0,102107.0,1.0,0.0,0.0,102107.0,3.0,34035.666666666664,100.0,25.0,0.0,1.0
9e7voKBIbF,JP,39.0,Women,2025-03-09 11:46:24.273783 +00:00,22.0,24244.0,46.0,0.0,0.0,24244.0,6.0,4040.6666666666665,100.0,75.0,0.0,1.0
kxJj9yWuuk,DE,36.0,Men,2025-02-22 12:00:16.090906 +00:00,78.0,272886.0,53.0,10.0,2.0,272886.0,9.0,30320.666666666668,100.0,100.0,25.0,1.0
19eiEa8RhO,DE,36.0,Women,2025-02-14 06:06:35.624729 +00:00,58.0,84375.0,1.0,0.0,0.0,84375.0,2.0,42187.5,100.0,0.0,0.0,0.0
10WWlEAj3X,GB,39.0,Women,2025-02-13 19:10:49.146807 +00:00,197.0,185287.0,30.0,0.0,0.0,185287.0,12.0,15440.583333333334,100.0,100.0,62.5,0.0
zQtjuQ2jUc,US,41.0,Women,2025-02-23 19:23:34.107917 +00:00,28.0,10531.0,1.0,0.0,0.0,10531.0,6.0,1755.1666666666667,100.0,75.0,0.0,1.0
i0Zk3r8Inb,DE,39.0,Women,2025-03-21 12:24:10.056102 +00:00,13.0,23958.0,36.0,0.0,0.0,23958.0,6.0,3993.0,100.0,75.0,0.0,0.0
S34PRgdcJu,GB,39.0,Women,2025-02-15 10:50:30.749669 +00:00,11.0,5355.0,1.0,2.8,1.0,5355.0,4.0,1338.75,100.0,50.0,0.0,1.0
6G9hj2ZbdL,DE,53.0,Women,2025-03-07 15:39:34.892799 +00:00,4.0,22640.0,1.0,0.0,0.0,22640.0,4.0,5660.0,100.0,50.0,0.0,1.0
E6H8eQiCIx,US,39.0,Men,2025-02-06 00:29:46.760480 +00:00,72.0,86731.0,44.0,0.0,0.0,86731.0,7.0,12390.142857142857,100.0,100.0,0.0,1.0
gIospreDaq,DE,42.0,Men,2025-03-13 10:32:38.420507 +00:00,4.0,5347.0,4.0,0.0,0.0,5347.0,4.0,1336.75,100.0,50.0,0.0,1.0
g4IRku4yni,DE,41.0,Women,2025-02-13 15:51:49.551356 +00:00,11.0,7653.0,1.0,4.0,1.0,7653.0,7.0,1093.2857142857142,100.0,100.0,0.0,1.0
1ZAvmdOtDo,DE,35.0,Men,2025-03-26 22:57:52.185595 +00:00,26.0,53561.0,171.0,0.0,0.0,53561.0,7.0,7651.571428571428,100.0,100.0,0.0,0.0
B3wXbM80SH,DE,39.0,Women,2025-03-02 10:48:26.019603 +00:00,6.0,62.0,5.0,0.0,0.0,62.0,4.0,15.5,100.0,50.0,0.0,1.0
RV3iCqyEYe,US,38.0,Men,2025-02-08 00:19:57.776748 +00:00,24.0,41038.0,15.0,34.8,7.0,41038.0,6.0,6839.666666666667,100.0,100.0,0.0,0.0
J3Uu9cA77h,DE,31.0,Women,2025-02-14 01:05:30.315947 +00:00,29.0,30195.0,1.0,0.0,0.0,30195.0,7.0,4313.571428571428,100.0,100.0,0.0,1.0
XuGZ50V0U0,US,39.0,Women,2025-02-22 06:41:43.042321 +00:00,4.0,1446.0,5.0,0.0,0.0,1446.0,3.0,482.0,100.0,25.0,0.0,1.0
t3MQMJLdCa,US,45.0,Women,2025-02-23 05:36:01.111842 +00:00,1.0,609.0,1.0,0.0,0.0,609.0,3.0,203.0,100.0,25.0,0.0,1.0
2XyKfC1gon,DE,35.0,Women,2025-03-23 04:24:25.555308 +00:00,2.0,1042.0,5.0,0.0,0.0,1042.0,1.0,1042.0,50.0,0.0,0.0,1.0
xakZI52VIz,GB,50.0,Men,2025-03-04 12:39:00.823089 +00:00,2.0,2320.0,5.0,0.0,0.0,2320.0,1.0,2320.0,50.0,0.0,0.0,1.0
y3snbDNYAP,JP,39.0,Women,2025-03-09 06:07:32.871034 +00:00,15.0,5720.0,5.0,9.0,3.0,5720.0,4.0,1430.0,100.0,50.0,0.0,1.0
l5dIkwL416,DE,45.0,Women,2025-04-02 16:05:38.642246 +00:00,1.0,602.0,11.0,0.0,0.0,602.0,3.0,200.66666666666663,100.0,25.0,0.0,0.0
SBv2tdKjfh,US,39.0,Women,2025-02-22 00:10:01.089490 +00:00,3.0,12.0,5.0,0.0,0.0,12.0,1.0,12.0,50.0,0.0,0.0,1.0
XFXhJnd7jM,DE,39.0,Women,2025-03-04 14:17:11.930282 +00:00,5.0,2735.0,1.0,4.0,1.0,2735.0,4.0,683.75,100.0,50.0,0.0,1.0
wk9RsvOLSJ,DE,29.0,Women,2025-02-26 11:09:57.809805 +00:00,4.0,15969.0,1.0,0.0,0.0,15969.0,6.0,2661.5,100.0,75.0,0.0,1.0
adv4VqSJbs,US,40.0,Men,2025-02-19 05:35:43.440531 +00:00,114.0,345558.0,33.0,4.0,1.0,345558.0,9.0,38395.333333333336,100.0,100.0,25.0,1.0
4WBCV7NDY1,US,21.0,Men,2025-02-17 14:39:14.136730 +00:00,3.0,2150.0,1.0,0.0,0.0,2150.0,3.0,716.6666666666666,100.0,25.0,0.0,1.0
NrIXAAzhEo,DE,56.0,Men,2025-02-20 10:16:13.850244 +00:00,230.0,1007224.0,235.0,0.0,0.0,1007224.0,3.0,335741.3333333333,100.0,25.0,0.0,0.0
OWR2MPKFYJ,GB,26.0,Women,2025-02-23 11:29:28.865606 +00:00,6.0,2685.0,5.0,0.0,0.0,2685.0,4.0,671.25,100.0,50.0,0.0,1.0
dZELRur4bP,DE,38.0,Women,2025-03-08 16:47:34.625481 +00:00,88.0,159716.0,181.0,0.0,0.0,159716.0,10.0,15971.6,100.0,100.0,37.5,0.0
KbPvYip0dx,US,32.0,Men,2025-03-18 05:18:16.769124 +00:00,76.0,117688.0,181.0,0.0,0.0,117688.0,4.0,29422.0,100.0,25.0,0.0,0.0
LwNkVM7t2h,GB,33.0,Men,2025-03-19 02:45:19.783947 +00:00,2.0,845.0,1.0,0.0,0.0,845.0,2.0,422.5,100.0,0.0,0.0,1.0
qti5Jui6Ga,DE,51.0,Men,2025-02-14 10:49:29.939563 +00:00,74.0,160139.0,7.0,4.0,1.0,160139.0,9.0,17793.222222222223,100.0,100.0,25.0,0.0
DtgYYOXDSl,GB,42.0,Men,2025-03-02 09:12:39.343366 +00:00,6.0,5731.0,5.0,0.0,0.0,5731.0,1.0,5731.0,50.0,0.0,0.0,1.0
5fUqnVrwGO,DE,40.0,Men,2025-03-05 12:21:20.655337 +00:00,3.0,1652.0,5.0,0.0,0.0,1652.0,2.0,826.0,100.0,0.0,0.0,1.0
Kb2pbaZl6o,US,50.0,Men,2025-02-02 01:41:56.431706 +00:00,16.0,5930.0,1.0,0.0,0.0,5930.0,5.0,1186.0,100.0,50.0,0.0,1.0
jZMb8f93Sg,GB,32.0,Men,2025-02-20 20:44:30.626725 +00:00,4.0,5124.0,5.0,0.0,0.0,5124.0,4.0,1281.0,100.0,50.0,0.0,1.0
W21yvAD9d0,US,39.0,Men,2025-01-30 17:55:50.972952 +00:00,26.0,25959.0,1.0,0.0,0.0,25959.0,5.0,5191.8,100.0,50.0,0.0,1.0
7f03vM2BNb,DE,43.0,Men,2025-02-17 07:25:02.473762 +00:00,115.0,149285.0,191.0,0.0,0.0,149285.0,10.0,14928.5,100.0,100.0,37.5,0.0
CJZo7ECBbV,GB,40.0,Women,2025-03-15 14:01:02.284306 +00:00,75.0,61772.0,108.0,0.0,0.0,61772.0,7.0,8824.57142857143,100.0,100.0,0.0,0.0
AVDqMcfI7a,DE,39.0,Women,2025-03-07 13:14:48.696347 +00:00,20.0,42215.0,32.0,0.0,0.0,42215.0,4.0,10553.75,100.0,25.0,0.0,1.0
DXDHVQVB8h,DE,32.0,Men,2025-02-17 11:29:14.230944 +00:00,2.0,15122.0,1.0,0.0,0.0,15122.0,5.0,3024.4,100.0,75.0,0.0,1.0
nqVCpPu5gx,GB,47.0,Men,2025-03-15 10:54:13.407164 +00:00,21.0,13802.0,3.0,0.0,0.0,13802.0,5.0,2760.4,100.0,75.0,0.0,0.0
T1SLcI1jDQ,GB,42.0,Women,2025-04-02 10:58:50.558403 +00:00,4.0,4926.0,2.0,0.0,0.0,4926.0,4.0,1231.5,100.0,50.0,0.0,0.0
tGNPSDmaey,DE,63.0,Women,2025-03-08 07:56:01.816623 +00:00,21.0,43825.0,1.0,4.4,1.0,43825.0,5.0,8765.0,100.0,75.0,0.0,0.0
sMK4X2uTAS,GB,39.0,Men,2025-03-19 12:24:48.859220 +00:00,6.0,8984.0,1.0,0.0,0.0,8984.0,2.0,4492.0,100.0,0.0,0.0,1.0
J6KEFaPceB,US,42.0,Men,2025-03-06 01:30:14.102980 +00:00,18.0,12175.0,1.0,4.0,1.0,12175.0,6.0,2029.1666666666667,100.0,75.0,0.0,1.0
hmf0T5VDDQ,GB,29.0,Men,2025-03-29 12:40:08.434645 +00:00,3.0,18.0,5.0,0.0,0.0,18.0,4.0,4.5,100.0,50.0,0.0,0.0
jrx6DNkFH4,GB,25.0,Men,2025-03-15 14:12:17.340783 +00:00,10.0,3545.0,4.0,22.400002,6.0,3545.0,5.0,709.0,100.0,75.0,0.0,1.0
TYmWVMvkkY,DE,39.0,Women,2025-03-29 09:32:06.465090 +00:00,37.0,56885.0,132.0,0.0,0.0,56885.0,7.0,8126.428571428572,100.0,100.0,0.0,0.0
tWW1id3v1R,GB,61.0,Women,2025-02-18 13:44:05.497062 +00:00,57.0,63223.0,50.0,0.0,0.0,63223.0,9.0,7024.777777777777,100.0,100.0,25.0,0.0
8zm9UoyVIl,US,39.0,Women,2025-02-09 04:46:39.565160 +00:00,2.0,120.0,5.0,0.0,0.0,120.0,1.0,120.0,50.0,0.0,0.0,1.0
sTqZ5QnCF2,US,26.0,Men,2025-02-26 17:51:34.437745 +00:00,7.0,3197.0,1.0,10.0,2.0,3197.0,3.0,1065.6666666666667,100.0,25.0,0.0,1.0
bqnP5b8Wm3,GB,58.0,Women,2025-03-07 07:11:43.245376 +00:00,79.0,63523.0,62.0,0.0,0.0,63523.0,6.0,10587.166666666666,100.0,75.0,0.0,0.0
fD8l9rja27,GB,26.0,Women,2025-02-16 18:36:40.591671 +00:00,32.0,28319.0,1.0,2.8,1.0,28319.0,7.0,4045.571428571429,100.0,100.0,12.5,1.0
v4vgUSYkHW,US,39.0,Men,2025-03-08 04:15:39.441912 +00:00,41.0,38458.0,70.0,0.0,0.0,38458.0,6.0,6409.666666666667,100.0,75.0,0.0,0.0
3Gs1n0Dqag,GB,33.0,Men,2025-02-23 18:52:39.229365 +00:00,6.0,9789.0,1.0,0.0,0.0,9789.0,5.0,1957.8,100.0,75.0,0.0,1.0
2iBYq5vU6A,DE,39.0,Men,2025-03-27 07:56:01.985618 +00:00,2.0,1317.0,1.0,0.0,0.0,1317.0,2.0,658.5,100.0,0.0,0.0,1.0
l1L6zwHWh3,GB,38.0,Women,2025-03-21 01:25:22.163861 +00:00,37.0,58079.0,347.0,0.0,0.0,58079.0,8.0,7259.875,100.0,100.0,12.5,0.0
qBEXzA1w7m,DE,37.0,Men,2025-02-18 09:44:59.677419 +00:00,28.0,42092.0,1.0,0.0,0.0,42092.0,7.0,6013.142857142857,100.0,100.0,12.5,1.0
eEwezOHpGs,JP,36.0,Women,2025-03-05 16:03:26.297948 +00:00,34.0,80526.0,5.0,0.0,0.0,80526.0,5.0,16105.2,100.0,75.0,0.0,1.0
z4d7rlV75V,US,39.0,Men,2025-02-13 02:55:22.426330 +00:00,4.0,1602.0,1.0,0.0,0.0,1602.0,4.0,400.5,100.0,50.0,0.0,1.0
wRNfaHi55V,US,40.0,Women,2025-02-13 09:15:41.006250 +00:00,3.0,2308.0,1.0,0.0,0.0,2308.0,1.0,2308.0,50.0,0.0,0.0,1.0
r3W8FklFEU,US,31.0,Women,2025-02-25 07:33:09.463890 +00:00,2.0,3030.0,1.0,0.0,0.0,3030.0,3.0,1010.0,100.0,25.0,0.0,1.0
Al8Nr5n4pI,DE,38.0,Women,2025-03-19 05:19:34.255125 +00:00,1.0,344.0,5.0,0.0,0.0,344.0,1.0,344.0,50.0,0.0,0.0,1.0
mhjotBdyuO,US,20.0,Men,2025-02-25 10:18:26.484733 +00:00,3.0,3966.0,1.0,0.0,0.0,3966.0,2.0,1983.0,100.0,0.0,0.0,1.0
U0mf50x9Lv,US,39.0,Men,2025-02-27 04:07:49.273982 +00:00,2.0,708.0,5.0,0.0,0.0,708.0,2.0,354.0,100.0,0.0,0.0,1.0
a2cBDzCFe4,GB,39.0,Men,2025-03-23 00:10:26.714721 +00:00,8.0,4898.0,2.0,0.0,0.0,4898.0,4.0,1224.5,100.0,50.0,0.0,1.0
EBxIgpqxmw,DE,39.0,Women,2025-03-14 18:49:18.734214 +00:00,2.0,2672.0,1.0,0.0,0.0,2672.0,3.0,890.6666666666666,100.0,25.0,0.0,1.0
RyDbeKsVUU,US,59.0,Women,2025-02-21 18:50:28.704509 +00:00,7.0,11598.0,1.0,0.0,0.0,11598.0,4.0,2899.5,100.0,50.0,0.0,1.0
9p8t9AQpEb,DE,33.0,Men,2025-03-29 21:24:15.163002 +00:00,10.0,13445.0,8.0,0.0,0.0,13445.0,5.0,2689.0,100.0,75.0,0.0,0.0
ICE86euFFX,DE,30.0,Men,2025-03-07 23:34:02.206468 +00:00,29.0,37861.0,12.0,4.0,1.0,37861.0,6.0,6310.166666666667,100.0,100.0,0.0,1.0
Nz0RBA2Z77,JP,33.0,Women,2025-03-05 22:56:43.232311 +00:00,2.0,1922.0,5.0,2.0,1.0,1922.0,3.0,640.6666666666666,100.0,25.0,0.0,1.0
eFeF7ElqcT,GB,37.0,Men,2025-03-22 03:08:34.047466 +00:00,4.0,18170.0,1.0,0.0,0.0,18170.0,5.0,3634.0,100.0,75.0,0.0,1.0
YTTrUOciOr,DE,39.0,Women,2025-03-28 09:27:42.856435 +00:00,5.0,3945.0,6.0,4.0,1.0,3945.0,4.0,986.25,100.0,50.0,0.0,1.0
dPouW9XItT,US,29.0,Men,2025-02-25 00:56:27.089917 +00:00,12.0,14761.0,1.0,0.0,0.0,14761.0,4.0,3690.25,100.0,50.0,0.0,1.0
PwrdCKC5za,DE,49.0,Women,2025-03-30 17:37:52.398301 +00:00,11.0,45478.0,88.0,26.0,5.0,45478.0,6.0,7579.666666666667,100.0,75.0,0.0,0.0
Wf3cYpO0kW,DE,43.0,Women,2025-03-01 16:28:07.651660 +00:00,125.0,287310.0,1.0,4.0,1.0,287310.0,12.0,23942.5,100.0,100.0,62.5,0.0
kSUj9LUB27,US,39.0,Men,2025-02-02 02:12:47.983551 +00:00,5.0,3942.0,1.0,0.0,0.0,3942.0,3.0,1314.0,100.0,25.0,0.0,1.0
efyNPdDjON,US,49.0,Women,2025-03-05 02:41:55.800367 +00:00,17.0,26857.0,1.0,4.0,1.0,26857.0,5.0,5371.4,100.0,75.0,0.0,1.0
AwtTtkpYNF,US,45.0,Men,2025-02-23 12:41:23.836476 +00:00,3.0,1357.0,1.0,0.0,0.0,1357.0,4.0,339.25,100.0,50.0,0.0,1.0
iPwhloR4d9,US,55.0,Men,2025-02-05 01:30:46.052060 +00:00,164.0,266785.0,106.0,4.0,1.0,266785.0,10.0,26678.5,100.0,100.0,37.5,0.0
ur8MnAh6OE,DE,39.0,Women,2025-03-01 20:22:05.233906 +00:00,2.0,4213.0,1.0,0.0,0.0,4213.0,4.0,1053.25,100.0,50.0,0.0,1.0
A41sy24h9r,DE,32.0,Women,2025-03-12 09:43:02.972887 +00:00,14.0,32489.0,43.0,0.0,0.0,32489.0,3.0,10829.666666666666,100.0,0.0,0.0,1.0
W8EktnDKpW,DE,39.0,Women,2025-03-31 17:28:54.620864 +00:00,4.0,6093.0,19.0,0.0,0.0,6093.0,4.0,1523.25,100.0,50.0,0.0,0.0
oOcIESa2a3,US,59.0,Women,2025-02-04 11:41:28.266891 +00:00,80.0,89446.0,7.0,0.0,0.0,90728.0,3.0,30242.666666666668,100.0,25.0,0.0,0.0
0ffo4Vixk3,DE,47.0,Women,2025-03-01 09:34:58.847578 +00:00,142.0,269317.0,402.0,0.0,0.0,269317.0,11.0,24483.363636363636,100.0,100.0,50.0,0.0
CYyqhrNklq,GB,34.0,Women,2025-03-27 05:56:48.396314 +00:00,1.0,2286.0,5.0,0.0,0.0,2286.0,3.0,762.0,100.0,25.0,0.0,1.0
q6TRssCdnM,GB,20.0,Men,2025-02-15 10:27:18.296724 +00:00,5.0,6808.0,1.0,0.0,0.0,6808.0,4.0,1702.0,100.0,50.0,0.0,1.0
CAQuw9Fou2,GB,39.0,Women,2025-03-07 00:31:57.753421 +00:00,1.0,1677.0,5.0,0.0,0.0,1677.0,1.0,1677.0,50.0,0.0,0.0,1.0
gfLzsl1VMi,US,50.0,Women,2025-02-10 11:39:13.428360 +00:00,2.0,2436.0,5.0,0.0,0.0,2436.0,3.0,812.0,100.0,25.0,0.0,1.0
LCD1G2o9p9,US,34.0,Women,2025-03-13 08:13:17.155369 +00:00,9.0,5551.0,2.0,0.0,0.0,5551.0,4.0,1387.75,100.0,50.0,0.0,1.0
mehA8AVBQ1,US,39.0,Women,2025-02-03 01:03:21.489698 +00:00,4.0,167.0,1.0,0.0,0.0,167.0,3.0,55.666666666666664,100.0,25.0,0.0,1.0
I29UPXaC2i,US,39.0,Women,2025-02-11 03:53:44.059768 +00:00,7.0,4217.0,1.0,0.0,0.0,4217.0,3.0,1405.6666666666667,100.0,25.0,0.0,1.0
QhstPolg8E,DE,39.0,Women,2025-03-16 13:36:54.205022 +00:00,18.0,87937.0,28.0,0.0,0.0,87937.0,6.0,14656.166666666666,100.0,100.0,0.0,0.0
PQUcK2n2m5,US,38.0,Men,2025-02-23 09:15:58.485083 +00:00,4.0,3799.0,5.0,20.0,3.0,3799.0,1.0,3799.0,50.0,0.0,0.0,1.0
7OZ35t7sQL,GB,18.0,Men,2025-03-28 11:31:57.361952 +00:00,3.0,30265.0,5.0,0.0,0.0,30265.0,1.0,30265.0,50.0,0.0,0.0,1.0
0UHr7WF6ir,US,58.0,Men,2025-02-20 17:27:45.353536 +00:00,567.0,181428.0,472.0,0.0,0.0,181428.0,12.0,15119.0,100.0,100.0,62.5,1.0
5KdW2RcisH,US,39.0,Men,2025-02-16 03:56:05.629675 +00:00,3.0,2234.0,1.0,0.0,0.0,2234.0,3.0,744.6666666666666,100.0,25.0,0.0,1.0
y70rFdMzjQ,DE,39.0,Men,2025-02-19 11:20:44.259531 +00:00,60.0,1252152.0,1.0,4.0,1.0,1252152.0,8.0,156519.0,100.0,100.0,12.5,1.0
qV4g3ZvWud,US,39.0,Women,2025-02-22 17:04:00.292984 +00:00,1.0,77.0,1.0,0.0,0.0,77.0,3.0,25.666666666666668,100.0,25.0,0.0,1.0
FjGuYJfZFj,DE,53.0,Men,2025-03-16 22:01:42.489333 +00:00,12.0,25699.0,90.0,0.0,0.0,25699.0,5.0,5139.8,100.0,75.0,0.0,0.0
qP7G8iR2gq,US,36.0,Men,2025-02-27 03:02:14.950905 +00:00,2.0,1484.0,1.0,0.0,0.0,1484.0,3.0,494.6666666666667,100.0,25.0,0.0,1.0
PADxTTc7Pf,US,21.0,Men,2025-03-03 03:04:50.473331 +00:00,1.0,21.0,5.0,0.0,0.0,21.0,1.0,21.0,50.0,0.0,0.0,1.0
pBas0HSewB,US,43.0,Women,2025-02-09 05:01:37.460018 +00:00,15.0,21366.0,1.0,0.0,0.0,21366.0,2.0,10683.0,50.0,0.0,0.0,1.0
A3LZtRlR3U,GB,39.0,Men,2025-03-21 17:31:51.340611 +00:00,1.0,591.0,5.0,0.0,0.0,591.0,1.0,591.0,50.0,0.0,0.0,1.0
78VBcwzNlB,DE,39.0,Men,2025-03-22 16:57:30.538637 +00:00,6.0,3964.0,5.0,0.0,0.0,3964.0,4.0,991.0,100.0,50.0,0.0,1.0
yzzZDQEQMZ,DE,39.0,Women,2025-02-22 10:20:38.852072 +00:00,5.0,1672.0,1.0,0.0,0.0,1672.0,4.0,418.0,100.0,50.0,0.0,1.0
9JU9nyXWo7,US,39.0,Women,2025-02-20 07:37:33.880393 +00:00,33.0,35649.0,1.0,0.0,0.0,35649.0,6.0,5941.5,100.0,75.0,0.0,1.0
30MqOv8wx3,DE,39.0,Women,2025-02-22 07:16:55.727415 +00:00,14.0,14420.0,1.0,0.0,0.0,14420.0,5.0,2884.0,100.0,75.0,0.0,1.0
psSMOiFEbt,GB,39.0,Women,2025-03-20 14:53:40.582127 +00:00,8.0,5811.0,4.0,2.8,1.0,5811.0,4.0,1452.75,100.0,50.0,0.0,1.0
W2m2wVEl7u,DE,33.0,Men,2025-02-13 15:41:33.821396 +00:00,5.0,2893.0,1.0,0.0,0.0,2893.0,5.0,578.6,100.0,75.0,0.0,1.0
mfRuihY5vB,JP,39.0,Men,2025-03-05 05:50:00.161402 +00:00,54.0,166777.0,142.0,0.0,0.0,166777.0,1.0,166777.0,50.0,0.0,0.0,1.0
UoqySdIMLr,GB,39.0,Women,2025-02-26 13:09:56.294183 +00:00,25.0,9797.0,1.0,0.0,0.0,9797.0,4.0,2449.25,100.0,50.0,0.0,1.0
rYuT3l2DpE,US,45.0,Women,2025-03-12 03:58:40.393288 +00:00,44.0,474348.0,905.0,0.0,0.0,474348.0,11.0,43122.545454545456,100.0,100.0,50.0,0.0
iFgcTKG6lf,DE,33.0,Women,2025-03-12 07:53:44.432979 +00:00,26.0,24741.0,34.0,0.0,0.0,24741.0,7.0,3534.4285714285716,100.0,100.0,0.0,1.0
lqrzw8cIfc,GB,53.0,Women,2025-03-01 19:54:10.670674 +00:00,15.0,32599.0,1.0,2.8,1.0,32599.0,5.0,6519.8,100.0,75.0,0.0,1.0
WewzEacSNE,DE,32.0,Men,2025-02-22 10:21:13.168403 +00:00,7.0,9634.0,4.0,0.0,0.0,9634.0,5.0,1926.8,100.0,75.0,0.0,1.0
jWhlCK4WoN,DE,54.0,Men,2025-03-13 15:07:36.463752 +00:00,1.0,316.0,3.0,0.0,0.0,316.0,2.0,158.0,100.0,0.0,0.0,1.0
4WGNEMpBOC,DE,46.0,Men,2025-03-05 19:53:38.467589 +00:00,7.0,2883.0,5.0,0.0,0.0,2883.0,3.0,961.0,100.0,25.0,0.0,1.0
za6l1DmeOp,US,39.0,Men,2025-02-09 12:10:31.050158 +00:00,1.0,753.0,5.0,0.0,0.0,753.0,1.0,753.0,50.0,0.0,0.0,1.0
fPyUDdAhLP,US,39.0,Women,2025-02-27 17:39:07.395635 +00:00,79.0,347606.0,1098.0,0.0,0.0,347606.0,11.0,31600.545454545456,100.0,100.0,50.0,0.0
6KnuiAVhg9,US,55.0,Women,2025-03-05 04:33:06.826359 +00:00,73.0,129262.0,107.0,20.0,3.0,129262.0,9.0,14362.444444444443,100.0,100.0,25.0,0.0
4SOjVAhs6h,US,40.0,Women,2025-03-07 12:36:33.471041 +00:00,1.0,2591.0,1.0,0.0,0.0,2591.0,3.0,863.6666666666666,100.0,25.0,0.0,1.0
nRl6nABTuk,DE,39.0,Women,2025-03-23 08:46:30.196136 +00:00,1.0,532.0,1.0,0.0,0.0,532.0,1.0,532.0,50.0,0.0,0.0,1.0
02MTMGmnOL,US,30.0,Men,2025-02-09 08:31:15.371591 +00:00,3.0,9544.0,1.0,0.0,0.0,9544.0,3.0,3181.3333333333335,100.0,25.0,0.0,1.0
Ng2PDDSEBE,US,39.0,Women,2025-02-05 01:55:38.467322 +00:00,4.0,3170.0,1.0,0.0,0.0,3170.0,3.0,1056.6666666666667,100.0,25.0,0.0,1.0
TlIQtDD4sc,DE,39.0,Men,2025-03-26 21:24:02.212897 +00:00,2.0,4.0,19.0,0.0,0.0,4.0,5.0,0.8,100.0,75.0,0.0,1.0
mEmLgjlgAO,DE,35.0,Men,2025-03-23 11:51:56.724574 +00:00,2.0,6816.0,5.0,20.0,3.0,6816.0,2.0,3408.0,100.0,0.0,0.0,1.0
BYFo89t6L0,US,39.0,Women,2025-03-16 09:44:09.414581 +00:00,1.0,722.0,4.0,0.0,0.0,722.0,3.0,240.66666666666663,100.0,25.0,0.0,1.0
mpjcAKrepz,DE,41.0,Women,2025-03-11 10:57:51.629560 +00:00,3.0,11336.0,13.0,0.0,0.0,11336.0,4.0,2834.0,100.0,50.0,0.0,1.0
CadnYGvQnV,US,39.0,Women,2025-02-09 01:46:06.411250 +00:00,34.0,136666.0,1.0,0.0,0.0,136666.0,7.0,19523.714285714286,100.0,100.0,0.0,1.0
yQtHv2Gmzs,US,42.0,Women,2025-02-27 06:03:52.330161 +00:00,5.0,8579.0,1.0,0.0,0.0,8579.0,3.0,2859.6666666666665,100.0,25.0,0.0,1.0
PhAejZzfOd,DE,39.0,Women,2025-03-09 16:00:47.044039 +00:00,2.0,695.0,5.0,0.0,0.0,695.0,2.0,347.5,100.0,0.0,0.0,1.0
GaMykFmOfD,US,36.0,Men,2025-03-07 01:41:47.388187 +00:00,4.0,19014.0,5.0,0.0,0.0,19014.0,4.0,4753.5,100.0,50.0,0.0,1.0
zCzPX5IOgr,US,47.0,Women,2025-02-19 00:22:50.404282 +00:00,64.0,83323.0,68.0,22.0,3.0,83323.0,8.0,10415.375,100.0,100.0,12.5,1.0
RGZ7PNDQaO,US,39.0,Men,2025-02-09 14:22:08.204130 +00:00,3.0,1663.0,1.0,0.0,0.0,1663.0,2.0,831.5,100.0,0.0,0.0,1.0
OFH2R9t9Qg,US,39.0,Women,2025-02-28 12:23:31.915998 +00:00,2.0,2876.0,1.0,4.0,1.0,2876.0,3.0,958.6666666666666,100.0,25.0,0.0,1.0
ZuW93548oC,GB,39.0,Men,2025-04-01 15:46:08.812849 +00:00,2.0,1034.0,1.0,0.0,0.0,1034.0,2.0,517.0,100.0,0.0,0.0,0.0
WTssgfIR7N,DE,39.0,Men,2025-03-12 21:05:24.725469 +00:00,42.0,29444.0,13.0,23.0,4.0,29444.0,7.0,4206.285714285715,100.0,100.0,12.5,0.0
LW0alGwH02,GB,46.0,Men,2025-02-26 00:29:33.855167 +00:00,10.0,4389.0,1.0,2.8,1.0,4389.0,4.0,1097.25,100.0,50.0,0.0,1.0
JNgIZngNNo,DE,56.0,Men,2025-04-02 11:42:37.711705 +00:00,29.0,23404.0,64.0,0.0,0.0,23404.0,6.0,3900.6666666666665,100.0,100.0,0.0,0.0
aF5udc3xQr,GB,24.0,Men,2025-03-02 19:17:38.838531 +00:00,1.0,1192.0,5.0,0.0,0.0,1192.0,1.0,1192.0,50.0,0.0,0.0,1.0
JvjwG2phZS,DE,99.0,Men,2025-02-09 08:37:04.208332 +00:00,3.0,2979.0,1.0,0.0,0.0,2979.0,3.0,993.0,100.0,25.0,0.0,1.0
bGyrxpURnU,US,37.0,Men,2025-02-19 17:31:55.155745 +00:00,11.0,12057.0,21.0,10.0,2.0,12057.0,5.0,2411.4,100.0,50.0,0.0,0.0
gx38zb5zxy,DE,44.0,Men,2025-02-14 09:18:19.617341 +00:00,149.0,150898.0,132.0,31.9,6.0,150898.0,3.0,50299.333333333336,100.0,25.0,0.0,0.0
KdUw4FMqpN,US,46.0,Men,2025-02-20 04:29:44.278156 +00:00,1.0,951.0,1.0,0.0,0.0,951.0,2.0,475.5,100.0,0.0,0.0,1.0
oXBxHK5X6L,DE,36.0,Men,2025-02-24 14:24:15.642748 +00:00,57.0,38035.0,1.0,4.0,1.0,38035.0,8.0,4754.375,100.0,100.0,12.5,1.0
cpSOWVyp8M,US,42.0,Women,2025-03-17 03:18:08.448432 +00:00,54.0,153775.0,543.0,0.0,0.0,153775.0,8.0,19221.875,100.0,100.0,25.0,0.0
pplfYtO3BZ,GB,47.0,Men,2025-03-04 20:52:26.278100 +00:00,44.0,115663.0,222.0,14.0,3.0,117664.0,4.0,29416.0,100.0,25.0,0.0,0.0
Vs5Hma3lx7,US,34.0,Men,2025-03-14 07:01:09.765178 +00:00,4.0,7941.0,13.0,4.0,1.0,7941.0,3.0,2647.0,100.0,25.0,0.0,1.0
5nc3fdSZdR,US,43.0,Men,2025-02-18 07:21:14.967769 +00:00,4.0,5784.0,1.0,0.0,0.0,5784.0,4.0,1446.0,100.0,50.0,0.0,1.0
7caALDMaox,US,28.0,Women,2025-03-08 03:48:22.738758 +00:00,11.0,8576.0,1.0,0.0,0.0,8576.0,3.0,2858.6666666666665,100.0,25.0,0.0,1.0
SOiOL7kHnw,GB,42.0,Men,2025-02-12 16:29:32.302725 +00:00,54.0,72605.0,1.0,0.0,0.0,72605.0,10.0,7260.5,100.0,100.0,37.5,1.0
Lt81qAkmLa,GB,45.0,Women,2025-02-25 11:10:57.969618 +00:00,50.0,59305.0,14.0,22.4,6.0,59305.0,10.0,5930.5,100.0,100.0,37.5,0.0
RzcFXtUjXq,GB,39.0,Women,2025-03-21 09:16:52.745231 +00:00,25.0,66636.0,189.0,7.0,2.0,69970.0,7.0,9995.714285714286,100.0,100.0,0.0,0.0
z5zkQOMpUv,DE,35.0,Men,2025-03-26 17:30:23.415811 +00:00,6.0,2401.0,5.0,0.0,0.0,2401.0,1.0,2401.0,50.0,0.0,0.0,0.0
5VKFjfcqMw,DE,39.0,Women,2025-02-13 07:37:45.589836 +00:00,43.0,61112.0,1.0,0.0,0.0,61112.0,8.0,7639.0,100.0,100.0,12.5,1.0
Hf6QMzjQDV,JP,43.0,Women,2025-03-14 05:48:29.339893 +00:00,2.0,1559.0,4.0,5.0,2.0,1559.0,3.0,519.6666666666666,100.0,25.0,0.0,1.0
uyYIwl3DAI,US,24.0,Women,2025-02-26 07:39:02.495011 +00:00,21.0,32886.0,20.0,35.0,8.0,32886.0,7.0,4698.0,100.0,100.0,0.0,0.0
baPJPJYtES,DE,38.0,Men,2025-03-23 09:16:09.131812 +00:00,1.0,1024.0,5.0,0.0,0.0,1024.0,1.0,1024.0,50.0,0.0,0.0,1.0
UWYOvPJuF5,US,45.0,Women,2025-02-26 14:37:11.716140 +00:00,10.0,10089.0,1.0,0.0,0.0,10089.0,5.0,2017.8,100.0,50.0,0.0,1.0
3WOKe5tjE1,GB,40.0,Women,2025-02-21 23:44:25.462701 +00:00,76.0,94085.0,160.0,2.8,1.0,94085.0,8.0,11760.625,100.0,100.0,12.5,1.0
sFTvNNRexM,GB,29.0,Women,2025-03-09 11:23:40.694392 +00:00,23.0,12600.0,17.0,0.0,0.0,12600.0,6.0,2100.0,100.0,100.0,0.0,1.0
rgIky1F2m4,US,46.0,Women,2025-02-13 15:17:55.061614 +00:00,44.0,26434.0,1.0,0.0,0.0,26434.0,4.0,6608.5,100.0,50.0,0.0,1.0
qlmKQZRLBp,GB,39.0,Men,2025-04-02 19:25:48.922279 +00:00,6.0,9189.0,40.0,7.0,2.0,9189.0,7.0,1312.7142857142858,100.0,100.0,0.0,0.0
4PmzMJWVOU,GB,39.0,Men,2025-02-16 05:01:03.548420 +00:00,69.0,295069.0,222.0,0.0,0.0,295069.0,11.0,26824.454545454544,100.0,100.0,50.0,1.0
OVPGRauqod,DE,20.0,Men,2025-02-13 08:16:09.454431 +00:00,19.0,42944.0,1.0,0.0,0.0,42944.0,1.0,42944.0,50.0,0.0,0.0,1.0
AhLkq7hKH8,JP,26.0,Women,2025-03-14 19:04:49.506209 +00:00,97.0,78248.0,269.0,0.0,0.0,78248.0,10.0,7824.8,100.0,100.0,37.5,0.0
mpttIse60m,GB,41.0,Men,2025-02-18 00:11:24.992880 +00:00,19.0,30915.0,2.0,2.8,1.0,30915.0,2.0,15457.5,100.0,0.0,0.0,1.0
9B9IiwfE5r,US,41.0,Men,2025-02-16 09:18:39.554307 +00:00,64.0,57798.0,185.0,4.0,1.0,57798.0,5.0,11559.6,100.0,50.0,0.0,0.0
UA7DPSlNi2,US,53.0,Men,2025-02-26 15:45:53.309228 +00:00,81.0,68959.0,53.0,0.0,0.0,68959.0,7.0,9851.285714285714,100.0,100.0,0.0,1.0
E2J0cBGt4i,US,41.0,Men,2025-02-03 04:12:24.100890 +00:00,18.0,106901.0,1.0,4.0,1.0,106901.0,7.0,15271.57142857143,100.0,100.0,0.0,1.0
r4BCWTzddX,DE,25.0,Women,2025-03-21 12:29:33.986182 +00:00,2.0,9745.0,9.0,0.0,0.0,9745.0,4.0,2436.25,100.0,50.0,0.0,1.0
orpsWl5oMK,GB,33.0,Men,2025-03-03 11:19:40.962317 +00:00,80.0,171639.0,416.0,0.0,0.0,171639.0,10.0,17163.9,100.0,100.0,37.5,0.0
BzVSsYGQNS,GB,55.0,Men,2025-02-25 23:35:17.333225 +00:00,66.0,137461.0,38.0,0.0,0.0,137461.0,9.0,15273.444444444443,100.0,100.0,25.0,0.0
HMy9CcgUvV,DE,49.0,Women,2025-02-15 16:24:49.139288 +00:00,3.0,7122.0,3.0,0.0,0.0,7122.0,7.0,1017.4285714285714,100.0,100.0,0.0,1.0
zrPlUGYZBl,GB,39.0,Women,2025-03-04 09:29:53.177534 +00:00,2.0,531.0,5.0,0.0,0.0,531.0,1.0,531.0,50.0,0.0,0.0,1.0
KbJ5CcTMpI,US,39.0,Men,2025-02-28 00:34:04.333756 +00:00,5.0,4937.0,3.0,0.0,0.0,4937.0,4.0,1234.25,100.0,50.0,0.0,0.0
u3GCGzUS4W,DE,39.0,Men,2025-02-18 08:19:43.681062 +00:00,2.0,0.0,5.0,0.0,0.0,0.0,3.0,0.0,100.0,25.0,0.0,1.0
tl5mc9xOEx,US,42.0,Men,2025-03-10 07:44:30.702917 +00:00,13.0,6316.0,20.0,0.0,0.0,6316.0,3.0,2105.3333333333335,100.0,25.0,0.0,1.0
ubksFx497N,GB,24.0,Women,2025-02-22 18:59:58.730541 +00:00,2.0,1527.0,5.0,0.0,0.0,1527.0,3.0,509.0,100.0,25.0,0.0,1.0
KXgbJVuXKC,DE,36.0,Women,2025-02-20 02:23:40.494481 +00:00,203.0,637567.0,1075.0,0.0,0.0,637567.0,12.0,53130.583333333336,100.0,100.0,62.5,1.0
1yOql9lv8g,US,46.0,Women,2025-03-02 04:17:59.956083 +00:00,2.0,5359.0,17.0,0.0,0.0,5359.0,5.0,1071.8,100.0,50.0,0.0,1.0
ArQNiYSaco,GB,54.0,Women,2025-03-04 10:58:43.094332 +00:00,2.0,3606.0,1.0,0.0,0.0,3606.0,4.0,901.5,100.0,50.0,0.0,1.0
aNqrYfM8Bw,DE,40.0,Men,2025-03-17 21:18:37.202157 +00:00,42.0,110916.0,181.0,0.0,0.0,110916.0,8.0,13864.5,100.0,100.0,12.5,0.0
feRBNTnUsa,US,39.0,Women,2025-02-01 00:24:32.138434 +00:00,5.0,8297.0,1.0,0.0,0.0,8297.0,5.0,1659.4,100.0,50.0,0.0,1.0
dSZWKsrBqn,DE,36.0,Women,2025-03-12 14:08:49.810235 +00:00,3.0,3916.0,669.0,0.0,0.0,3916.0,8.0,489.5,100.0,100.0,12.5,1.0
WPqJ5DQkhP,GB,34.0,Men,2025-03-20 13:02:52.311056 +00:00,18.0,24922.0,19.0,0.0,0.0,24922.0,6.0,4153.666666666667,100.0,100.0,0.0,0.0
JcWlE75Vmi,DE,19.0,Women,2025-04-03 19:34:44.820698 +00:00,4.0,3353.0,5.0,0.0,0.0,3353.0,3.0,1117.6666666666667,100.0,25.0,0.0,0.0
VwrpNChNOp,US,44.0,Men,2025-03-10 03:41:49.815625 +00:00,2.0,2271.0,5.0,0.0,0.0,2271.0,2.0,1135.5,100.0,0.0,0.0,1.0
Ki5Fc67McV,US,39.0,Women,2025-02-19 08:16:25.549930 +00:00,1.0,673.0,1.0,0.0,0.0,673.0,4.0,168.25,100.0,50.0,0.0,1.0
OXAJ9099O5,US,50.0,Men,2025-03-05 07:59:37.444854 +00:00,4.0,11617.0,11.0,0.0,0.0,11617.0,3.0,3872.3333333333335,100.0,25.0,0.0,1.0
QdCUEyBos9,DE,35.0,Men,2025-03-03 08:59:32.589543 +00:00,15.0,30040.0,6.0,0.0,0.0,30040.0,7.0,4291.428571428572,100.0,100.0,12.5,1.0
JDVOqnppid,DE,41.0,Women,2025-02-19 13:24:59.165714 +00:00,109.0,90011.0,17.0,10.0,2.0,90011.0,9.0,10001.222222222224,100.0,100.0,25.0,0.0
WOpeqgxyf1,DE,39.0,Men,2025-04-04 14:12:19.232466 +00:00,2.0,1.0,5.0,0.0,0.0,1.0,3.0,0.3333333333333333,100.0,25.0,0.0,0.0
z6dsuTGImj,US,40.0,Men,2025-03-09 02:48:03.503273 +00:00,5.0,2624.0,1.0,0.0,0.0,2624.0,3.0,874.6666666666666,100.0,25.0,0.0,1.0
1wCSwJjOvV,US,39.0,Men,2025-02-02 06:24:46.825095 +00:00,1.0,530.0,1.0,0.0,0.0,530.0,1.0,530.0,50.0,0.0,0.0,1.0
Rzg6kRYtso,GB,21.0,Women,2025-03-06 17:30:52.866974 +00:00,56.0,33601.0,26.0,0.0,0.0,33601.0,7.0,4800.142857142857,100.0,100.0,12.5,0.0
Z5UFhBAhS7,US,33.0,Men,2025-02-12 16:22:31.627967 +00:00,1.0,3937.0,1.0,0.0,0.0,3937.0,3.0,1312.3333333333333,100.0,25.0,0.0,1.0
WLWEbwiDQw,GB,39.0,Men,2025-03-20 01:13:36.161451 +00:00,1.0,65.0,5.0,0.0,0.0,65.0,1.0,65.0,50.0,0.0,0.0,1.0
MehMnXNEI5,DE,29.0,Men,2025-02-16 07:11:20.655234 +00:00,21.0,72372.0,1.0,0.0,0.0,72372.0,7.0,10338.857142857143,100.0,100.0,0.0,1.0
irDgH5K7QM,US,48.0,Men,2025-02-16 05:24:06.273738 +00:00,13.0,2645.0,2.0,4.0,1.0,2645.0,2.0,1322.5,100.0,0.0,0.0,0.0
uLcZtcsyh6,DE,40.0,Men,2025-02-25 13:08:00.241166 +00:00,2.0,431.0,1.0,4.0,1.0,431.0,1.0,431.0,50.0,0.0,0.0,1.0
Nt4yNLteie,US,39.0,Women,2025-03-06 01:26:07.787170 +00:00,18.0,27888.0,26.0,0.0,0.0,27888.0,6.0,4648.0,100.0,75.0,0.0,1.0
JTBJqJH0S7,JP,31.0,Men,2025-03-04 15:33:56.156950 +00:00,49.0,101332.0,87.0,2.0,1.0,101332.0,7.0,14476.0,100.0,100.0,0.0,1.0
XkWM3p0VA3,GB,35.0,Men,2025-02-27 19:57:40.684309 +00:00,11.0,8116.0,1.0,3.08,1.0,8116.0,4.0,2029.0,100.0,50.0,0.0,1.0
LjMaq9IpCx,GB,51.0,Women,2025-02-17 19:23:03.752697 +00:00,1.0,1792.0,1.0,0.0,0.0,1792.0,2.0,896.0,100.0,0.0,0.0,1.0
lbMDvu0aSI,GB,39.0,Women,2025-02-17 21:04:21.499842 +00:00,7.0,6395.0,1.0,0.0,0.0,6395.0,5.0,1279.0,100.0,75.0,0.0,1.0
ouOanZj8Ut,JP,26.0,Women,2025-03-15 06:38:01.650651 +00:00,83.0,83881.0,314.0,3.5,2.0,83881.0,8.0,10485.125,100.0,100.0,12.5,0.0
8sTqQxUtOk,GB,42.0,Men,2025-03-17 08:54:15.868796 +00:00,2.0,5890.0,2.0,0.0,0.0,5890.0,4.0,1472.5,100.0,50.0,0.0,1.0
tIFYo43wDD,DE,45.0,Women,2025-03-27 04:44:31.490795 +00:00,5.0,3203.0,8.0,0.0,0.0,3203.0,4.0,800.75,100.0,50.0,0.0,0.0
4W1wke4Rzi,DE,39.0,Women,2025-03-03 01:31:08.652379 +00:00,1.0,563.0,5.0,0.0,0.0,563.0,2.0,281.5,100.0,0.0,0.0,1.0
ZdIWIMhqYP,US,50.0,Women,2025-03-17 04:45:17.514333 +00:00,8.0,15840.0,21.0,0.0,0.0,15840.0,3.0,5280.0,100.0,25.0,0.0,1.0
FRkMJbj9lo,US,38.0,Men,2025-03-10 07:23:30.390485 +00:00,71.0,115615.0,282.0,20.0,3.0,118618.0,8.0,14827.25,100.0,100.0,12.5,0.0
WIbzZtmBgK,DE,46.0,Women,2025-02-28 20:34:09.394921 +00:00,3.0,6160.0,5.0,0.0,0.0,6160.0,2.0,3080.0,100.0,0.0,0.0,1.0
eCKNtet5hh,GB,28.0,Women,2025-02-26 19:21:01.611848 +00:00,81.0,102922.0,9.0,2.8,1.0,102922.0,8.0,12865.25,100.0,100.0,12.5,1.0
683r2BK2E0,US,36.0,Women,2025-02-21 03:01:13.290187 +00:00,6.0,5726.0,1.0,0.0,0.0,5726.0,5.0,1145.2,100.0,75.0,0.0,0.0
yLOsfbXwym,US,37.0,Men,2025-03-05 04:38:42.705756 +00:00,44.0,83719.0,47.0,0.0,0.0,83719.0,7.0,11959.857142857143,100.0,100.0,0.0,1.0
X7jp7mIuo5,DE,36.0,Men,2025-04-02 05:14:22.200263 +00:00,9.0,3452.0,5.0,0.0,0.0,3452.0,1.0,3452.0,50.0,0.0,0.0,0.0
u3RhMaNS1e,GB,44.0,Men,2025-03-17 04:16:22.860976 +00:00,3.0,10210.0,2.0,0.0,0.0,10210.0,4.0,2552.5,100.0,50.0,0.0,1.0
1mUi22JYh1,DE,40.0,Men,2025-03-25 19:46:19.628636 +00:00,2.0,1396.0,5.0,0.0,0.0,1396.0,1.0,1396.0,50.0,0.0,0.0,1.0
a5HNHHzrfk,DE,32.0,Men,2025-03-17 17:26:14.104752 +00:00,37.0,84902.0,289.0,26.0,5.0,84902.0,10.0,8490.2,100.0,100.0,37.5,0.0
gTigHfQjKc,DE,39.0,Men,2025-03-20 22:37:55.838561 +00:00,14.0,4787.0,5.0,0.0,0.0,4787.0,1.0,4787.0,50.0,0.0,0.0,1.0
DwsrgRftoK,DE,39.0,Women,2025-04-04 18:01:12.208346 +00:00,3.0,1394.0,5.0,0.0,0.0,1394.0,2.0,697.0,100.0,25.0,0.0,0.0
GGN9DaQZVm,US,39.0,Men,2025-02-07 00:29:40.952264 +00:00,170.0,204485.0,1.0,4.0,1.0,204485.0,8.0,25560.625,100.0,100.0,12.5,1.0
VHxv0sbaVZ,DE,33.0,Women,2025-03-14 18:44:23.740780 +00:00,61.0,38638.0,71.0,20.0,3.0,38638.0,7.0,5519.714285714285,100.0,100.0,0.0,1.0
sxGZLGOHYA,GB,60.0,Men,2025-02-17 21:30:10.497283 +00:00,1.0,87.0,1.0,0.0,0.0,87.0,3.0,29.0,100.0,25.0,0.0,1.0
Jk9qMjDIGt,DE,40.0,Women,2025-02-18 10:33:46.632634 +00:00,170.0,188863.0,155.0,0.0,0.0,188863.0,11.0,17169.363636363636,100.0,100.0,50.0,1.0
UzEcI85Eb9,DE,44.0,Women,2025-03-22 21:25:33.029312 +00:00,2.0,1237.0,5.0,0.0,0.0,1237.0,1.0,1237.0,50.0,0.0,0.0,1.0
pnpDdq7Bf6,GB,53.0,Men,2025-04-02 14:24:35.314035 +00:00,1.0,1767.0,2.0,0.0,0.0,1767.0,2.0,883.5,100.0,0.0,0.0,0.0
SkQjleIXSQ,US,68.0,Women,2025-02-21 14:05:56.096966 +00:00,62.0,48484.0,134.0,29.0,6.0,48484.0,8.0,6060.5,100.0,100.0,12.5,0.0
nRRAhr68zs,US,39.0,Men,2025-03-02 10:48:40.975053 +00:00,9.0,11832.0,5.0,20.0,3.0,11832.0,3.0,3944.0,100.0,25.0,0.0,1.0
BdiPSHAwQO,DE,39.0,Men,2025-03-02 19:00:56.060761 +00:00,8.0,27508.0,1.0,0.0,0.0,27508.0,2.0,13754.0,50.0,0.0,0.0,1.0
bBk3RbR9sw,US,39.0,Women,2025-02-12 22:08:19.342969 +00:00,3.0,3452.0,5.0,0.0,0.0,3452.0,3.0,1150.6666666666667,100.0,25.0,0.0,1.0
j70M9iRVeJ,DE,39.0,Men,2025-02-20 11:22:33.322313 +00:00,126.0,71556.0,1.0,0.0,0.0,71556.0,7.0,10222.285714285714,100.0,100.0,12.5,1.0
rUGc5OEvUY,DE,39.0,Women,2025-03-27 18:47:52.465229 +00:00,28.0,27147.0,40.0,26.0,5.0,27147.0,6.0,4524.5,100.0,100.0,0.0,1.0
BoxJ1XYb3h,DE,28.0,Men,2025-03-06 22:35:24.420684 +00:00,49.0,65977.0,29.0,0.0,0.0,65977.0,8.0,8247.125,100.0,100.0,12.5,0.0
aEErojpXgz,US,43.0,Men,2025-03-09 08:03:02.386443 +00:00,2.0,254.0,1.0,0.0,0.0,254.0,1.0,254.0,50.0,0.0,0.0,1.0
hggUUVHbPB,GB,35.0,Women,2025-03-31 12:33:32.819664 +00:00,2.0,1484.0,2.0,0.0,0.0,1484.0,4.0,371.0,100.0,50.0,0.0,1.0
XxyeFc4tNh,GB,42.0,Women,2025-03-29 12:07:58.764766 +00:00,5.0,5423.0,9.0,0.0,0.0,5423.0,4.0,1355.75,100.0,50.0,0.0,0.0
JCBQRtw0OB,US,30.0,Women,2025-03-03 01:30:01.533882 +00:00,3.0,1217.0,5.0,0.0,0.0,1217.0,1.0,1217.0,50.0,0.0,0.0,1.0
8uFSernqK7,US,19.0,Women,2025-02-26 05:27:05.912133 +00:00,1.0,89.0,3.0,4.0,1.0,89.0,2.0,44.5,100.0,0.0,0.0,1.0
3hPRo8l4gJ,JP,20.0,Women,2025-03-06 13:07:59.109720 +00:00,1.0,1218.0,1.0,0.0,0.0,1218.0,2.0,609.0,100.0,0.0,0.0,1.0
FqcifUOJfX,DE,42.0,Women,2025-02-14 09:43:27.312519 +00:00,27.0,39950.0,1.0,4.0,1.0,39950.0,8.0,4993.75,100.0,100.0,12.5,1.0
xXGmreWtRG,DE,39.0,Women,2025-03-09 15:07:35.027287 +00:00,1.0,599.0,1.0,0.0,0.0,599.0,1.0,599.0,50.0,0.0,0.0,1.0
3kox6Ka35d,GB,31.0,Women,2025-03-01 20:03:15.058672 +00:00,17.0,28205.0,1.0,0.0,0.0,28205.0,1.0,28205.0,50.0,0.0,0.0,1.0
hHsk9jpLvh,GB,44.0,Men,2025-02-17 06:03:35.815019 +00:00,2.0,7295.0,1.0,0.0,0.0,7295.0,4.0,1823.75,100.0,50.0,0.0,1.0
iAHOGi0Xoa,DE,39.0,Men,2025-03-13 19:11:41.703788 +00:00,2.0,1953.0,5.0,0.0,0.0,1953.0,2.0,976.5,100.0,0.0,0.0,1.0
2uTKz52ane,DE,46.0,Men,2025-03-23 11:38:09.353913 +00:00,26.0,50576.0,173.0,0.0,0.0,50576.0,7.0,7225.142857142857,100.0,100.0,12.5,0.0
KeCCtQAyNA,DE,39.0,Women,2025-02-28 18:04:53.943275 +00:00,3.0,1071.0,1.0,0.0,0.0,1071.0,4.0,267.75,100.0,50.0,0.0,1.0
NtTHhh2hDy,DE,37.0,Men,2025-02-15 07:22:26.818871 +00:00,41.0,41369.0,1.0,0.0,0.0,41369.0,7.0,5909.857142857143,100.0,100.0,12.5,1.0
u7lwgCAKWC,GB,35.0,Men,2025-03-22 11:17:27.191040 +00:00,40.0,38786.0,31.0,0.0,0.0,38786.0,7.0,5540.857142857143,100.0,100.0,0.0,0.0
SX6btSMJsQ,US,39.0,Men,2025-02-13 03:30:53.266231 +00:00,2.0,1835.0,3.0,0.0,0.0,1835.0,2.0,917.5,100.0,0.0,0.0,1.0
lFiMdAdxmf,US,35.0,Women,2025-02-27 00:18:36.382457 +00:00,16.0,33670.0,1.0,0.0,0.0,33670.0,5.0,6734.0,100.0,50.0,0.0,1.0
e8UiVyiwut,DE,51.0,Men,2025-03-29 11:44:01.575022 +00:00,9.0,22506.0,3.0,23.0,4.0,22506.0,6.0,3751.0,100.0,100.0,0.0,0.0
aCTyZWEW7k,DE,39.0,Men,2025-02-23 04:52:37.220719 +00:00,31.0,69887.0,25.0,0.0,0.0,69887.0,7.0,9983.857142857143,100.0,100.0,0.0,1.0
IKl2lOzvNe,DE,36.0,Women,2025-02-19 07:46:16.144431 +00:00,1.0,10.0,5.0,0.0,0.0,10.0,1.0,10.0,50.0,0.0,0.0,1.0
sIYbuNtsDe,US,31.0,Men,2025-02-03 04:33:59.803321 +00:00,18.0,37552.0,21.0,4.0,1.0,37552.0,5.0,7510.4,100.0,50.0,0.0,1.0
I6qHczWvQo,GB,39.0,Women,2025-04-04 15:12:24.730853 +00:00,1.0,402.0,5.0,0.0,0.0,402.0,2.0,201.0,100.0,75.0,0.0,0.0
h1Z9yshgk4,US,39.0,Women,2025-01-31 03:38:40.513558 +00:00,5.0,7410.0,1.0,0.0,0.0,7410.0,1.0,7410.0,50.0,0.0,0.0,1.0
Zz6YNzEaPQ,GB,41.0,Men,2025-02-17 17:00:02.552914 +00:00,324.0,482393.0,41.0,0.0,0.0,482393.0,12.0,40199.416666666664,100.0,100.0,62.5,0.0
JfxZK3zVmU,US,38.0,Men,2025-02-10 13:43:10.948777 +00:00,23.0,15072.0,1.0,0.0,0.0,15072.0,5.0,3014.4,100.0,75.0,0.0,1.0
MnwWRtb4iV,DE,42.0,Women,2025-03-15 06:15:39.609405 +00:00,40.0,26265.0,36.0,0.0,0.0,26265.0,7.0,3752.142857142858,100.0,100.0,0.0,0.0
fwyAfXex5S,US,64.0,Men,2025-02-19 06:09:50.355298 +00:00,7.0,9387.0,1.0,0.0,0.0,9387.0,4.0,2346.75,100.0,50.0,0.0,1.0
1r1Cb3BeA0,DE,35.0,Women,2025-03-11 21:23:09.964071 +00:00,19.0,7772.0,24.0,20.0,3.0,7772.0,5.0,1554.4,100.0,75.0,0.0,1.0
xd5KrItLMm,US,29.0,Men,2025-03-10 06:50:27.035398 +00:00,7.0,7029.0,1.0,0.0,0.0,7029.0,3.0,2343.0,100.0,25.0,0.0,1.0
e7jBf1ZT7X,DE,26.0,Women,2025-03-31 10:14:17.338480 +00:00,4.0,12270.0,7.0,0.0,0.0,12270.0,4.0,3067.5,100.0,50.0,0.0,0.0
km7yPRYUcH,GB,37.0,Men,2025-02-14 18:15:50.571171 +00:00,124.0,23365.0,1.0,0.0,0.0,23365.0,6.0,3894.1666666666665,100.0,100.0,0.0,1.0
G4CE5Mdtvr,DE,87.0,Men,2025-02-28 01:17:35.422272 +00:00,58.0,165976.0,36.0,0.0,0.0,165976.0,10.0,16597.6,100.0,100.0,37.5,0.0
pSG1iIOm46,GB,21.0,Men,2025-02-13 09:47:43.188472 +00:00,6.0,964.0,5.0,0.0,0.0,964.0,1.0,964.0,50.0,0.0,0.0,1.0
6bMQwzQ4rx,US,29.0,Women,2025-03-07 13:11:52.719327 +00:00,2.0,1746.0,1.0,0.0,0.0,1746.0,2.0,873.0,100.0,0.0,0.0,1.0
7GaOdRP9Qy,DE,39.0,Men,2025-03-21 17:36:58.374080 +00:00,3.0,3494.0,5.0,0.0,0.0,3494.0,1.0,3494.0,50.0,0.0,0.0,1.0
EmeHpFGYew,US,39.0,Men,2025-03-10 05:00:30.534461 +00:00,4.0,1950.0,1.0,0.0,0.0,1950.0,3.0,650.0,100.0,25.0,0.0,1.0
izKmRfkyiS,GB,38.0,Men,2025-03-23 12:12:34.719716 +00:00,35.0,60215.0,164.0,0.0,0.0,60215.0,7.0,8602.142857142857,100.0,100.0,0.0,0.0
fjQb7wY8yK,US,40.0,Women,2025-03-09 02:45:39.786917 +00:00,15.0,11731.0,14.0,4.0,1.0,11731.0,4.0,2932.75,100.0,50.0,0.0,1.0
9tSlO6w3MI,DE,42.0,Women,2025-04-04 03:21:14.403179 +00:00,3.0,2043.0,2.0,0.0,0.0,2043.0,4.0,510.75,100.0,75.0,0.0,1.0
YSwAfCMyi8,DE,30.0,Men,2025-03-17 22:20:02.360828 +00:00,5.0,5733.0,5.0,0.0,0.0,5733.0,4.0,1433.25,100.0,50.0,0.0,1.0
n0IhF74yay,US,56.0,Women,2025-03-15 00:49:43.831453 +00:00,2.0,72.0,24.0,0.0,0.0,72.0,3.0,24.0,100.0,25.0,0.0,1.0
vJIZvQM67t,US,39.0,Women,2025-03-14 09:39:42.690495 +00:00,51.0,58945.0,96.0,20.0,3.0,58945.0,6.0,9824.166666666666,100.0,75.0,0.0,1.0
aaSQ4ioFob,GB,37.0,Women,2025-03-13 00:55:11.913768 +00:00,20.0,26025.0,79.0,0.0,0.0,26025.0,6.0,4337.5,100.0,75.0,0.0,0.0
ZQneQGEigJ,US,43.0,Men,2025-03-11 02:14:07.321767 +00:00,57.0,51393.0,10.0,41.799995,9.0,51393.0,6.0,8565.5,100.0,100.0,12.5,0.0
F8AYvUfvES,DE,46.0,Men,2025-03-04 10:44:54.604377 +00:00,21.0,32420.0,8.0,4.0,1.0,32420.0,7.0,4631.428571428572,100.0,100.0,0.0,1.0
qjBzmmLvcT,GB,39.0,Men,2025-03-07 14:04:16.934117 +00:00,83.0,87858.0,32.0,2.8,1.0,87858.0,8.0,10982.25,100.0,100.0,12.5,0.0
172BZLpiFP,DE,39.0,Men,2025-03-16 12:02:53.549655 +00:00,1.0,1860.0,5.0,0.0,0.0,1860.0,3.0,620.0,100.0,25.0,0.0,1.0
lgjLnJmro8,GB,52.0,Men,2025-03-12 13:48:06.222141 +00:00,175.0,300381.0,774.0,2.8,1.0,300381.0,8.0,37547.625,100.0,100.0,12.5,0.0
xbDbnQhKVF,US,25.0,Women,2025-02-20 10:58:23.856162 +00:00,2.0,3449.0,1.0,0.0,0.0,3449.0,3.0,1149.6666666666667,100.0,25.0,0.0,1.0
p05g05wdP8,GB,51.0,Men,2025-03-28 01:40:49.841680 +00:00,9.0,30175.0,3.0,0.0,0.0,30175.0,5.0,6035.0,100.0,75.0,0.0,1.0
GFQDjHuoUJ,US,40.0,Women,2025-02-25 02:23:31.641903 +00:00,6.0,4884.0,1.0,0.0,0.0,4884.0,3.0,1628.0,100.0,25.0,0.0,1.0
HbaqxdRR1Q,GB,37.0,Women,2025-02-23 23:54:05.591665 +00:00,3.0,1080.0,1.0,0.0,0.0,1080.0,1.0,1080.0,50.0,0.0,0.0,1.0
9nCUDpWVBm,US,39.0,Women,2025-02-25 01:25:10.895653 +00:00,1.0,671.0,1.0,0.0,0.0,671.0,1.0,671.0,50.0,0.0,0.0,1.0
8ABBiiW1lo,US,51.0,Men,2025-02-13 03:13:25.508031 +00:00,6.0,998.0,1.0,4.4,1.0,998.0,3.0,332.6666666666667,100.0,25.0,0.0,1.0
XWhgE6qVwp,US,32.0,Women,2025-03-18 03:36:10.325085 +00:00,2.0,783.0,5.0,0.0,0.0,783.0,1.0,783.0,50.0,0.0,0.0,1.0
6csdiPHtjU,DE,25.0,Men,2025-03-09 10:17:25.680839 +00:00,7.0,11623.0,1.0,4.0,1.0,11623.0,5.0,2324.6,100.0,75.0,0.0,1.0
UsWaRFT0Fb,DE,39.0,Men,2025-02-12 19:19:27.051539 +00:00,5.0,2657.0,1.0,0.0,0.0,2657.0,3.0,885.6666666666666,100.0,25.0,0.0,1.0
xPydxiDqno,DE,45.0,Women,2025-03-02 17:44:18.342866 +00:00,5.0,10612.0,1.0,0.0,0.0,10612.0,4.0,2653.0,100.0,50.0,0.0,1.0
PzdoTH9mk3,DE,44.0,Women,2025-03-25 11:42:53.656133 +00:00,3.0,9310.0,54.0,50.0,13.0,9310.0,8.0,1163.75,100.0,100.0,12.5,0.0
dPd2iNw5jS,GB,38.0,Men,2025-03-11 10:15:14.937566 +00:00,31.0,22323.0,8.0,0.0,0.0,22323.0,4.0,5580.75,100.0,50.0,0.0,1.0
wW5obgzRX8,DE,44.0,Women,2025-03-30 05:04:54.219346 +00:00,70.0,94547.0,222.0,23.0,4.0,94547.0,8.0,11818.375,100.0,100.0,12.5,0.0
LVnmI4aASm,US,19.0,Men,2025-02-17 10:58:19.519030 +00:00,3.0,6817.0,5.0,0.0,0.0,6817.0,3.0,2272.3333333333335,100.0,25.0,0.0,1.0
gPbzTz5b6Z,GB,39.0,Women,2025-02-20 20:49:27.166138 +00:00,57.0,38331.0,15.0,2.8,1.0,38331.0,7.0,5475.857142857143,100.0,100.0,0.0,1.0
EU11W0AoaG,DE,49.0,Women,2025-02-28 21:45:05.004515 +00:00,28.0,58683.0,107.0,0.0,0.0,58683.0,8.0,7335.375,100.0,100.0,12.5,1.0
dkpCpn9BRX,DE,43.0,Women,2025-03-22 06:10:04.305447 +00:00,15.0,49806.0,87.0,0.0,0.0,49806.0,7.0,7115.142857142857,100.0,100.0,0.0,1.0
aRSIoHiCiq,US,58.0,Men,2025-02-20 00:03:49.719772 +00:00,135.0,272462.0,383.0,10.0,2.0,272462.0,9.0,30273.555555555555,100.0,100.0,25.0,0.0
luf6WlG8xC,GB,37.0,Men,2025-03-13 18:55:28.122909 +00:00,4.0,4395.0,1.0,0.0,0.0,4395.0,4.0,1098.75,100.0,50.0,0.0,1.0
fTdn9Bvc2H,US,30.0,Women,2025-02-19 01:04:45.123943 +00:00,2.0,4766.0,5.0,0.0,0.0,4766.0,1.0,4766.0,50.0,0.0,0.0,1.0
5upof1xd0t,GB,55.0,Men,2025-03-02 12:07:21.679839 +00:00,111.0,91474.0,17.0,0.0,0.0,91474.0,8.0,11434.25,100.0,100.0,37.5,0.0
E7h3e3jSoZ,US,36.0,Men,2025-02-12 21:23:02.043284 +00:00,2.0,375.0,1.0,0.0,0.0,375.0,3.0,125.0,100.0,25.0,0.0,1.0
SeBXV3aHo4,GB,42.0,Men,2025-03-10 21:07:16.119721 +00:00,2.0,1258.0,2.0,0.0,0.0,1258.0,4.0,314.5,100.0,50.0,0.0,1.0
YNYPT3tQ1p,US,32.0,Women,2025-03-14 01:04:26.718521 +00:00,15.0,17589.0,16.0,0.0,0.0,17589.0,4.0,4397.25,100.0,50.0,0.0,1.0
vpLScXOM37,DE,39.0,Men,2025-03-30 18:47:02.318627 +00:00,1.0,6161.0,2.0,0.0,0.0,6161.0,5.0,1232.2,100.0,75.0,0.0,0.0
ZXBdLtA3Ec,GB,29.0,Women,2025-03-01 06:21:21.136402 +00:00,33.0,57009.0,7.0,2.8,1.0,57009.0,6.0,9501.5,100.0,100.0,0.0,1.0
8rtDyJBtU1,US,42.0,Men,2025-02-10 07:29:46.855455 +00:00,10.0,15334.0,1.0,0.0,0.0,15334.0,5.0,3066.8,100.0,50.0,0.0,1.0
O2nMF5QSoe,GB,46.0,Women,2025-03-02 18:37:53.757102 +00:00,1.0,9.0,5.0,0.0,0.0,9.0,1.0,9.0,50.0,0.0,0.0,1.0
nWNDYRBwzV,DE,63.0,Men,2025-03-03 17:45:06.906286 +00:00,10.0,32171.0,90.0,0.0,0.0,32171.0,3.0,10723.666666666666,100.0,0.0,0.0,0.0
YAzoBVQpPe,US,46.0,Men,2025-03-08 05:25:17.567300 +00:00,4.0,2660.0,5.0,0.0,0.0,2660.0,3.0,886.6666666666666,100.0,25.0,0.0,1.0
AkZsyl9gI9,GB,27.0,Men,2025-03-06 00:05:15.255329 +00:00,23.0,28274.0,9.0,0.0,0.0,28274.0,6.0,4712.333333333333,100.0,100.0,0.0,1.0
SnRdq6qlln,US,42.0,Men,2025-02-07 18:42:47.995968 +00:00,1.0,1997.0,1.0,0.0,0.0,1997.0,1.0,1997.0,50.0,0.0,0.0,1.0
QPbbhKMR8J,DE,25.0,Men,2025-03-20 15:16:24.529389 +00:00,23.0,17673.0,9.0,0.0,0.0,17673.0,6.0,2945.5,100.0,100.0,0.0,1.0
YUOy8gY4JD,DE,37.0,Women,2025-03-16 03:21:39.252311 +00:00,54.0,139109.0,25.0,4.0,1.0,139109.0,7.0,19872.714285714286,100.0,100.0,12.5,0.0
YYeC0ZBW9F,US,45.0,Men,2025-03-16 02:51:52.179435 +00:00,13.0,3583.0,4.0,23.0,4.0,3583.0,2.0,1791.5,100.0,0.0,0.0,1.0
wK2J11KWCa,US,39.0,Men,2025-03-18 01:24:26.317900 +00:00,22.0,30137.0,80.0,0.0,0.0,30137.0,5.0,6027.4,100.0,50.0,0.0,0.0
SKlm48797i,DE,39.0,Men,2025-03-07 18:14:36.057715 +00:00,21.0,38116.0,313.0,0.0,0.0,38116.0,1.0,38116.0,50.0,0.0,0.0,0.0
OMMN8KHQ3p,US,39.0,Men,2025-03-17 05:20:42.323185 +00:00,2.0,4220.0,4.0,0.0,0.0,4220.0,3.0,1406.6666666666667,100.0,25.0,0.0,1.0
0AHy9w3Eea,US,38.0,Women,2025-03-02 01:04:29.920171 +00:00,25.0,77177.0,16.0,0.0,0.0,77177.0,6.0,12862.833333333334,100.0,75.0,0.0,1.0
OFnEjDCwf2,US,31.0,Men,2025-02-14 01:49:59.864610 +00:00,37.0,23720.0,1.0,0.0,0.0,23720.0,4.0,5930.0,100.0,50.0,0.0,1.0
ltbtpThMjT,GB,39.0,Women,2025-03-07 14:03:20.887782 +00:00,3.0,1977.0,5.0,0.0,0.0,1977.0,3.0,659.0,100.0,25.0,0.0,1.0
umg7mI9KAt,DE,30.0,Men,2025-02-24 07:21:21.927715 +00:00,117.0,96074.0,178.0,4.0,1.0,96074.0,8.0,12009.25,100.0,100.0,25.0,0.0
ku5lN61tdM,DE,36.0,Women,2025-03-24 07:53:49.068284 +00:00,23.0,55049.0,92.0,0.0,0.0,55049.0,7.0,7864.142857142857,100.0,100.0,12.5,0.0
QA1hLxPott,DE,41.0,Women,2025-02-22 21:23:09.322092 +00:00,2.0,1510.0,1.0,0.0,0.0,1510.0,1.0,1510.0,50.0,0.0,0.0,1.0
2ST6ftcbnl,JP,55.0,Women,2025-03-19 22:24:25.414111 +00:00,1.0,1998.0,4.0,0.0,0.0,1998.0,3.0,666.0,100.0,25.0,0.0,1.0
3qFv1bwATh,GB,39.0,Women,2025-03-23 08:26:17.979925 +00:00,16.0,16907.0,1.0,0.0,0.0,16907.0,5.0,3381.4,100.0,75.0,0.0,0.0
xCbEowbmVx,DE,39.0,Men,2025-03-19 17:25:29.558881 +00:00,2.0,1051.0,5.0,0.0,0.0,1051.0,1.0,1051.0,50.0,0.0,0.0,1.0
SeNejkyY5Y,GB,46.0,Women,2025-03-27 08:37:21.052813 +00:00,14.0,12344.0,21.0,0.0,0.0,12344.0,5.0,2468.8,100.0,75.0,0.0,0.0
zH0AeLKZQ3,DE,39.0,Women,2025-03-10 13:46:45.606791 +00:00,3.0,4348.0,3.0,0.0,0.0,4348.0,3.0,1449.3333333333333,100.0,25.0,0.0,1.0
PQvMoAA4g0,US,62.0,Women,2025-02-17 13:58:13.766094 +00:00,7.0,1651.0,1.0,0.0,0.0,1651.0,1.0,1651.0,50.0,0.0,0.0,1.0
CVgUMJeD0C,GB,49.0,Men,2025-03-30 12:14:26.427517 +00:00,7.0,4679.0,4.0,0.0,0.0,4679.0,5.0,935.8,100.0,100.0,0.0,0.0
H3Qs9Y7jfx,DE,35.0,Women,2025-03-26 15:10:07.623858 +00:00,3.0,1670.0,6.0,0.0,0.0,1670.0,1.0,1670.0,50.0,0.0,0.0,1.0
eSYXMETmQP,DE,47.0,Women,2025-03-11 09:44:19.085012 +00:00,13.0,21608.0,27.0,0.0,0.0,21608.0,2.0,10804.0,100.0,25.0,0.0,0.0
b2n5JAm8Gw,JP,18.0,Men,2025-03-05 10:34:15.148601 +00:00,19.0,24436.0,1.0,0.0,0.0,24436.0,4.0,6109.0,100.0,50.0,0.0,1.0
v9sEN9SrZc,DE,40.0,Men,2025-02-24 07:56:38.638528 +00:00,14.0,36163.0,9.0,0.0,0.0,36163.0,6.0,6027.166666666667,100.0,75.0,0.0,1.0
GdoMebpsw9,GB,53.0,Women,2025-03-10 17:30:17.512787 +00:00,36.0,57448.0,102.0,7.0,2.0,57448.0,7.0,8206.857142857143,100.0,100.0,0.0,1.0
x0gh4oqpe4,DE,40.0,Women,2025-02-17 12:00:39.183549 +00:00,17.0,45655.0,1.0,0.0,0.0,45655.0,7.0,6522.142857142857,100.0,100.0,0.0,1.0
JJnufIKjYS,DE,47.0,Men,2025-03-23 16:48:27.948981 +00:00,49.0,51558.0,97.0,4.0,1.0,51558.0,8.0,6444.75,100.0,100.0,25.0,0.0
kX6n6eqhkf,GB,47.0,Women,2025-02-20 22:29:23.255140 +00:00,2.0,685.0,5.0,0.0,0.0,685.0,1.0,685.0,50.0,0.0,0.0,1.0
80AHiGtbcy,US,39.0,Men,2025-02-19 07:38:17.885960 +00:00,15.0,4103.0,1.0,4.0,1.0,4103.0,4.0,1025.75,100.0,50.0,0.0,1.0
dWBfl2ZyHR,GB,32.0,Women,2025-02-20 04:06:03.130921 +00:00,2.0,1300.0,5.0,0.0,0.0,1300.0,2.0,650.0,100.0,0.0,0.0,1.0
WEesd8j89o,DE,39.0,Men,2025-03-09 15:50:32.810383 +00:00,27.0,95081.0,256.0,0.0,0.0,95081.0,9.0,10564.555555555557,100.0,100.0,37.5,1.0
AMPyOWL2Wt,DE,41.0,Men,2025-03-08 19:29:10.847521 +00:00,48.0,29073.0,36.0,4.0,1.0,29073.0,9.0,3230.3333333333335,100.0,100.0,25.0,0.0
pg1L8iEe24,GB,18.0,Women,2025-03-07 19:11:26.719469 +00:00,21.0,31124.0,7.0,2.8,1.0,31124.0,6.0,5187.333333333333,100.0,100.0,0.0,1.0
3NLmSq4oFN,GB,27.0,Women,2025-03-28 02:37:40.752507 +00:00,1.0,3582.0,5.0,2.8,1.0,3582.0,4.0,895.5,100.0,50.0,0.0,1.0
fOn38ZbP0f,DE,38.0,Women,2025-03-29 08:17:51.168404 +00:00,45.0,57427.0,5.0,0.0,0.0,57427.0,2.0,28713.5,100.0,0.0,0.0,0.0
MDn19RThC9,GB,39.0,Men,2025-02-14 10:40:29.631527 +00:00,31.0,3952.0,1.0,0.0,0.0,3952.0,6.0,658.6666666666666,100.0,100.0,0.0,1.0
e5PU0Uilw1,DE,27.0,Men,2025-03-08 23:03:19.955579 +00:00,31.0,63107.0,27.0,0.0,0.0,63107.0,7.0,9015.285714285714,100.0,100.0,12.5,0.0
rcnf2amspT,DE,39.0,Women,2025-03-24 15:31:45.469665 +00:00,2.0,1470.0,5.0,0.0,0.0,1470.0,2.0,735.0,100.0,0.0,0.0,1.0
XgmXivkeGp,US,55.0,Men,2025-02-27 15:33:51.939748 +00:00,2.0,4975.0,5.0,0.0,0.0,4975.0,3.0,1658.3333333333333,100.0,25.0,0.0,1.0
IIqpHx7NoF,US,50.0,Men,2025-03-12 01:44:13.988278 +00:00,7.0,4769.0,2.0,0.0,0.0,4769.0,3.0,1589.6666666666667,100.0,25.0,0.0,1.0
hIXZh0m6Bk,US,27.0,Women,2025-02-21 17:01:12.108032 +00:00,35.0,6444.0,1.0,4.4,1.0,6444.0,4.0,1611.0,100.0,50.0,0.0,1.0
3mkME0h6Hn,US,45.0,Women,2025-02-14 00:16:04.561573 +00:00,1.0,1485.0,1.0,0.0,0.0,1485.0,2.0,742.5,100.0,0.0,0.0,1.0
4EJIpGYq3A,DE,22.0,Women,2025-03-31 22:19:23.230081 +00:00,7.0,1319.0,8.0,0.0,0.0,1319.0,5.0,263.8,100.0,75.0,0.0,0.0
OZg0Cv8yhV,DE,30.0,Women,2025-03-24 02:07:58.174617 +00:00,17.0,51084.0,111.0,0.0,0.0,51084.0,4.0,12771.0,100.0,25.0,0.0,1.0
0yndEhVNUH,DE,37.0,Men,2025-02-14 06:41:46.979765 +00:00,102.0,35319.0,1.0,4.0,1.0,35319.0,8.0,4414.875,100.0,100.0,12.5,1.0
Aclr2QeHCE,US,39.0,Men,2025-02-18 13:07:01.833526 +00:00,1.0,1.0,1.0,0.0,0.0,1.0,1.0,1.0,50.0,0.0,0.0,1.0
WEr0gbLDpo,JP,18.0,Women,2025-03-19 11:05:45.360538 +00:00,11.0,3078.0,1.0,1.4,1.0,3078.0,3.0,1026.0,100.0,25.0,0.0,1.0
CW3OZv3gYO,US,21.0,Women,2025-02-21 02:13:42.285387 +00:00,2.0,584.0,5.0,0.0,0.0,584.0,1.0,584.0,50.0,0.0,0.0,1.0
rdmzCHS7G7,US,39.0,Men,2025-02-19 04:56:25.862534 +00:00,2.0,893.0,1.0,0.0,0.0,893.0,1.0,893.0,50.0,0.0,0.0,1.0
KWo7BrBWuH,GB,62.0,Women,2025-03-19 11:50:39.242800 +00:00,27.0,26616.0,17.0,0.0,0.0,26616.0,6.0,4436.0,100.0,100.0,0.0,0.0
4NJCOlQ0py,DE,34.0,Men,2025-02-28 19:16:49.313854 +00:00,49.0,65538.0,4.0,0.0,0.0,65538.0,8.0,8192.25,100.0,100.0,12.5,1.0
vjLHswQ3zc,DE,61.0,Men,2025-02-23 10:54:30.913443 +00:00,1.0,8643.0,1.0,0.0,0.0,8643.0,4.0,2160.75,100.0,50.0,0.0,1.0
8lY2jCTj3S,GB,32.0,Men,2025-03-13 09:57:21.676159 +00:00,26.0,47313.0,5.0,0.0,0.0,47313.0,6.0,7885.5,100.0,100.0,0.0,0.0
fspk5BmEyW,US,24.0,Women,2025-02-06 00:47:23.762193 +00:00,1.0,799.0,5.0,0.0,0.0,799.0,1.0,799.0,50.0,0.0,0.0,1.0
mJuuoRwVcL,US,35.0,Women,2025-03-07 08:06:09.568805 +00:00,1.0,1751.0,5.0,0.0,0.0,1751.0,2.0,875.5,100.0,0.0,0.0,1.0
IgIMcUO9t8,DE,31.0,Women,2025-03-31 00:18:42.163548 +00:00,9.0,13146.0,2.0,0.0,0.0,13146.0,5.0,2629.2,100.0,75.0,0.0,0.0
7H21zp8Ito,US,39.0,Women,2025-03-13 09:00:23.118857 +00:00,4.0,5675.0,24.0,0.0,0.0,5675.0,4.0,1418.75,100.0,50.0,0.0,1.0
icXiS3j7iF,GB,42.0,Men,2025-02-19 11:17:00.532564 +00:00,48.0,37139.0,1.0,15.4,3.0,37139.0,6.0,6189.833333333333,100.0,100.0,0.0,0.0
NvURReIWMg,US,47.0,Women,2025-03-09 08:55:40.492841 +00:00,46.0,40762.0,5.0,4.0,1.0,40762.0,6.0,6793.666666666667,100.0,100.0,0.0,0.0
8BIwR4yqsR,GB,39.0,Men,2025-02-17 11:06:10.575613 +00:00,2.0,2120.0,1.0,2.8,1.0,2120.0,5.0,424.0,100.0,75.0,0.0,1.0
wOZoP0TOOy,GB,46.0,Men,2025-02-24 11:52:00.069423 +00:00,78.0,75679.0,19.0,7.0,2.0,75679.0,7.0,10811.285714285714,100.0,100.0,0.0,1.0
pq44dQs7m7,JP,18.0,Women,2025-03-24 00:05:15.222537 +00:00,179.0,116071.0,431.0,0.0,0.0,116071.0,9.0,12896.777777777776,100.0,100.0,37.5,0.0
Hb9sooIjCU,DE,39.0,Men,2025-02-22 07:57:28.303038 +00:00,3.0,3414.0,1.0,0.0,0.0,3414.0,4.0,853.5,100.0,50.0,0.0,1.0
foxUcByLuS,GB,43.0,Women,2025-02-12 19:50:29.981949 +00:00,274.0,294234.0,687.0,16.8,4.0,294234.0,12.0,24519.5,100.0,100.0,62.5,0.0
aKNPU7oM3Z,US,40.0,Women,2025-03-11 01:57:31.109744 +00:00,1.0,1514.0,5.0,0.0,0.0,1514.0,1.0,1514.0,50.0,0.0,0.0,1.0
G1iaPjkN4F,DE,39.0,Women,2025-02-18 07:13:42.019401 +00:00,1.0,891.0,5.0,0.0,0.0,891.0,2.0,445.5,100.0,0.0,0.0,1.0
Ifa8j8SZ3o,US,37.0,Women,2025-02-23 02:56:20.992478 +00:00,6.0,20109.0,1.0,0.0,0.0,20109.0,4.0,5027.25,100.0,50.0,0.0,1.0
rQr3fJS5Ew,US,39.0,Women,2025-02-28 07:10:17.973962 +00:00,18.0,11425.0,5.0,0.0,0.0,11425.0,4.0,2856.25,100.0,50.0,0.0,1.0
P6YDiYJ0Vm,GB,37.0,Men,2025-03-03 22:10:06.024864 +00:00,3.0,2872.0,1.0,0.0,0.0,2872.0,4.0,718.0,100.0,50.0,0.0,1.0
d5ndxo7WPz,GB,26.0,Women,2025-03-02 02:39:02.225369 +00:00,78.0,48412.0,5.0,0.0,0.0,48412.0,5.0,9682.4,100.0,75.0,0.0,0.0
CDsPhtAhbq,US,36.0,Women,2025-02-01 00:30:07.455581 +00:00,8.0,10096.0,1.0,4.4,1.0,10096.0,4.0,2524.0,100.0,50.0,0.0,1.0
UYw1oB0Pxc,GB,39.0,Women,2025-02-21 15:36:15.529452 +00:00,4.0,4401.0,1.0,0.0,0.0,4401.0,1.0,4401.0,50.0,0.0,0.0,1.0
Z62yN5uew5,GB,41.0,Men,2025-03-29 07:41:34.851977 +00:00,24.0,24085.0,58.0,0.0,0.0,24085.0,6.0,4014.1666666666665,100.0,75.0,0.0,0.0
w4x8amV7pC,US,36.0,Women,2025-02-28 02:24:56.789193 +00:00,36.0,18291.0,3.0,4.0,1.0,18291.0,6.0,3048.5,100.0,100.0,0.0,1.0
Geqpbnisgi,DE,27.0,Men,2025-03-03 10:11:06.544522 +00:00,29.0,27204.0,1.0,0.0,0.0,27204.0,6.0,4534.0,100.0,100.0,0.0,1.0
VFtMesV3yM,DE,39.0,Men,2025-03-21 12:39:36.161202 +00:00,21.0,20108.0,20.0,0.0,0.0,20108.0,6.0,3351.3333333333335,100.0,100.0,0.0,0.0
whOBmpXAub,DE,31.0,Women,2025-02-23 09:44:12.721911 +00:00,172.0,98481.0,290.0,0.0,0.0,98481.0,11.0,8952.818181818182,100.0,100.0,50.0,0.0
qc0dcrgPKG,DE,34.0,Women,2025-04-03 19:40:40.495992 +00:00,4.0,10557.0,7.0,0.0,0.0,10557.0,4.0,2639.25,100.0,50.0,0.0,0.0
DJ84CV8AyU,DE,40.0,Men,2025-04-02 21:21:08.767731 +00:00,2.0,2192.0,5.0,0.0,0.0,2192.0,3.0,730.6666666666666,100.0,50.0,0.0,0.0
RvTTEWOEnv,US,39.0,Women,2025-02-22 10:03:45.299627 +00:00,180.0,190047.0,565.0,0.0,0.0,190047.0,9.0,21116.333333333332,100.0,100.0,25.0,0.0
sZ0e6Isvq6,GB,39.0,Men,2025-03-14 11:33:47.128211 +00:00,9.0,23011.0,2.0,0.0,0.0,23011.0,2.0,11505.5,100.0,0.0,0.0,1.0
tjKNEJnjs2,GB,30.0,Women,2025-03-26 17:49:26.277410 +00:00,15.0,25766.0,64.0,0.0,0.0,25766.0,7.0,3680.857142857142,100.0,100.0,0.0,0.0
M3JHtnmTkW,DE,34.0,Women,2025-02-15 05:53:32.804951 +00:00,112.0,269940.0,467.0,0.0,0.0,269940.0,11.0,24540.0,100.0,100.0,50.0,0.0
H79880tI5Y,DE,39.0,Women,2025-03-13 10:11:40.002405 +00:00,1.0,1010.0,5.0,0.0,0.0,1010.0,2.0,505.0,100.0,0.0,0.0,1.0
jJDUUupCGu,US,39.0,Women,2025-02-03 01:49:26.272573 +00:00,8.0,13720.0,1.0,0.0,0.0,13720.0,4.0,3430.0,100.0,25.0,0.0,1.0
XYwp4vSXtc,DE,38.0,Women,2025-03-30 16:17:21.735200 +00:00,7.0,22535.0,62.0,0.0,0.0,22535.0,6.0,3755.8333333333335,100.0,75.0,0.0,0.0
7mCSa0Z40g,GB,39.0,Men,2025-02-16 20:05:40.406752 +00:00,1.0,1372.0,1.0,0.0,0.0,1372.0,4.0,343.0,100.0,50.0,0.0,1.0
kWhRFMzyyV,US,37.0,Men,2025-02-14 06:32:04.850696 +00:00,1.0,436.0,5.0,0.0,0.0,436.0,1.0,436.0,50.0,0.0,0.0,1.0
sn6PmLABu6,GB,27.0,Women,2025-03-19 01:10:33.264351 +00:00,14.0,7313.0,16.0,0.0,0.0,7313.0,4.0,1828.25,100.0,50.0,0.0,1.0
OVPKZCxUHy,DE,44.0,Men,2025-02-21 03:42:00.017622 +00:00,226.0,343438.0,688.0,10.0,2.0,343438.0,13.0,26418.30769230769,100.0,100.0,75.0,0.0
nnKFgolNLt,US,51.0,Women,2025-02-24 16:45:43.859530 +00:00,20.0,56587.0,2.0,4.0,1.0,56587.0,6.0,9431.166666666666,100.0,75.0,0.0,1.0
pkPKTocxA0,DE,39.0,Men,2025-02-25 07:22:38.648924 +00:00,129.0,288459.0,127.0,0.0,0.0,288459.0,10.0,28845.9,100.0,100.0,37.5,0.0
6aEUJvd7y3,JP,46.0,Men,2025-03-12 09:44:28.988441 +00:00,56.0,113464.0,1100.0,6.2999997,3.0,113464.0,10.0,11346.4,100.0,100.0,50.0,1.0
JmtbKzDW5a,DE,38.0,Men,2025-03-13 20:41:44.924133 +00:00,10.0,20899.0,11.0,0.0,0.0,20899.0,5.0,4179.8,100.0,75.0,0.0,1.0
N2yOPQ03t6,GB,39.0,Men,2025-04-01 10:36:40.858997 +00:00,16.0,8855.0,13.0,0.0,0.0,8855.0,5.0,1771.0,100.0,75.0,0.0,0.0
nBLGnVaTOf,DE,34.0,Women,2025-03-05 13:17:02.729138 +00:00,1.0,908.0,5.0,0.0,0.0,908.0,1.0,908.0,50.0,0.0,0.0,1.0
uLoLjMRDfF,GB,58.0,Women,2025-02-13 15:49:45.020075 +00:00,247.0,647973.0,614.0,0.0,0.0,647973.0,1.0,647973.0,50.0,0.0,0.0,0.0
Juv6huiaiS,US,39.0,Men,2025-02-24 14:01:48.911907 +00:00,2.0,2009.0,1.0,0.0,0.0,2009.0,3.0,669.6666666666666,100.0,25.0,0.0,1.0
sPvQR9UdI0,US,64.0,Men,2025-03-07 03:31:07.431251 +00:00,1.0,930.0,1.0,0.0,0.0,930.0,1.0,930.0,50.0,0.0,0.0,1.0
dUVdPr1Idq,DE,49.0,Men,2025-03-21 13:59:34.724723 +00:00,2.0,2803.0,5.0,0.0,0.0,2803.0,4.0,700.75,100.0,50.0,0.0,1.0
Zl29gdGSd9,US,36.0,Men,2025-03-11 00:04:45.297393 +00:00,9.0,4599.0,8.0,23.0,4.0,4599.0,3.0,1533.0,100.0,25.0,0.0,1.0
7GTj3xV2CE,US,43.0,Men,2025-02-16 03:35:50.288538 +00:00,4.0,3152.0,5.0,4.0,1.0,3152.0,3.0,1050.6666666666667,100.0,25.0,0.0,0.0
v9I8b12doe,JP,39.0,Men,2025-03-17 21:57:36.050381 +00:00,13.0,40770.0,166.0,0.0,0.0,40770.0,6.0,6795.0,100.0,75.0,0.0,1.0
BFYgvHuFK2,JP,39.0,Women,2025-03-10 01:21:40.286495 +00:00,66.0,128271.0,273.0,0.0,0.0,128271.0,10.0,12827.1,100.0,100.0,37.5,1.0
AXGQLjocBe,GB,31.0,Women,2025-03-11 13:46:41.762857 +00:00,17.0,7818.0,98.0,14.0,3.0,7818.0,9.0,868.6666666666666,100.0,100.0,25.0,0.0
Jqe1TBFWab,US,31.0,Women,2025-02-21 10:29:17.310016 +00:00,85.0,77953.0,63.0,0.0,0.0,77953.0,8.0,9744.125,100.0,100.0,12.5,0.0
VkRo1dIDNm,DE,39.0,Women,2025-02-13 04:22:28.199325 +00:00,12.0,20626.0,1.0,0.0,0.0,20626.0,6.0,3437.6666666666665,100.0,100.0,0.0,1.0
JbpbEotaue,JP,46.0,Women,2025-03-04 13:40:38.656619 +00:00,36.0,70427.0,142.0,0.0,0.0,70427.0,7.0,10061.0,100.0,100.0,0.0,1.0
rKZW1lAoV9,GB,35.0,Women,2025-03-15 18:13:05.246890 +00:00,20.0,27676.0,11.0,0.0,0.0,27676.0,6.0,4612.666666666667,100.0,100.0,0.0,0.0
0FlIsN0A04,JP,31.0,Women,2025-03-19 02:15:17.947174 +00:00,72.0,91462.0,523.0,0.0,0.0,91462.0,8.0,11432.75,100.0,100.0,12.5,0.0
ovxWmUedHp,DE,56.0,Women,2025-02-16 01:33:12.037946 +00:00,12.0,9612.0,1.0,4.0,1.0,9612.0,3.0,3204.0,100.0,25.0,0.0,1.0
jy4fEQmeKs,GB,56.0,Men,2025-02-25 01:08:22.519142 +00:00,2.0,584.0,5.0,0.0,0.0,584.0,1.0,584.0,50.0,0.0,0.0,1.0
vAQ3alKGXi,GB,44.0,Women,2025-03-14 10:43:56.790003 +00:00,13.0,20938.0,44.0,0.0,0.0,20938.0,6.0,3489.6666666666665,100.0,75.0,0.0,1.0
cEUtaJXQfB,US,39.0,Women,2025-03-17 04:49:38.844097 +00:00,1.0,746.0,5.0,0.0,0.0,746.0,1.0,746.0,50.0,0.0,0.0,1.0
Ol9IcJkEot,JP,22.0,Women,2025-03-06 03:35:22.321376 +00:00,12.0,18011.0,13.0,0.0,0.0,18011.0,4.0,4502.75,100.0,50.0,0.0,1.0
FbfiLw05ST,GB,28.0,Men,2025-03-12 09:41:06.237541 +00:00,27.0,110704.0,96.0,2.8,1.0,110704.0,7.0,15814.857142857143,100.0,100.0,0.0,1.0
sQZqWb1284,DE,39.0,Women,2025-04-01 18:31:59.696737 +00:00,8.0,4014.0,5.0,0.0,0.0,4014.0,5.0,802.8,100.0,75.0,0.0,0.0
qXL96e5m3i,GB,45.0,Men,2025-02-18 17:26:47.815254 +00:00,21.0,24247.0,16.0,0.0,0.0,24247.0,7.0,3463.8571428571427,100.0,100.0,12.5,0.0
a5EZOfTXaQ,DE,27.0,Men,2025-02-18 07:32:32.008680 +00:00,20.0,70951.0,1.0,0.0,0.0,70951.0,8.0,8868.875,100.0,100.0,12.5,1.0
bsQQmm6mKV,US,43.0,Men,2025-02-12 20:37:10.131519 +00:00,74.0,133421.0,1.0,22.0,3.0,133421.0,7.0,19060.14285714286,100.0,100.0,12.5,0.0
LgLDDAk4Yh,US,46.0,Men,2025-03-09 04:36:55.885007 +00:00,30.0,28436.0,42.0,4.0,1.0,28436.0,6.0,4739.333333333333,100.0,75.0,0.0,1.0
9tZvsUzAU8,DE,40.0,Women,2025-02-18 13:44:26.184540 +00:00,1.0,592.0,1.0,0.0,0.0,592.0,1.0,592.0,50.0,0.0,0.0,1.0
TNrLF7PRsV,DE,39.0,Men,2025-02-26 11:19:39.809812 +00:00,21.0,26650.0,23.0,0.0,0.0,26650.0,7.0,3807.142857142858,100.0,100.0,0.0,1.0
SHBtf9avai,GB,27.0,Women,2025-03-15 09:39:08.297023 +00:00,1.0,106.0,1.0,0.0,0.0,106.0,1.0,106.0,50.0,0.0,0.0,1.0
omnOa5JVb8,DE,39.0,Men,2025-03-29 06:07:30.960506 +00:00,4.0,1674.0,5.0,0.0,0.0,1674.0,2.0,837.0,100.0,0.0,0.0,0.0
HfOWX6hD8K,US,44.0,Women,2025-03-03 06:39:05.394559 +00:00,1.0,1713.0,1.0,0.0,0.0,1713.0,3.0,571.0,100.0,25.0,0.0,1.0
OYxmRu03kI,DE,34.0,Men,2025-02-15 20:16:01.634791 +00:00,1.0,1216.0,1.0,0.0,0.0,1216.0,2.0,608.0,100.0,0.0,0.0,1.0
ZTcecZvAvz,DE,39.0,Women,2025-03-30 04:27:17.446607 +00:00,1.0,1206.0,5.0,0.0,0.0,1206.0,2.0,603.0,100.0,0.0,0.0,1.0
PI9IoyMLdO,DE,60.0,Men,2025-03-22 20:29:35.336529 +00:00,1.0,893.0,5.0,0.0,0.0,893.0,1.0,893.0,50.0,0.0,0.0,1.0
y3xP97IsRg,US,39.0,Men,2025-03-06 05:03:34.456743 +00:00,52.0,44063.0,14.0,0.0,0.0,44063.0,5.0,8812.6,100.0,75.0,0.0,0.0
NLmBsH2wCa,US,43.0,Men,2025-02-21 02:06:03.304516 +00:00,6.0,7720.0,2.0,0.0,0.0,7720.0,4.0,1930.0,100.0,50.0,0.0,1.0
IUUURAQGZu,DE,39.0,Women,2025-02-20 13:10:15.584276 +00:00,245.0,309488.0,1.0,23.0,4.0,309488.0,9.0,34387.555555555555,100.0,100.0,25.0,0.0
XGodiMQVSV,GB,39.0,Men,2025-02-25 00:04:03.302347 +00:00,1.0,730.0,1.0,0.0,0.0,730.0,4.0,182.5,100.0,50.0,0.0,1.0
9lU53o0Yhf,GB,39.0,Men,2025-03-07 11:59:38.964951 +00:00,66.0,135350.0,69.0,3.08,1.0,135350.0,8.0,16918.75,100.0,100.0,12.5,1.0
FtluahtquW,GB,49.0,Men,2025-02-13 21:25:57.289142 +00:00,1.0,517.0,1.0,0.0,0.0,517.0,3.0,172.33333333333334,100.0,25.0,0.0,1.0
9LbTFMZype,JP,42.0,Men,2025-03-18 12:27:31.426440 +00:00,9.0,41273.0,98.0,3.5,2.0,41273.0,6.0,6878.833333333333,100.0,75.0,0.0,1.0
RrEgNE0pwr,US,35.0,Women,2025-02-24 09:50:39.329609 +00:00,12.0,19995.0,1.0,4.0,1.0,19995.0,3.0,6665.0,100.0,25.0,0.0,1.0
2DNxZNjRI8,US,39.0,Women,2025-02-16 04:20:46.996078 +00:00,1.0,469.0,5.0,0.0,0.0,469.0,1.0,469.0,50.0,0.0,0.0,1.0
Y7ej3c93XY,GB,39.0,Women,2025-03-21 17:19:48.535263 +00:00,3.0,2304.0,5.0,0.0,0.0,2304.0,3.0,768.0,100.0,25.0,0.0,1.0
Iop5Nd1Xgf,DE,39.0,Women,2025-03-29 01:57:11.246501 +00:00,2.0,5388.0,4.0,0.0,0.0,5388.0,4.0,1347.0,100.0,50.0,0.0,1.0
FBgP5jESEZ,GB,39.0,Women,2025-03-26 00:49:46.976792 +00:00,16.0,19992.0,21.0,0.0,0.0,19992.0,5.0,3998.4,100.0,75.0,0.0,0.0
xGd7XAY98r,US,63.0,Women,2025-03-08 14:40:31.170853 +00:00,27.0,23746.0,1.0,0.0,0.0,23746.0,5.0,4749.2,100.0,50.0,0.0,1.0
83J6YvFxbv,US,47.0,Men,2025-02-05 01:26:23.124252 +00:00,2.0,10.0,5.0,0.0,0.0,10.0,1.0,10.0,50.0,0.0,0.0,1.0
wRHB6DOOKM,US,24.0,Women,2025-02-08 03:54:11.581986 +00:00,9.0,23385.0,1.0,0.0,0.0,23385.0,5.0,4677.0,100.0,50.0,0.0,1.0
iNf02yTWpl,GB,33.0,Men,2025-02-22 01:16:09.317318 +00:00,187.0,291845.0,13.0,7.0,2.0,291845.0,11.0,26531.363636363636,100.0,100.0,50.0,0.0
ndgt9Sjtwd,DE,39.0,Women,2025-03-17 07:04:16.236192 +00:00,5.0,4753.0,5.0,0.0,0.0,4753.0,4.0,1188.25,100.0,50.0,0.0,1.0
RO90nSzchL,DE,35.0,Men,2025-03-11 22:56:13.233681 +00:00,26.0,39080.0,65.0,4.0,1.0,39080.0,7.0,5582.857142857143,100.0,100.0,0.0,0.0
8mBXSzG8ZA,DE,36.0,Women,2025-02-27 15:02:22.900038 +00:00,3.0,3044.0,1.0,0.0,0.0,3044.0,4.0,761.0,100.0,50.0,0.0,1.0
nxlruhBwG3,US,40.0,Men,2025-02-18 06:00:49.924972 +00:00,59.0,89123.0,1.0,10.0,2.0,89123.0,7.0,12731.857142857143,100.0,100.0,0.0,1.0
E50pc1aCYL,US,39.0,Men,2025-02-03 06:01:29.711548 +00:00,1.0,872.0,1.0,0.0,0.0,872.0,2.0,436.0,50.0,0.0,0.0,1.0
JNHJzKyCPJ,US,31.0,Men,2025-02-21 19:17:31.160013 +00:00,8.0,4533.0,1.0,0.0,0.0,4533.0,3.0,1511.0,100.0,25.0,0.0,1.0
woqzOlxNh1,DE,37.0,Men,2025-03-14 16:41:24.122691 +00:00,2.0,2810.0,5.0,0.0,0.0,2810.0,3.0,936.6666666666666,100.0,25.0,0.0,1.0
SgfNMETcL7,GB,33.0,Women,2025-02-18 17:41:42.475358 +00:00,20.0,24866.0,1.0,0.0,0.0,24866.0,6.0,4144.333333333333,100.0,75.0,0.0,1.0
cmfYYtPrlt,GB,45.0,Men,2025-02-19 00:37:17.418238 +00:00,368.0,590459.0,1482.0,14.0,3.0,594092.0,12.0,49507.666666666664,100.0,100.0,62.5,0.0
NbWNGjWAjD,US,42.0,Women,2025-03-10 00:15:07.783009 +00:00,6.0,1868.0,1.0,0.0,0.0,1868.0,2.0,934.0,100.0,0.0,0.0,0.0
9KGpA1jZGz,DE,22.0,Women,2025-02-19 08:56:20.364042 +00:00,25.0,54945.0,1.0,4.4,1.0,54945.0,7.0,7849.285714285715,100.0,100.0,0.0,1.0
R5DCibVomi,US,30.0,Men,2025-02-17 06:00:00.691480 +00:00,32.0,37280.0,17.0,20.0,3.0,37280.0,7.0,5325.714285714285,100.0,100.0,0.0,1.0
7f07qwXbn8,US,40.0,Women,2025-03-11 07:34:23.069323 +00:00,73.0,55477.0,183.0,0.0,0.0,55477.0,7.0,7925.285714285715,100.0,100.0,0.0,0.0
SfgWLS0DWX,DE,43.0,Women,2025-03-06 07:06:52.838055 +00:00,75.0,100650.0,137.0,0.0,0.0,100650.0,7.0,14378.57142857143,100.0,100.0,0.0,0.0
pPKhUJYXzd,GB,44.0,Men,2025-03-16 12:49:34.283511 +00:00,37.0,112463.0,9.0,0.0,0.0,112463.0,6.0,18743.833333333332,100.0,100.0,0.0,0.0
FhP1HnDL4V,GB,53.0,Men,2025-03-12 00:52:01.612053 +00:00,77.0,619363.0,1435.0,70.0,23.0,621356.0,12.0,51779.666666666664,100.0,100.0,75.0,0.0
Ts4FL3Eu6V,DE,33.0,Women,2025-04-04 22:40:29.781275 +00:00,3.0,656.0,2.0,0.0,0.0,656.0,4.0,164.0,100.0,50.0,0.0,0.0
XZ2plNIxfh,US,43.0,Men,2025-03-18 05:32:30.244194 +00:00,9.0,5479.0,8.0,0.0,0.0,5479.0,3.0,1826.3333333333333,100.0,25.0,0.0,1.0
Z4Z61aBOsa,GB,36.0,Men,2025-02-23 16:01:23.427671 +00:00,74.0,83320.0,1.0,2.8,1.0,83320.0,2.0,41660.0,100.0,0.0,0.0,0.0
E4ncEDRU1V,GB,43.0,Men,2025-03-16 08:54:45.271591 +00:00,8.0,8136.0,2.0,0.0,0.0,8136.0,4.0,2034.0,100.0,50.0,0.0,1.0
9tyIdlmetN,DE,35.0,Women,2025-03-14 20:12:44.170605 +00:00,10.0,18224.0,34.0,0.0,0.0,18224.0,6.0,3037.3333333333335,100.0,75.0,0.0,1.0
MO72tUnGBz,DE,39.0,Women,2025-02-21 11:30:34.064241 +00:00,244.0,57682.0,161.0,0.0,0.0,57866.0,11.0,5260.545454545455,100.0,100.0,50.0,0.0
6tsIcwhn7b,GB,29.0,Men,2025-03-13 13:37:54.393614 +00:00,5.0,1263.0,5.0,2.8,1.0,1263.0,2.0,631.5,100.0,0.0,0.0,1.0
YvvIeLhFI2,DE,39.0,Men,2025-02-13 11:11:51.900483 +00:00,42.0,8956.0,327.0,0.0,0.0,8956.0,12.0,746.3333333333334,100.0,100.0,62.5,1.0
IqpLZpfJS2,US,32.0,Women,2025-02-08 08:58:16.535055 +00:00,4.0,8316.0,1.0,4.0,1.0,8316.0,4.0,2079.0,100.0,50.0,0.0,1.0
R6DQ9CIsNw,GB,37.0,Men,2025-02-13 15:21:12.766781 +00:00,2.0,1226.0,5.0,0.0,0.0,1226.0,2.0,613.0,100.0,0.0,0.0,1.0
A4N9cW5Qdf,US,41.0,Men,2025-02-24 14:54:25.130053 +00:00,2.0,4568.0,5.0,0.0,0.0,4568.0,3.0,1522.6666666666667,100.0,25.0,0.0,1.0
I6RBsEPsrb,GB,30.0,Men,2025-02-12 17:47:21.810345 +00:00,1.0,1033.0,5.0,2.8,1.0,1033.0,2.0,516.5,100.0,0.0,0.0,1.0
X0Decw93Cc,DE,22.0,Women,2025-03-12 15:37:06.890807 +00:00,10.0,7101.0,4.0,0.0,0.0,7101.0,5.0,1420.2,100.0,75.0,0.0,1.0
VZ48bu6Do8,US,46.0,Women,2025-03-04 10:45:35.509146 +00:00,42.0,225884.0,270.0,0.0,0.0,225884.0,9.0,25098.222222222223,100.0,100.0,25.0,1.0
TnlESe2Ikh,DE,39.0,Women,2025-03-31 15:06:21.701822 +00:00,2.0,1656.0,2.0,0.0,0.0,1656.0,4.0,414.0,100.0,50.0,0.0,0.0
kwtKEEeLDn,DE,42.0,Men,2025-03-02 16:38:27.719478 +00:00,54.0,58327.0,48.0,0.0,0.0,58327.0,8.0,7290.875,100.0,100.0,12.5,1.0
BAvAGuT6t3,JP,41.0,Women,2025-03-12 01:07:41.185586 +00:00,5.0,6482.0,8.0,2.0,1.0,6482.0,3.0,2160.6666666666665,100.0,25.0,0.0,1.0
RKmCbEgY4M,DE,38.0,Women,2025-03-25 11:40:09.458274 +00:00,9.0,8752.0,2.0,0.0,0.0,8752.0,5.0,1750.4,100.0,75.0,0.0,1.0
4wUUW9XoOx,US,29.0,Women,2025-02-17 11:01:38.436160 +00:00,1.0,1148.0,5.0,0.0,0.0,1148.0,2.0,574.0,100.0,0.0,0.0,1.0
d0bPNcrvzr,GB,50.0,Men,2025-04-04 15:59:32.096567 +00:00,3.0,2687.0,3.0,0.0,0.0,2687.0,2.0,1343.5,100.0,0.0,0.0,0.0
RIn4VpE3tq,DE,32.0,Women,2025-03-04 06:59:45.749060 +00:00,11.0,3419.0,5.0,0.0,0.0,3419.0,4.0,854.75,100.0,50.0,0.0,1.0
aBvOBsDf0q,GB,37.0,Men,2025-03-13 15:55:26.562964 +00:00,15.0,28663.0,16.0,2.8,1.0,28663.0,5.0,5732.6,100.0,75.0,0.0,1.0
gJ9XpKGgMw,US,39.0,Men,2025-02-07 01:14:54.378764 +00:00,3.0,1712.0,1.0,0.0,0.0,1712.0,4.0,428.0,100.0,50.0,0.0,1.0
OD2hATFp2L,DE,34.0,Men,2025-03-15 12:42:21.776937 +00:00,26.0,21598.0,122.0,4.0,1.0,21598.0,5.0,4319.6,100.0,50.0,0.0,1.0
psqlIP2M45,DE,39.0,Men,2025-03-30 09:58:28.241134 +00:00,1.0,1232.0,5.0,0.0,0.0,1232.0,2.0,616.0,100.0,0.0,0.0,1.0
nX7XydpuH1,DE,37.0,Men,2025-03-27 06:07:46.331613 +00:00,23.0,58637.0,83.0,0.0,0.0,58637.0,7.0,8376.714285714286,100.0,100.0,0.0,1.0
hOIbMdeXdR,GB,45.0,Women,2025-02-18 12:08:51.123687 +00:00,33.0,32660.0,1.0,0.0,0.0,32660.0,2.0,16330.0,100.0,0.0,0.0,1.0
rjH14w6x3T,DE,37.0,Women,2025-03-10 16:39:16.043859 +00:00,40.0,48529.0,144.0,4.0,1.0,48529.0,7.0,6932.714285714285,100.0,100.0,12.5,0.0
bfG0KCh5LH,DE,22.0,Men,2025-04-01 02:45:47.652344 +00:00,2.0,4570.0,2.0,0.0,0.0,4570.0,4.0,1142.5,100.0,50.0,0.0,0.0
FceWEt0TFW,GB,39.0,Men,2025-02-28 12:00:22.468949 +00:00,3.0,1824.0,1.0,0.0,0.0,1824.0,3.0,608.0,100.0,25.0,0.0,1.0
EGpKl5VdOD,DE,39.0,Women,2025-02-16 09:19:37.420293 +00:00,301.0,212263.0,112.0,0.0,0.0,212263.0,12.0,17688.583333333332,100.0,100.0,62.5,0.0
OLgBz95i2T,JP,51.0,Women,2025-03-14 08:42:11.784119 +00:00,2.0,1836.0,2.0,0.0,0.0,1836.0,1.0,1836.0,50.0,0.0,0.0,1.0
wLo7HkLwtE,US,39.0,Men,2025-03-14 00:55:27.284935 +00:00,4.0,5498.0,1.0,0.0,0.0,5498.0,3.0,1832.6666666666667,100.0,25.0,0.0,1.0
fFs1REa1iF,US,44.0,Men,2025-02-17 09:44:54.320045 +00:00,80.0,126130.0,9.0,4.0,1.0,126130.0,7.0,18018.571428571428,100.0,100.0,12.5,0.0
jwu0t257Kh,DE,39.0,Men,2025-02-15 20:28:50.529876 +00:00,4.0,1997.0,1.0,0.0,0.0,1997.0,1.0,1997.0,50.0,0.0,0.0,1.0
rDLpHQrytm,DE,39.0,Women,2025-03-25 12:12:00.772872 +00:00,17.0,27834.0,147.0,20.0,3.0,27834.0,7.0,3976.285714285714,100.0,100.0,0.0,1.0
L8y7UugBbc,US,45.0,Men,2025-02-25 17:40:50.517794 +00:00,3.0,3307.0,1.0,0.0,0.0,3307.0,2.0,1653.5,100.0,0.0,0.0,1.0
3YzjJyFnxQ,GB,41.0,Men,2025-02-25 14:54:02.559059 +00:00,2.0,4288.0,1.0,0.0,0.0,4288.0,4.0,1072.0,100.0,50.0,0.0,1.0
O6AUQVKTwo,US,31.0,Men,2025-03-04 04:28:08.049557 +00:00,10.0,15095.0,1.0,0.0,0.0,15095.0,4.0,3773.75,100.0,50.0,0.0,1.0
gRzHrsMU1i,US,43.0,Men,2025-02-08 10:36:52.386309 +00:00,90.0,229771.0,154.0,10.0,2.0,229771.0,10.0,22977.1,100.0,100.0,37.5,0.0
Az664p3UHf,DE,21.0,Women,2025-03-13 09:34:02.310218 +00:00,22.0,29753.0,43.0,20.0,3.0,29753.0,7.0,4250.428571428572,100.0,100.0,0.0,1.0
bn21jY7Ake,US,60.0,Men,2025-02-20 03:56:11.873292 +00:00,4.0,3134.0,4.0,0.0,0.0,3134.0,1.0,3134.0,50.0,0.0,0.0,1.0
WQ5NSU6lnx,GB,42.0,Women,2025-03-29 14:40:42.310829 +00:00,29.0,32639.0,63.0,0.0,0.0,32639.0,7.0,4662.714285714285,100.0,100.0,12.5,0.0
nG0hQbABCE,GB,30.0,Men,2025-02-18 17:19:31.583524 +00:00,11.0,4452.0,5.0,0.0,0.0,4452.0,5.0,890.4,100.0,75.0,0.0,1.0
MAdORHCo8J,GB,39.0,Men,2025-03-03 20:17:29.219982 +00:00,7.0,12570.0,1.0,0.0,0.0,12570.0,2.0,6285.0,100.0,0.0,0.0,1.0
RrTTuwdx1M,GB,54.0,Women,2025-04-05 11:34:45.056149 +00:00,3.0,9253.0,11.0,2.8,1.0,9253.0,4.0,2313.25,100.0,75.0,0.0,0.0
yoUHKUWW3g,US,51.0,Men,2025-03-09 06:02:30.029558 +00:00,46.0,77193.0,40.0,4.0,1.0,77193.0,7.0,11027.57142857143,100.0,100.0,0.0,0.0
pYBMvKevuS,DE,32.0,Men,2025-02-25 16:40:10.959710 +00:00,17.0,31380.0,5.0,4.0,1.0,31380.0,5.0,6276.0,100.0,75.0,0.0,1.0
J22MKQphVb,GB,42.0,Men,2025-02-16 23:10:15.728991 +00:00,101.0,245692.0,107.0,16.8,4.0,245692.0,10.0,24569.2,100.0,100.0,37.5,0.0
JMxhq4hGVT,DE,42.0,Women,2025-03-02 16:27:00.260231 +00:00,13.0,18317.0,1.0,0.0,0.0,18317.0,1.0,18317.0,50.0,0.0,0.0,1.0
lKLgU4yJxE,US,39.0,Women,2025-03-13 06:19:05.306897 +00:00,4.0,2144.0,17.0,0.0,0.0,2144.0,3.0,714.6666666666666,100.0,25.0,0.0,1.0
5bwGXU4YhA,DE,36.0,Men,2025-03-18 20:00:15.002538 +00:00,14.0,17922.0,13.0,23.0,4.0,17922.0,3.0,5974.0,100.0,25.0,0.0,1.0
xvBNVfDHPc,DE,39.0,Men,2025-03-27 17:13:56.435273 +00:00,1.0,452.0,1.0,0.0,0.0,452.0,1.0,452.0,50.0,0.0,0.0,1.0
9ZyxYUCN5g,GB,54.0,Women,2025-03-08 17:34:17.317054 +00:00,4.0,11694.0,242.0,0.0,0.0,11694.0,7.0,1670.571428571429,100.0,100.0,12.5,0.0
ObPpGVVTva,US,27.0,Men,2025-02-05 02:04:46.863477 +00:00,38.0,33438.0,1.0,4.0,1.0,33438.0,4.0,8359.5,100.0,50.0,0.0,1.0
A7ci7Wbesp,DE,18.0,Women,2025-03-31 20:52:37.260276 +00:00,2.0,2290.0,4.0,0.0,0.0,2290.0,2.0,1145.0,100.0,0.0,0.0,0.0
yeHiEjX0yO,DE,21.0,Men,2025-03-03 17:45:50.194167 +00:00,15.0,3279.0,2.0,20.0,3.0,3279.0,5.0,655.8,100.0,75.0,0.0,0.0
J8R4nN7LoT,GB,25.0,Women,2025-02-13 02:48:37.401013 +00:00,8.0,11296.0,1.0,0.0,0.0,11296.0,5.0,2259.2,100.0,75.0,0.0,1.0
N3QYBWlWm0,DE,52.0,Men,2025-03-01 11:04:11.503275 +00:00,4.0,2643.0,1.0,0.0,0.0,2643.0,4.0,660.75,100.0,50.0,0.0,1.0
Zl90eyTKyi,DE,28.0,Men,2025-03-16 20:20:26.713698 +00:00,11.0,13231.0,5.0,20.0,3.0,13231.0,4.0,3307.75,100.0,50.0,0.0,1.0
yd6ynOOiiV,US,18.0,Women,2025-02-06 04:07:37.399119 +00:00,166.0,200493.0,1.0,4.0,1.0,200493.0,7.0,28641.85714285714,100.0,100.0,0.0,1.0
p5JhY0awoC,GB,39.0,Women,2025-03-01 14:37:55.493418 +00:00,7.0,4817.0,1.0,0.0,0.0,4817.0,4.0,1204.25,100.0,50.0,0.0,1.0
CBhLQg9QLu,US,46.0,Women,2025-02-08 05:08:16.596091 +00:00,364.0,238219.0,1277.0,0.0,0.0,238219.0,12.0,19851.583333333332,100.0,100.0,62.5,0.0
6JEmEzziqc,GB,28.0,Men,2025-03-10 16:51:13.022341 +00:00,12.0,12653.0,12.0,0.0,0.0,12653.0,5.0,2530.6,100.0,75.0,0.0,0.0
EocsQbBycx,DE,39.0,Men,2025-03-01 18:41:35.120211 +00:00,6.0,15233.0,1.0,0.0,0.0,15233.0,6.0,2538.8333333333335,100.0,75.0,0.0,1.0
iDFumYPv96,GB,39.0,Women,2025-03-20 06:27:08.123625 +00:00,13.0,12575.0,18.0,0.0,0.0,12575.0,5.0,2515.0,100.0,75.0,0.0,0.0
vd7cjUylxN,DE,25.0,Men,2025-03-06 14:58:56.447772 +00:00,92.0,72411.0,223.0,0.0,0.0,72411.0,4.0,18102.75,100.0,25.0,0.0,1.0
3XCgJtnJEf,US,39.0,Women,2025-02-27 04:45:25.569834 +00:00,4.0,1984.0,1.0,4.0,1.0,1984.0,3.0,661.3333333333334,100.0,25.0,0.0,1.0
osuuimYhsT,GB,39.0,Women,2025-03-12 12:58:27.590725 +00:00,23.0,65194.0,112.0,14.0,3.0,65194.0,7.0,9313.42857142857,100.0,100.0,0.0,0.0
6hN3iicwBH,GB,40.0,Women,2025-02-13 15:43:41.633882 +00:00,4.0,2216.0,2.0,0.0,0.0,2216.0,4.0,554.0,100.0,50.0,0.0,1.0
LRec0kbQUf,US,44.0,Women,2025-02-23 10:44:13.357596 +00:00,3.0,1538.0,1.0,0.0,0.0,1538.0,3.0,512.6666666666666,100.0,25.0,0.0,1.0
fskEwsr8Rt,US,45.0,Women,2025-03-13 06:47:28.488291 +00:00,1.0,446.0,1.0,0.0,0.0,446.0,3.0,148.66666666666666,100.0,25.0,0.0,1.0
N7b6XkDU5i,DE,40.0,Women,2025-03-17 17:25:23.799093 +00:00,100.0,141611.0,175.0,23.0,4.0,141611.0,8.0,17701.375,100.0,100.0,12.5,0.0
EhfNE6lKqm,US,39.0,Women,2025-02-08 05:14:13.869122 +00:00,53.0,59572.0,1.0,4.0,1.0,59572.0,6.0,9928.666666666666,100.0,75.0,0.0,1.0
UX5wdEJJUT,DE,44.0,Men,2025-03-13 05:47:56.926680 +00:00,6.0,10616.0,11.0,0.0,0.0,10616.0,4.0,2654.0,100.0,50.0,0.0,1.0
7ApQxquPfq,GB,39.0,Men,2025-03-24 11:19:10.003545 +00:00,1.0,541.0,1.0,0.0,0.0,541.0,1.0,541.0,50.0,0.0,0.0,1.0
udOeeHvasK,US,19.0,Men,2025-03-01 01:50:12.713903 +00:00,8.0,954.0,5.0,4.0,1.0,954.0,2.0,477.0,100.0,0.0,0.0,1.0
oHRTfp0aDy,GB,28.0,Women,2025-03-04 00:45:32.767286 +00:00,6.0,6923.0,1.0,0.0,0.0,6923.0,4.0,1730.75,100.0,50.0,0.0,1.0
SMrFBdhoAO,US,43.0,Men,2025-03-04 06:59:45.405940 +00:00,19.0,8098.0,2.0,4.0,1.0,8098.0,4.0,2024.5,100.0,50.0,0.0,1.0
O26AOXviNS,DE,36.0,Men,2025-03-31 16:39:43.707464 +00:00,18.0,25207.0,92.0,0.0,0.0,25207.0,7.0,3601.0,100.0,100.0,0.0,0.0
r3vdoG23am,DE,48.0,Women,2025-03-08 16:29:38.307609 +00:00,37.0,29334.0,34.0,23.0,4.0,29334.0,7.0,4190.571428571428,100.0,100.0,0.0,1.0
Kkx52PHoAW,DE,19.0,Women,2025-03-29 08:26:29.571138 +00:00,10.0,832.0,4.0,20.0,3.0,832.0,5.0,166.4,100.0,75.0,0.0,0.0
ymPnLUyJzz,DE,46.0,Men,2025-03-08 00:15:27.450924 +00:00,11.0,31377.0,34.0,20.0,3.0,31377.0,2.0,15688.5,50.0,0.0,0.0,1.0
TqmtCT5WIA,US,51.0,Men,2025-03-06 09:04:03.487576 +00:00,1.0,56.0,5.0,0.0,0.0,56.0,3.0,18.666666666666668,100.0,25.0,0.0,1.0
G1MTIjqLn3,US,45.0,Women,2025-02-13 01:50:29.279103 +00:00,8.0,4024.0,1.0,4.0,1.0,4024.0,3.0,1341.3333333333333,100.0,25.0,0.0,1.0
h4Y4SQaaeR,GB,37.0,Women,2025-03-15 17:08:29.516235 +00:00,17.0,15985.0,5.0,14.0,3.0,15985.0,5.0,3197.0,100.0,75.0,0.0,1.0
EXbQ5UmmLz,DE,39.0,Women,2025-03-02 12:27:35.621146 +00:00,2.0,65.0,1.0,0.0,0.0,65.0,1.0,65.0,50.0,0.0,0.0,1.0
qeFbEhGR4O,US,43.0,Women,2025-03-15 02:12:26.755953 +00:00,14.0,24641.0,99.0,0.0,0.0,24641.0,3.0,8213.666666666666,100.0,0.0,0.0,0.0
6OFpcEtM9Q,DE,31.0,Men,2025-03-02 12:15:45.968345 +00:00,3.0,2244.0,1.0,0.0,0.0,2244.0,3.0,748.0,100.0,25.0,0.0,1.0
GSL1cZQ09C,US,39.0,Women,2025-02-12 17:16:34.012367 +00:00,1.0,1644.0,5.0,0.0,0.0,1644.0,2.0,822.0,100.0,0.0,0.0,1.0
A742Ll10LA,DE,50.0,Men,2025-03-02 13:11:35.934473 +00:00,53.0,111379.0,627.0,20.0,3.0,111379.0,6.0,18563.166666666668,100.0,75.0,0.0,1.0
nozW0ARQiu,DE,34.0,Men,2025-03-04 20:06:42.681640 +00:00,3.0,21.0,5.0,4.0,1.0,21.0,2.0,10.5,100.0,0.0,0.0,1.0
3LALJqkwOp,GB,57.0,Men,2025-02-24 20:39:49.637814 +00:00,8.0,12932.0,45.0,0.0,0.0,12932.0,3.0,4310.666666666667,100.0,0.0,0.0,1.0
9fubQUee1j,DE,25.0,Men,2025-03-16 07:49:38.587441 +00:00,2.0,788.0,5.0,0.0,0.0,788.0,2.0,394.0,100.0,0.0,0.0,1.0
tbSoY86HeB,US,18.0,Men,2025-02-25 09:06:46.493468 +00:00,9.0,10815.0,1.0,4.0,1.0,10815.0,4.0,2703.75,100.0,50.0,0.0,1.0
Aj6CZKjUNY,DE,39.0,Men,2025-03-09 13:52:04.430276 +00:00,3.0,4876.0,9.0,0.0,0.0,4876.0,3.0,1625.3333333333333,100.0,25.0,0.0,1.0
zb564GzoCT,US,37.0,Women,2025-03-11 04:49:13.432266 +00:00,5.0,5040.0,15.0,20.0,3.0,5040.0,3.0,1680.0,100.0,25.0,0.0,1.0
z8T45Lq2Il,DE,27.0,Men,2025-03-06 22:57:12.299371 +00:00,52.0,115043.0,445.0,4.0,1.0,115043.0,8.0,14380.375,100.0,100.0,12.5,0.0
VcR1Me2GIq,DE,38.0,Women,2025-02-22 08:10:27.690587 +00:00,2.0,5263.0,5.0,0.0,0.0,5263.0,3.0,1754.3333333333333,100.0,25.0,0.0,1.0
kg0MOTdRzu,DE,66.0,Men,2025-04-02 09:08:22.528784 +00:00,5.0,6830.0,32.0,0.0,0.0,6830.0,3.0,2276.6666666666665,100.0,0.0,0.0,0.0
iF7qnnQQB2,GB,48.0,Men,2025-04-02 06:31:14.073142 +00:00,14.0,12257.0,31.0,0.0,0.0,12257.0,6.0,2042.8333333333333,100.0,75.0,0.0,0.0
l24nodedA7,US,43.0,Women,2025-02-28 00:46:19.485923 +00:00,3.0,4144.0,12.0,0.0,0.0,4144.0,3.0,1381.3333333333333,100.0,25.0,0.0,1.0
ZHv19TtUvG,GB,39.0,Women,2025-03-28 11:36:32.465282 +00:00,3.0,2737.0,1.0,2.8,1.0,2737.0,4.0,684.25,100.0,50.0,0.0,1.0
4fOKt4vB1P,DE,44.0,Men,2025-02-26 10:46:09.686541 +00:00,107.0,141350.0,111.0,0.0,0.0,141350.0,10.0,14135.0,100.0,100.0,37.5,0.0
6bNsjBruGr,DE,36.0,Women,2025-02-22 08:10:03.521899 +00:00,41.0,73307.0,128.0,20.0,3.0,73307.0,10.0,7330.7,100.0,100.0,37.5,0.0
T1Cr1lJVaL,DE,60.0,Men,2025-03-12 20:01:02.458694 +00:00,53.0,117627.0,113.0,0.0,0.0,117627.0,4.0,29406.75,100.0,50.0,0.0,0.0
wNK0pCUWdK,US,52.0,Men,2025-02-01 01:27:14.853094 +00:00,83.0,94347.0,224.0,0.0,0.0,94347.0,7.0,13478.142857142857,100.0,100.0,0.0,0.0
M1cBAq1Fl8,DE,55.0,Men,2025-03-12 16:08:06.432434 +00:00,81.0,195960.0,298.0,0.0,0.0,195960.0,7.0,27994.285714285714,100.0,100.0,0.0,0.0
oweTs47bIX,US,39.0,Men,2025-03-01 12:15:17.994437 +00:00,1.0,183.0,1.0,0.0,0.0,183.0,1.0,183.0,50.0,0.0,0.0,1.0
ShnEPk6AiZ,US,33.0,Men,2025-02-14 02:28:18.456952 +00:00,44.0,55798.0,4.0,0.0,0.0,55798.0,6.0,9299.666666666666,100.0,100.0,0.0,1.0
Sy9YQidPsE,DE,53.0,Women,2025-03-18 22:59:36.763149 +00:00,19.0,21433.0,48.0,0.0,0.0,21433.0,6.0,3572.1666666666665,100.0,75.0,0.0,0.0
Cku0oB2N4s,US,59.0,Men,2025-02-16 04:11:06.012799 +00:00,19.0,39012.0,1.0,0.0,0.0,39012.0,5.0,7802.4,100.0,50.0,0.0,1.0
QdThl5Q04k,GB,33.0,Women,2025-03-19 19:37:55.348836 +00:00,24.0,113747.0,116.0,0.0,0.0,113747.0,7.0,16249.57142857143,100.0,100.0,0.0,0.0
9t5Rt4SLPj,GB,35.0,Women,2025-03-21 11:40:21.630714 +00:00,2.0,3180.0,6.0,0.0,0.0,3180.0,4.0,795.0,100.0,50.0,0.0,1.0
Di3j3bt7y4,GB,39.0,Women,2025-03-21 12:25:38.482337 +00:00,3.0,6490.0,16.0,0.0,0.0,6490.0,4.0,1622.5,100.0,50.0,0.0,1.0
ZBw3knigwN,GB,51.0,Men,2025-02-27 15:35:19.368748 +00:00,6.0,9305.0,1.0,0.0,0.0,9305.0,4.0,2326.25,100.0,50.0,0.0,1.0
p0MbekDBuw,DE,27.0,Men,2025-03-08 22:56:32.649619 +00:00,39.0,29209.0,20.0,0.0,0.0,29209.0,6.0,4868.166666666667,100.0,100.0,0.0,1.0
R1SNKAMRng,US,34.0,Men,2025-02-05 01:39:14.370203 +00:00,24.0,42424.0,1.0,4.0,1.0,42424.0,5.0,8484.8,100.0,50.0,0.0,1.0
dVkx5oQ9ww,US,39.0,Women,2025-03-04 11:56:14.302819 +00:00,19.0,18292.0,4.0,0.0,0.0,18292.0,6.0,3048.6666666666665,100.0,75.0,0.0,1.0
CWK58liEut,US,46.0,Men,2025-02-20 00:30:53.665384 +00:00,272.0,1093944.0,1078.0,41.399998,9.0,1093944.0,11.0,99449.45454545454,100.0,100.0,50.0,0.0
rr5V8leNvY,DE,46.0,Women,2025-03-28 13:18:52.298349 +00:00,27.0,63050.0,31.0,4.0,1.0,63050.0,6.0,10508.333333333334,100.0,100.0,0.0,0.0
LOYW8Y28dS,US,33.0,Men,2025-03-04 03:13:12.601211 +00:00,5.0,3280.0,1.0,0.0,0.0,3280.0,3.0,1093.3333333333333,100.0,25.0,0.0,1.0
OOHUHgo1Gk,US,39.0,Women,2025-02-23 02:02:46.513634 +00:00,3.0,315.0,1.0,0.0,0.0,315.0,3.0,105.0,100.0,25.0,0.0,1.0
nrMLoPIGpp,GB,36.0,Men,2025-03-25 15:21:55.527210 +00:00,9.0,5781.0,1.0,2.8,1.0,5781.0,5.0,1156.2,100.0,75.0,0.0,0.0
2keQbXev5Q,GB,58.0,Women,2025-03-30 12:45:29.207926 +00:00,3.0,19954.0,5.0,0.0,0.0,19954.0,5.0,3990.8,100.0,75.0,0.0,1.0
EpbiqdepDa,JP,29.0,Women,2025-03-13 19:56:52.757510 +00:00,2.0,6197.0,10.0,0.0,0.0,6197.0,3.0,2065.6666666666665,100.0,25.0,0.0,1.0
U13Wlh0dXI,GB,57.0,Men,2025-03-05 05:53:58.071706 +00:00,26.0,16897.0,1.0,0.0,0.0,16897.0,2.0,8448.5,100.0,0.0,0.0,1.0
nZSkLmQjY6,US,39.0,Men,2025-02-25 03:46:03.451351 +00:00,3.0,1087.0,1.0,0.0,0.0,1087.0,1.0,1087.0,50.0,0.0,0.0,1.0
kZeb9RGEA4,DE,39.0,Women,2025-03-22 19:10:48.995162 +00:00,2.0,12649.0,8.0,0.0,0.0,12649.0,4.0,3162.25,100.0,50.0,0.0,1.0
suS8cCvC4d,DE,22.0,Women,2025-03-05 10:46:54.371249 +00:00,1.0,2322.0,1.0,0.0,0.0,2322.0,4.0,580.5,100.0,50.0,0.0,1.0
lglN8BEb3Y,GB,18.0,Women,2025-03-03 17:25:32.704231 +00:00,97.0,214168.0,1.0,0.0,0.0,214168.0,8.0,26771.0,100.0,100.0,12.5,1.0
GeYdUeAap5,US,42.0,Women,2025-03-18 04:27:43.922925 +00:00,6.0,6270.0,47.0,0.0,0.0,6270.0,5.0,1254.0,100.0,50.0,0.0,1.0
YqkRNepSjK,US,52.0,Women,2025-02-19 04:56:35.739346 +00:00,10.0,5912.0,1.0,0.0,0.0,5912.0,4.0,1478.0,100.0,50.0,0.0,1.0
HlTq85uixO,US,43.0,Men,2025-01-31 02:21:04.608687 +00:00,5.0,6594.0,1.0,0.0,0.0,6594.0,3.0,2198.0,100.0,25.0,0.0,1.0
o2WNH9kcoV,DE,56.0,Women,2025-02-22 01:09:39.209689 +00:00,97.0,143251.0,37.0,4.0,1.0,143251.0,9.0,15916.777777777776,100.0,100.0,25.0,1.0
Y5BBPvfNbr,US,32.0,Men,2025-02-15 07:21:24.133274 +00:00,1.0,184.0,1.0,0.0,0.0,184.0,4.0,46.0,100.0,50.0,0.0,1.0
bxGZGlkfLf,US,61.0,Women,2025-02-26 16:17:39.053349 +00:00,42.0,86292.0,189.0,0.0,0.0,86292.0,7.0,12327.42857142857,100.0,100.0,0.0,1.0
8XymeRwJgK,US,39.0,Women,2025-02-02 04:37:37.149371 +00:00,13.0,23653.0,1.0,0.0,0.0,23653.0,4.0,5913.25,100.0,50.0,0.0,1.0
kG773IRT7h,US,35.0,Women,2025-02-06 07:15:07.062057 +00:00,5.0,4087.0,1.0,0.0,0.0,4087.0,2.0,2043.5,100.0,0.0,0.0,1.0
ZSYq5r5inJ,DE,36.0,Women,2025-02-13 11:07:14.309798 +00:00,12.0,23678.0,1.0,0.0,0.0,23678.0,6.0,3946.3333333333335,100.0,75.0,0.0,1.0
7IpHeSL8XE,US,39.0,Men,2025-02-24 01:01:20.984484 +00:00,2.0,5473.0,5.0,0.0,0.0,5473.0,3.0,1824.3333333333333,100.0,25.0,0.0,1.0
wvNGr9vT7F,US,44.0,Men,2025-02-16 03:42:12.503759 +00:00,3.0,1375.0,1.0,0.0,0.0,1375.0,3.0,458.3333333333333,100.0,25.0,0.0,1.0
CzcMNvLu3H,US,39.0,Men,2025-03-16 03:12:11.695462 +00:00,3.0,1253.0,12.0,11.0,2.0,1253.0,3.0,417.6666666666667,100.0,25.0,0.0,1.0
ZQeR5fyYbR,US,23.0,Women,2025-02-19 07:55:37.293127 +00:00,128.0,136209.0,164.0,10.0,2.0,136209.0,9.0,15134.333333333334,100.0,100.0,25.0,0.0
nQNfQbsWql,GB,43.0,Women,2025-03-01 04:27:46.011028 +00:00,2.0,2633.0,1.0,0.0,0.0,2633.0,3.0,877.6666666666666,100.0,25.0,0.0,1.0
9gV1vVBHCd,US,39.0,Women,2025-02-13 06:14:20.909911 +00:00,2.0,3984.0,1.0,0.0,0.0,3984.0,3.0,1328.0,100.0,25.0,0.0,1.0
3n9fLgQx8j,US,39.0,Women,2025-01-30 18:04:36.831981 +00:00,2.0,822.0,5.0,0.0,0.0,822.0,3.0,274.0,100.0,25.0,0.0,1.0
SjWUpNwwpw,DE,39.0,Men,2025-03-25 16:50:37.900689 +00:00,1.0,2346.0,2.0,0.0,0.0,2346.0,5.0,469.2,100.0,75.0,0.0,0.0
xzmPVA0yCs,GB,43.0,Men,2025-02-28 12:28:49.369312 +00:00,140.0,265217.0,233.0,0.0,0.0,265217.0,11.0,24110.636363636364,100.0,100.0,50.0,0.0
H9Uot8CIgZ,US,58.0,Women,2025-03-12 03:17:47.567305 +00:00,8.0,5689.0,2.0,20.0,3.0,5689.0,2.0,2844.5,100.0,0.0,0.0,1.0
INsTMQPDv9,US,40.0,Women,2025-02-15 16:34:08.562432 +00:00,244.0,143197.0,824.0,10.0,2.0,143197.0,13.0,11015.153846153846,100.0,100.0,75.0,1.0
mdE0z62YCd,DE,37.0,Men,2025-04-04 09:17:36.755548 +00:00,12.0,18315.0,41.0,4.0,1.0,18315.0,6.0,3052.5,100.0,100.0,0.0,0.0
uclVq0tKK7,DE,23.0,Women,2025-03-20 10:50:02.692712 +00:00,6.0,10609.0,7.0,0.0,0.0,10609.0,5.0,2121.8,100.0,75.0,0.0,1.0
EFfrvzp3Tf,JP,39.0,Men,2025-03-23 10:39:20.777252 +00:00,4.0,991.0,5.0,0.0,0.0,991.0,2.0,495.5,100.0,0.0,0.0,1.0
ShEbATdFTT,GB,44.0,Women,2025-03-12 12:07:34.967687 +00:00,1.0,206.0,2.0,0.0,0.0,206.0,1.0,206.0,50.0,0.0,0.0,1.0
nXBIsQobc5,US,59.0,Men,2025-03-02 03:55:50.862501 +00:00,20.0,35776.0,9.0,4.0,1.0,35776.0,5.0,7155.2,100.0,50.0,0.0,1.0
sPGKjE4Ea9,US,45.0,Men,2025-02-09 05:07:41.523209 +00:00,2.0,3626.0,5.0,0.0,0.0,3626.0,3.0,1208.6666666666667,100.0,25.0,0.0,1.0
jAi3dzbaXv,US,31.0,Men,2025-03-04 07:33:12.336965 +00:00,7.0,5895.0,1.0,4.4,1.0,5895.0,3.0,1965.0,100.0,25.0,0.0,1.0
ge0EyIDogp,DE,40.0,Men,2025-02-14 08:20:19.252039 +00:00,28.0,24487.0,1.0,0.0,0.0,24487.0,7.0,3498.1428571428573,100.0,100.0,0.0,1.0
dkI9wOMAqT,US,39.0,Women,2025-03-17 03:32:18.034377 +00:00,50.0,113750.0,157.0,4.0,1.0,113750.0,7.0,16250.0,100.0,100.0,0.0,0.0
hotpJNIScb,US,23.0,Women,2025-02-08 05:04:21.080897 +00:00,2.0,178.0,5.0,0.0,0.0,178.0,3.0,59.333333333333336,100.0,25.0,0.0,1.0
TXeJOIVqqs,GB,47.0,Women,2025-02-24 15:19:12.633931 +00:00,6.0,15089.0,7.0,0.0,0.0,15089.0,6.0,2514.8333333333335,100.0,75.0,0.0,1.0
D3Yw9Mk0JG,GB,39.0,Women,2025-03-08 13:17:19.980284 +00:00,2.0,1236.0,5.0,0.0,0.0,1236.0,1.0,1236.0,50.0,0.0,0.0,1.0
ly5DrRXGGk,US,60.0,Women,2025-03-01 08:54:43.093236 +00:00,23.0,74296.0,196.0,0.0,0.0,74296.0,6.0,12382.666666666666,100.0,75.0,0.0,1.0
0EKsa5Dehf,US,39.0,Men,2025-02-21 02:02:43.283460 +00:00,2.0,11032.0,5.0,0.0,0.0,11032.0,3.0,3677.3333333333335,100.0,25.0,0.0,1.0
PLg9mRgmRA,DE,36.0,Women,2025-02-13 12:53:42.281742 +00:00,2.0,1837.0,1.0,4.0,1.0,1837.0,2.0,918.5,100.0,0.0,0.0,1.0
1PkqEU2XKT,JP,28.0,Women,2025-03-05 13:07:56.665313 +00:00,74.0,109106.0,337.0,0.0,0.0,109106.0,9.0,12122.888888888889,100.0,100.0,25.0,0.0
OlTfffoavv,DE,35.0,Women,2025-03-29 18:49:42.906229 +00:00,8.0,11577.0,13.0,0.0,0.0,11577.0,1.0,11577.0,0.0,0.0,0.0,0.0
HNApW805NM,GB,39.0,Men,2025-03-22 21:32:53.807041 +00:00,15.0,30453.0,97.0,0.0,0.0,30453.0,6.0,5075.5,100.0,75.0,0.0,0.0
UNj8QMOyir,JP,33.0,Men,2025-03-05 16:45:24.787573 +00:00,20.0,21189.0,121.0,0.0,0.0,21189.0,6.0,3531.5,100.0,75.0,0.0,1.0
lqot1qzZUk,DE,39.0,Men,2025-03-26 08:20:02.912580 +00:00,2.0,1854.0,10.0,0.0,0.0,1854.0,2.0,927.0,100.0,0.0,0.0,1.0
UTaJjZDPTG,US,35.0,Women,2025-02-21 23:40:46.854543 +00:00,6.0,11389.0,1.0,4.0,1.0,11389.0,4.0,2847.25,100.0,50.0,0.0,1.0
hUXzyYaXHu,US,24.0,Men,2025-02-14 01:44:48.011535 +00:00,3.0,2351.0,1.0,0.0,0.0,2351.0,3.0,783.6666666666666,100.0,25.0,0.0,1.0
6D9EPYNuSL,US,45.0,Men,2025-03-13 00:31:21.585992 +00:00,54.0,99120.0,269.0,0.0,0.0,99120.0,7.0,14160.0,100.0,100.0,0.0,0.0
u9VUmh11uZ,DE,49.0,Men,2025-02-17 03:20:55.580704 +00:00,18.0,6273.0,979.0,0.0,0.0,6273.0,12.0,522.75,100.0,100.0,62.5,0.0
FUBANkSsDA,DE,28.0,Men,2025-02-16 00:41:17.339709 +00:00,39.0,158392.0,4.0,0.0,0.0,158392.0,9.0,17599.11111111111,100.0,100.0,25.0,1.0
CA3xuU39vU,JP,40.0,Men,2025-03-14 12:20:36.133194 +00:00,12.0,5587.0,160.0,1.4,1.0,5587.0,8.0,698.375,100.0,100.0,12.5,1.0
JfdV9dpbL2,US,39.0,Women,2025-02-18 03:14:34.836873 +00:00,4.0,1504.0,1.0,0.0,0.0,1504.0,3.0,501.3333333333333,100.0,25.0,0.0,1.0
Ym7tKNUH49,US,44.0,Men,2025-03-03 11:25:20.262446 +00:00,3.0,1126.0,5.0,21.6,3.0,1126.0,3.0,375.3333333333333,100.0,25.0,0.0,1.0
NIV0ZoXHFy,JP,25.0,Women,2025-03-10 08:37:53.363702 +00:00,12.0,15838.0,1.0,2.0,1.0,15838.0,4.0,3959.5,100.0,50.0,0.0,1.0
UIrDb0qaRh,GB,40.0,Women,2025-03-29 00:34:18.292619 +00:00,4.0,5609.0,12.0,0.0,0.0,5609.0,3.0,1869.6666666666667,100.0,25.0,0.0,0.0
rPs9Fc0gbr,DE,27.0,Women,2025-03-01 16:29:49.537809 +00:00,13.0,7338.0,1.0,4.0,1.0,7338.0,5.0,1467.6,100.0,75.0,0.0,1.0
LjE330sqTz,GB,37.0,Men,2025-02-27 23:51:20.119738 +00:00,370.0,400353.0,665.0,0.0,0.0,400353.0,12.0,33362.75,100.0,100.0,75.0,0.0
0IiOQW203b,DE,19.0,Women,2025-02-20 10:52:47.800471 +00:00,3.0,2014.0,5.0,4.0,1.0,2014.0,2.0,1007.0,100.0,0.0,0.0,1.0
IS3cjK5WYJ,DE,32.0,Men,2025-03-22 06:26:39.213839 +00:00,77.0,97891.0,57.0,0.0,0.0,97891.0,9.0,10876.777777777776,100.0,100.0,37.5,0.0
K6qYvfTpkl,DE,36.0,Women,2025-03-18 19:04:45.397113 +00:00,20.0,18769.0,64.0,4.0,1.0,18769.0,6.0,3128.1666666666665,100.0,75.0,0.0,1.0
aeY0qFMlvE,US,21.0,Men,2025-02-15 04:46:10.693737 +00:00,10.0,12511.0,5.0,0.0,0.0,12511.0,4.0,3127.75,100.0,50.0,0.0,1.0
vqU31SlZu7,US,39.0,Women,2025-02-13 14:59:01.440743 +00:00,5.0,7948.0,1.0,4.0,1.0,7948.0,2.0,3974.0,100.0,0.0,0.0,1.0
BDLNhXb3EX,GB,41.0,Men,2025-02-28 11:50:03.156574 +00:00,3.0,1359.0,5.0,0.0,0.0,1359.0,2.0,679.5,100.0,0.0,0.0,1.0
phsl18d3jU,US,35.0,Women,2025-02-12 17:38:12.178432 +00:00,3.0,2972.0,1.0,4.4,1.0,2972.0,4.0,743.0,100.0,50.0,0.0,1.0
kCHICgn984,US,23.0,Men,2025-03-12 07:30:14.172144 +00:00,39.0,44251.0,42.0,23.0,4.0,44251.0,6.0,7375.166666666667,100.0,75.0,0.0,1.0
6VfShcfj0m,US,30.0,Men,2025-03-16 08:28:35.515050 +00:00,29.0,124728.0,23.0,0.0,0.0,124728.0,4.0,31182.0,100.0,50.0,0.0,0.0
CuVMWomXoy,US,34.0,Men,2025-02-21 15:32:59.971389 +00:00,1.0,1234.0,5.0,0.0,0.0,1234.0,2.0,617.0,100.0,0.0,0.0,1.0
hwBCK3e8SQ,US,38.0,Men,2025-02-18 11:38:13.648189 +00:00,9.0,5572.0,1.0,0.0,0.0,5572.0,3.0,1857.3333333333333,100.0,25.0,0.0,0.0
MYRpTlRBbD,DE,45.0,Men,2025-03-18 16:00:20.758056 +00:00,33.0,39540.0,110.0,0.0,0.0,39540.0,6.0,6590.0,100.0,75.0,0.0,1.0
fdUhnGVa5B,DE,41.0,Women,2025-03-10 18:28:39.468636 +00:00,1.0,35.0,9.0,23.0,4.0,35.0,6.0,5.833333333333333,100.0,100.0,0.0,1.0
CtAxySn7XU,GB,50.0,Men,2025-03-17 06:20:39.074734 +00:00,3.0,1324.0,1.0,0.0,0.0,1324.0,1.0,1324.0,50.0,0.0,0.0,1.0
Ofe8NED9tp,US,39.0,Men,2025-02-13 11:24:21.992566 +00:00,1.0,365.0,1.0,0.0,0.0,365.0,1.0,365.0,50.0,0.0,0.0,1.0
cE9jeVWn6K,US,67.0,Women,2025-02-28 02:57:03.465510 +00:00,3.0,790.0,33.0,0.0,0.0,790.0,7.0,112.85714285714286,100.0,100.0,0.0,1.0
pxz7W7bHPP,GB,47.0,Women,2025-03-17 11:43:12.891171 +00:00,123.0,238763.0,679.0,2.8,1.0,238763.0,10.0,23876.3,100.0,100.0,37.5,0.0
ozQ8c6Io1G,DE,37.0,Women,2025-02-16 01:43:49.001743 +00:00,1.0,5762.0,5.0,0.0,0.0,5762.0,1.0,5762.0,50.0,0.0,0.0,1.0
m4V23BZni6,DE,39.0,Women,2025-04-03 18:33:47.256771 +00:00,1.0,8640.0,8.0,0.0,0.0,8640.0,4.0,2160.0,100.0,75.0,0.0,0.0
J7ajHkEaUb,US,62.0,Men,2025-02-13 03:59:55.761183 +00:00,5.0,7720.0,1.0,0.0,0.0,7720.0,4.0,1930.0,100.0,50.0,0.0,1.0
M0LYrr3qa1,GB,37.0,Women,2025-02-16 23:06:11.522348 +00:00,95.0,57727.0,1.0,3.08,1.0,57727.0,8.0,7215.875,100.0,100.0,12.5,1.0
WPtki9te9z,DE,24.0,Men,2025-02-23 07:21:25.463500 +00:00,14.0,13010.0,2.0,10.4,2.0,13010.0,6.0,2168.3333333333335,100.0,75.0,0.0,1.0
PDN0aFibIs,GB,36.0,Men,2025-02-26 20:43:10.666986 +00:00,23.0,41262.0,1.0,0.0,0.0,41262.0,6.0,6877.0,100.0,100.0,0.0,1.0
WDxfDOKivU,US,40.0,Women,2025-02-22 18:40:59.512513 +00:00,4.0,6215.0,1.0,0.0,0.0,6215.0,3.0,2071.6666666666665,100.0,25.0,0.0,1.0
OCVKtZfc7Q,US,65.0,Men,2025-02-23 03:26:23.395532 +00:00,2.0,1255.0,1.0,0.0,0.0,1255.0,1.0,1255.0,50.0,0.0,0.0,1.0
IMceYBR1DO,US,39.0,Men,2025-02-10 06:10:27.269383 +00:00,1.0,1261.0,1.0,0.0,0.0,1261.0,2.0,630.5,100.0,0.0,0.0,1.0
IQVR22RE7y,GB,30.0,Women,2025-03-05 20:03:06.434476 +00:00,44.0,41953.0,54.0,0.0,0.0,41953.0,7.0,5993.285714285715,100.0,100.0,0.0,1.0
IijuQq32qP,US,39.0,Men,2025-03-11 07:16:48.944920 +00:00,16.0,4095.0,28.0,4.0,1.0,4095.0,1.0,4095.0,50.0,0.0,0.0,1.0
PwQDVr5ZLr,DE,39.0,Men,2025-04-02 10:25:49.542188 +00:00,1.0,472.0,1.0,0.0,0.0,472.0,1.0,472.0,50.0,0.0,0.0,0.0
xs8zJ7XtDL,GB,39.0,Men,2025-02-16 20:42:38.675830 +00:00,15.0,7838.0,1.0,0.0,0.0,7838.0,6.0,1306.3333333333333,100.0,100.0,0.0,1.0
UC8yZNeytD,GB,56.0,Women,2025-03-09 17:26:56.899991 +00:00,37.0,472866.0,1.0,22.4,6.0,472866.0,9.0,52540.666666666664,100.0,100.0,37.5,0.0
OebWcBjovv,DE,30.0,Women,2025-03-29 20:08:33.635759 +00:00,14.0,8731.0,47.0,10.0,2.0,8731.0,6.0,1455.1666666666667,100.0,75.0,0.0,0.0
O0qugppxJ8,GB,30.0,Men,2025-03-09 16:00:25.185120 +00:00,64.0,62740.0,18.0,0.0,0.0,62740.0,7.0,8962.857142857143,100.0,100.0,12.5,0.0
b4K2NGtdBY,GB,37.0,Men,2025-02-15 05:47:03.104904 +00:00,33.0,22447.0,1.0,2.8,1.0,22447.0,6.0,3741.1666666666665,100.0,100.0,0.0,1.0
jHT5WoxwiW,DE,39.0,Women,2025-03-31 15:39:21.874044 +00:00,5.0,5728.0,38.0,0.0,0.0,5728.0,4.0,1432.0,100.0,75.0,0.0,0.0
10WjaE7dYX,US,36.0,Men,2025-02-11 17:08:46.457371 +00:00,2.0,270.0,1.0,0.0,0.0,270.0,3.0,90.0,100.0,25.0,0.0,1.0
jN6sKrz3wN,GB,39.0,Women,2025-04-01 18:26:02.686286 +00:00,22.0,21083.0,16.0,0.0,0.0,21083.0,5.0,4216.6,100.0,75.0,0.0,0.0
9BafFMiqIF,DE,22.0,Women,2025-02-12 13:52:01.242951 +00:00,17.0,52046.0,1.0,0.0,0.0,52046.0,7.0,7435.142857142857,100.0,100.0,0.0,1.0
0DSCbYBzmm,GB,37.0,Men,2025-03-27 07:11:54.131942 +00:00,51.0,62992.0,42.0,19.599998,5.0,62992.0,7.0,8998.857142857143,100.0,100.0,0.0,0.0
caMgh0s9T6,DE,39.0,Women,2025-03-26 17:24:58.733096 +00:00,23.0,36422.0,60.0,10.0,2.0,36422.0,7.0,5203.142857142857,100.0,100.0,0.0,0.0
gLutazxzMj,DE,39.0,Men,2025-03-31 17:16:26.698929 +00:00,3.0,1456.0,1.0,0.0,0.0,1456.0,3.0,485.3333333333333,100.0,25.0,0.0,1.0
rnFVyLmXkN,GB,34.0,Men,2025-04-03 16:03:49.238788 +00:00,11.0,7410.0,4.0,0.0,0.0,7410.0,5.0,1482.0,100.0,75.0,0.0,0.0
o983ajlhmY,US,43.0,Men,2025-03-01 09:29:15.490875 +00:00,4.0,2489.0,5.0,0.0,0.0,2489.0,3.0,829.6666666666666,100.0,25.0,0.0,1.0
RiFNgGDP4S,GB,20.0,Women,2025-03-23 10:52:57.581814 +00:00,5.0,238.0,5.0,0.0,0.0,238.0,1.0,238.0,50.0,0.0,0.0,1.0
UZgzZWT2Nk,DE,28.0,Men,2025-03-07 15:53:18.387769 +00:00,11.0,3742.0,2.0,0.0,0.0,3742.0,5.0,748.4,100.0,75.0,0.0,1.0
8q21JBwPq5,GB,34.0,Women,2025-03-13 14:23:26.757271 +00:00,1.0,465.0,15.0,0.0,0.0,465.0,2.0,232.5,100.0,0.0,0.0,1.0
dChEm73TwF,GB,39.0,Men,2025-03-28 14:39:53.389548 +00:00,2.0,744.0,5.0,0.0,0.0,744.0,1.0,744.0,50.0,0.0,0.0,1.0
UTDpHcP1Ob,US,45.0,Women,2025-02-15 02:08:35.770379 +00:00,3.0,4720.0,1.0,0.0,0.0,4720.0,5.0,944.0,100.0,50.0,0.0,1.0
8QDwwC7llm,GB,43.0,Women,2025-03-16 01:19:10.900620 +00:00,62.0,93202.0,31.0,0.0,0.0,93202.0,8.0,11650.25,100.0,100.0,12.5,0.0
fhPqHAKksp,GB,37.0,Men,2025-04-04 17:04:16.865165 +00:00,2.0,223.0,10.0,0.0,0.0,223.0,4.0,55.75,100.0,50.0,0.0,0.0
tQ1ChQ7Ivp,US,39.0,Men,2025-02-23 23:06:45.812575 +00:00,2.0,1705.0,5.0,0.0,0.0,1705.0,1.0,1705.0,50.0,0.0,0.0,1.0
4WkCV1y97E,GB,36.0,Men,2025-02-24 15:35:41.943927 +00:00,7.0,12384.0,1.0,0.0,0.0,12384.0,5.0,2476.8,100.0,75.0,0.0,1.0
WoLHAALaWi,DE,40.0,Men,2025-03-23 08:26:07.831236 +00:00,1.0,0.0,1.0,0.0,0.0,0.0,3.0,0.0,100.0,25.0,0.0,1.0
O4rtDgFv6Y,US,35.0,Men,2025-02-27 02:50:22.959324 +00:00,68.0,86590.0,204.0,0.0,0.0,86590.0,8.0,10823.75,100.0,100.0,25.0,0.0
A9cvdyoJat,DE,39.0,Women,2025-04-02 18:28:42.510481 +00:00,1.0,1031.0,5.0,0.0,0.0,1031.0,1.0,1031.0,50.0,0.0,0.0,0.0
FvSoLzsjH5,DE,61.0,Women,2025-03-03 23:52:19.858402 +00:00,2.0,1955.0,2.0,0.0,0.0,1955.0,2.0,977.5,100.0,0.0,0.0,1.0
KwrIsLRt3X,DE,51.0,Women,2025-03-25 09:15:26.163410 +00:00,102.0,370390.0,226.0,0.0,0.0,370390.0,9.0,41154.444444444445,100.0,100.0,25.0,0.0
id0qxuYgzy,US,20.0,Men,2025-02-06 02:28:52.881167 +00:00,3.0,552.0,5.0,0.0,0.0,552.0,3.0,184.0,100.0,25.0,0.0,1.0
0F9mtcfEGC,US,37.0,Women,2025-02-12 21:35:50.822185 +00:00,2.0,513.0,1.0,0.0,0.0,513.0,3.0,171.0,100.0,25.0,0.0,1.0
vDLruYjx0N,DE,39.0,Men,2025-03-29 08:19:47.370524 +00:00,17.0,28418.0,28.0,26.0,5.0,28418.0,1.0,28418.0,50.0,0.0,0.0,0.0
d22onCcEWx,US,38.0,Men,2025-02-09 14:53:07.697675 +00:00,23.0,18599.0,1.0,0.0,0.0,18599.0,4.0,4649.75,100.0,50.0,0.0,1.0
hsBfNx7dMi,DE,34.0,Women,2025-02-28 22:14:23.366318 +00:00,103.0,52760.0,15.0,4.0,1.0,52760.0,10.0,5276.0,100.0,100.0,37.5,0.0
GDiVbgjfnf,DE,41.0,Men,2025-03-28 10:10:37.727125 +00:00,6.0,6746.0,15.0,0.0,0.0,6746.0,4.0,1686.5,100.0,50.0,0.0,1.0
JC4x3GUY7b,DE,30.0,Women,2025-02-22 07:42:51.523772 +00:00,67.0,35089.0,1.0,0.0,0.0,35089.0,7.0,5012.714285714285,100.0,100.0,12.5,0.0
n1IQkM4m6C,DE,39.0,Men,2025-03-09 02:59:17.618894 +00:00,1.0,1411.0,5.0,0.0,0.0,1411.0,1.0,1411.0,50.0,0.0,0.0,1.0
6mYgE7NIOG,GB,32.0,Women,2025-03-11 14:19:34.305187 +00:00,7.0,12104.0,5.0,0.0,0.0,12104.0,4.0,3026.0,100.0,50.0,0.0,1.0
2FYtuq8iLR,US,39.0,Women,2025-01-31 02:43:37.100249 +00:00,1.0,1579.0,5.0,0.0,0.0,1579.0,3.0,526.3333333333334,100.0,25.0,0.0,1.0
HAzVNFeg2C,DE,18.0,Women,2025-02-21 00:09:27.621492 +00:00,1.0,1.0,5.0,0.0,0.0,1.0,4.0,0.25,100.0,50.0,0.0,1.0
HklPpyfyUE,GB,38.0,Men,2025-03-29 11:48:20.597315 +00:00,10.0,9142.0,10.0,0.0,0.0,9142.0,4.0,2285.5,100.0,50.0,0.0,1.0
pkDXF4OqUs,US,31.0,Women,2025-03-03 04:34:18.293476 +00:00,1.0,485.0,1.0,0.0,0.0,485.0,1.0,485.0,50.0,0.0,0.0,1.0
KkaUiWGmhl,US,39.0,Men,2025-02-18 00:55:23.719224 +00:00,2.0,4595.0,1.0,0.0,0.0,4595.0,3.0,1531.6666666666667,100.0,25.0,0.0,1.0
8r0Ntdl84w,US,37.0,Women,2025-02-27 05:12:53.580856 +00:00,1.0,787.0,1.0,0.0,0.0,787.0,2.0,393.5,100.0,0.0,0.0,1.0
WfV8wTiAe8,DE,38.0,Men,2025-04-04 19:24:09.852548 +00:00,5.0,12888.0,14.0,0.0,0.0,12888.0,5.0,2577.6,100.0,75.0,0.0,0.0
SQSbm1V7tx,DE,30.0,Women,2025-03-10 13:38:17.480933 +00:00,4.0,10914.0,1.0,0.0,0.0,10914.0,4.0,2728.5,100.0,50.0,0.0,1.0
dDQszRHMD5,US,18.0,Women,2025-02-13 06:12:45.277655 +00:00,1.0,1134.0,5.0,0.0,0.0,1134.0,2.0,567.0,100.0,0.0,0.0,1.0
d2hSg1WQk9,DE,39.0,Men,2025-03-25 11:08:49.071176 +00:00,33.0,60746.0,19.0,4.0,1.0,60746.0,5.0,12149.2,100.0,75.0,0.0,0.0
jM03wdAKzb,DE,24.0,Men,2025-03-18 22:44:54.748941 +00:00,6.0,6601.0,5.0,20.0,3.0,6601.0,4.0,1650.25,100.0,50.0,0.0,1.0
CP92BatjxT,US,32.0,Men,2025-02-23 14:02:31.773256 +00:00,17.0,31779.0,101.0,0.0,0.0,31779.0,6.0,5296.5,100.0,75.0,0.0,0.0
I0YtMNUyPU,JP,49.0,Women,2025-03-05 21:45:16.140147 +00:00,25.0,71197.0,218.0,0.0,0.0,71197.0,6.0,11866.166666666666,100.0,75.0,0.0,0.0
RZ6zLfUPMJ,US,48.0,Men,2025-03-01 04:26:49.052556 +00:00,3.0,600.0,12.0,0.0,0.0,600.0,4.0,150.0,100.0,50.0,0.0,1.0
Ompy0VJQLc,DE,34.0,Women,2025-02-17 05:33:56.597140 +00:00,3.0,1008.0,5.0,0.0,0.0,1008.0,3.0,336.0,100.0,25.0,0.0,1.0
cDQNMWohug,GB,29.0,Men,2025-03-28 11:49:47.796565 +00:00,3.0,15660.0,140.0,0.0,0.0,15660.0,8.0,1957.5,100.0,100.0,12.5,1.0
4V5sRvahbi,GB,39.0,Women,2025-02-13 00:44:07.728482 +00:00,39.0,67320.0,3.0,0.0,0.0,67320.0,7.0,9617.142857142857,100.0,100.0,0.0,1.0
YOkrOLSIgQ,GB,68.0,Women,2025-02-17 10:05:12.081133 +00:00,35.0,38247.0,5.0,0.0,0.0,38247.0,1.0,38247.0,50.0,0.0,0.0,1.0
0IyWyhz0yF,DE,27.0,Women,2025-03-17 13:21:36.543191 +00:00,8.0,8182.0,5.0,0.0,0.0,8182.0,5.0,1636.4,100.0,75.0,0.0,1.0
FZC4ttcAPJ,DE,46.0,Men,2025-03-21 13:03:12.853434 +00:00,2.0,4765.0,9.0,0.0,0.0,4765.0,3.0,1588.3333333333333,100.0,25.0,0.0,1.0
VOWsxozKrG,DE,39.0,Men,2025-02-23 00:04:08.556142 +00:00,2.0,3386.0,1.0,0.0,0.0,3386.0,3.0,1128.6666666666667,100.0,25.0,0.0,1.0
ULINlUo8G3,GB,44.0,Men,2025-03-09 17:26:53.307881 +00:00,178.0,248972.0,157.0,0.0,0.0,250023.0,9.0,27780.333333333332,100.0,100.0,25.0,0.0
hCMD94XIRw,DE,39.0,Women,2025-03-13 12:41:08.449201 +00:00,21.0,72833.0,268.0,4.0,1.0,72833.0,9.0,8092.555555555556,100.0,100.0,25.0,1.0
OLVL3z1MUF,DE,39.0,Women,2025-03-11 18:21:19.736787 +00:00,2.0,3611.0,2.0,0.0,0.0,3611.0,2.0,1805.5,100.0,0.0,0.0,1.0
vALXsexEk8,DE,39.0,Men,2025-03-16 22:09:08.601022 +00:00,11.0,7981.0,15.0,0.0,0.0,7981.0,5.0,1596.2,100.0,75.0,0.0,1.0
nQ9Hfk8TMW,US,63.0,Men,2025-03-07 04:02:30.381759 +00:00,25.0,72162.0,173.0,4.0,1.0,72162.0,8.0,9020.25,100.0,100.0,12.5,0.0
BMsXuDlxWq,GB,39.0,Men,2025-02-27 00:07:08.132256 +00:00,7.0,5928.0,1.0,0.0,0.0,5928.0,4.0,1482.0,100.0,50.0,0.0,1.0
JpCzsBXAgS,US,39.0,Men,2025-01-31 05:33:22.603512 +00:00,17.0,20671.0,1.0,0.0,0.0,20671.0,6.0,3445.1666666666665,100.0,75.0,0.0,1.0
SsGkwCLbQp,GB,39.0,Men,2025-02-21 19:26:44.242310 +00:00,1.0,14.0,5.0,0.0,0.0,14.0,1.0,14.0,50.0,0.0,0.0,1.0
7hJZL9FauB,GB,56.0,Men,2025-02-21 16:07:16.570583 +00:00,39.0,162237.0,1.0,2.8,1.0,162237.0,9.0,18026.333333333332,100.0,100.0,25.0,1.0
uwIa1KDbUE,GB,49.0,Women,2025-02-15 17:51:15.663810 +00:00,27.0,44385.0,1.0,0.0,0.0,44385.0,7.0,6340.714285714285,100.0,100.0,0.0,1.0
sW7Fsk0dii,US,46.0,Men,2025-02-11 14:20:22.046990 +00:00,3.0,1307.0,5.0,0.0,0.0,1307.0,2.0,653.5,100.0,0.0,0.0,1.0
vyyGDaWU63,DE,24.0,Men,2025-03-06 10:36:19.652870 +00:00,18.0,22328.0,1.0,0.0,0.0,22328.0,4.0,5582.0,100.0,50.0,0.0,1.0
24vrZI0Vwr,DE,37.0,Men,2025-03-18 10:47:41.261604 +00:00,7.0,4707.0,1.0,10.0,2.0,4707.0,4.0,1176.75,100.0,50.0,0.0,0.0
otsycwPWba,GB,19.0,Men,2025-03-28 14:12:34.267488 +00:00,2.0,2707.0,1.0,0.0,0.0,2707.0,4.0,676.75,100.0,50.0,0.0,1.0
EooVBVs8TV,DE,39.0,Men,2025-03-14 16:05:45.190893 +00:00,1.0,3074.0,2.0,0.0,0.0,3074.0,4.0,768.5,100.0,50.0,0.0,1.0
SRHyeIk1kx,DE,37.0,Men,2025-03-06 12:53:55.399643 +00:00,1.0,969.0,5.0,0.0,0.0,969.0,2.0,484.5,100.0,0.0,0.0,1.0
xrT9YdIZnS,DE,51.0,Women,2025-02-22 00:37:33.523632 +00:00,66.0,138162.0,287.0,0.0,0.0,138162.0,10.0,13816.2,100.0,100.0,37.5,1.0
Cspz20JSjO,US,49.0,Men,2025-02-28 07:51:55.517543 +00:00,21.0,18385.0,2.0,0.0,0.0,18385.0,5.0,3677.0,100.0,75.0,0.0,1.0
xlTIOGoUxi,US,39.0,Women,2025-02-25 04:00:27.371790 +00:00,6.0,4769.0,1.0,0.0,0.0,4769.0,3.0,1589.6666666666667,100.0,25.0,0.0,1.0
NYm2Gm6WYc,GB,39.0,Men,2025-02-15 01:04:55.658867 +00:00,7.0,13991.0,19.0,0.0,0.0,13991.0,1.0,13991.0,50.0,0.0,0.0,1.0
LBksEQWgmF,JP,39.0,Men,2025-03-16 02:24:16.508871 +00:00,1.0,1676.0,1.0,0.0,0.0,1676.0,3.0,558.6666666666666,100.0,25.0,0.0,1.0
fhcPLYv1Eb,US,44.0,Men,2025-02-21 02:18:47.338905 +00:00,2.0,3536.0,1.0,0.0,0.0,3536.0,2.0,1768.0,100.0,0.0,0.0,1.0
wQMpkJzL1k,GB,18.0,Men,2025-03-01 12:57:26.600469 +00:00,3.0,10708.0,3.0,0.0,0.0,10708.0,4.0,2677.0,100.0,50.0,0.0,1.0
c1lhDjGxYs,GB,44.0,Men,2025-02-16 14:33:59.381822 +00:00,5.0,24623.0,1.0,0.0,0.0,24623.0,5.0,4924.6,100.0,75.0,0.0,1.0
t8MPwIZtVA,US,51.0,Women,2025-02-24 04:48:47.497461 +00:00,1.0,161.0,1.0,0.0,0.0,161.0,1.0,161.0,50.0,0.0,0.0,1.0
ssnsuUiZyl,US,62.0,Women,2025-03-12 03:51:23.278330 +00:00,55.0,114071.0,266.0,26.0,5.0,114071.0,8.0,14258.875,100.0,100.0,12.5,0.0
z0DH6QQSgf,US,51.0,Women,2025-03-18 03:14:59.871490 +00:00,3.0,3009.0,10.0,0.0,0.0,3009.0,3.0,1003.0,100.0,25.0,0.0,0.0
khMOsNUbfu,US,39.0,Men,2025-02-22 14:24:45.033238 +00:00,58.0,399170.0,1.0,4.0,1.0,399170.0,7.0,57024.28571428572,100.0,100.0,0.0,1.0
v627gyum42,DE,23.0,Men,2025-03-26 12:34:08.220941 +00:00,2.0,1453.0,5.0,0.0,0.0,1453.0,4.0,363.25,100.0,50.0,0.0,1.0
0P2mgEKgrt,US,34.0,Women,2025-02-21 03:37:38.491619 +00:00,2.0,1610.0,1.0,0.0,0.0,1610.0,1.0,1610.0,50.0,0.0,0.0,1.0
Z9tciEc7r1,GB,39.0,Women,2025-03-19 01:21:41.890939 +00:00,24.0,35856.0,37.0,7.0,2.0,35856.0,7.0,5122.285714285715,100.0,100.0,0.0,0.0
coWxFbkL5d,US,43.0,Men,2025-03-01 02:47:48.048043 +00:00,21.0,29030.0,94.0,0.0,0.0,29030.0,6.0,4838.333333333333,100.0,75.0,0.0,0.0
uRiLPui13D,US,49.0,Women,2025-03-12 05:43:53.561282 +00:00,16.0,11759.0,9.0,0.0,0.0,11759.0,5.0,2351.8,100.0,75.0,0.0,1.0
Qd7pg2xJpT,DE,37.0,Men,2025-02-26 11:31:27.632677 +00:00,87.0,84009.0,1.0,0.0,0.0,84009.0,8.0,10501.125,100.0,100.0,12.5,1.0
8kQzsOwNrh,JP,39.0,Women,2025-03-22 11:25:03.967749 +00:00,12.0,13100.0,22.0,0.0,0.0,13100.0,4.0,3275.0,100.0,50.0,0.0,1.0
LYvJaP9X2o,DE,28.0,Men,2025-03-19 23:04:33.965194 +00:00,26.0,41388.0,6.0,0.0,0.0,41388.0,6.0,6898.0,100.0,100.0,0.0,0.0
ax9GgSbKzI,GB,45.0,Women,2025-03-22 09:56:56.973784 +00:00,131.0,122537.0,97.0,2.8,1.0,122537.0,5.0,24507.4,100.0,50.0,0.0,0.0
Vr4b2BHuZ7,US,38.0,Men,2025-03-09 08:14:50.581570 +00:00,2.0,4029.0,1.0,0.0,0.0,4029.0,3.0,1343.0,100.0,25.0,0.0,1.0
L2oB6a1Luz,US,32.0,Men,2025-02-26 16:53:20.874713 +00:00,3.0,4897.0,5.0,4.0,1.0,4897.0,3.0,1632.3333333333333,100.0,25.0,0.0,1.0
ttzNkSK5Mm,DE,50.0,Women,2025-03-21 19:06:21.225415 +00:00,2.0,797.0,3.0,0.0,0.0,797.0,2.0,398.5,100.0,0.0,0.0,1.0
gf0dV8lqVn,DE,25.0,Men,2025-03-19 15:19:14.041486 +00:00,22.0,17569.0,4.0,0.0,0.0,17569.0,6.0,2928.1666666666665,100.0,100.0,0.0,0.0
GVtpJqGBv2,US,40.0,Women,2025-02-27 19:18:22.167280 +00:00,13.0,18375.0,39.0,20.0,3.0,18375.0,6.0,3062.5,100.0,100.0,0.0,1.0
lGbSmbOa6F,JP,39.0,Women,2025-03-22 08:00:35.708441 +00:00,40.0,31247.0,108.0,0.0,0.0,31247.0,7.0,4463.857142857143,100.0,100.0,0.0,0.0
Q0XI26wSt4,DE,39.0,Women,2025-02-16 08:37:47.240279 +00:00,2.0,91.0,43.0,0.0,0.0,91.0,7.0,13.0,100.0,100.0,0.0,1.0
FlUCLdpZb5,DE,37.0,Women,2025-03-16 22:30:29.405018 +00:00,60.0,156583.0,160.0,0.0,0.0,156583.0,8.0,19572.875,100.0,100.0,12.5,0.0
MZdZPNrqhB,US,39.0,Women,2025-03-03 12:33:58.402365 +00:00,6.0,17216.0,9.0,23.0,4.0,17216.0,5.0,3443.2,100.0,50.0,0.0,1.0
hZcqwi42pS,GB,39.0,Men,2025-02-28 18:42:55.822791 +00:00,29.0,38233.0,25.0,0.0,0.0,38233.0,9.0,4248.111111111111,100.0,100.0,37.5,0.0
J4BPtxqxln,GB,39.0,Women,2025-03-24 00:24:56.416433 +00:00,1.0,15.0,5.0,0.0,0.0,15.0,1.0,15.0,50.0,0.0,0.0,1.0
qhBcyfKXtl,DE,39.0,Men,2025-03-01 13:37:59.707609 +00:00,27.0,44852.0,11.0,4.0,1.0,44852.0,3.0,14950.666666666666,100.0,0.0,0.0,1.0
u3bFRinssj,DE,51.0,Women,2025-03-12 18:54:23.293291 +00:00,72.0,227895.0,217.0,0.0,0.0,227895.0,10.0,22789.5,100.0,100.0,50.0,0.0
OYumBwETCX,US,44.0,Women,2025-02-06 02:32:12.107162 +00:00,5.0,10632.0,1.0,4.0,1.0,10632.0,3.0,3544.0,100.0,25.0,0.0,1.0
egMRgu5r2j,DE,42.0,Men,2025-02-25 16:38:38.474431 +00:00,2.0,1807.0,1.0,0.0,0.0,1807.0,2.0,903.5,100.0,0.0,0.0,1.0
8M52GF3Zte,GB,35.0,Men,2025-03-20 14:46:23.461190 +00:00,2.0,19.0,1.0,0.0,0.0,19.0,1.0,19.0,50.0,0.0,0.0,1.0
En0J93OFYO,JP,38.0,Women,2025-03-04 22:03:36.018172 +00:00,8.0,17275.0,1.0,0.0,0.0,17275.0,1.0,17275.0,50.0,0.0,0.0,1.0
kVBNFBx3gO,DE,51.0,Men,2025-02-14 10:14:52.017086 +00:00,22.0,5673.0,1.0,4.0,1.0,5673.0,2.0,2836.5,100.0,0.0,0.0,1.0
chTjaB2XqT,US,34.0,Men,2025-02-20 09:46:55.402617 +00:00,5.0,27.0,5.0,0.0,0.0,27.0,3.0,9.0,100.0,25.0,0.0,1.0
Rb5bHiP8D7,US,25.0,Women,2025-02-13 09:32:23.317435 +00:00,2.0,2595.0,5.0,0.0,0.0,2595.0,3.0,865.0,100.0,25.0,0.0,1.0
a6pXbootSK,GB,26.0,Women,2025-02-13 06:30:02.107732 +00:00,1.0,775.0,5.0,0.0,0.0,775.0,2.0,387.5,100.0,0.0,0.0,1.0
FlGVtd24qe,US,51.0,Men,2025-02-20 14:49:59.063987 +00:00,60.0,172785.0,482.0,10.0,2.0,172785.0,9.0,19198.333333333332,100.0,100.0,25.0,0.0
ixgpkA6Mlw,GB,39.0,Men,2025-03-10 21:41:04.864524 +00:00,21.0,75085.0,171.0,0.0,0.0,75085.0,2.0,37542.5,100.0,0.0,0.0,1.0
cqrG70n5dC,US,30.0,Men,2025-03-18 02:17:35.878485 +00:00,8.0,16736.0,14.0,10.0,2.0,16736.0,4.0,4184.0,100.0,50.0,0.0,1.0
bFlY811xnV,DE,39.0,Women,2025-03-18 17:53:15.078535 +00:00,2.0,612.0,5.0,0.0,0.0,612.0,1.0,612.0,50.0,0.0,0.0,1.0
iYTzIcgTDT,GB,37.0,Women,2025-03-25 16:01:03.002633 +00:00,6.0,5556.0,1.0,0.0,0.0,5556.0,2.0,2778.0,100.0,0.0,0.0,1.0
WOCCgwkMdG,DE,41.0,Men,2025-03-09 08:45:24.897818 +00:00,9.0,25707.0,37.0,0.0,0.0,25707.0,7.0,3672.428571428571,100.0,100.0,0.0,1.0
FrXTu1DPMf,US,25.0,Men,2025-03-12 01:39:59.600485 +00:00,10.0,6366.0,3.0,0.0,0.0,6366.0,4.0,1591.5,100.0,50.0,0.0,1.0
poQO03o0hO,US,39.0,Women,2025-02-13 03:32:52.639380 +00:00,1.0,633.0,1.0,0.0,0.0,633.0,2.0,316.5,100.0,0.0,0.0,1.0
3M8ER4wtJC,GB,52.0,Men,2025-03-19 15:32:43.719961 +00:00,19.0,10271.0,5.0,0.0,0.0,10271.0,4.0,2567.75,100.0,50.0,0.0,1.0
R8dlp5KpsN,US,55.0,Men,2025-03-03 04:25:08.823861 +00:00,3.0,35.0,1.0,0.0,0.0,35.0,1.0,35.0,50.0,0.0,0.0,1.0
dHCluh9RoI,GB,43.0,Men,2025-02-13 13:01:22.836239 +00:00,26.0,18337.0,1.0,0.0,0.0,18337.0,4.0,4584.25,100.0,50.0,0.0,1.0
9do4gp5oT0,US,49.0,Women,2025-02-14 11:15:38.143235 +00:00,11.0,10331.0,1.0,4.0,1.0,10331.0,3.0,3443.6666666666665,100.0,25.0,0.0,1.0
Lg1pBTUeOd,DE,25.0,Women,2025-03-08 20:05:38.569257 +00:00,12.0,8763.0,3.0,0.0,0.0,8763.0,6.0,1460.5,100.0,100.0,0.0,1.0
GXSdjvVdu5,DE,33.0,Women,2025-03-28 20:57:19.247893 +00:00,1.0,1391.0,1.0,0.0,0.0,1391.0,2.0,695.5,100.0,0.0,0.0,1.0
YBdDXrLOHG,US,39.0,Women,2025-02-25 11:12:16.072426 +00:00,30.0,24593.0,1.0,0.0,0.0,24593.0,7.0,3513.285714285714,100.0,100.0,0.0,1.0
3bOhTD4qBv,US,55.0,Men,2025-02-05 03:19:59.462115 +00:00,3.0,7715.0,1.0,0.0,0.0,7715.0,3.0,2571.6666666666665,100.0,25.0,0.0,1.0
k4nx6kzY8A,GB,48.0,Men,2025-02-12 16:51:55.837233 +00:00,24.0,11438.0,1.0,0.0,0.0,11438.0,8.0,1429.75,100.0,100.0,12.5,1.0
PHirsj3TPN,DE,39.0,Women,2025-03-09 09:22:14.852901 +00:00,40.0,13403.0,3.0,0.0,0.0,13403.0,2.0,6701.5,100.0,0.0,0.0,1.0
HDEbOUrVwF,DE,35.0,Women,2025-03-18 12:23:28.096754 +00:00,2.0,426.0,5.0,0.0,0.0,426.0,1.0,426.0,50.0,0.0,0.0,1.0
ORTSJ7mVHt,US,44.0,Men,2025-02-14 05:48:20.843123 +00:00,7.0,1806.0,5.0,4.0,1.0,1806.0,3.0,602.0,100.0,25.0,0.0,1.0
8y29wk7WTY,US,39.0,Men,2025-03-07 13:24:52.527778 +00:00,2.0,1.0,1.0,0.0,0.0,1.0,1.0,1.0,50.0,0.0,0.0,1.0
2KoZAhSKLW,DE,49.0,Women,2025-02-13 12:19:45.875469 +00:00,23.0,37393.0,1.0,4.0,1.0,37393.0,5.0,7478.6,100.0,50.0,0.0,1.0
C3rFtW63Vq,DE,39.0,Men,2025-02-17 08:40:39.988158 +00:00,10.0,11570.0,1.0,4.0,1.0,11570.0,6.0,1928.3333333333333,100.0,100.0,0.0,1.0
coT2120wj6,GB,32.0,Men,2025-04-04 18:21:28.963206 +00:00,15.0,20377.0,3.0,2.8,1.0,20377.0,5.0,4075.4,100.0,100.0,0.0,0.0
ixT2FbvPYJ,DE,44.0,Men,2025-02-20 09:33:37.839816 +00:00,3.0,7765.0,1.0,0.0,0.0,7765.0,6.0,1294.1666666666667,100.0,75.0,0.0,1.0
kvDb6OuANF,GB,27.0,Men,2025-02-16 11:07:40.971031 +00:00,30.0,34803.0,1.0,0.0,0.0,34803.0,6.0,5800.5,100.0,100.0,0.0,1.0
8SXUqItCLU,DE,37.0,Women,2025-02-25 06:34:00.373179 +00:00,52.0,23195.0,1.0,10.0,2.0,23195.0,6.0,3865.8333333333335,100.0,100.0,0.0,1.0
N5UZsgGAWH,JP,39.0,Women,2025-03-16 14:34:07.007073 +00:00,30.0,36169.0,35.0,0.0,0.0,36169.0,6.0,6028.166666666667,100.0,75.0,0.0,1.0
yrzdmQw0hZ,GB,61.0,Men,2025-02-15 22:22:07.899027 +00:00,33.0,106316.0,25.0,2.8,1.0,106316.0,8.0,13289.5,100.0,100.0,12.5,0.0
aEzkyOMzax,US,23.0,Men,2025-03-15 01:02:53.145078 +00:00,22.0,41637.0,47.0,20.0,3.0,41637.0,6.0,6939.5,100.0,75.0,0.0,1.0
Saxtv9n7IM,GB,39.0,Men,2025-02-15 17:10:35.282603 +00:00,15.0,9410.0,1.0,0.0,0.0,9410.0,5.0,1882.0,100.0,75.0,0.0,1.0
09i4Mv7Wnh,US,39.0,Men,2025-03-03 12:11:05.365872 +00:00,1.0,4169.0,1.0,0.0,0.0,4169.0,3.0,1389.6666666666667,100.0,25.0,0.0,1.0
w3NqZdhsbj,DE,47.0,Men,2025-02-23 11:25:21.111833 +00:00,4.0,2241.0,1.0,0.0,0.0,2241.0,2.0,1120.5,100.0,0.0,0.0,1.0
sGqQEZWS9p,US,39.0,Women,2025-02-16 05:56:14.940709 +00:00,3.0,1276.0,1.0,0.0,0.0,1276.0,2.0,638.0,100.0,0.0,0.0,1.0
GXb8lbY1cG,DE,24.0,Men,2025-02-20 15:03:03.943654 +00:00,4.0,4584.0,1.0,0.0,0.0,4584.0,4.0,1146.0,100.0,50.0,0.0,1.0
u4pz1IeDwn,US,41.0,Women,2025-02-14 04:14:21.661501 +00:00,7.0,14446.0,1.0,0.0,0.0,14446.0,5.0,2889.2,100.0,50.0,0.0,1.0
eIhsImWCj2,US,54.0,Men,2025-03-06 02:29:20.457690 +00:00,236.0,197154.0,736.0,0.0,0.0,197154.0,10.0,19715.4,100.0,100.0,37.5,0.0
3lajeGWph5,US,62.0,Men,2025-03-15 03:52:00.182502 +00:00,5.0,10221.0,4.0,0.0,0.0,10221.0,3.0,3407.0,100.0,25.0,0.0,1.0
i3GBPiZpGR,DE,24.0,Women,2025-03-23 00:26:36.434253 +00:00,8.0,8152.0,5.0,0.0,0.0,8152.0,4.0,2038.0,100.0,50.0,0.0,1.0
ORTLPpsD2S,US,32.0,Men,2025-02-21 19:11:03.556075 +00:00,9.0,2037.0,1.0,4.0,1.0,2037.0,2.0,1018.5,100.0,0.0,0.0,1.0
xZCFsG2z3I,DE,39.0,Men,2025-03-23 08:24:25.634370 +00:00,29.0,116313.0,101.0,0.0,0.0,116313.0,7.0,16616.14285714286,100.0,100.0,0.0,1.0
hTfLHRaisc,DE,39.0,Women,2025-04-01 07:22:04.014596 +00:00,1.0,8334.0,50.0,0.0,0.0,8334.0,4.0,2083.5,100.0,50.0,0.0,0.0
UuOdfXyosz,DE,39.0,Women,2025-02-15 09:22:10.780027 +00:00,10.0,8799.0,1.0,0.0,0.0,8799.0,4.0,2199.75,100.0,50.0,0.0,1.0
DIfHZLzwdt,DE,39.0,Men,2025-03-16 17:05:20.920918 +00:00,68.0,232101.0,383.0,23.0,4.0,232101.0,10.0,23210.1,100.0,100.0,37.5,0.0
rg3luz7s42,DE,39.0,Men,2025-02-27 19:15:03.305864 +00:00,3.0,3.0,5.0,0.0,0.0,3.0,3.0,1.0,100.0,25.0,0.0,1.0
bGZ4McpVnG,DE,35.0,Women,2025-03-09 01:00:00.701671 +00:00,6.0,5004.0,1.0,0.0,0.0,5004.0,4.0,1251.0,100.0,50.0,0.0,1.0
DkfBOtdBse,DE,38.0,Women,2025-03-09 20:34:12.393099 +00:00,65.0,94163.0,71.0,44.0,11.0,94163.0,6.0,15693.833333333334,100.0,75.0,0.0,1.0
1qsqOL0xYb,US,34.0,Men,2025-02-20 07:28:31.448944 +00:00,2.0,2066.0,1.0,0.0,0.0,2066.0,3.0,688.6666666666666,100.0,25.0,0.0,1.0
lLtQDbRnKW,US,39.0,Men,2025-02-06 01:03:34.143240 +00:00,8.0,10576.0,1.0,0.0,0.0,10576.0,4.0,2644.0,100.0,50.0,0.0,1.0
DBXhxvcv6N,DE,39.0,Men,2025-03-07 10:07:30.230904 +00:00,9.0,14997.0,1.0,4.0,1.0,14997.0,6.0,2499.5,100.0,75.0,0.0,1.0
hHGvpBCq0r,JP,39.0,Men,2025-03-07 22:40:35.169947 +00:00,1.0,6348.0,1.0,0.0,0.0,6348.0,3.0,2116.0,100.0,25.0,0.0,1.0
JK7aemRm7K,JP,39.0,Men,2025-03-05 03:34:23.812488 +00:00,17.0,36989.0,17.0,0.0,0.0,36989.0,6.0,6164.833333333333,100.0,75.0,0.0,1.0
AkzuohF5xN,DE,54.0,Men,2025-03-15 17:02:59.431861 +00:00,46.0,39211.0,12.0,0.0,0.0,39211.0,5.0,7842.2,100.0,75.0,0.0,1.0
UUY17egjIP,US,41.0,Men,2025-02-27 04:55:07.915821 +00:00,1.0,978.0,1.0,0.0,0.0,978.0,2.0,489.0,100.0,0.0,0.0,1.0
8GifAvgbh8,US,48.0,Women,2025-02-21 15:54:54.139993 +00:00,19.0,33560.0,1.0,0.0,0.0,33560.0,5.0,6712.0,100.0,50.0,0.0,1.0
tyrscxNQZ9,US,46.0,Women,2025-02-25 00:14:49.515968 +00:00,91.0,265732.0,631.0,0.0,0.0,265732.0,10.0,26573.2,100.0,100.0,37.5,0.0
FOoX1BVDi3,DE,28.0,Men,2025-02-27 09:56:55.528891 +00:00,10.0,7935.0,1.0,0.0,0.0,7935.0,5.0,1587.0,100.0,75.0,0.0,1.0
FxAwicXJuA,GB,42.0,Men,2025-04-01 13:02:56.911346 +00:00,11.0,10726.0,5.0,0.0,0.0,10726.0,5.0,2145.2,100.0,75.0,0.0,0.0
m1bWSI9xHK,GB,39.0,Women,2025-03-22 15:47:37.136868 +00:00,81.0,86160.0,113.0,0.0,0.0,91590.0,9.0,10176.666666666666,100.0,100.0,37.5,0.0
9b60KRYVp1,DE,30.0,Women,2025-03-18 17:34:20.387405 +00:00,4.0,10606.0,26.0,0.0,0.0,10606.0,5.0,2121.2,100.0,75.0,0.0,1.0
qHtF09bDyq,GB,39.0,Women,2025-02-27 20:50:42.410227 +00:00,4.0,7075.0,1.0,0.0,0.0,7075.0,4.0,1768.75,100.0,50.0,0.0,1.0
8WlD1fiLPx,US,44.0,Men,2025-03-12 00:59:55.688230 +00:00,60.0,45591.0,27.0,0.0,0.0,45591.0,6.0,7598.5,100.0,100.0,0.0,0.0
KnUcIT1frr,GB,39.0,Women,2025-02-27 18:54:38.038574 +00:00,1.0,388.0,1.0,0.0,0.0,388.0,1.0,388.0,50.0,0.0,0.0,1.0
YXuXkYsbeL,GB,52.0,Men,2025-02-20 10:40:45.713219 +00:00,5.0,5101.0,5.0,0.0,0.0,5101.0,4.0,1275.25,100.0,50.0,0.0,1.0
Fnhj1zw3vG,US,44.0,Men,2025-02-11 17:34:02.440344 +00:00,2.0,2442.0,1.0,0.0,0.0,2442.0,1.0,2442.0,50.0,0.0,0.0,1.0
w1yB3qQig8,US,52.0,Women,2025-03-08 06:43:01.351765 +00:00,19.0,2958.0,15.0,0.0,0.0,2958.0,1.0,2958.0,0.0,0.0,0.0,1.0
WZLjQuRMBw,GB,43.0,Women,2025-02-18 08:55:32.989327 +00:00,17.0,36604.0,15.0,0.0,0.0,36604.0,7.0,5229.142857142857,100.0,100.0,0.0,1.0
kuUwYlkpr9,GB,42.0,Men,2025-02-13 13:18:24.664997 +00:00,298.0,622865.0,732.0,23.8,8.0,622865.0,15.0,41524.333333333336,100.0,100.0,100.0,1.0
4kCn8G11iF,GB,39.0,Women,2025-02-13 13:43:28.974814 +00:00,31.0,80071.0,73.0,0.0,0.0,80071.0,8.0,10008.875,100.0,100.0,12.5,0.0
vHTfR5RMt7,US,52.0,Women,2025-03-07 04:30:16.873862 +00:00,2.0,5717.0,1.0,0.0,0.0,5717.0,3.0,1905.6666666666667,100.0,25.0,0.0,1.0
15YHXnEeFF,US,40.0,Men,2025-02-19 04:12:10.360372 +00:00,2.0,2864.0,1.0,0.0,0.0,2864.0,3.0,954.6666666666666,100.0,25.0,0.0,1.0
MNt5wc06ej,DE,56.0,Women,2025-03-04 14:16:40.471874 +00:00,27.0,78278.0,32.0,10.0,2.0,78278.0,7.0,11182.57142857143,100.0,100.0,0.0,0.0
TX4SusXL5j,GB,54.0,Men,2025-02-19 07:56:08.419613 +00:00,164.0,195688.0,1.0,72.24,23.0,195688.0,14.0,13977.714285714286,100.0,100.0,87.5,0.0
gKQbOlBSft,DE,39.0,Men,2025-03-13 22:41:31.434600 +00:00,2.0,278.0,22.0,0.0,0.0,278.0,6.0,46.333333333333336,100.0,100.0,0.0,1.0
RXMN969Z5h,US,39.0,Women,2025-02-26 06:53:22.522759 +00:00,7.0,22184.0,1.0,0.0,0.0,22184.0,4.0,5546.0,100.0,50.0,0.0,1.0
D99M4QF21q,DE,39.0,Men,2025-03-22 17:28:10.519278 +00:00,1.0,106.0,5.0,0.0,0.0,106.0,2.0,53.0,100.0,0.0,0.0,1.0
AoCEknOHk8,DE,26.0,Women,2025-03-02 19:12:01.595401 +00:00,6.0,3960.0,5.0,4.0,1.0,3960.0,4.0,990.0,100.0,50.0,0.0,1.0
FKcjCA59v7,DE,45.0,Men,2025-02-28 04:03:52.346988 +00:00,3.0,952.0,1.0,4.0,1.0,952.0,5.0,190.4,100.0,75.0,0.0,1.0
wFpILUskT1,US,41.0,Women,2025-02-13 02:47:56.106832 +00:00,3.0,2650.0,1.0,0.0,0.0,2650.0,4.0,662.5,100.0,50.0,0.0,1.0
DNd3MY1pLJ,US,39.0,Men,2025-02-10 02:11:59.553291 +00:00,1.0,6982.0,5.0,0.0,0.0,6982.0,3.0,2327.3333333333335,100.0,25.0,0.0,1.0
LgOktGCbhO,DE,23.0,Men,2025-02-16 08:16:33.025266 +00:00,15.0,11958.0,4.0,4.0,1.0,11958.0,6.0,1993.0,100.0,100.0,0.0,1.0
biMY0yvzBt,US,30.0,Women,2025-03-02 01:55:42.026577 +00:00,6.0,6773.0,1.0,0.0,0.0,6773.0,3.0,2257.6666666666665,100.0,25.0,0.0,1.0
8AoA5mkCT5,US,37.0,Men,2025-02-10 10:21:19.968014 +00:00,86.0,192918.0,231.0,0.0,0.0,192918.0,8.0,24114.75,100.0,100.0,12.5,0.0
JVAiR6p1A0,DE,51.0,Men,2025-03-30 21:18:33.660265 +00:00,28.0,26964.0,2.0,0.0,0.0,26964.0,5.0,5392.8,100.0,75.0,0.0,0.0
2lIsdamk22,GB,59.0,Men,2025-03-29 08:47:52.124943 +00:00,3.0,3088.0,10.0,0.0,0.0,3088.0,4.0,772.0,100.0,50.0,0.0,1.0
DfTaginrDZ,GB,53.0,Men,2025-02-19 21:07:13.875511 +00:00,3.0,6694.0,1.0,0.0,0.0,6694.0,4.0,1673.5,100.0,50.0,0.0,1.0
6Ij6P4CCfh,GB,49.0,Women,2025-03-17 15:22:14.292526 +00:00,25.0,25439.0,9.0,0.0,0.0,25439.0,4.0,6359.75,100.0,50.0,0.0,0.0
YrfDIRV0ur,US,44.0,Men,2025-02-27 13:33:46.280534 +00:00,4.0,2902.0,11.0,0.0,0.0,2902.0,2.0,1451.0,100.0,0.0,0.0,1.0
CRbg3VqDVY,DE,31.0,Men,2025-03-03 12:07:10.169338 +00:00,65.0,38452.0,10.0,0.0,0.0,38452.0,7.0,5493.142857142857,100.0,100.0,12.5,1.0
MK77NuPn47,US,39.0,Women,2025-02-01 02:21:45.457787 +00:00,3.0,7434.0,1.0,0.0,0.0,7434.0,3.0,2478.0,100.0,25.0,0.0,1.0
AEOHaIRqfe,US,30.0,Women,2025-03-16 06:31:22.248747 +00:00,16.0,10763.0,12.0,0.0,0.0,10763.0,4.0,2690.75,100.0,50.0,0.0,0.0
3LULUv6Uiv,DE,34.0,Men,2025-03-05 18:28:52.037716 +00:00,14.0,14950.0,1.0,0.0,0.0,14950.0,5.0,2990.0,100.0,75.0,0.0,1.0
36czWaQ9yD,GB,41.0,Women,2025-03-08 17:31:25.242347 +00:00,54.0,63574.0,35.0,2.8,1.0,63574.0,7.0,9082.0,100.0,100.0,0.0,0.0
NaerIr28hL,DE,21.0,Women,2025-03-16 09:33:32.399947 +00:00,60.0,47100.0,79.0,0.0,0.0,47100.0,8.0,5887.5,100.0,100.0,12.5,0.0
nPolgbwXKJ,DE,39.0,Men,2025-03-14 22:30:40.206996 +00:00,1.0,1731.0,4.0,0.0,0.0,1731.0,4.0,432.75,100.0,50.0,0.0,1.0
RMAYaYRPog,GB,39.0,Women,2025-02-23 13:14:12.302471 +00:00,66.0,37966.0,1.0,0.0,0.0,37966.0,6.0,6327.666666666667,100.0,100.0,0.0,1.0
tdD4J0uvWZ,DE,41.0,Women,2025-03-17 00:45:08.663035 +00:00,23.0,55772.0,198.0,10.0,2.0,55772.0,7.0,7967.428571428572,100.0,100.0,0.0,1.0
nmGSBe9XHE,GB,40.0,Men,2025-04-03 19:14:53.255334 +00:00,1.0,444.0,5.0,0.0,0.0,444.0,1.0,444.0,50.0,0.0,0.0,0.0
wTSblqkxvr,GB,39.0,Women,2025-02-20 15:06:46.115522 +00:00,44.0,29917.0,1.0,0.0,0.0,29917.0,5.0,5983.4,100.0,75.0,0.0,1.0
zAvrJ86rsh,DE,18.0,Men,2025-03-23 16:37:35.159751 +00:00,1.0,268.0,5.0,0.0,0.0,268.0,2.0,134.0,100.0,0.0,0.0,1.0
8FPe4kUD96,GB,39.0,Men,2025-02-18 10:36:59.644096 +00:00,36.0,83112.0,1.0,0.0,0.0,83112.0,8.0,10389.0,100.0,100.0,12.5,1.0
eZNhYr82lP,US,39.0,Men,2025-02-27 04:48:35.971918 +00:00,1.0,1540.0,1.0,0.0,0.0,1540.0,1.0,1540.0,50.0,0.0,0.0,1.0
gcZgt637Nx,GB,64.0,Women,2025-03-04 15:56:49.830672 +00:00,90.0,137037.0,387.0,0.0,0.0,137037.0,11.0,12457.90909090909,100.0,100.0,50.0,0.0
lB6XCROsC2,DE,44.0,Women,2025-04-04 10:57:52.332375 +00:00,2.0,5520.0,10.0,0.0,0.0,5520.0,4.0,1380.0,100.0,75.0,0.0,0.0
CiybSwFUXn,GB,39.0,Men,2025-03-01 01:11:18.044355 +00:00,81.0,141056.0,39.0,19.599998,5.0,141056.0,8.0,17632.0,100.0,100.0,12.5,1.0
uJnImd47Vh,US,43.0,Women,2025-02-10 05:41:21.663541 +00:00,72.0,81090.0,119.0,35.0,8.0,81090.0,5.0,16218.0,100.0,75.0,0.0,1.0
T5A4dp9MLl,GB,32.0,Women,2025-03-03 15:53:35.101771 +00:00,67.0,123311.0,338.0,2.8,1.0,123311.0,9.0,13701.222222222224,100.0,100.0,25.0,1.0
4zPrCG85NM,US,45.0,Women,2025-03-04 02:45:09.076461 +00:00,6.0,33034.0,1.0,0.0,0.0,33034.0,5.0,6606.8,100.0,50.0,0.0,1.0
dJfEtRx6BJ,DE,39.0,Men,2025-03-28 23:26:05.684351 +00:00,1.0,21.0,5.0,0.0,0.0,21.0,1.0,21.0,50.0,0.0,0.0,1.0
RG94W9gKVW,DE,39.0,Men,2025-02-23 08:29:38.850203 +00:00,46.0,142303.0,322.0,4.0,1.0,149459.0,9.0,16606.555555555555,100.0,100.0,25.0,0.0
iYwIt2RwNx,US,39.0,Women,2025-02-11 09:16:24.853135 +00:00,3.0,5530.0,1.0,0.0,0.0,5530.0,1.0,5530.0,50.0,0.0,0.0,1.0
0dqFY2Xbw2,DE,37.0,Women,2025-03-03 03:22:42.870764 +00:00,50.0,115084.0,142.0,0.0,0.0,115084.0,8.0,14385.5,100.0,100.0,12.5,0.0
9N0KOL94rt,DE,31.0,Women,2025-03-05 15:56:57.004862 +00:00,3.0,11767.0,50.0,0.0,0.0,11767.0,6.0,1961.1666666666667,100.0,75.0,0.0,1.0
wauuSZALuV,US,39.0,Women,2025-02-17 05:41:30.611659 +00:00,3.0,2591.0,1.0,0.0,0.0,2591.0,2.0,1295.5,100.0,0.0,0.0,1.0
3HobxqCzhQ,US,33.0,Men,2025-02-02 06:35:59.698022 +00:00,24.0,18170.0,5.0,4.0,1.0,18170.0,6.0,3028.3333333333335,100.0,75.0,0.0,1.0
0figpaFBUh,US,52.0,Men,2025-02-27 17:38:29.048529 +00:00,11.0,9260.0,1.0,4.0,1.0,9260.0,3.0,3086.6666666666665,100.0,25.0,0.0,1.0
NW8JaN5k1C,US,65.0,Women,2025-03-05 00:32:45.100777 +00:00,63.0,133256.0,315.0,0.0,0.0,133256.0,1.0,133256.0,50.0,0.0,0.0,0.0
KsyAUssbch,DE,45.0,Women,2025-02-16 08:36:42.997325 +00:00,169.0,268668.0,595.0,4.0,1.0,268668.0,12.0,22389.0,100.0,100.0,75.0,0.0
mmi7kWmaZY,GB,35.0,Men,2025-03-14 14:12:29.964765 +00:00,8.0,8619.0,3.0,0.0,0.0,8619.0,5.0,1723.8,100.0,75.0,0.0,1.0
xtxuy09ZPp,US,39.0,Women,2025-03-13 08:25:02.973254 +00:00,7.0,9177.0,2.0,0.0,0.0,9177.0,3.0,3059.0,100.0,25.0,0.0,1.0
lxQsMDJzO0,DE,47.0,Men,2025-02-19 09:04:51.263347 +00:00,95.0,261863.0,38.0,4.0,1.0,261863.0,11.0,23805.727272727272,100.0,100.0,50.0,0.0
xFH8xRMNiS,US,47.0,Women,2025-02-07 03:15:30.318947 +00:00,5.0,11199.0,1.0,0.0,0.0,11199.0,5.0,2239.8,100.0,75.0,0.0,1.0
LACy9WhcyG,GB,39.0,Women,2025-03-08 13:12:21.418790 +00:00,18.0,11402.0,9.0,0.0,0.0,11402.0,5.0,2280.4,100.0,75.0,0.0,1.0
HmvFQpVGWr,US,42.0,Women,2025-02-28 12:45:50.854981 +00:00,2.0,2001.0,2.0,4.4,1.0,2001.0,2.0,1000.5,100.0,0.0,0.0,1.0
zerfopJeXX,US,46.0,Women,2025-02-20 09:33:18.005916 +00:00,1.0,663.0,5.0,0.0,0.0,663.0,1.0,663.0,50.0,0.0,0.0,1.0
wmemYSnfUc,DE,49.0,Women,2025-03-31 01:57:03.024353 +00:00,51.0,71913.0,277.0,4.0,1.0,71913.0,9.0,7990.333333333333,100.0,100.0,37.5,0.0
IVppfEIV0Z,GB,27.0,Men,2025-02-22 14:59:27.926712 +00:00,1.0,983.0,5.0,0.0,0.0,983.0,1.0,983.0,50.0,0.0,0.0,1.0
DMEV9r1FQt,DE,39.0,Women,2025-03-28 17:50:25.396612 +00:00,42.0,53108.0,108.0,0.0,0.0,53108.0,8.0,6638.5,100.0,100.0,12.5,0.0
1vDYREI0G3,US,32.0,Women,2025-02-16 02:00:04.541899 +00:00,4.0,4850.0,1.0,4.0,1.0,4850.0,3.0,1616.6666666666667,100.0,25.0,0.0,1.0
pWRcv0ZX68,GB,39.0,Women,2025-03-05 19:58:07.171345 +00:00,2.0,3244.0,1.0,0.0,0.0,3244.0,2.0,1622.0,100.0,0.0,0.0,1.0
TjmBAvhiqK,US,63.0,Men,2025-02-13 00:56:10.969082 +00:00,6.0,7060.0,1.0,4.0,1.0,7060.0,3.0,2353.3333333333335,100.0,25.0,0.0,1.0
cVM4Lr8VJh,GB,56.0,Women,2025-03-03 06:44:00.308134 +00:00,16.0,47719.0,41.0,0.0,0.0,47719.0,7.0,6817.0,100.0,100.0,0.0,1.0
OLbeAOrlfA,GB,45.0,Men,2025-02-14 19:04:50.830363 +00:00,2.0,2840.0,1.0,0.0,0.0,2840.0,5.0,568.0,100.0,75.0,0.0,1.0
98TBfjSneU,GB,28.0,Men,2025-02-21 18:23:56.087237 +00:00,2.0,5048.0,5.0,2.8,1.0,5048.0,4.0,1262.0,100.0,50.0,0.0,1.0
Lem6P4WA2H,US,25.0,Women,2025-02-16 00:34:14.404396 +00:00,10.0,3699.0,1.0,0.0,0.0,3699.0,3.0,1233.0,100.0,25.0,0.0,1.0
ESWMdlFqMT,GB,32.0,Men,2025-03-30 03:02:24.865427 +00:00,1.0,1196.0,7.0,0.0,0.0,1196.0,3.0,398.6666666666667,100.0,25.0,0.0,1.0
RqYvNMnMUd,GB,39.0,Men,2025-03-03 20:27:34.451064 +00:00,30.0,18317.0,1.0,2.8,1.0,18317.0,7.0,2616.714285714286,100.0,100.0,0.0,1.0
DdBaWLXjbV,US,48.0,Women,2025-02-15 01:52:18.144883 +00:00,10.0,66250.0,1.0,0.0,0.0,66250.0,3.0,22083.333333333332,100.0,25.0,0.0,1.0
SVxMa90QVf,GB,39.0,Men,2025-03-18 13:04:33.993638 +00:00,2.0,6868.0,12.0,0.0,0.0,6868.0,4.0,1717.0,100.0,50.0,0.0,1.0
81mnF8l275,US,34.0,Women,2025-03-10 03:22:30.885673 +00:00,3.0,4346.0,1.0,0.0,0.0,4346.0,3.0,1448.6666666666667,100.0,25.0,0.0,1.0
09uryXBDxP,US,23.0,Women,2025-02-10 03:45:09.698776 +00:00,5.0,1017.0,5.0,4.0,1.0,1017.0,2.0,508.5,100.0,0.0,0.0,1.0
6wtHEMus5s,US,20.0,Women,2025-03-11 06:58:20.108265 +00:00,2.0,162.0,1.0,0.0,0.0,162.0,3.0,54.0,100.0,25.0,0.0,1.0
5ZoTXWoEof,US,36.0,Women,2025-02-04 02:27:06.045808 +00:00,50.0,184939.0,2.0,4.0,1.0,184939.0,6.0,30823.166666666668,100.0,75.0,0.0,1.0
GW3cLRAtUL,DE,39.0,Men,2025-03-26 15:33:55.313456 +00:00,89.0,166920.0,168.0,0.0,0.0,166920.0,9.0,18546.666666666668,100.0,100.0,37.5,0.0
jyqHFa5T3b,DE,39.0,Men,2025-03-19 17:04:43.385090 +00:00,21.0,19771.0,61.0,0.0,0.0,19771.0,7.0,2824.4285714285716,100.0,100.0,0.0,0.0
j5OCbxN2UH,US,39.0,Women,2025-02-08 01:57:17.447847 +00:00,2.0,9432.0,1.0,0.0,0.0,9432.0,3.0,3144.0,100.0,25.0,0.0,1.0
6mlcXOpVOE,DE,39.0,Men,2025-02-18 12:22:43.324701 +00:00,3.0,1635.0,5.0,0.0,0.0,1635.0,2.0,817.5,100.0,0.0,0.0,1.0
0sepsStleK,DE,24.0,Women,2025-03-28 10:30:45.554405 +00:00,9.0,14716.0,6.0,0.0,0.0,14716.0,6.0,2452.6666666666665,100.0,100.0,0.0,0.0
74jfiv1Ebr,US,39.0,Women,2025-02-15 08:24:54.045266 +00:00,110.0,257920.0,102.0,0.0,0.0,257920.0,10.0,25792.0,100.0,100.0,37.5,1.0
rX9a4TLi16,JP,99.0,Women,2025-03-19 12:39:14.978044 +00:00,18.0,38050.0,112.0,6.2999997,3.0,38050.0,6.0,6341.666666666667,100.0,75.0,0.0,1.0
SHnrgA9vpJ,GB,44.0,Women,2025-03-26 08:03:56.362263 +00:00,20.0,33480.0,30.0,2.8,1.0,33480.0,6.0,5580.0,100.0,100.0,0.0,0.0
KEIM3l8PX8,DE,37.0,Women,2025-03-26 15:50:06.836795 +00:00,14.0,46133.0,19.0,0.0,0.0,46133.0,6.0,7688.833333333333,100.0,100.0,0.0,0.0
AvhSsEVNgc,US,43.0,Men,2025-03-03 10:20:09.347041 +00:00,2.0,1227.0,1.0,0.0,0.0,1227.0,1.0,1227.0,50.0,0.0,0.0,1.0
wewfbLJYSs,US,40.0,Men,2025-02-09 09:30:37.912430 +00:00,13.0,16981.0,1.0,0.0,0.0,16981.0,3.0,5660.333333333333,100.0,25.0,0.0,0.0
Iww4JYGbHQ,DE,40.0,Women,2025-03-23 06:51:29.285332 +00:00,2.0,1438.0,1.0,0.0,0.0,1438.0,2.0,719.0,100.0,0.0,0.0,1.0
XAVF4t6VdF,GB,41.0,Men,2025-03-10 18:28:56.267217 +00:00,247.0,342467.0,631.0,0.0,0.0,342467.0,6.0,57077.833333333336,100.0,75.0,0.0,0.0
WdHikIPv4r,GB,33.0,Women,2025-04-05 10:40:32.972344 +00:00,4.0,5032.0,5.0,0.0,0.0,5032.0,4.0,1258.0,100.0,75.0,0.0,0.0
XCu2EnAUi5,GB,45.0,Men,2025-02-26 08:50:24.962575 +00:00,191.0,82641.0,30.0,0.0,0.0,82641.0,5.0,16528.2,100.0,75.0,0.0,0.0
zL7CdiH5Z4,DE,39.0,Women,2025-03-02 18:51:43.445362 +00:00,14.0,27426.0,5.0,0.0,0.0,27426.0,7.0,3918.0,100.0,100.0,0.0,1.0
DT0y3jWCGQ,US,29.0,Men,2025-02-09 06:09:00.972368 +00:00,15.0,22902.0,1.0,4.0,1.0,22902.0,5.0,4580.4,100.0,50.0,0.0,1.0
9Z1ECO8cgu,US,39.0,Men,2025-02-26 14:55:06.718810 +00:00,8.0,22068.0,1.0,4.0,1.0,22068.0,4.0,5517.0,100.0,50.0,0.0,1.0
t0KlBvIzFy,US,51.0,Men,2025-02-25 15:41:45.576948 +00:00,33.0,16437.0,232.0,0.0,0.0,16437.0,7.0,2348.1428571428573,100.0,100.0,0.0,0.0
dpFHcS3Ik2,GB,46.0,Men,2025-02-14 05:26:35.927004 +00:00,41.0,107868.0,1.0,0.0,0.0,107868.0,8.0,13483.5,100.0,100.0,25.0,1.0
26XN4KoirV,US,36.0,Women,2025-03-06 00:44:41.857826 +00:00,9.0,18767.0,1.0,0.0,0.0,18767.0,4.0,4691.75,100.0,50.0,0.0,1.0
GJSA1zZNLl,US,38.0,Men,2025-02-24 15:12:42.336960 +00:00,9.0,9955.0,1.0,0.0,0.0,9955.0,1.0,9955.0,50.0,0.0,0.0,1.0
KRaxwPcztW,DE,39.0,Men,2025-02-17 09:16:46.119920 +00:00,99.0,147624.0,346.0,0.0,0.0,147624.0,10.0,14762.4,100.0,100.0,37.5,0.0
Lrdks5itU6,DE,25.0,Women,2025-02-15 12:05:21.996910 +00:00,15.0,53380.0,1.0,0.0,0.0,53380.0,4.0,13345.0,100.0,50.0,0.0,1.0
fiEE2wzOqh,DE,42.0,Men,2025-03-15 16:52:09.095960 +00:00,7.0,2099.0,5.0,0.0,0.0,2099.0,3.0,699.6666666666666,100.0,25.0,0.0,1.0
fZVpjbCCSQ,US,73.0,Women,2025-02-02 05:41:06.166991 +00:00,3.0,1162.0,1.0,0.0,0.0,1162.0,1.0,1162.0,50.0,0.0,0.0,1.0
elfmQt5YjM,GB,39.0,Women,2025-03-18 15:01:20.271796 +00:00,5.0,1148.0,5.0,0.0,0.0,1148.0,4.0,287.0,100.0,50.0,0.0,1.0
sRjSwZr45M,DE,32.0,Men,2025-03-02 11:05:33.740809 +00:00,203.0,260210.0,73.0,4.0,1.0,260210.0,11.0,23655.454545454544,100.0,100.0,62.5,0.0
xNvHmP0M3s,US,23.0,Men,2025-02-14 00:24:38.815783 +00:00,1.0,11.0,5.0,0.0,0.0,11.0,1.0,11.0,50.0,0.0,0.0,1.0
CwgodX0EvJ,US,48.0,Men,2025-02-09 12:51:14.586738 +00:00,3.0,3729.0,1.0,0.0,0.0,3729.0,3.0,1243.0,100.0,25.0,0.0,1.0
lF1iVx4can,DE,43.0,Women,2025-04-04 20:18:18.577529 +00:00,1.0,2837.0,7.0,0.0,0.0,2837.0,4.0,709.25,100.0,50.0,0.0,0.0
zdWA7NlCzO,DE,47.0,Men,2025-02-23 11:00:17.269316 +00:00,23.0,21188.0,1.0,4.0,1.0,21188.0,6.0,3531.3333333333335,100.0,100.0,0.0,1.0
7ZRm7KPr5x,GB,37.0,Men,2025-02-17 17:12:04.465525 +00:00,4.0,3176.0,1.0,0.0,0.0,3176.0,3.0,1058.6666666666667,100.0,25.0,0.0,1.0
9wornJMpkP,US,40.0,Women,2025-02-13 12:31:09.955862 +00:00,18.0,4612.0,1.0,4.0,1.0,4612.0,3.0,1537.3333333333333,100.0,25.0,0.0,1.0
uCCM28gdsS,GB,56.0,Women,2025-03-28 14:58:06.696115 +00:00,4.0,1449.0,38.0,14.0,3.0,1449.0,6.0,241.5,100.0,75.0,0.0,0.0
70UTBkbQmP,DE,39.0,Women,2025-03-13 05:21:01.289806 +00:00,2.0,13.0,5.0,0.0,0.0,13.0,1.0,13.0,50.0,0.0,0.0,1.0
q1KKk7QQUY,GB,31.0,Men,2025-02-25 17:34:07.000515 +00:00,7.0,12170.0,5.0,7.0,2.0,12170.0,6.0,2028.3333333333333,100.0,100.0,0.0,0.0
MZYiazriGX,GB,34.0,Men,2025-02-17 22:01:24.573560 +00:00,1.0,492.0,1.0,0.0,0.0,492.0,2.0,246.0,100.0,0.0,0.0,1.0
8waXkwTwCg,US,39.0,Women,2025-02-04 02:51:38.753766 +00:00,6.0,5147.0,1.0,0.0,0.0,5147.0,3.0,1715.6666666666667,100.0,25.0,0.0,1.0
VyLAP8376m,DE,39.0,Women,2025-03-02 10:42:03.329043 +00:00,2.0,738.0,5.0,0.0,0.0,738.0,1.0,738.0,50.0,0.0,0.0,1.0
fdtHKa98cl,GB,39.0,Women,2025-02-20 23:27:21.750788 +00:00,129.0,300611.0,222.0,0.0,0.0,300611.0,11.0,27328.272727272728,100.0,100.0,50.0,0.0
fevxKyYN3G,GB,39.0,Men,2025-03-06 14:30:23.983769 +00:00,1.0,20.0,5.0,0.0,0.0,20.0,1.0,20.0,50.0,0.0,0.0,1.0
B4AldiQA2R,DE,39.0,Men,2025-03-06 19:48:32.680764 +00:00,13.0,16594.0,94.0,0.0,0.0,16594.0,7.0,2370.5714285714284,100.0,100.0,0.0,0.0
y0NY9IcYrZ,US,29.0,Women,2025-02-03 02:33:09.623178 +00:00,2.0,1372.0,5.0,0.0,0.0,1372.0,3.0,457.3333333333333,100.0,25.0,0.0,1.0
DuLQQgQzRN,DE,50.0,Women,2025-02-16 01:16:40.650507 +00:00,19.0,14446.0,5.0,4.0,1.0,14446.0,1.0,14446.0,50.0,0.0,0.0,1.0
qYmkM04GlQ,US,39.0,Women,2025-03-01 13:36:56.603378 +00:00,7.0,22981.0,12.0,0.0,0.0,22981.0,3.0,7660.333333333333,100.0,25.0,0.0,0.0
S3FzXsSef5,GB,42.0,Men,2025-02-17 17:13:48.043316 +00:00,26.0,63029.0,4.0,0.0,0.0,63029.0,6.0,10504.833333333334,100.0,100.0,0.0,0.0
RbxsS4QsYE,US,54.0,Men,2025-02-23 12:17:53.086007 +00:00,2.0,879.0,5.0,0.0,0.0,879.0,1.0,879.0,50.0,0.0,0.0,1.0
yExDtzLwAv,DE,35.0,Women,2025-02-21 07:09:49.758931 +00:00,269.0,243579.0,1.0,20.0,3.0,243579.0,7.0,34797.0,100.0,100.0,12.5,0.0
xB7FR2Xq7K,DE,39.0,Women,2025-03-18 16:20:51.783071 +00:00,37.0,30855.0,112.0,0.0,0.0,30855.0,7.0,4407.857142857143,100.0,100.0,0.0,1.0
wZ7VyU3Tcg,US,31.0,Men,2025-02-27 02:29:56.163639 +00:00,10.0,8029.0,8.0,0.0,0.0,8029.0,3.0,2676.3333333333335,100.0,25.0,0.0,0.0
GJnHP6Mgbd,DE,58.0,Men,2025-04-01 11:09:33.861133 +00:00,10.0,12697.0,46.0,4.0,1.0,12697.0,5.0,2539.4,100.0,75.0,0.0,0.0
1Avo5XzKn2,DE,32.0,Women,2025-03-23 10:30:15.859349 +00:00,34.0,70284.0,39.0,4.0,1.0,70284.0,7.0,10040.57142857143,100.0,100.0,0.0,0.0
fdKPDeSP39,DE,39.0,Women,2025-03-24 16:24:19.412702 +00:00,3.0,2927.0,1.0,0.0,0.0,2927.0,3.0,975.6666666666666,100.0,25.0,0.0,1.0
LLZ67Xq1pt,US,39.0,Women,2025-02-11 09:23:28.547829 +00:00,1.0,1064.0,5.0,0.0,0.0,1064.0,1.0,1064.0,50.0,0.0,0.0,1.0
l4qDyLQkIt,US,34.0,Men,2025-03-14 02:22:11.811122 +00:00,45.0,59049.0,20.0,0.0,0.0,59049.0,5.0,11809.8,100.0,75.0,0.0,1.0
AsrHGl9Lgw,US,39.0,Men,2025-03-10 02:26:40.578722 +00:00,2.0,8447.0,4.0,0.0,0.0,8447.0,1.0,8447.0,0.0,0.0,0.0,1.0
eMYwbEPCcO,GB,37.0,Men,2025-03-14 02:52:03.974149 +00:00,7.0,2402.0,1.0,0.0,0.0,2402.0,4.0,600.5,100.0,50.0,0.0,1.0
kWosiFLKEm,US,53.0,Women,2025-02-28 14:15:46.613012 +00:00,147.0,142150.0,272.0,29.0,6.0,142150.0,10.0,14215.0,100.0,100.0,37.5,0.0
r2JF7YIPoS,GB,39.0,Men,2025-02-12 16:53:33.573084 +00:00,70.0,11588.0,1.0,2.8,1.0,11588.0,8.0,1448.5,100.0,100.0,25.0,1.0
HOXnz1vSsK,GB,40.0,Men,2025-03-26 13:09:53.654370 +00:00,15.0,15758.0,5.0,22.4,6.0,15758.0,4.0,3939.5,100.0,50.0,0.0,1.0
gyzvbHRmfr,US,39.0,Men,2025-02-10 01:18:43.381458 +00:00,21.0,25079.0,26.0,0.0,0.0,25079.0,6.0,4179.833333333333,100.0,75.0,0.0,1.0
aswsWlTW2I,US,46.0,Women,2025-03-04 04:01:05.260361 +00:00,80.0,91028.0,31.0,0.0,0.0,91028.0,10.0,9102.8,100.0,100.0,37.5,0.0
O7WJXktUHx,US,40.0,Men,2025-01-30 16:32:19.295466 +00:00,14.0,34191.0,1.0,4.0,1.0,34191.0,4.0,8547.75,100.0,50.0,0.0,1.0
nhRJ4i4Ndi,DE,39.0,Men,2025-03-20 07:59:35.547972 +00:00,1.0,396.0,5.0,0.0,0.0,396.0,1.0,396.0,50.0,0.0,0.0,1.0
mR7XUGYYC8,DE,37.0,Men,2025-02-27 13:53:30.855941 +00:00,59.0,48210.0,171.0,0.0,0.0,48210.0,8.0,6026.25,100.0,100.0,12.5,0.0
ZnRXttRsno,US,39.0,Women,2025-02-26 01:47:08.715458 +00:00,14.0,11537.0,1.0,4.0,1.0,11537.0,3.0,3845.6666666666665,100.0,25.0,0.0,1.0
OLjBVy8E56,DE,58.0,Men,2025-02-14 11:30:24.274362 +00:00,4.0,5159.0,1.0,0.0,0.0,5159.0,1.0,5159.0,50.0,0.0,0.0,1.0
309v0fEGnQ,DE,41.0,Women,2025-02-23 07:43:13.613334 +00:00,6.0,4580.0,70.0,0.0,0.0,4580.0,9.0,508.8888888888889,100.0,100.0,25.0,1.0
8k8FmLnHVh,DE,34.0,Women,2025-02-20 09:27:34.928505 +00:00,152.0,105367.0,135.0,4.0,1.0,105367.0,11.0,9578.818181818182,100.0,100.0,50.0,0.0
yodMgSWQsF,US,27.0,Men,2025-02-24 17:32:35.573270 +00:00,1.0,757.0,5.0,0.0,0.0,757.0,1.0,757.0,50.0,0.0,0.0,1.0
bpT2r8uHmP,DE,29.0,Men,2025-03-06 20:48:14.484714 +00:00,3.0,16.0,5.0,0.0,0.0,16.0,4.0,4.0,100.0,50.0,0.0,1.0
K9ZyQDhqmW,DE,30.0,Men,2025-02-27 08:06:19.764751 +00:00,55.0,38503.0,47.0,0.0,0.0,38503.0,8.0,4812.875,100.0,100.0,12.5,0.0
0BSe8ph3Pv,US,34.0,Men,2025-02-17 08:23:02.557249 +00:00,18.0,23104.0,12.0,0.0,0.0,23104.0,4.0,5776.0,100.0,50.0,0.0,1.0
3c4NmMsZ32,US,40.0,Women,2025-02-07 00:06:48.462984 +00:00,144.0,146872.0,317.0,4.0,1.0,146872.0,2.0,73436.0,100.0,0.0,0.0,0.0
1WzL6QoV1j,DE,38.0,Women,2025-03-04 04:53:10.744323 +00:00,19.0,5505.0,17.0,0.0,0.0,5505.0,1.0,5505.0,50.0,0.0,0.0,1.0
HUTDiycYoN,US,24.0,Women,2025-03-06 06:18:21.954094 +00:00,10.0,8669.0,1.0,10.0,2.0,8669.0,4.0,2167.25,100.0,50.0,0.0,0.0
nHDei1OPHV,DE,39.0,Women,2025-03-01 21:34:16.870677 +00:00,36.0,103830.0,284.0,0.0,0.0,103830.0,11.0,9439.09090909091,100.0,100.0,50.0,0.0
coovq8ppJk,US,39.0,Men,2025-03-05 11:46:08.813316 +00:00,69.0,32992.0,364.0,26.0,5.0,32992.0,9.0,3665.777777777778,100.0,100.0,25.0,0.0
8aFC1avyUm,GB,42.0,Women,2025-04-04 18:03:10.043469 +00:00,7.0,5719.0,27.0,0.0,0.0,5719.0,5.0,1143.8,100.0,100.0,0.0,0.0
e8YZ27Fuiy,DE,39.0,Women,2025-03-27 01:08:19.782603 +00:00,1.0,528.0,5.0,0.0,0.0,528.0,1.0,528.0,50.0,0.0,0.0,1.0
jnNyTmA8L5,US,47.0,Women,2025-02-09 08:49:37.359170 +00:00,2.0,1304.0,1.0,0.0,0.0,1304.0,3.0,434.6666666666667,100.0,25.0,0.0,1.0
XyCp1rG1Zv,US,45.0,Men,2025-02-22 15:56:44.155648 +00:00,5.0,5905.0,1.0,0.0,0.0,5905.0,4.0,1476.25,100.0,50.0,0.0,1.0
OBVsytq9dd,DE,74.0,Men,2025-02-13 13:16:08.613874 +00:00,78.0,84411.0,72.0,0.0,0.0,84411.0,9.0,9379.0,100.0,100.0,25.0,0.0
9x8M5FdzKb,US,47.0,Women,2025-03-08 00:47:34.267370 +00:00,3.0,49.0,36.0,4.0,1.0,49.0,5.0,9.8,100.0,50.0,0.0,1.0
3mZQDH66Nr,DE,23.0,Women,2025-03-31 15:59:14.048888 +00:00,8.0,15140.0,9.0,0.0,0.0,15140.0,4.0,3785.0,100.0,50.0,0.0,0.0
KIYo8UQBYP,DE,33.0,Men,2025-02-24 16:54:38.399201 +00:00,4.0,3114.0,1.0,0.0,0.0,3114.0,4.0,778.5,100.0,50.0,0.0,1.0
iyW54qS7uL,GB,38.0,Men,2025-02-18 17:26:45.653588 +00:00,45.0,103431.0,9.0,0.0,0.0,103431.0,3.0,34477.0,100.0,25.0,0.0,1.0
VluYLnXXW2,DE,21.0,Women,2025-03-23 14:33:50.234504 +00:00,91.0,93610.0,179.0,0.0,0.0,93610.0,7.0,13372.857142857143,100.0,100.0,12.5,0.0
tTX5s17NEZ,US,31.0,Women,2025-02-14 17:02:52.543786 +00:00,1.0,11.0,5.0,0.0,0.0,11.0,3.0,3.6666666666666665,100.0,25.0,0.0,1.0
pv3eI6tDvS,US,49.0,Women,2025-02-14 04:30:29.958249 +00:00,2.0,470.0,1.0,0.0,0.0,470.0,3.0,156.66666666666666,100.0,25.0,0.0,1.0
VBjbmnjcEs,GB,58.0,Men,2025-03-04 18:49:45.903466 +00:00,11.0,19575.0,1.0,0.0,0.0,19575.0,5.0,3915.0,100.0,75.0,0.0,1.0
EuvRgjawMG,GB,48.0,Women,2025-03-10 20:57:43.748741 +00:00,87.0,140871.0,490.0,0.0,0.0,140871.0,10.0,14087.1,100.0,100.0,37.5,1.0
R8VuXMF9pr,GB,34.0,Men,2025-02-12 22:16:15.732017 +00:00,9.0,15328.0,1.0,0.0,0.0,15328.0,6.0,2554.6666666666665,100.0,75.0,0.0,1.0
7HnMBv4Adn,DE,39.0,Men,2025-03-28 10:41:13.552120 +00:00,7.0,9446.0,31.0,0.0,0.0,9446.0,5.0,1889.2,100.0,75.0,0.0,0.0
em1dn5Fyo6,DE,29.0,Women,2025-02-14 08:41:30.436141 +00:00,25.0,36000.0,1.0,4.0,1.0,36000.0,6.0,6000.0,100.0,100.0,0.0,1.0
NyK9k6q3IX,US,44.0,Men,2025-02-08 11:20:07.511467 +00:00,8.0,26385.0,1.0,0.0,0.0,26385.0,5.0,5277.0,100.0,75.0,0.0,1.0
lUhLmyDDjv,US,39.0,Women,2025-03-02 00:56:15.891457 +00:00,11.0,3814.0,1.0,0.0,0.0,3814.0,4.0,953.5,100.0,50.0,0.0,1.0
CpmrzibomC,US,27.0,Men,2025-02-09 02:53:55.096645 +00:00,9.0,9971.0,17.0,0.0,0.0,9971.0,4.0,2492.75,100.0,50.0,0.0,1.0
BpfyfaLvpW,JP,29.0,Women,2025-03-04 14:59:40.835518 +00:00,19.0,17886.0,3.0,2.0,1.0,17886.0,5.0,3577.2,100.0,50.0,0.0,1.0
UqjRNDgeht,JP,47.0,Women,2025-03-04 14:28:22.461784 +00:00,33.0,48537.0,5.0,0.0,0.0,48537.0,3.0,16179.0,100.0,25.0,0.0,0.0
YM9iw25wbM,US,23.0,Men,2025-02-18 01:50:01.814048 +00:00,28.0,16137.0,1.0,0.0,0.0,16137.0,4.0,4034.25,100.0,50.0,0.0,0.0
97i3Cnwitz,JP,37.0,Men,2025-03-04 14:50:52.052921 +00:00,16.0,77536.0,45.0,0.0,0.0,77536.0,6.0,12922.666666666666,100.0,75.0,0.0,1.0
LpeF5KvlmC,GB,55.0,Women,2025-02-21 15:09:17.432999 +00:00,53.0,77335.0,1.0,2.8,1.0,77335.0,7.0,11047.857142857143,100.0,100.0,0.0,0.0
TeVxO8tvWZ,DE,20.0,Men,2025-03-13 12:12:55.053093 +00:00,8.0,1433.0,5.0,20.0,3.0,1433.0,4.0,358.25,100.0,50.0,0.0,1.0
yesU4TUrUC,DE,41.0,Women,2025-03-02 17:20:32.002099 +00:00,90.0,246037.0,422.0,23.0,4.0,246037.0,10.0,24603.7,100.0,100.0,37.5,0.0
AZ9lvz8qlp,US,29.0,Men,2025-02-11 17:43:23.049938 +00:00,8.0,15711.0,1.0,0.0,0.0,15711.0,3.0,5237.0,100.0,25.0,0.0,1.0
tvkdRnZyO5,GB,43.0,Men,2025-03-25 09:05:07.583244 +00:00,24.0,17033.0,4.0,19.599998,5.0,17033.0,5.0,3406.6,100.0,75.0,0.0,1.0
VxNb07YJKU,US,31.0,Men,2025-02-01 03:51:09.237331 +00:00,17.0,10603.0,2.0,4.4,1.0,10603.0,5.0,2120.6,100.0,50.0,0.0,1.0
vDmM3S1PNK,JP,39.0,Men,2025-03-21 06:57:46.012943 +00:00,2.0,6243.0,7.0,0.0,0.0,6243.0,3.0,2081.0,100.0,25.0,0.0,1.0
n6HCXDXlFo,DE,33.0,Women,2025-04-03 15:18:29.915418 +00:00,3.0,1449.0,1.0,0.0,0.0,1449.0,3.0,483.0,100.0,25.0,0.0,0.0
1s1ZIHBCrA,DE,41.0,Women,2025-02-28 17:15:03.061040 +00:00,17.0,11197.0,5.0,4.0,1.0,11197.0,1.0,11197.0,50.0,0.0,0.0,1.0
K72o7aGDj3,DE,39.0,Men,2025-03-04 20:40:10.868125 +00:00,11.0,10543.0,1.0,0.0,0.0,10543.0,4.0,2635.75,100.0,50.0,0.0,1.0
FYx5vqQ2lk,GB,46.0,Women,2025-03-04 19:55:57.441062 +00:00,15.0,19480.0,47.0,0.0,0.0,19480.0,3.0,6493.333333333333,100.0,0.0,0.0,1.0
vTI1viBB1f,GB,34.0,Men,2025-02-21 11:16:32.617366 +00:00,2.0,3251.0,1.0,2.8,1.0,3251.0,3.0,1083.6666666666667,100.0,25.0,0.0,1.0
ijlJGJV5fl,JP,18.0,Women,2025-03-05 02:04:32.296471 +00:00,4.0,9587.0,1.0,0.0,0.0,9587.0,3.0,3195.6666666666665,100.0,25.0,0.0,1.0
fHASfPRi9h,DE,37.0,Women,2025-03-24 06:45:26.167463 +00:00,6.0,9963.0,26.0,0.0,0.0,9963.0,4.0,2490.75,100.0,50.0,0.0,1.0
JzHmk6MqKk,US,32.0,Men,2025-02-08 10:22:59.825208 +00:00,7.0,5506.0,1.0,0.0,0.0,5506.0,4.0,1376.5,100.0,50.0,0.0,1.0
LxSNwgVCgt,DE,36.0,Men,2025-02-19 15:14:33.398067 +00:00,5.0,4298.0,1.0,0.0,0.0,4298.0,1.0,4298.0,50.0,0.0,0.0,1.0
32oI12zE7l,GB,49.0,Men,2025-03-26 16:35:11.742658 +00:00,4.0,6387.0,7.0,2.8,1.0,6387.0,4.0,1596.75,100.0,50.0,0.0,1.0
pLvoWBVPWF,US,52.0,Men,2025-03-07 07:07:35.601442 +00:00,1.0,3168.0,1.0,0.0,0.0,3168.0,3.0,1056.0,100.0,25.0,0.0,1.0
FTLvhkzsPU,US,50.0,Women,2025-02-16 12:12:34.728949 +00:00,1.0,696.0,1.0,0.0,0.0,696.0,2.0,348.0,100.0,0.0,0.0,1.0
mnJeshhT1B,GB,32.0,Women,2025-04-04 02:18:21.909534 +00:00,5.0,11804.0,1.0,7.0,2.0,11804.0,5.0,2360.8,100.0,75.0,0.0,0.0
LrqM4qfnfH,DE,39.0,Women,2025-03-20 03:58:07.229677 +00:00,8.0,8643.0,17.0,0.0,0.0,8643.0,4.0,2160.75,100.0,50.0,0.0,1.0
NJSCJbxu3y,DE,52.0,Women,2025-03-19 05:18:26.933764 +00:00,50.0,58177.0,252.0,0.0,0.0,58177.0,8.0,7272.125,100.0,100.0,25.0,0.0
X1dANm6Iq1,GB,29.0,Women,2025-03-11 00:16:59.684163 +00:00,6.0,2259.0,5.0,0.0,0.0,2259.0,3.0,753.0,100.0,25.0,0.0,1.0
AYrTQOnfOh,DE,43.0,Men,2025-03-28 08:37:30.108352 +00:00,7.0,28825.0,15.0,0.0,0.0,28825.0,4.0,7206.25,100.0,75.0,0.0,0.0
YqWwhOY5J8,US,51.0,Men,2025-02-06 02:00:33.763920 +00:00,20.0,28114.0,1.0,4.0,1.0,28114.0,8.0,3514.25,100.0,100.0,12.5,1.0
1iha6xQg4s,US,43.0,Men,2025-02-12 07:26:47.353635 +00:00,3.0,4109.0,5.0,0.0,0.0,4109.0,3.0,1369.6666666666667,100.0,25.0,0.0,1.0
IyTvsTivMm,US,48.0,Women,2025-02-23 06:15:22.267065 +00:00,17.0,28590.0,1.0,4.0,1.0,28590.0,4.0,7147.5,100.0,50.0,0.0,1.0
wZTwynnxPw,US,39.0,Women,2025-02-08 09:24:53.152726 +00:00,164.0,286688.0,134.0,0.0,0.0,286688.0,11.0,26062.545454545456,100.0,100.0,50.0,0.0
7Hj6UaUuGR,GB,33.0,Men,2025-03-12 09:10:17.049955 +00:00,19.0,4541.0,1.0,0.0,0.0,4541.0,5.0,908.2,100.0,75.0,0.0,0.0
cP9fPDYCsl,US,39.0,Men,2025-02-05 00:50:10.136523 +00:00,6.0,5618.0,5.0,0.0,0.0,5618.0,4.0,1404.5,100.0,50.0,0.0,1.0
7oTdnHFg71,DE,39.0,Men,2025-02-27 19:39:56.581821 +00:00,122.0,128534.0,431.0,0.0,0.0,128534.0,11.0,11684.90909090909,100.0,100.0,50.0,0.0
C8Q6SaZork,JP,39.0,Women,2025-03-15 07:30:00.467573 +00:00,4.0,5521.0,7.0,6.2999997,3.0,5521.0,3.0,1840.3333333333333,100.0,25.0,0.0,1.0
nV1HuiS9yk,GB,45.0,Women,2025-02-12 20:35:55.484130 +00:00,165.0,421821.0,270.0,0.0,0.0,421821.0,11.0,38347.36363636364,100.0,100.0,50.0,0.0
EyPMNU8ME8,GB,38.0,Women,2025-03-19 11:35:00.092390 +00:00,106.0,137739.0,279.0,2.8,1.0,137739.0,3.0,45913.0,100.0,25.0,0.0,0.0
gUrHpjeYyV,US,22.0,Women,2025-03-06 03:56:18.732314 +00:00,1.0,233.0,1.0,0.0,0.0,233.0,3.0,77.66666666666667,100.0,25.0,0.0,1.0
k39pNZJEF6,DE,49.0,Men,2025-02-20 13:45:17.210082 +00:00,1.0,1487.0,1.0,0.0,0.0,1487.0,1.0,1487.0,50.0,0.0,0.0,1.0
BR4EdGd83K,US,39.0,Women,2025-02-09 14:53:24.142383 +00:00,6.0,9101.0,1.0,0.0,0.0,9101.0,3.0,3033.6666666666665,100.0,25.0,0.0,1.0
7hbzJ8TwIl,US,41.0,Women,2025-03-18 03:15:19.526557 +00:00,12.0,22470.0,64.0,23.0,4.0,22470.0,6.0,3745.0,100.0,75.0,0.0,0.0
ILEuoh4iuf,GB,39.0,Women,2025-03-21 11:35:23.266588 +00:00,21.0,41163.0,37.0,0.0,0.0,41163.0,7.0,5880.428571428572,100.0,100.0,0.0,1.0
8fKcrnJgWt,US,61.0,Men,2025-03-12 00:12:01.797696 +00:00,22.0,20503.0,32.0,0.0,0.0,20503.0,6.0,3417.1666666666665,100.0,75.0,0.0,1.0
t9DzCbCgO8,US,39.0,Men,2025-02-08 00:28:51.901898 +00:00,12.0,5479.0,1.0,4.0,1.0,5479.0,4.0,1369.75,100.0,50.0,0.0,1.0
WHFFu79WY0,US,58.0,Men,2025-02-26 02:08:18.322681 +00:00,110.0,155147.0,31.0,0.0,0.0,155147.0,8.0,19393.375,100.0,100.0,12.5,0.0
AG10WwmvUS,DE,53.0,Men,2025-03-27 13:09:05.337908 +00:00,7.0,6507.0,9.0,0.0,0.0,6507.0,4.0,1626.75,100.0,50.0,0.0,0.0
VYFIE5prWP,GB,48.0,Men,2025-02-14 20:48:06.378127 +00:00,100.0,60828.0,49.0,19.6,5.0,60828.0,9.0,6758.666666666667,100.0,100.0,25.0,0.0
SoaeuGDvi7,US,34.0,Men,2025-02-12 07:06:51.326966 +00:00,66.0,57847.0,36.0,0.0,0.0,57847.0,7.0,8263.857142857143,100.0,100.0,0.0,0.0
SnLIxSmSEG,DE,37.0,Men,2025-03-23 08:56:34.617348 +00:00,7.0,11360.0,32.0,0.0,0.0,11360.0,5.0,2272.0,100.0,50.0,0.0,1.0
jtJNqqxiKT,DE,36.0,Women,2025-02-14 01:24:10.762822 +00:00,5.0,2099.0,5.0,0.0,0.0,2099.0,4.0,524.75,100.0,50.0,0.0,1.0
nk9NINJ88x,GB,56.0,Women,2025-03-25 01:18:46.250650 +00:00,4.0,7391.0,11.0,0.0,0.0,7391.0,4.0,1847.75,100.0,50.0,0.0,1.0
oXxqoyLsbK,GB,39.0,Men,2025-03-23 10:13:52.743345 +00:00,4.0,1938.0,5.0,0.0,0.0,1938.0,1.0,1938.0,50.0,0.0,0.0,1.0
0kSoSxsPHj,US,23.0,Women,2025-03-13 08:32:35.066153 +00:00,19.0,21736.0,57.0,35.0,8.0,21736.0,6.0,3622.6666666666665,100.0,75.0,0.0,1.0
Gaw5K9ngpW,GB,39.0,Men,2025-02-24 09:39:36.513918 +00:00,150.0,405501.0,461.0,19.599998,5.0,405501.0,12.0,33791.75,100.0,100.0,62.5,0.0
HacI2HyeHC,GB,31.0,Women,2025-03-05 12:31:07.090117 +00:00,23.0,27686.0,19.0,0.0,0.0,27686.0,7.0,3955.142857142858,100.0,100.0,0.0,1.0
LqGLlK02XG,US,41.0,Men,2025-02-07 18:09:04.468917 +00:00,5.0,9468.0,57.0,0.0,0.0,9468.0,5.0,1893.6,100.0,50.0,0.0,1.0
JiUQ3dRvaR,US,39.0,Women,2025-03-14 00:22:28.531626 +00:00,2.0,4037.0,2.0,0.0,0.0,4037.0,3.0,1345.6666666666667,100.0,25.0,0.0,1.0
Xp0PQHQTMF,US,39.0,Men,2025-03-17 03:05:36.210821 +00:00,5.0,1657.0,2.0,0.0,0.0,1657.0,4.0,414.25,100.0,50.0,0.0,0.0
r1EfNSO59T,GB,43.0,Men,2025-03-21 11:05:04.649623 +00:00,4.0,3767.0,5.0,0.0,0.0,3767.0,4.0,941.75,100.0,50.0,0.0,1.0
ku9IpZhz3s,DE,34.0,Women,2025-03-03 08:04:26.800591 +00:00,139.0,146131.0,112.0,0.0,0.0,146131.0,10.0,14613.1,100.0,100.0,37.5,0.0
vTys1NTdwY,US,39.0,Women,2025-02-01 01:34:55.945623 +00:00,2.0,3726.0,1.0,0.0,0.0,3726.0,3.0,1242.0,100.0,25.0,0.0,1.0
rMZAewRBji,GB,50.0,Men,2025-02-24 09:41:36.835105 +00:00,16.0,13936.0,14.0,0.0,0.0,13936.0,1.0,13936.0,50.0,0.0,0.0,1.0
08zP6xnqxR,US,46.0,Women,2025-03-12 02:22:26.885550 +00:00,10.0,18020.0,10.0,0.0,0.0,18020.0,3.0,6006.666666666667,100.0,25.0,0.0,1.0
UB5I4qr7Dl,DE,39.0,Men,2025-03-09 12:42:58.547959 +00:00,58.0,138293.0,21.0,0.0,0.0,138293.0,7.0,19756.14285714286,100.0,100.0,0.0,0.0
SBi2QXll0g,US,39.0,Women,2025-02-15 15:38:04.774354 +00:00,2.0,1502.0,1.0,0.0,0.0,1502.0,2.0,751.0,100.0,0.0,0.0,1.0
GteiIGCwR3,DE,39.0,Women,2025-03-06 20:46:57.365552 +00:00,67.0,84736.0,286.0,0.0,0.0,84736.0,9.0,9415.111111111111,100.0,100.0,25.0,0.0
pg0CbXSfJt,JP,27.0,Women,2025-03-04 21:56:52.943365 +00:00,3.0,1404.0,1.0,0.0,0.0,1404.0,3.0,468.0,100.0,25.0,0.0,1.0
tBUJ4IIP0z,GB,31.0,Men,2025-03-12 11:50:14.905710 +00:00,3.0,5336.0,29.0,0.0,0.0,5336.0,4.0,1334.0,100.0,50.0,0.0,1.0
uVqHCQKBKf,US,53.0,Men,2025-02-11 00:50:28.277132 +00:00,1.0,2161.0,5.0,0.0,0.0,2161.0,2.0,1080.5,100.0,0.0,0.0,1.0
ctgqWgd1Xx,US,37.0,Women,2025-02-10 10:17:10.537008 +00:00,1.0,3344.0,1.0,0.0,0.0,3344.0,3.0,1114.6666666666667,100.0,25.0,0.0,1.0
0KupOV7jwy,DE,30.0,Women,2025-03-11 21:24:52.964585 +00:00,79.0,75113.0,195.0,26.0,5.0,75113.0,9.0,8345.888888888889,100.0,100.0,25.0,1.0
NnrrANalDe,GB,51.0,Men,2025-02-28 20:49:32.199965 +00:00,1.0,373.0,1.0,0.0,0.0,373.0,1.0,373.0,50.0,0.0,0.0,1.0
kOgA5qAuVP,US,39.0,Men,2025-02-08 12:39:11.346190 +00:00,1.0,1360.0,1.0,0.0,0.0,1360.0,1.0,1360.0,50.0,0.0,0.0,1.0
nGG5ujuaX7,GB,39.0,Men,2025-03-24 12:56:50.430889 +00:00,4.0,1039.0,4.0,0.0,0.0,1039.0,1.0,1039.0,50.0,0.0,0.0,1.0
8DwwmOu3D9,US,39.0,Women,2025-02-13 06:12:26.330242 +00:00,1.0,3.0,5.0,0.0,0.0,3.0,3.0,1.0,100.0,25.0,0.0,1.0
9qteUFWE6w,US,39.0,Men,2025-03-11 21:57:44.657733 +00:00,5.0,13889.0,12.0,0.0,0.0,13889.0,3.0,4629.666666666667,100.0,25.0,0.0,1.0
LGa1d3aD7A,DE,21.0,Women,2025-04-02 23:37:13.674792 +00:00,11.0,9908.0,41.0,0.0,0.0,9908.0,5.0,1981.6,100.0,50.0,0.0,0.0
3MSTSTNOC9,GB,64.0,Women,2025-03-19 14:13:13.774015 +00:00,41.0,110994.0,100.0,0.0,0.0,110994.0,7.0,15856.285714285714,100.0,100.0,12.5,0.0
RwEzQL50Ep,GB,45.0,Men,2025-02-15 00:06:47.177138 +00:00,6.0,4900.0,1.0,0.0,0.0,4900.0,5.0,980.0,100.0,50.0,0.0,1.0
b9ymoEXZsY,GB,26.0,Men,2025-03-12 12:58:02.813432 +00:00,14.0,6897.0,3.0,14.0,3.0,6897.0,1.0,6897.0,50.0,0.0,0.0,1.0
eYmgxBt6kM,GB,48.0,Men,2025-03-27 00:52:55.927341 +00:00,4.0,16137.0,6.0,0.0,0.0,16137.0,1.0,16137.0,50.0,0.0,0.0,0.0
6CyvBWvg9P,DE,36.0,Men,2025-03-04 19:10:22.272523 +00:00,76.0,77948.0,112.0,4.0,1.0,77948.0,8.0,9743.5,100.0,100.0,12.5,0.0
9D5Uxnyo61,DE,39.0,Women,2025-03-22 09:12:16.539068 +00:00,5.0,2643.0,5.0,0.0,0.0,2643.0,3.0,881.0,100.0,25.0,0.0,1.0
Q9RqAXri3B,GB,39.0,Men,2025-03-21 15:32:13.381175 +00:00,7.0,9934.0,18.0,0.0,0.0,9934.0,4.0,2483.5,100.0,50.0,0.0,0.0
P4K7QRlDnB,DE,56.0,Men,2025-02-25 09:44:54.019469 +00:00,4.0,10349.0,1.0,0.0,0.0,10349.0,4.0,2587.25,100.0,50.0,0.0,1.0
TnmHTEqPaU,US,34.0,Men,2025-03-06 07:40:43.506318 +00:00,53.0,57952.0,5.0,0.0,0.0,57952.0,2.0,28976.0,100.0,0.0,0.0,0.0
YGytOJbGWV,GB,62.0,Women,2025-02-25 13:35:48.610520 +00:00,320.0,1210418.0,8.0,0.0,0.0,1210418.0,11.0,110038.0,100.0,100.0,62.5,0.0
EvNtdacscS,US,45.0,Men,2025-03-18 02:23:47.161860 +00:00,19.0,103667.0,99.0,0.0,0.0,103667.0,7.0,14809.57142857143,100.0,100.0,12.5,0.0
dWVWEM9R3L,GB,39.0,Men,2025-04-05 12:18:18.562801 +00:00,4.0,2342.0,5.0,0.0,0.0,2342.0,2.0,1171.0,100.0,0.0,0.0,0.0
BM3wagSi7J,DE,18.0,Women,2025-03-13 12:17:21.539051 +00:00,10.0,5485.0,1.0,0.0,0.0,5485.0,4.0,1371.25,100.0,50.0,0.0,1.0
JEv0EjRtm2,GB,43.0,Men,2025-03-21 10:19:05.065803 +00:00,17.0,32832.0,110.0,2.8,1.0,32832.0,6.0,5472.0,100.0,75.0,0.0,0.0
p02J2v6a48,DE,66.0,Women,2025-03-12 15:13:53.633516 +00:00,6.0,17016.0,46.0,0.0,0.0,17016.0,5.0,3403.2,100.0,75.0,0.0,1.0
iBzh0aWA2i,US,39.0,Women,2025-03-01 08:38:05.673909 +00:00,15.0,81466.0,504.0,4.0,1.0,81466.0,10.0,8146.6,100.0,100.0,37.5,0.0
xAWYXdYgeS,US,38.0,Women,2025-03-07 05:55:26.539376 +00:00,74.0,101465.0,217.0,4.0,1.0,110526.0,9.0,12280.666666666666,100.0,100.0,25.0,0.0
F7nHFHge1u,GB,22.0,Men,2025-03-13 18:40:19.733905 +00:00,3.0,18061.0,8.0,0.0,0.0,18061.0,4.0,4515.25,100.0,50.0,0.0,1.0
NEngZN1IdJ,DE,39.0,Men,2025-03-22 13:43:32.078490 +00:00,2.0,1450.0,5.0,0.0,0.0,1450.0,2.0,725.0,100.0,0.0,0.0,1.0
09tt18nXrd,DE,57.0,Men,2025-02-12 15:44:20.222315 +00:00,172.0,257992.0,20.0,4.0,1.0,257992.0,10.0,25799.2,100.0,100.0,37.5,1.0
N7HHDQo9LK,GB,39.0,Men,2025-03-13 10:05:44.916244 +00:00,1.0,4332.0,5.0,0.0,0.0,4332.0,4.0,1083.0,100.0,50.0,0.0,1.0
KYpQMEZRui,DE,32.0,Men,2025-02-27 19:31:38.997866 +00:00,8.0,6631.0,1.0,4.4,1.0,6631.0,3.0,2210.3333333333335,100.0,25.0,0.0,1.0
MRPSEeBJ5l,US,42.0,Men,2025-02-11 02:51:29.253690 +00:00,11.0,22863.0,1.0,0.0,0.0,22863.0,4.0,5715.75,100.0,50.0,0.0,1.0
jG7x9zrEVx,US,51.0,Women,2025-03-01 09:58:00.556155 +00:00,9.0,5763.0,26.0,4.0,1.0,5763.0,7.0,823.2857142857143,100.0,100.0,0.0,1.0
idyVdET0hM,DE,39.0,Men,2025-03-21 11:38:26.488346 +00:00,2.0,153.0,3.0,0.0,0.0,153.0,1.0,153.0,50.0,0.0,0.0,1.0
535a8cGHnu,DE,34.0,Men,2025-03-09 19:06:50.389207 +00:00,182.0,172296.0,418.0,0.0,0.0,172296.0,11.0,15663.272727272728,100.0,100.0,50.0,0.0
NFTSq9dbFB,US,39.0,Women,2025-02-06 00:20:52.760327 +00:00,6.0,43.0,1.0,0.0,0.0,43.0,3.0,14.333333333333334,100.0,25.0,0.0,1.0
LP4zky6JDU,US,49.0,Men,2025-02-15 15:25:39.386418 +00:00,81.0,173588.0,43.0,0.0,0.0,173588.0,10.0,17358.8,100.0,100.0,37.5,1.0
BJbyxnye9C,GB,50.0,Women,2025-02-25 18:06:23.046132 +00:00,57.0,106252.0,29.0,0.0,0.0,106252.0,8.0,13281.5,100.0,100.0,12.5,1.0
5khZ1syAZQ,JP,31.0,Women,2025-03-07 13:49:31.282009 +00:00,13.0,9345.0,1.0,0.0,0.0,9345.0,3.0,3115.0,100.0,25.0,0.0,1.0
Y1laRnTVFu,DE,40.0,Women,2025-02-26 12:58:18.079009 +00:00,161.0,298056.0,546.0,20.0,3.0,298191.0,13.0,22937.76923076923,100.0,100.0,75.0,0.0
aGNgPiZHBe,US,34.0,Men,2025-03-08 02:52:15.791490 +00:00,54.0,37247.0,89.0,23.0,4.0,37247.0,6.0,6207.833333333333,100.0,75.0,0.0,0.0
oOtAspejjh,DE,39.0,Women,2025-02-12 17:43:14.978529 +00:00,25.0,23716.0,5.0,0.0,0.0,23716.0,7.0,3388.0,100.0,100.0,0.0,0.0
BP1ZKc07PK,DE,45.0,Women,2025-03-31 13:56:05.203081 +00:00,14.0,8403.0,54.0,10.0,2.0,8403.0,6.0,1400.5,100.0,75.0,0.0,0.0
OtXtEceZtj,DE,52.0,Men,2025-03-29 20:30:31.325313 +00:00,2.0,1651.0,7.0,0.0,0.0,1651.0,3.0,550.3333333333334,100.0,25.0,0.0,1.0
XrkfKuS4GF,US,22.0,Men,2025-02-23 02:31:14.529843 +00:00,3.0,3682.0,1.0,0.0,0.0,3682.0,3.0,1227.3333333333333,100.0,25.0,0.0,1.0
eHOmHaOhyX,US,52.0,Women,2025-02-08 04:12:43.893064 +00:00,1.0,141.0,1.0,0.0,0.0,141.0,1.0,141.0,50.0,0.0,0.0,1.0
mlZTRPxzaS,GB,26.0,Men,2025-03-15 12:58:21.793227 +00:00,6.0,3314.0,5.0,2.8,1.0,3314.0,4.0,828.5,100.0,50.0,0.0,1.0
gfB5D8x9Vz,US,41.0,Men,2025-02-17 12:03:00.756530 +00:00,5.0,7953.0,1.0,0.0,0.0,7953.0,2.0,3976.5,100.0,0.0,0.0,1.0
HcIHKxtTIl,GB,54.0,Men,2025-02-25 06:39:36.097125 +00:00,1.0,1756.0,1.0,0.0,0.0,1756.0,4.0,439.0,100.0,50.0,0.0,1.0
dONpRSSEwz,US,44.0,Men,2025-02-13 07:16:34.341741 +00:00,1.0,1044.0,1.0,0.0,0.0,1044.0,1.0,1044.0,50.0,0.0,0.0,1.0
nS5scQBkQE,DE,39.0,Men,2025-04-01 07:31:53.462143 +00:00,5.0,8824.0,20.0,0.0,0.0,8824.0,4.0,2206.0,100.0,50.0,0.0,0.0
FLy2xa86o5,DE,36.0,Men,2025-03-13 21:02:01.322955 +00:00,8.0,7053.0,45.0,10.0,2.0,7053.0,6.0,1175.5,100.0,75.0,0.0,1.0
bQOiFd5UcR,DE,56.0,Men,2025-02-13 15:30:51.264843 +00:00,3.0,1678.0,1.0,0.0,0.0,1678.0,2.0,839.0,100.0,0.0,0.0,1.0
pnft7yw2hb,DE,34.0,Women,2025-03-25 22:39:22.395377 +00:00,5.0,1307.0,5.0,0.0,0.0,1307.0,2.0,653.5,100.0,0.0,0.0,1.0
zMjmFj4xT7,DE,48.0,Men,2025-02-19 10:22:05.778849 +00:00,15.0,112947.0,1.0,0.0,0.0,112947.0,6.0,18824.5,100.0,100.0,0.0,1.0
vvogX0JryW,GB,32.0,Women,2025-03-22 14:54:45.934887 +00:00,17.0,15258.0,2.0,0.0,0.0,15258.0,5.0,3051.6,100.0,75.0,0.0,0.0
D6uYqrv6qN,DE,26.0,Men,2025-03-31 14:31:25.482855 +00:00,8.0,7607.0,10.0,20.0,3.0,7607.0,5.0,1521.4,100.0,75.0,0.0,0.0
d3r2pk4nr5,GB,39.0,Women,2025-03-06 18:40:43.569864 +00:00,3.0,1958.0,1.0,0.0,0.0,1958.0,3.0,652.6666666666666,100.0,25.0,0.0,1.0
06X1fXRxuo,DE,39.0,Women,2025-03-09 12:36:22.643108 +00:00,1.0,8293.0,5.0,0.0,0.0,8293.0,4.0,2073.25,100.0,50.0,0.0,1.0
daXZidSSkh,DE,39.0,Men,2025-03-02 15:26:32.911499 +00:00,32.0,38571.0,4.0,0.0,0.0,38571.0,2.0,19285.5,50.0,0.0,0.0,1.0
BzR1apgPiy,GB,39.0,Women,2025-03-10 15:41:31.165425 +00:00,18.0,66280.0,14.0,0.0,0.0,66280.0,6.0,11046.666666666666,100.0,100.0,0.0,0.0
5GhOuPxa5n,JP,40.0,Women,2025-03-09 06:14:20.691607 +00:00,64.0,13562.0,677.0,0.0,0.0,13562.0,10.0,1356.2,100.0,100.0,50.0,0.0
zpfeYZE2qn,GB,37.0,Men,2025-02-20 10:59:29.186372 +00:00,2.0,5197.0,5.0,0.0,0.0,5197.0,3.0,1732.3333333333333,100.0,25.0,0.0,1.0
jZUZ14FeCO,DE,32.0,Women,2025-03-09 17:12:32.784619 +00:00,23.0,120201.0,134.0,0.0,0.0,120201.0,8.0,15025.125,100.0,100.0,12.5,0.0
zobJVaqhMH,GB,22.0,Women,2025-04-02 12:48:00.870990 +00:00,1.0,885.0,5.0,0.0,0.0,885.0,1.0,885.0,50.0,0.0,0.0,0.0
nc9PhmCokK,US,38.0,Women,2025-03-11 00:24:03.260142 +00:00,3.0,12101.0,5.0,4.0,1.0,12101.0,3.0,4033.6666666666665,100.0,25.0,0.0,1.0
ty9KG5q5gG,US,42.0,Women,2025-03-14 03:05:23.587048 +00:00,2.0,2998.0,5.0,0.0,0.0,2998.0,1.0,2998.0,50.0,0.0,0.0,1.0
yI99PI0wPb,DE,38.0,Men,2025-03-19 09:53:10.344802 +00:00,131.0,71065.0,48.0,0.0,0.0,71065.0,9.0,7896.111111111111,100.0,100.0,25.0,0.0
sk5UyQhoOW,US,22.0,Women,2025-02-26 07:32:25.975054 +00:00,3.0,6516.0,5.0,0.0,0.0,6516.0,3.0,2172.0,100.0,25.0,0.0,1.0
no6hL0m3Pw,DE,39.0,Women,2025-04-04 21:39:46.978326 +00:00,1.0,16.0,5.0,0.0,0.0,16.0,1.0,16.0,50.0,0.0,0.0,0.0
Ne2Knwomb3,US,45.0,Men,2025-02-11 17:18:01.614334 +00:00,243.0,135707.0,111.0,10.6,2.0,135707.0,10.0,13570.7,100.0,100.0,37.5,0.0
UF6QU4vXhO,DE,41.0,Men,2025-03-17 13:34:09.375467 +00:00,4.0,5013.0,286.0,0.0,0.0,5013.0,9.0,557.0,100.0,100.0,25.0,1.0
f9hGJqy8ve,US,41.0,Women,2025-03-05 05:39:59.979505 +00:00,41.0,42202.0,1.0,20.0,3.0,42202.0,5.0,8440.4,100.0,50.0,0.0,0.0
E2NyaEVT2g,US,39.0,Men,2025-02-01 03:33:03.924834 +00:00,5.0,3325.0,1.0,0.0,0.0,3325.0,2.0,1662.5,100.0,0.0,0.0,1.0
6NosGOOiI7,US,39.0,Women,2025-02-06 03:19:12.996879 +00:00,1.0,676.0,5.0,0.0,0.0,676.0,1.0,676.0,50.0,0.0,0.0,1.0
X4u6cMAtkr,DE,33.0,Men,2025-03-23 09:55:59.013202 +00:00,5.0,5099.0,4.0,0.0,0.0,5099.0,4.0,1274.75,100.0,50.0,0.0,1.0
6netMgE2CP,DE,56.0,Men,2025-02-21 01:09:51.644096 +00:00,34.0,66103.0,157.0,10.0,2.0,66103.0,9.0,7344.777777777777,100.0,100.0,37.5,0.0
shmK5D3pMh,DE,38.0,Women,2025-02-25 16:42:34.455690 +00:00,64.0,56327.0,8.0,4.0,1.0,56327.0,8.0,7040.875,100.0,100.0,12.5,0.0
fSFTjDBUCO,US,44.0,Men,2025-02-13 12:54:46.712050 +00:00,39.0,40871.0,95.0,0.0,0.0,40871.0,6.0,6811.833333333333,100.0,75.0,0.0,1.0
ResmH2aMi0,DE,39.0,Women,2025-02-27 10:47:39.087881 +00:00,87.0,145182.0,40.0,0.0,0.0,145182.0,10.0,14518.2,100.0,100.0,37.5,0.0
ghUyWIAEds,GB,39.0,Men,2025-04-02 05:47:35.649348 +00:00,6.0,4078.0,9.0,0.0,0.0,4078.0,2.0,2039.0,100.0,25.0,0.0,0.0
Nq0kPyo7GT,DE,34.0,Women,2025-02-26 15:20:39.577750 +00:00,39.0,21756.0,1.0,0.0,0.0,21756.0,7.0,3108.0,100.0,100.0,0.0,1.0
w3T91Gpk2X,GB,26.0,Men,2025-03-10 20:46:39.874007 +00:00,88.0,201886.0,270.0,0.0,0.0,201886.0,9.0,22431.777777777777,100.0,100.0,25.0,1.0
veY69Wmehx,DE,35.0,Men,2025-03-10 20:17:47.749672 +00:00,1.0,311.0,1.0,0.0,0.0,311.0,2.0,155.5,100.0,0.0,0.0,1.0
MSDBxKngA7,US,39.0,Men,2025-02-13 10:44:13.270156 +00:00,4.0,2106.0,1.0,0.0,0.0,2106.0,3.0,702.0,100.0,25.0,0.0,1.0
oDN1tezeZ8,US,39.0,Women,2025-02-10 03:05:08.866934 +00:00,2.0,2575.0,1.0,0.0,0.0,2575.0,3.0,858.3333333333334,100.0,25.0,0.0,1.0
P2n2ybbTpO,US,20.0,Men,2025-02-24 13:28:53.431746 +00:00,4.0,1588.0,5.0,0.0,0.0,1588.0,2.0,794.0,100.0,0.0,0.0,1.0
E1HJfKtTmr,DE,27.0,Men,2025-02-14 22:10:16.227314 +00:00,11.0,14160.0,4.0,0.0,0.0,14160.0,4.0,3540.0,100.0,50.0,0.0,1.0
aNENTnjYph,US,51.0,Men,2025-02-25 14:15:14.940594 +00:00,20.0,855.0,1.0,10.0,2.0,855.0,6.0,142.5,100.0,100.0,0.0,1.0
38Uq9GEQSd,DE,39.0,Men,2025-02-12 19:07:50.212739 +00:00,25.0,51522.0,1.0,4.0,1.0,51522.0,7.0,7360.285714285715,100.0,100.0,0.0,1.0
GDESMEjfL7,GB,36.0,Women,2025-02-14 18:10:49.281506 +00:00,22.0,30637.0,1.0,2.8,1.0,30637.0,7.0,4376.714285714285,100.0,100.0,0.0,1.0
dlyQxNEydP,GB,39.0,Men,2025-02-26 10:34:08.678417 +00:00,83.0,318955.0,335.0,0.0,0.0,318955.0,6.0,53159.166666666664,100.0,75.0,0.0,0.0
ppgPdFXU5m,US,39.0,Women,2025-02-28 03:22:28.600603 +00:00,2.0,973.0,2.0,0.0,0.0,973.0,1.0,973.0,50.0,0.0,0.0,1.0
LdjoRaBpk6,DE,32.0,Men,2025-03-30 13:07:02.493244 +00:00,162.0,210809.0,223.0,0.0,0.0,210809.0,9.0,23423.222222222223,100.0,100.0,37.5,0.0
l58yRTPFC1,DE,21.0,Men,2025-03-02 11:30:38.178843 +00:00,2.0,391.0,5.0,0.0,0.0,391.0,2.0,195.5,100.0,0.0,0.0,1.0
qwIwtEtKWa,US,42.0,Men,2025-02-12 20:09:38.940815 +00:00,1.0,1396.0,1.0,0.0,0.0,1396.0,2.0,698.0,100.0,0.0,0.0,1.0
2Ks4lZ2quF,DE,61.0,Women,2025-03-09 15:32:53.355159 +00:00,31.0,82363.0,127.0,29.0,6.0,82363.0,7.0,11766.142857142857,100.0,100.0,0.0,0.0
69ZD1AMNXh,DE,43.0,Women,2025-03-05 16:05:08.548983 +00:00,47.0,38458.0,9.0,0.0,0.0,38458.0,7.0,5494.0,100.0,100.0,12.5,0.0
i80URiJYng,JP,39.0,Women,2025-03-13 12:02:45.599940 +00:00,1.0,326.0,888.0,0.0,0.0,326.0,11.0,29.636363636363637,100.0,100.0,50.0,1.0
rEEZOi0meZ,GB,39.0,Women,2025-03-29 13:27:09.031181 +00:00,6.0,3411.0,6.0,0.0,0.0,3411.0,4.0,852.75,100.0,50.0,0.0,1.0
bHmXpMrCyF,GB,56.0,Women,2025-02-22 17:20:32.786710 +00:00,2.0,5483.0,1.0,0.0,0.0,5483.0,4.0,1370.75,100.0,50.0,0.0,1.0
xZpACx96UO,DE,39.0,Men,2025-03-07 07:00:17.135724 +00:00,3.0,811.0,1.0,0.0,0.0,811.0,2.0,405.5,100.0,0.0,0.0,1.0
P7Q1uPcwgG,US,19.0,Men,2025-02-13 01:52:27.078781 +00:00,11.0,15269.0,2.0,0.0,0.0,15269.0,4.0,3817.25,100.0,50.0,0.0,1.0
5SdNB5d3J7,DE,51.0,Women,2025-02-20 06:00:49.533887 +00:00,26.0,35792.0,58.0,0.0,0.0,35792.0,1.0,35792.0,50.0,0.0,0.0,1.0
mpbQGqcd3P,DE,39.0,Women,2025-03-24 08:27:49.315102 +00:00,45.0,41517.0,42.0,4.0,1.0,41517.0,8.0,5189.625,100.0,100.0,12.5,0.0
iqgp05SDQu,GB,38.0,Men,2025-03-22 09:12:31.623791 +00:00,27.0,43181.0,23.0,0.0,0.0,43181.0,4.0,10795.25,100.0,50.0,0.0,0.0
us6TN5hREH,US,40.0,Women,2025-03-03 13:33:34.491684 +00:00,21.0,33213.0,10.0,77.0,22.0,33213.0,5.0,6642.6,100.0,75.0,0.0,1.0
uv4qRQbRfo,DE,43.0,Men,2025-02-23 12:42:55.128630 +00:00,1.0,787.0,5.0,0.0,0.0,787.0,1.0,787.0,50.0,0.0,0.0,1.0
SwabQ5pJYg,DE,41.0,Men,2025-04-01 01:46:29.865593 +00:00,13.0,26828.0,16.0,0.0,0.0,26828.0,5.0,5365.6,100.0,100.0,0.0,0.0
8YZwVNQgWj,DE,39.0,Women,2025-03-21 20:16:10.221293 +00:00,2.0,1340.0,5.0,0.0,0.0,1340.0,3.0,446.6666666666667,100.0,25.0,0.0,1.0
6iBDSripp5,GB,39.0,Men,2025-03-26 14:27:05.543176 +00:00,1.0,10380.0,5.0,0.0,0.0,10380.0,4.0,2595.0,100.0,50.0,0.0,1.0
ZoWvOnVxQS,DE,50.0,Women,2025-03-13 15:06:10.489705 +00:00,9.0,30946.0,8.0,0.0,0.0,30946.0,5.0,6189.2,100.0,75.0,0.0,1.0
bMjymkL1Pp,DE,25.0,Women,2025-02-18 02:50:59.691837 +00:00,2.0,2878.0,1.0,0.0,0.0,2878.0,3.0,959.3333333333334,100.0,25.0,0.0,1.0
SKSwyfkSn7,US,39.0,Women,2025-02-19 06:06:30.601251 +00:00,2.0,598.0,1.0,0.0,0.0,598.0,2.0,299.0,100.0,0.0,0.0,1.0
LaTJV09KiL,GB,39.0,Men,2025-02-13 02:40:07.463604 +00:00,1.0,87.0,5.0,0.0,0.0,87.0,2.0,43.5,100.0,0.0,0.0,1.0
d7JdIhW16f,US,39.0,Women,2025-03-08 12:28:33.564435 +00:00,1.0,586.0,5.0,0.0,0.0,586.0,1.0,586.0,50.0,0.0,0.0,1.0
qnJlYV1NTg,JP,39.0,Men,2025-03-16 14:02:39.020083 +00:00,4.0,1499.0,5.0,0.0,0.0,1499.0,2.0,749.5,100.0,0.0,0.0,1.0
kE7GouVMKN,DE,48.0,Men,2025-03-17 06:49:30.927828 +00:00,11.0,14385.0,26.0,0.0,0.0,14385.0,2.0,7192.5,50.0,0.0,0.0,1.0
tc1BVR3Y4i,GB,39.0,Men,2025-03-16 00:17:22.859897 +00:00,325.0,235673.0,532.0,2.8,1.0,235673.0,11.0,21424.81818181818,100.0,100.0,62.5,0.0
4mkXGLQwGk,US,46.0,Men,2025-03-02 00:11:00.592718 +00:00,97.0,144394.0,289.0,20.0,3.0,144394.0,9.0,16043.777777777776,100.0,100.0,25.0,0.0
fnVt7adxeo,US,39.0,Men,2025-02-15 08:36:08.736453 +00:00,1.0,1674.0,1.0,0.0,0.0,1674.0,1.0,1674.0,50.0,0.0,0.0,1.0
7OpCt9Jlsv,DE,39.0,Men,2025-02-15 12:14:40.025175 +00:00,24.0,10954.0,1.0,0.0,0.0,10954.0,6.0,1825.6666666666667,100.0,75.0,0.0,1.0
TQ0ldvSahe,US,39.0,Men,2025-02-24 13:50:08.326025 +00:00,2.0,1135.0,1.0,0.0,0.0,1135.0,3.0,378.3333333333333,100.0,25.0,0.0,1.0
F9uReoLFfE,US,42.0,Women,2025-03-13 02:15:21.606245 +00:00,2.0,1930.0,3.0,0.0,0.0,1930.0,3.0,643.3333333333334,100.0,25.0,0.0,1.0
HIURPlF0lo,GB,53.0,Men,2025-02-26 19:52:41.691764 +00:00,54.0,100729.0,17.0,0.0,0.0,100729.0,7.0,14389.857142857143,100.0,100.0,12.5,0.0
O57JintlCo,DE,37.0,Women,2025-04-02 20:43:43.033728 +00:00,5.0,10138.0,48.0,10.0,2.0,10138.0,6.0,1689.6666666666667,100.0,75.0,0.0,0.0
FJLdSFG5B8,GB,31.0,Men,2025-03-19 10:08:09.249045 +00:00,78.0,119261.0,211.0,0.0,0.0,119261.0,9.0,13251.222222222224,100.0,100.0,25.0,0.0
DvCDoJixAV,US,39.0,Women,2025-02-10 02:29:31.585373 +00:00,1.0,91.0,5.0,0.0,0.0,91.0,2.0,45.5,100.0,0.0,0.0,1.0
fyrNY8St8k,DE,35.0,Women,2025-03-13 10:17:13.272175 +00:00,16.0,20975.0,16.0,0.0,0.0,20975.0,5.0,4195.0,100.0,75.0,0.0,1.0
fJElDQYV9w,GB,43.0,Men,2025-03-13 15:26:55.038484 +00:00,103.0,116415.0,876.0,2.8,1.0,116415.0,9.0,12935.0,100.0,100.0,25.0,0.0
V31vbSS9ap,DE,39.0,Women,2025-02-28 10:36:25.106750 +00:00,27.0,75910.0,300.0,0.0,0.0,75910.0,12.0,6325.833333333333,100.0,100.0,62.5,0.0
1MdVc7DkbM,US,52.0,Women,2025-02-18 06:30:42.939966 +00:00,1.0,1637.0,5.0,0.0,0.0,1637.0,1.0,1637.0,50.0,0.0,0.0,1.0
pYYfgKf2Sg,GB,39.0,Women,2025-03-30 06:42:42.003027 +00:00,1.0,1212.0,1.0,0.0,0.0,1212.0,1.0,1212.0,50.0,0.0,0.0,1.0
9h4hA6WMwj,DE,30.0,Women,2025-03-04 04:58:19.331190 +00:00,2.0,2732.0,5.0,0.0,0.0,2732.0,1.0,2732.0,50.0,0.0,0.0,1.0
F9QS5DlSAa,US,18.0,Women,2025-01-30 18:08:23.252498 +00:00,9.0,13522.0,1.0,4.4,1.0,13522.0,4.0,3380.5,100.0,50.0,0.0,1.0
2VH9WsspVJ,US,39.0,Men,2025-02-08 04:24:14.104651 +00:00,1.0,743.0,1.0,0.0,0.0,743.0,1.0,743.0,50.0,0.0,0.0,1.0
GonJ9L9fmy,GB,37.0,Women,2025-03-26 03:48:37.545887 +00:00,22.0,35370.0,91.0,16.8,4.0,35370.0,7.0,5052.857142857143,100.0,100.0,0.0,0.0
yFznLan9LG,GB,65.0,Women,2025-03-16 17:09:36.820295 +00:00,2.0,22.0,5.0,0.0,0.0,22.0,1.0,22.0,50.0,0.0,0.0,1.0
hHwSblXx8n,DE,52.0,Men,2025-03-02 14:08:29.264140 +00:00,11.0,22936.0,8.0,0.0,0.0,22936.0,6.0,3822.6666666666665,100.0,75.0,0.0,1.0
ZtwZAuuMgW,GB,39.0,Women,2025-03-05 04:13:30.529709 +00:00,167.0,429464.0,152.0,0.0,0.0,429464.0,9.0,47718.22222222222,100.0,100.0,25.0,0.0
Q8OzBDQ3WQ,GB,50.0,Women,2025-03-03 17:21:42.421018 +00:00,62.0,152324.0,128.0,14.0,3.0,152324.0,10.0,15232.4,100.0,100.0,37.5,0.0
drj4K3wubQ,GB,47.0,Women,2025-02-17 17:42:04.361898 +00:00,4.0,1265.0,1.0,0.0,0.0,1265.0,1.0,1265.0,50.0,0.0,0.0,1.0
1tbI1s7ycW,US,41.0,Women,2025-02-19 03:50:37.002537 +00:00,2.0,133.0,6.0,0.0,0.0,133.0,5.0,26.6,100.0,75.0,0.0,1.0
goyaLa5xeu,GB,34.0,Men,2025-03-18 08:46:06.184831 +00:00,3.0,2290.0,3.0,0.0,0.0,2290.0,4.0,572.5,100.0,50.0,0.0,1.0
t5nhQBJp1a,DE,44.0,Women,2025-02-13 03:43:08.023005 +00:00,81.0,76841.0,73.0,0.0,0.0,76841.0,8.0,9605.125,100.0,100.0,12.5,1.0
sBn1kvkukx,DE,39.0,Women,2025-03-26 20:44:28.717374 +00:00,14.0,10109.0,12.0,0.0,0.0,10109.0,5.0,2021.8,100.0,75.0,0.0,1.0
NwHgpNpRSq,DE,31.0,Men,2025-03-19 12:03:13.930560 +00:00,4.0,3482.0,1.0,0.0,0.0,3482.0,4.0,870.5,100.0,50.0,0.0,1.0
sY4iGu1OYo,DE,30.0,Men,2025-03-22 17:55:34.298353 +00:00,27.0,58905.0,85.0,4.0,1.0,58905.0,7.0,8415.0,100.0,100.0,0.0,0.0
IHBdyPXXSs,DE,18.0,Men,2025-03-08 14:07:06.044648 +00:00,43.0,29668.0,12.0,0.0,0.0,29668.0,6.0,4944.666666666667,100.0,100.0,0.0,0.0
Cng0wjRPUf,DE,43.0,Men,2025-02-12 17:10:05.889160 +00:00,23.0,49029.0,1.0,0.0,0.0,49029.0,7.0,7004.142857142857,100.0,100.0,12.5,1.0
L67uyRV4XX,US,42.0,Men,2025-02-10 05:26:01.472515 +00:00,12.0,3722.0,1.0,4.0,1.0,3722.0,3.0,1240.6666666666667,100.0,25.0,0.0,1.0
MpUdsPR7a4,DE,20.0,Men,2025-02-23 12:15:17.730167 +00:00,3.0,847.0,5.0,0.0,0.0,847.0,1.0,847.0,50.0,0.0,0.0,1.0
hKxXZ0ifNi,DE,39.0,Women,2025-03-30 00:35:39.049576 +00:00,1.0,2708.0,1.0,0.0,0.0,2708.0,5.0,541.6,100.0,75.0,0.0,1.0
cvEGpbQyCa,US,36.0,Women,2025-02-23 02:59:35.017529 +00:00,33.0,30106.0,23.0,20.0,3.0,30106.0,6.0,5017.666666666667,100.0,75.0,0.0,0.0
cCxWVrHEQA,DE,28.0,Women,2025-03-09 20:55:12.974804 +00:00,4.0,3177.0,3.0,0.0,0.0,3177.0,5.0,635.4,100.0,75.0,0.0,1.0
KkTkvovBTk,GB,40.0,Men,2025-02-28 08:47:37.048743 +00:00,9.0,10396.0,42.0,0.0,0.0,10396.0,6.0,1732.6666666666667,100.0,100.0,0.0,1.0
iZMACZcFPA,GB,59.0,Men,2025-02-22 17:08:04.802191 +00:00,44.0,65975.0,1.0,2.8,1.0,65975.0,8.0,8246.875,100.0,100.0,12.5,1.0
cTmXZd67oQ,US,59.0,Men,2025-02-15 10:24:59.291635 +00:00,18.0,48510.0,1.0,4.0,1.0,48510.0,7.0,6930.0,100.0,100.0,0.0,1.0
O4NXoqHyhE,US,39.0,Men,2025-02-14 15:12:18.599447 +00:00,15.0,16093.0,1.0,0.0,0.0,16093.0,3.0,5364.333333333333,100.0,25.0,0.0,1.0
oflPkDhMGd,DE,49.0,Men,2025-03-22 20:35:33.723207 +00:00,63.0,73399.0,77.0,0.0,0.0,73399.0,8.0,9174.875,100.0,100.0,12.5,1.0
mKvIE9EUkZ,DE,39.0,Men,2025-03-27 05:04:04.892551 +00:00,45.0,56284.0,121.0,0.0,0.0,56284.0,7.0,8040.571428571428,100.0,100.0,0.0,0.0
OUzEIUotFd,DE,39.0,Women,2025-02-27 17:44:21.262602 +00:00,12.0,22517.0,1.0,0.0,0.0,22517.0,6.0,3752.8333333333335,100.0,75.0,0.0,1.0
7231u0mVXZ,DE,37.0,Men,2025-02-28 20:15:59.765190 +00:00,38.0,42608.0,10.0,4.0,1.0,42608.0,8.0,5326.0,100.0,100.0,12.5,1.0
Zt7OjNjHBg,DE,49.0,Men,2025-02-21 07:08:23.417463 +00:00,2.0,6535.0,1.0,0.0,0.0,6535.0,4.0,1633.75,100.0,50.0,0.0,1.0
f18XEjQ96u,DE,39.0,Men,2025-04-03 20:21:00.453321 +00:00,2.0,4560.0,3.0,0.0,0.0,4560.0,4.0,1140.0,100.0,50.0,0.0,0.0
x13Pp1njl7,GB,39.0,Men,2025-02-15 14:23:57.049698 +00:00,64.0,109321.0,72.0,0.0,0.0,109321.0,10.0,10932.1,100.0,100.0,37.5,0.0
wSHfIDF3Cj,GB,39.0,Men,2025-02-17 09:31:48.307635 +00:00,5.0,6056.0,1.0,0.0,0.0,6056.0,4.0,1514.0,100.0,50.0,0.0,1.0
Qq7ByJvLBc,US,38.0,Men,2025-02-09 01:31:42.228068 +00:00,231.0,205343.0,1.0,4.0,1.0,205343.0,7.0,29334.714285714286,100.0,100.0,0.0,1.0
pWNWek9qBW,DE,34.0,Men,2025-02-23 07:22:40.712014 +00:00,10.0,6167.0,5.0,0.0,0.0,6167.0,2.0,3083.5,100.0,0.0,0.0,1.0
do4z2HXXIj,DE,42.0,Men,2025-02-27 18:20:56.851464 +00:00,22.0,45189.0,5.0,0.0,0.0,45189.0,2.0,22594.5,100.0,0.0,0.0,1.0
KMu8mP2Nfl,DE,28.0,Women,2025-03-16 16:37:31.828699 +00:00,12.0,23591.0,31.0,0.0,0.0,23591.0,5.0,4718.2,100.0,75.0,0.0,1.0
aeDdjSnht5,GB,39.0,Men,2025-02-25 10:26:21.534715 +00:00,1.0,15.0,5.0,0.0,0.0,15.0,1.0,15.0,50.0,0.0,0.0,1.0
b4J9ubZurL,GB,42.0,Men,2025-02-15 18:01:09.685455 +00:00,128.0,165235.0,47.0,3.08,1.0,165235.0,11.0,15021.363636363636,100.0,100.0,50.0,0.0
see4rpch3X,DE,18.0,Women,2025-02-16 01:07:16.096604 +00:00,3.0,996.0,5.0,4.0,1.0,996.0,2.0,498.0,100.0,0.0,0.0,1.0
tiPrcPE5MK,DE,47.0,Women,2025-03-16 13:56:02.926450 +00:00,1.0,2528.0,5.0,0.0,0.0,2528.0,4.0,632.0,100.0,50.0,0.0,1.0
F5Yphxg1B8,GB,44.0,Men,2025-03-30 10:28:36.846960 +00:00,8.0,7473.0,6.0,0.0,0.0,7473.0,4.0,1868.25,100.0,50.0,0.0,0.0
TcfDKhBONJ,JP,51.0,Women,2025-03-24 15:43:19.861109 +00:00,53.0,45749.0,95.0,3.5,2.0,45749.0,7.0,6535.571428571428,100.0,100.0,12.5,0.0
LqVOkijWMf,GB,39.0,Women,2025-02-13 18:34:47.523230 +00:00,3.0,1617.0,1.0,2.8,1.0,1617.0,3.0,539.0,100.0,25.0,0.0,1.0
3UiBQC3Nqj,US,39.0,Men,2025-01-31 03:57:45.622192 +00:00,1.0,3785.0,1.0,0.0,0.0,3785.0,1.0,3785.0,50.0,0.0,0.0,1.0
cAEb4iLjaP,DE,46.0,Men,2025-03-16 19:53:23.079438 +00:00,22.0,30653.0,16.0,0.0,0.0,30653.0,6.0,5108.833333333333,100.0,100.0,0.0,0.0
tK6h0qFoRi,US,33.0,Women,2025-02-25 14:48:23.547375 +00:00,2.0,1018.0,5.0,4.4,1.0,1018.0,1.0,1018.0,50.0,0.0,0.0,1.0
ECRJZqii58,US,42.0,Women,2025-03-18 04:50:15.972999 +00:00,5.0,10411.0,25.0,0.0,0.0,10411.0,3.0,3470.3333333333335,100.0,25.0,0.0,1.0
v6yZIRl3fb,US,27.0,Men,2025-02-18 02:17:09.844222 +00:00,19.0,22081.0,1.0,4.0,1.0,22081.0,4.0,5520.25,100.0,50.0,0.0,1.0
pikx7Ayz1W,US,28.0,Men,2025-03-14 06:48:31.932024 +00:00,30.0,34632.0,17.0,0.0,0.0,34632.0,5.0,6926.4,100.0,75.0,0.0,0.0
pkHu3n31CY,US,34.0,Women,2025-03-11 05:51:04.253913 +00:00,31.0,89845.0,165.0,0.0,0.0,89845.0,7.0,12835.0,100.0,100.0,0.0,0.0
xfxFsm9IWJ,US,32.0,Women,2025-02-12 14:45:10.904648 +00:00,25.0,125150.0,12.0,0.0,0.0,125150.0,6.0,20858.333333333332,100.0,75.0,0.0,0.0
w5FItMmWt2,US,35.0,Men,2025-02-19 01:42:56.086655 +00:00,2.0,880.0,5.0,0.0,0.0,880.0,2.0,440.0,100.0,0.0,0.0,1.0
p7IIldDZSt,GB,58.0,Men,2025-02-22 23:04:32.066271 +00:00,204.0,424841.0,745.0,14.0,3.0,424841.0,13.0,32680.07692307692,100.0,100.0,75.0,0.0
ADCxI3qEvg,DE,39.0,Men,2025-03-27 23:12:18.060644 +00:00,2.0,3292.0,1.0,0.0,0.0,3292.0,3.0,1097.3333333333333,100.0,25.0,0.0,1.0
28eaBkZ7it,DE,39.0,Women,2025-02-21 06:25:23.627191 +00:00,2.0,3395.0,1.0,0.0,0.0,3395.0,3.0,1131.6666666666667,100.0,25.0,0.0,1.0
AGAzFs6IT8,GB,39.0,Women,2025-03-20 06:44:56.317358 +00:00,64.0,85885.0,69.0,0.0,0.0,85885.0,6.0,14314.166666666666,100.0,75.0,0.0,0.0
cUbAA7XlBM,US,39.0,Men,2025-02-05 01:57:10.766208 +00:00,1.0,4116.0,1.0,0.0,0.0,4116.0,3.0,1372.0,100.0,25.0,0.0,1.0
fT9M0Lx41z,DE,39.0,Women,2025-03-01 01:29:32.886152 +00:00,37.0,74479.0,90.0,0.0,0.0,74479.0,8.0,9309.875,100.0,100.0,12.5,1.0
L0EjIzXmzv,DE,39.0,Women,2025-02-14 09:58:45.369424 +00:00,13.0,15278.0,1.0,0.0,0.0,15278.0,5.0,3055.6,100.0,75.0,0.0,1.0
AOMb2BxOVu,JP,46.0,Women,2025-03-05 15:26:14.825359 +00:00,3.0,2382.0,1.0,0.0,0.0,2382.0,3.0,794.0,100.0,25.0,0.0,1.0
tN6BOWTPjL,US,40.0,Men,2025-03-13 06:31:42.808015 +00:00,4.0,5519.0,9.0,0.0,0.0,5519.0,3.0,1839.6666666666667,100.0,25.0,0.0,1.0
swjKADOwpW,GB,39.0,Men,2025-03-23 01:19:13.296793 +00:00,52.0,66249.0,399.0,0.0,0.0,66249.0,8.0,8281.125,100.0,100.0,12.5,0.0
rO3LW6RbZG,US,39.0,Men,2025-02-19 06:30:55.883501 +00:00,11.0,14075.0,1.0,0.0,0.0,14075.0,3.0,4691.666666666667,100.0,0.0,0.0,1.0
BGn3pJQbCe,DE,44.0,Women,2025-03-03 08:02:15.492539 +00:00,13.0,19053.0,6.0,0.0,0.0,19053.0,5.0,3810.6,100.0,75.0,0.0,1.0
LF2MZd5nrD,GB,20.0,Women,2025-04-01 01:33:22.623371 +00:00,2.0,1198.0,5.0,0.0,0.0,1198.0,1.0,1198.0,50.0,0.0,0.0,0.0
tRwa6QdsxO,US,32.0,Men,2025-02-27 04:13:13.526665 +00:00,43.0,62291.0,1.0,4.0,1.0,62291.0,4.0,15572.75,100.0,50.0,0.0,1.0
D8HLLw0Soo,DE,39.0,Women,2025-02-27 18:11:43.943899 +00:00,2.0,4299.0,1.0,0.0,0.0,4299.0,4.0,1074.75,100.0,50.0,0.0,1.0
hQ9CzZc6Xu,US,30.0,Men,2025-02-10 11:24:12.321215 +00:00,1.0,1069.0,5.0,0.0,0.0,1069.0,2.0,534.5,100.0,0.0,0.0,1.0
WrDUhe8Vr2,DE,45.0,Men,2025-03-06 09:47:59.089841 +00:00,8.0,13367.0,7.0,0.0,0.0,13367.0,4.0,3341.75,100.0,50.0,0.0,1.0
0KKv9dCcZE,GB,35.0,Men,2025-02-14 07:25:36.277462 +00:00,4.0,15661.0,1.0,0.0,0.0,15661.0,5.0,3132.2,100.0,75.0,0.0,1.0
l4jeuyvDyI,GB,57.0,Women,2025-02-28 14:42:51.734971 +00:00,312.0,779477.0,1160.0,0.0,0.0,779477.0,9.0,86608.55555555556,100.0,100.0,25.0,0.0
qgCiUtgb63,US,39.0,Women,2025-03-01 14:49:38.772958 +00:00,1.0,242.0,1.0,0.0,0.0,242.0,1.0,242.0,50.0,0.0,0.0,1.0
lV94lmGAAW,US,39.0,Men,2025-03-08 01:51:17.762726 +00:00,3.0,3463.0,5.0,4.0,1.0,3463.0,3.0,1154.3333333333333,100.0,25.0,0.0,1.0
y3HRoqzwu4,DE,50.0,Women,2025-03-31 14:33:36.646359 +00:00,11.0,13989.0,47.0,20.0,3.0,13989.0,6.0,2331.5,100.0,100.0,0.0,0.0
ZSkjG0GkyY,DE,27.0,Women,2025-03-06 09:08:28.694730 +00:00,4.0,1234.0,2.0,0.0,0.0,1234.0,1.0,1234.0,50.0,0.0,0.0,1.0
WREMFw09iv,DE,55.0,Women,2025-03-06 19:41:34.283977 +00:00,3.0,5092.0,4.0,0.0,0.0,5092.0,6.0,848.6666666666666,100.0,75.0,0.0,1.0
EOfHIDBker,DE,41.0,Women,2025-03-18 14:38:17.786643 +00:00,22.0,22284.0,38.0,0.0,0.0,22284.0,6.0,3714.0,100.0,75.0,0.0,1.0
OUcm0jB764,GB,39.0,Women,2025-02-23 17:55:06.726302 +00:00,5.0,3983.0,1.0,0.0,0.0,3983.0,5.0,796.6,100.0,75.0,0.0,1.0
TgokgNryTN,US,55.0,Women,2025-02-08 11:14:52.460912 +00:00,6.0,5632.0,1.0,4.4,1.0,5632.0,3.0,1877.3333333333333,100.0,25.0,0.0,1.0
7TRIjHnOjg,GB,24.0,Men,2025-03-08 20:12:00.710699 +00:00,6.0,8548.0,5.0,0.0,0.0,8548.0,4.0,2137.0,100.0,50.0,0.0,1.0
OfFG2u161p,US,47.0,Women,2025-03-03 13:37:20.582256 +00:00,16.0,20913.0,1.0,4.0,1.0,20913.0,4.0,5228.25,100.0,50.0,0.0,1.0
I2KttkTuCR,GB,39.0,Men,2025-02-12 13:49:34.894858 +00:00,199.0,439666.0,199.0,0.0,0.0,439666.0,11.0,39969.63636363636,100.0,100.0,50.0,0.0
mtgYpRec5u,DE,39.0,Women,2025-03-21 10:43:15.061314 +00:00,1.0,1278.0,5.0,0.0,0.0,1278.0,1.0,1278.0,50.0,0.0,0.0,1.0
9gmqwiPRjK,DE,39.0,Women,2025-02-27 04:49:53.241177 +00:00,19.0,6488.0,5.0,0.0,0.0,6488.0,5.0,1297.6,100.0,75.0,0.0,1.0
3NnrQHDSPZ,GB,32.0,Men,2025-02-20 09:28:32.832822 +00:00,86.0,137849.0,231.0,7.0,2.0,137849.0,9.0,15316.555555555557,100.0,100.0,25.0,1.0
Tp8ambEQQu,DE,43.0,Men,2025-02-26 00:40:55.650400 +00:00,1.0,1724.0,1.0,0.0,0.0,1724.0,2.0,862.0,100.0,0.0,0.0,1.0
TXo9rt0NFv,GB,36.0,Men,2025-02-18 22:48:25.267811 +00:00,4.0,8365.0,5.0,0.0,0.0,8365.0,4.0,2091.25,100.0,50.0,0.0,1.0
FsBri6jWS1,US,39.0,Women,2025-03-08 06:47:43.228070 +00:00,26.0,40141.0,41.0,0.0,0.0,40141.0,7.0,5734.428571428572,100.0,100.0,0.0,0.0
CA3kefotIK,GB,39.0,Men,2025-03-17 09:31:38.276183 +00:00,2.0,1817.0,5.0,0.0,0.0,1817.0,2.0,908.5,100.0,0.0,0.0,1.0
U3r6mivP9a,GB,40.0,Men,2025-03-05 18:03:25.960813 +00:00,106.0,48600.0,133.0,0.0,0.0,48600.0,8.0,6075.0,100.0,100.0,12.5,1.0
7RPcU6kcRQ,US,39.0,Men,2025-02-26 17:14:14.091200 +00:00,1.0,200.0,5.0,0.0,0.0,200.0,1.0,200.0,50.0,0.0,0.0,1.0
9WZYDshrh5,DE,49.0,Men,2025-03-31 07:55:16.058319 +00:00,15.0,33287.0,53.0,0.0,0.0,33287.0,7.0,4755.285714285715,100.0,100.0,0.0,0.0
HOZThjv5Kh,US,39.0,Women,2025-02-07 00:15:10.542697 +00:00,35.0,66223.0,66.0,0.0,0.0,66223.0,8.0,8277.875,100.0,100.0,12.5,0.0
jj0c2q4yyL,DE,39.0,Men,2025-02-14 02:26:34.649539 +00:00,3.0,1532.0,1.0,0.0,0.0,1532.0,1.0,1532.0,50.0,0.0,0.0,1.0
8LwIoBUqYG,DE,35.0,Men,2025-02-26 16:00:42.811705 +00:00,17.0,31995.0,9.0,0.0,0.0,31995.0,5.0,6399.0,100.0,75.0,0.0,1.0
LjJsmX1h0L,US,50.0,Men,2025-03-11 00:54:56.470447 +00:00,19.0,34132.0,51.0,0.0,0.0,34132.0,6.0,5688.666666666667,100.0,75.0,0.0,1.0
H3MVQXc1GB,GB,47.0,Men,2025-04-01 14:45:25.682795 +00:00,17.0,12115.0,16.0,0.0,0.0,12115.0,5.0,2423.0,100.0,75.0,0.0,0.0
VkCHvib00I,DE,32.0,Women,2025-03-22 18:11:09.031239 +00:00,71.0,43488.0,43.0,0.0,0.0,43488.0,8.0,5436.0,100.0,100.0,12.5,0.0
Q2bdEbtthi,GB,44.0,Men,2025-03-23 10:32:42.155584 +00:00,14.0,9228.0,8.0,22.679998,6.0,9228.0,5.0,1845.6,100.0,75.0,0.0,1.0
eqliqSkuhz,US,46.0,Men,2025-03-12 06:43:13.199544 +00:00,1.0,0.0,2.0,0.0,0.0,0.0,5.0,0.0,100.0,75.0,0.0,1.0
L3SuYaGhIF,DE,39.0,Women,2025-03-11 12:02:04.101294 +00:00,1.0,423.0,1.0,0.0,0.0,423.0,1.0,423.0,50.0,0.0,0.0,1.0
TQss3xwH2C,DE,36.0,Men,2025-03-04 17:39:05.700188 +00:00,52.0,40310.0,34.0,0.0,0.0,40310.0,9.0,4478.888888888889,100.0,100.0,25.0,0.0
uC3HiX9YGV,JP,65.0,Men,2025-03-05 06:19:28.343686 +00:00,10.0,12345.0,1.0,2.0,1.0,12345.0,5.0,2469.0,100.0,50.0,0.0,1.0
nZOmKrdagk,DE,56.0,Men,2025-02-14 02:39:27.567909 +00:00,66.0,151709.0,146.0,0.0,0.0,151709.0,8.0,18963.625,100.0,100.0,25.0,0.0
vNCAMt3FUM,DE,39.0,Men,2025-03-02 12:36:28.208021 +00:00,2.0,1152.0,1.0,0.0,0.0,1152.0,2.0,576.0,100.0,0.0,0.0,1.0
ews0hw3BRr,GB,39.0,Women,2025-03-22 12:46:24.001639 +00:00,52.0,103401.0,118.0,0.0,0.0,103401.0,6.0,17233.5,100.0,75.0,0.0,1.0
fp3aptM2gU,DE,18.0,Women,2025-02-15 01:00:38.457335 +00:00,5.0,12436.0,1.0,0.0,0.0,12436.0,5.0,2487.2,100.0,75.0,0.0,1.0
CdPVmDsfKh,US,39.0,Women,2025-02-21 19:01:19.403738 +00:00,6.0,9876.0,1.0,0.0,0.0,9876.0,1.0,9876.0,50.0,0.0,0.0,1.0
DmUW4WZkgF,DE,39.0,Men,2025-03-09 15:36:14.840229 +00:00,18.0,9070.0,2.0,0.0,0.0,9070.0,5.0,1814.0,100.0,75.0,0.0,0.0
jtL4bZhYPH,GB,54.0,Women,2025-02-16 08:18:22.812668 +00:00,14.0,16590.0,1.0,0.0,0.0,16590.0,5.0,3318.0,100.0,75.0,0.0,1.0
iBPOg7KD6r,US,39.0,Men,2025-02-11 10:38:58.458959 +00:00,3.0,2008.0,1.0,0.0,0.0,2008.0,3.0,669.3333333333334,100.0,25.0,0.0,1.0
dLG6ROxL4q,GB,53.0,Men,2025-03-03 05:08:28.471744 +00:00,44.0,43668.0,104.0,0.0,0.0,43668.0,7.0,6238.285714285715,100.0,100.0,0.0,0.0
RSFk61rDOH,GB,31.0,Women,2025-02-13 05:05:28.920563 +00:00,4.0,6559.0,1.0,2.8,1.0,6559.0,4.0,1639.75,100.0,50.0,0.0,1.0
xlr4kva1Fz,GB,39.0,Men,2025-03-18 05:24:59.288798 +00:00,1.0,788.0,5.0,0.0,0.0,788.0,1.0,788.0,50.0,0.0,0.0,1.0
cw7upU86yx,GB,33.0,Men,2025-02-22 22:21:31.535368 +00:00,2.0,1796.0,5.0,2.8,1.0,1796.0,2.0,898.0,100.0,0.0,0.0,1.0
5a38CdkVkb,GB,59.0,Men,2025-03-24 08:44:27.734495 +00:00,73.0,193439.0,143.0,47.599995,15.0,193439.0,9.0,21493.222222222223,100.0,100.0,37.5,0.0
XbTP2QFQOU,DE,46.0,Women,2025-03-19 14:10:00.717035 +00:00,7.0,22003.0,66.0,0.0,0.0,23927.0,5.0,4785.4,100.0,50.0,0.0,0.0
5Dk7UltEf2,DE,41.0,Men,2025-03-05 07:38:22.053510 +00:00,26.0,34676.0,6.0,0.0,0.0,34676.0,7.0,4953.714285714285,100.0,100.0,0.0,1.0
nYDr4McADR,US,38.0,Women,2025-03-01 06:03:29.048282 +00:00,2.0,1030.0,6.0,0.0,0.0,1030.0,2.0,515.0,100.0,0.0,0.0,1.0
UZFFk6WDIA,DE,44.0,Men,2025-03-10 03:57:46.848605 +00:00,1.0,848.0,1.0,0.0,0.0,848.0,1.0,848.0,50.0,0.0,0.0,1.0
Vpb6KQ28kn,DE,39.0,Men,2025-03-16 18:28:07.760017 +00:00,4.0,5522.0,21.0,0.0,0.0,5522.0,4.0,1380.5,100.0,50.0,0.0,0.0
qU1880V7wr,DE,40.0,Men,2025-03-19 09:38:57.720753 +00:00,33.0,21598.0,4.0,0.0,0.0,21598.0,8.0,2699.75,100.0,100.0,25.0,0.0
WtVmLO5FT3,DE,39.0,Women,2025-02-21 06:40:28.606253 +00:00,3.0,609.0,1.0,0.0,0.0,609.0,2.0,304.5,100.0,0.0,0.0,1.0
wHvgkS7shK,DE,49.0,Men,2025-03-01 12:27:01.220066 +00:00,30.0,24392.0,38.0,23.0,4.0,24392.0,7.0,3484.5714285714284,100.0,100.0,0.0,1.0
jG5f2Hx4oR,US,45.0,Men,2025-03-10 03:55:00.891533 +00:00,9.0,21255.0,14.0,0.0,0.0,21255.0,3.0,7085.0,100.0,25.0,0.0,1.0
XdE04fmRcU,DE,24.0,Men,2025-02-24 12:40:27.859488 +00:00,6.0,1812.0,1.0,0.0,0.0,1812.0,2.0,906.0,100.0,0.0,0.0,1.0
RUieUqfD19,DE,39.0,Men,2025-04-05 17:21:17.753376 +00:00,4.0,2181.0,5.0,0.0,0.0,3845.0,4.0,961.25,100.0,75.0,0.0,0.0
RTkfMCVY0b,US,51.0,Men,2025-02-22 00:31:02.753268 +00:00,101.0,158278.0,1.0,4.0,1.0,158278.0,7.0,22611.14285714286,100.0,100.0,0.0,1.0
zLZt5KWWWh,DE,39.0,Men,2025-02-24 16:07:32.749691 +00:00,34.0,40734.0,5.0,0.0,0.0,40734.0,3.0,13578.0,100.0,25.0,0.0,1.0
bJlkOLjlFj,US,39.0,Men,2025-02-07 17:27:32.803382 +00:00,1.0,177.0,1.0,0.0,0.0,177.0,3.0,59.0,100.0,25.0,0.0,1.0
ZCRufLmJqt,GB,46.0,Men,2025-03-23 09:33:38.547010 +00:00,17.0,52263.0,120.0,0.0,0.0,57741.0,8.0,7217.625,100.0,100.0,12.5,0.0
gxC459ykcm,GB,35.0,Men,2025-03-18 03:26:47.485959 +00:00,2.0,5770.0,1.0,0.0,0.0,5770.0,2.0,2885.0,100.0,0.0,0.0,1.0
TKZ5jC7pJU,GB,45.0,Women,2025-02-25 17:40:19.721741 +00:00,10.0,7149.0,5.0,0.0,0.0,7149.0,4.0,1787.25,100.0,50.0,0.0,1.0
zkeT4am5zJ,GB,36.0,Men,2025-03-23 08:59:36.793927 +00:00,9.0,15563.0,5.0,0.0,0.0,15563.0,5.0,3112.6,100.0,75.0,0.0,0.0
NQC5lN298J,US,33.0,Women,2025-02-23 09:31:43.238152 +00:00,1.0,0.0,1.0,4.0,1.0,0.0,3.0,0.0,100.0,25.0,0.0,1.0
UAI7qeUavh,DE,46.0,Women,2025-03-02 16:28:44.291824 +00:00,90.0,191552.0,583.0,0.0,0.0,191552.0,9.0,21283.555555555555,100.0,100.0,25.0,0.0
hKLfrZdafj,GB,44.0,Men,2025-02-22 21:05:20.097844 +00:00,4.0,3539.0,5.0,0.0,0.0,3539.0,4.0,884.75,100.0,50.0,0.0,0.0
NYs5eYQabN,DE,39.0,Women,2025-03-09 12:53:07.354692 +00:00,5.0,6265.0,4.0,0.0,0.0,6265.0,5.0,1253.0,100.0,75.0,0.0,1.0
0dFshRecTD,US,39.0,Men,2025-03-09 03:42:30.290390 +00:00,3.0,3677.0,1.0,0.0,0.0,3677.0,4.0,919.25,100.0,50.0,0.0,1.0
wig8vXWPjI,GB,18.0,Women,2025-02-24 19:06:16.826676 +00:00,9.0,3931.0,9.0,0.0,0.0,3931.0,6.0,655.1666666666666,100.0,100.0,0.0,0.0
PoqdRCxNQA,US,38.0,Women,2025-02-18 14:00:07.884392 +00:00,6.0,5600.0,1.0,0.0,0.0,5600.0,3.0,1866.6666666666667,100.0,25.0,0.0,1.0
JU8bgI3o6y,DE,44.0,Women,2025-03-18 02:50:26.446582 +00:00,9.0,12962.0,2.0,0.0,0.0,12962.0,5.0,2592.4,100.0,75.0,0.0,1.0
3uLGwwtdqq,US,33.0,Women,2025-02-23 21:22:52.823801 +00:00,1.0,2234.0,1.0,0.0,0.0,2234.0,2.0,1117.0,100.0,0.0,0.0,1.0
EPE5HwNMPU,DE,39.0,Men,2025-03-06 10:37:34.592448 +00:00,65.0,69124.0,3.0,0.0,0.0,69124.0,8.0,8640.5,100.0,100.0,25.0,0.0
yJOHhOjnNw,DE,56.0,Men,2025-03-16 23:05:10.355048 +00:00,15.0,25764.0,20.0,0.0,0.0,25764.0,5.0,5152.8,100.0,75.0,0.0,0.0
Foq1RJko1q,GB,33.0,Men,2025-03-07 17:28:33.516512 +00:00,1.0,292.0,5.0,0.0,0.0,292.0,1.0,292.0,50.0,0.0,0.0,1.0
f6rSobzyn7,DE,24.0,Women,2025-03-12 12:54:25.932649 +00:00,2.0,2429.0,2.0,0.0,0.0,2429.0,3.0,809.6666666666666,100.0,25.0,0.0,1.0
L8XgQyxqo8,GB,37.0,Women,2025-02-24 07:39:31.018401 +00:00,102.0,59256.0,792.0,2.8,1.0,59256.0,13.0,4558.153846153846,100.0,100.0,75.0,0.0
lE82JGoIQN,DE,45.0,Men,2025-02-15 10:21:37.655781 +00:00,6.0,5201.0,1.0,4.0,1.0,5201.0,3.0,1733.6666666666667,100.0,50.0,0.0,1.0
HBzKtNA77C,JP,21.0,Women,2025-03-07 12:58:23.460441 +00:00,13.0,10348.0,1.0,0.0,0.0,10348.0,4.0,2587.0,100.0,50.0,0.0,1.0
hgibMQqQYu,DE,46.0,Women,2025-02-22 08:13:29.729794 +00:00,1.0,1143.0,5.0,0.0,0.0,1143.0,1.0,1143.0,50.0,0.0,0.0,1.0
vUmaGCVK1L,US,41.0,Women,2025-02-12 16:10:38.284028 +00:00,5.0,4193.0,1.0,0.0,0.0,4193.0,3.0,1397.6666666666667,100.0,25.0,0.0,1.0
0z2nv0pabr,US,39.0,Women,2025-03-17 03:47:55.619595 +00:00,8.0,5777.0,15.0,0.0,0.0,5777.0,3.0,1925.6666666666667,100.0,25.0,0.0,1.0
0VXWvgGwm4,GB,52.0,Men,2025-03-05 16:14:31.018948 +00:00,2.0,2303.0,3.0,0.0,0.0,2303.0,1.0,2303.0,50.0,0.0,0.0,1.0
IbOyAIzez1,DE,36.0,Men,2025-03-16 00:25:38.030537 +00:00,54.0,38277.0,33.0,20.0,3.0,38277.0,7.0,5468.142857142857,100.0,100.0,0.0,1.0
YE542QUKW7,GB,46.0,Women,2025-02-14 12:07:20.958669 +00:00,19.0,13097.0,1.0,0.0,0.0,13097.0,4.0,3274.25,100.0,50.0,0.0,1.0
wkAaB2Dpwv,DE,43.0,Women,2025-02-17 01:37:27.039122 +00:00,1.0,1311.0,5.0,0.0,0.0,1311.0,1.0,1311.0,50.0,0.0,0.0,1.0
8sF1hBfrLV,DE,41.0,Women,2025-02-27 13:13:13.530784 +00:00,30.0,90364.0,111.0,0.0,0.0,90364.0,4.0,22591.0,100.0,50.0,0.0,1.0
t8JmW2U0Ih,US,39.0,Women,2025-02-22 17:37:33.213897 +00:00,3.0,3470.0,5.0,0.0,0.0,3470.0,3.0,1156.6666666666667,100.0,25.0,0.0,1.0
jxEHfQyaIU,GB,36.0,Men,2025-04-04 17:02:40.750937 +00:00,7.0,15761.0,16.0,0.0,0.0,17329.0,5.0,3465.8,100.0,75.0,0.0,0.0
TV1F3bdIle,US,40.0,Men,2025-02-20 06:23:50.424290 +00:00,1.0,1147.0,1.0,0.0,0.0,1147.0,2.0,573.5,100.0,0.0,0.0,1.0
RPDR9UMjSM,DE,39.0,Women,2025-03-30 10:47:54.221284 +00:00,5.0,9908.0,10.0,0.0,0.0,9908.0,5.0,1981.6,100.0,75.0,0.0,0.0
TWsrb97hqD,US,53.0,Women,2025-03-07 10:38:08.944991 +00:00,17.0,28435.0,20.0,23.0,4.0,28435.0,5.0,5687.0,100.0,50.0,0.0,1.0
2mL05dTki7,DE,39.0,Men,2025-02-15 01:38:23.106919 +00:00,1.0,1726.0,5.0,0.0,0.0,1726.0,4.0,431.5,100.0,50.0,0.0,1.0
2KJZZvyFY3,DE,39.0,Men,2025-03-14 10:09:37.504703 +00:00,41.0,57389.0,3.0,0.0,0.0,57389.0,6.0,9564.833333333334,100.0,100.0,0.0,1.0
uhH8XnKWOi,DE,35.0,Men,2025-03-30 13:11:35.510194 +00:00,1.0,422.0,5.0,0.0,0.0,422.0,1.0,422.0,50.0,0.0,0.0,1.0
fMT50ZH0vA,DE,42.0,Men,2025-03-01 11:02:40.783783 +00:00,14.0,17352.0,5.0,4.0,1.0,17352.0,1.0,17352.0,50.0,0.0,0.0,1.0
IGq0AWriPk,DE,30.0,Women,2025-03-02 17:14:34.637471 +00:00,1.0,2084.0,1.0,0.0,0.0,2084.0,4.0,521.0,100.0,50.0,0.0,1.0
nBfxeGBpKX,US,47.0,Women,2025-03-17 06:01:20.411795 +00:00,6.0,11038.0,49.0,0.0,0.0,11038.0,5.0,2207.6,100.0,50.0,0.0,1.0
Smoq7Oewqt,US,46.0,Men,2025-03-16 03:33:58.081223 +00:00,8.0,9252.0,25.0,0.0,0.0,9252.0,4.0,2313.0,100.0,50.0,0.0,0.0
THmJnyEGLN,DE,37.0,Men,2025-03-16 17:14:22.715046 +00:00,9.0,23690.0,22.0,0.0,0.0,23690.0,1.0,23690.0,50.0,0.0,0.0,1.0
z2MQMW1cwq,US,39.0,Men,2025-02-27 04:25:21.457121 +00:00,250.0,93751.0,173.0,10.0,2.0,93751.0,11.0,8522.818181818182,100.0,100.0,50.0,0.0
7jW6ciepxb,DE,41.0,Men,2025-03-08 10:39:19.828156 +00:00,45.0,93735.0,404.0,0.0,0.0,93735.0,1.0,93735.0,50.0,0.0,0.0,0.0
wreK1BDVDn,DE,56.0,Men,2025-04-05 10:45:58.608283 +00:00,4.0,15085.0,4.0,0.0,0.0,15085.0,4.0,3771.25,100.0,75.0,0.0,0.0
IeuPMJcQ4b,DE,47.0,Men,2025-03-28 08:02:12.526742 +00:00,30.0,46753.0,27.0,0.0,0.0,46753.0,1.0,46753.0,50.0,0.0,0.0,0.0
00LZ9EF7oZ,US,39.0,Men,2025-03-14 04:16:06.584377 +00:00,139.0,63473.0,126.0,0.0,0.0,63473.0,9.0,7052.555555555556,100.0,100.0,25.0,0.0
Xg2MjudlzH,DE,39.0,Women,2025-02-13 09:58:04.910290 +00:00,15.0,63526.0,1.0,0.0,0.0,63526.0,6.0,10587.666666666666,100.0,100.0,0.0,1.0
4D4J1Xh79y,US,39.0,Men,2025-02-23 02:04:30.933381 +00:00,51.0,66308.0,175.0,4.0,1.0,66308.0,8.0,8288.5,100.0,100.0,12.5,0.0
VFLje4l5jC,GB,39.0,Men,2025-03-29 14:12:53.337870 +00:00,10.0,16840.0,4.0,7.0,2.0,16840.0,5.0,3368.0,100.0,75.0,0.0,0.0
l1HEeSZr8n,DE,38.0,Men,2025-03-11 19:01:54.727814 +00:00,15.0,22966.0,35.0,0.0,0.0,22966.0,5.0,4593.2,100.0,50.0,0.0,1.0
TahGOKYZ2o,US,39.0,Men,2025-02-17 04:42:28.461124 +00:00,2.0,3084.0,1.0,0.0,0.0,3084.0,3.0,1028.0,100.0,25.0,0.0,1.0
l5qsSfMCsw,GB,39.0,Women,2025-03-29 10:02:53.750172 +00:00,1.0,1804.0,1.0,0.0,0.0,1804.0,1.0,1804.0,50.0,0.0,0.0,1.0
IHeaG5FaJX,DE,42.0,Women,2025-02-16 07:57:14.158169 +00:00,51.0,78401.0,29.0,0.0,0.0,78401.0,9.0,8711.222222222223,100.0,100.0,25.0,1.0
wqnjeefnMt,DE,38.0,Men,2025-02-14 06:26:23.876582 +00:00,3.0,5152.0,5.0,0.0,0.0,5152.0,5.0,1030.4,100.0,75.0,0.0,1.0
jPjnzjyrsp,GB,51.0,Women,2025-03-27 14:47:31.412382 +00:00,47.0,50027.0,79.0,0.0,0.0,50027.0,7.0,7146.714285714285,100.0,100.0,0.0,0.0
sJdSnJJ2tY,DE,47.0,Men,2025-03-31 19:59:00.412430 +00:00,8.0,5245.0,7.0,26.0,5.0,5245.0,5.0,1049.0,100.0,75.0,0.0,0.0
qXLzs6SSiG,GB,36.0,Women,2025-04-05 08:43:00.481674 +00:00,2.0,2801.0,3.0,0.0,0.0,2801.0,3.0,933.6666666666666,100.0,25.0,0.0,0.0
i9nvqiwV5z,US,51.0,Men,2025-02-14 06:36:29.439763 +00:00,31.0,70112.0,184.0,4.0,1.0,70112.0,7.0,10016.0,100.0,100.0,0.0,0.0
dFZBN59I3M,GB,31.0,Women,2025-03-08 16:43:22.486719 +00:00,39.0,144779.0,66.0,14.0,3.0,144779.0,8.0,18097.375,100.0,100.0,12.5,0.0
bx1pURhBm0,DE,39.0,Women,2025-03-17 18:03:37.559376 +00:00,3.0,2430.0,5.0,0.0,0.0,2430.0,4.0,607.5,100.0,50.0,0.0,1.0
Y06r15vaUp,US,52.0,Women,2025-03-13 06:46:54.427471 +00:00,14.0,24668.0,5.0,0.0,0.0,24668.0,3.0,8222.666666666666,100.0,25.0,0.0,1.0
mu96cikyJE,US,30.0,Men,2025-02-10 01:19:25.788771 +00:00,27.0,29669.0,1.0,0.0,0.0,29669.0,6.0,4944.833333333333,100.0,100.0,0.0,1.0
lfQeKo8UuX,GB,29.0,Men,2025-02-22 21:32:26.657811 +00:00,1.0,352.0,5.0,0.0,0.0,352.0,2.0,176.0,100.0,0.0,0.0,1.0
GZwsrvlUme,DE,39.0,Men,2025-03-14 12:39:55.432698 +00:00,11.0,5621.0,22.0,0.0,0.0,5621.0,5.0,1124.2,100.0,75.0,0.0,1.0
CjANHYcj5Z,US,42.0,Women,2025-02-17 04:16:41.614871 +00:00,3.0,3720.0,1.0,0.0,0.0,3720.0,3.0,1240.0,100.0,25.0,0.0,1.0
KHYBd4nWhl,US,36.0,Men,2025-03-04 02:19:40.204665 +00:00,3.0,31.0,5.0,0.0,0.0,31.0,1.0,31.0,50.0,0.0,0.0,1.0
KRTtHgW7tG,US,39.0,Women,2025-02-09 09:58:22.075498 +00:00,21.0,37547.0,15.0,0.0,0.0,37547.0,6.0,6257.833333333333,100.0,75.0,0.0,0.0
V1CxBkzdY4,GB,45.0,Men,2025-03-16 13:13:36.224715 +00:00,79.0,85721.0,64.0,0.0,0.0,85721.0,5.0,17144.2,100.0,75.0,0.0,0.0
0Clj6yDxdn,GB,39.0,Men,2025-03-08 13:33:38.734918 +00:00,2.0,1916.0,1.0,0.0,0.0,1916.0,3.0,638.6666666666666,100.0,25.0,0.0,1.0
9dFq4A4PHE,US,28.0,Men,2025-03-02 03:52:09.627243 +00:00,20.0,5232.0,1.0,0.0,0.0,5232.0,4.0,1308.0,100.0,50.0,0.0,1.0
M1KABKHpep,US,51.0,Women,2025-03-10 02:32:17.736100 +00:00,24.0,79640.0,53.0,0.0,0.0,79640.0,7.0,11377.142857142857,100.0,100.0,0.0,1.0
QHCVVhymIG,GB,55.0,Men,2025-03-28 17:17:46.659766 +00:00,3.0,1286.0,1.0,0.0,0.0,1286.0,1.0,1286.0,50.0,0.0,0.0,1.0
zw91U0nOiN,GB,21.0,Women,2025-03-14 13:54:43.263907 +00:00,5.0,3404.0,3.0,0.0,0.0,3404.0,4.0,851.0,100.0,50.0,0.0,1.0
Y2FvblWuBB,GB,23.0,Women,2025-02-26 23:58:53.205385 +00:00,1.0,635.0,3.0,7.0,2.0,635.0,6.0,105.83333333333331,100.0,75.0,0.0,1.0
7gQdNF2b4y,US,58.0,Women,2025-02-19 03:45:54.976216 +00:00,117.0,57330.0,143.0,23.0,4.0,57330.0,9.0,6370.0,100.0,100.0,25.0,0.0
48r4cL8oEG,US,39.0,Women,2025-03-17 00:27:31.321818 +00:00,1.0,815.0,2.0,0.0,0.0,815.0,1.0,815.0,50.0,0.0,0.0,1.0
p8qyIC1oyK,JP,48.0,Men,2025-03-18 07:52:11.868117 +00:00,18.0,13568.0,6.0,0.0,0.0,13568.0,4.0,3392.0,100.0,50.0,0.0,1.0
iuY5P56nyT,US,39.0,Women,2025-02-04 00:11:50.021110 +00:00,6.0,19219.0,1.0,0.0,0.0,19219.0,2.0,9609.5,100.0,0.0,0.0,1.0
Dl3jz2CJ1b,US,18.0,Women,2025-02-13 14:31:34.314404 +00:00,10.0,6845.0,5.0,0.0,0.0,6845.0,2.0,3422.5,100.0,0.0,0.0,1.0
WCSuj9YQp3,GB,39.0,Men,2025-03-19 03:35:40.897435 +00:00,3.0,2543.0,5.0,0.0,0.0,2543.0,1.0,2543.0,50.0,0.0,0.0,1.0
GLFibTjcyx,GB,39.0,Women,2025-03-01 01:33:16.286917 +00:00,2.0,6006.0,1.0,0.0,0.0,6006.0,4.0,1501.5,100.0,50.0,0.0,1.0
xTAVTr2bvq,US,34.0,Men,2025-02-14 17:25:57.293760 +00:00,42.0,39342.0,222.0,26.0,5.0,39342.0,8.0,4917.75,100.0,100.0,12.5,0.0
TkvmT1fpgO,DE,50.0,Women,2025-03-25 20:08:30.346093 +00:00,71.0,234015.0,112.0,10.0,2.0,237507.0,9.0,26389.666666666668,100.0,100.0,37.5,0.0
u7AiDBmTWy,GB,36.0,Men,2025-02-23 00:55:46.401106 +00:00,2.0,1812.0,1.0,0.0,0.0,1812.0,1.0,1812.0,50.0,0.0,0.0,1.0
QnYtJFPzLS,GB,61.0,Men,2025-02-15 23:39:07.411709 +00:00,10.0,24056.0,35.0,2.8,1.0,24056.0,7.0,3436.5714285714284,100.0,100.0,0.0,1.0
OlZ9tppY4X,US,57.0,Women,2025-03-12 07:55:50.760794 +00:00,120.0,179490.0,362.0,29.0,6.0,179490.0,8.0,22436.25,100.0,100.0,12.5,1.0
RzOrY12rC6,US,32.0,Men,2025-03-05 00:39:20.081021 +00:00,4.0,1615.0,11.0,4.0,1.0,1615.0,6.0,269.1666666666667,100.0,75.0,0.0,1.0
U1wBr3ytJr,DE,47.0,Men,2025-03-27 19:38:52.143902 +00:00,2.0,792.0,10.0,0.0,0.0,792.0,5.0,158.4,100.0,75.0,0.0,1.0
iIT9hxpK2A,GB,57.0,Men,2025-02-13 09:31:42.278417 +00:00,121.0,104201.0,228.0,0.0,0.0,104201.0,11.0,9472.818181818182,100.0,100.0,50.0,0.0
hjH82DznD4,GB,50.0,Women,2025-03-10 09:19:34.696528 +00:00,62.0,96843.0,51.0,19.599998,5.0,96843.0,8.0,12105.375,100.0,100.0,12.5,1.0
e4AyppOH9i,GB,38.0,Women,2025-02-27 09:33:42.974117 +00:00,16.0,17769.0,1.0,7.0,2.0,17769.0,3.0,5923.0,100.0,0.0,0.0,0.0
AVqpxhAL0b,DE,39.0,Women,2025-03-01 21:29:42.333289 +00:00,32.0,33241.0,2.0,0.0,0.0,33241.0,8.0,4155.125,100.0,100.0,12.5,1.0
KXVe9i5Ply,DE,34.0,Women,2025-03-09 20:03:55.403469 +00:00,4.0,4678.0,1.0,0.0,0.0,4678.0,4.0,1169.5,100.0,50.0,0.0,1.0
VzSXQpohEg,US,39.0,Women,2025-02-19 08:16:03.306992 +00:00,2.0,1514.0,1.0,0.0,0.0,1514.0,2.0,757.0,100.0,0.0,0.0,1.0
FEblEj3yFQ,GB,39.0,Women,2025-03-05 18:38:21.564276 +00:00,11.0,5878.0,2.0,0.0,0.0,5878.0,4.0,1469.5,100.0,50.0,0.0,1.0
Ufq16UAO3R,GB,39.0,Men,2025-03-01 10:26:11.490575 +00:00,5.0,9630.0,1.0,0.0,0.0,9630.0,5.0,1926.0,100.0,75.0,0.0,1.0
T8HodiepPX,DE,39.0,Women,2025-02-25 12:26:16.852627 +00:00,1.0,1194.0,5.0,0.0,0.0,1194.0,1.0,1194.0,50.0,0.0,0.0,1.0
6DsU9kWr18,US,30.0,Men,2025-02-27 19:32:33.587559 +00:00,28.0,51676.0,1.0,0.0,0.0,51676.0,4.0,12919.0,100.0,50.0,0.0,1.0
K2KzzA3dZQ,US,39.0,Women,2025-03-04 05:56:42.562008 +00:00,5.0,2070.0,5.0,0.0,0.0,2070.0,3.0,690.0,100.0,25.0,0.0,1.0
8jVEIHAUxm,JP,18.0,Men,2025-03-16 23:01:56.841928 +00:00,7.0,830.0,5.0,0.0,0.0,830.0,3.0,276.6666666666667,100.0,25.0,0.0,1.0
0UesjX63zR,DE,42.0,Men,2025-03-31 12:56:40.684846 +00:00,15.0,29913.0,159.0,0.0,0.0,29913.0,7.0,4273.285714285715,100.0,100.0,0.0,0.0
GLHnaOzsOd,DE,33.0,Women,2025-03-03 17:12:15.255690 +00:00,15.0,11870.0,1.0,4.0,1.0,11870.0,5.0,2374.0,100.0,75.0,0.0,1.0
n9hPMFsJJg,US,39.0,Men,2025-03-05 01:47:32.221932 +00:00,4.0,1412.0,15.0,0.0,0.0,1412.0,2.0,706.0,100.0,0.0,0.0,1.0
negSINjqKi,US,57.0,Women,2025-02-25 09:35:52.998292 +00:00,18.0,62908.0,1.0,0.0,0.0,62908.0,4.0,15727.0,100.0,50.0,0.0,1.0
QscMEaX0RA,GB,49.0,Men,2025-02-14 16:16:10.975508 +00:00,2.0,1956.0,5.0,0.0,0.0,1956.0,3.0,652.0,100.0,25.0,0.0,1.0
qLQXipGKor,DE,46.0,Men,2025-03-05 14:35:57.024934 +00:00,10.0,18468.0,1.0,0.0,0.0,18468.0,5.0,3693.6,100.0,75.0,0.0,0.0
5RKlKj6n0s,DE,42.0,Women,2025-02-26 09:51:17.743106 +00:00,10.0,16307.0,1.0,0.0,0.0,16307.0,5.0,3261.4,100.0,75.0,0.0,1.0
6mPuMHBo5n,US,39.0,Women,2025-02-06 02:16:56.994871 +00:00,1.0,222.0,1.0,4.0,1.0,222.0,3.0,74.0,100.0,25.0,0.0,1.0
XeTLc6Rgd8,GB,60.0,Women,2025-03-16 09:41:56.145037 +00:00,25.0,39076.0,30.0,0.0,0.0,39076.0,1.0,39076.0,50.0,0.0,0.0,0.0
zKgXGuOyT6,GB,63.0,Men,2025-03-29 03:36:23.121725 +00:00,3.0,9355.0,15.0,0.0,0.0,9355.0,4.0,2338.75,100.0,50.0,0.0,0.0
QL57O1lZT7,US,39.0,Men,2025-03-08 05:03:05.497026 +00:00,12.0,13884.0,5.0,0.0,0.0,13884.0,3.0,4628.0,100.0,25.0,0.0,1.0
k2d0sxEDVc,GB,36.0,Men,2025-02-18 04:35:43.954021 +00:00,180.0,231980.0,1.0,2.8,1.0,231980.0,12.0,19331.666666666668,100.0,100.0,75.0,0.0
EDbdHZk3QK,DE,47.0,Women,2025-03-17 21:55:54.723711 +00:00,10.0,25308.0,34.0,10.0,2.0,25308.0,6.0,4218.0,100.0,75.0,0.0,1.0
FRk1M2Mey8,US,41.0,Men,2025-03-11 07:43:20.010726 +00:00,1.0,547.0,1.0,0.0,0.0,547.0,3.0,182.33333333333337,100.0,25.0,0.0,1.0
twJIs1V0Ux,DE,28.0,Women,2025-02-25 08:48:52.538977 +00:00,31.0,93632.0,1.0,0.0,0.0,93632.0,8.0,11704.0,100.0,100.0,12.5,1.0
CplXeyoErR,US,40.0,Women,2025-02-09 02:56:40.013518 +00:00,13.0,29984.0,1.0,0.0,0.0,29984.0,3.0,9994.666666666666,100.0,25.0,0.0,1.0
TvMpFyhSnM,US,42.0,Men,2025-02-08 09:56:30.718384 +00:00,1.0,770.0,5.0,0.0,0.0,770.0,1.0,770.0,50.0,0.0,0.0,1.0
X8SVsz2B9p,DE,31.0,Men,2025-03-01 18:29:15.658256 +00:00,11.0,49084.0,5.0,0.0,0.0,49084.0,5.0,9816.8,100.0,75.0,0.0,0.0
WHfIdrDtTg,DE,57.0,Men,2025-02-15 06:44:54.913185 +00:00,21.0,37135.0,1.0,0.0,0.0,37135.0,5.0,7427.0,100.0,50.0,0.0,1.0
rfSYpWyzHl,US,39.0,Men,2025-03-16 08:22:58.477615 +00:00,11.0,33220.0,31.0,0.0,0.0,33220.0,4.0,8305.0,100.0,50.0,0.0,1.0
QVWtuqPEyb,US,39.0,Men,2025-02-04 03:56:13.639678 +00:00,13.0,9165.0,1.0,0.0,0.0,9165.0,4.0,2291.25,100.0,25.0,0.0,1.0
IduJEPPKR2,DE,41.0,Men,2025-03-10 10:16:16.042950 +00:00,29.0,27058.0,51.0,0.0,0.0,27058.0,8.0,3382.25,100.0,100.0,12.5,0.0
LqjldE1dsQ,JP,34.0,Women,2025-03-20 21:34:30.410700 +00:00,1.0,907.0,5.0,0.0,0.0,907.0,1.0,907.0,50.0,0.0,0.0,1.0
4FbbfCRzS9,GB,39.0,Women,2025-02-28 13:04:17.639851 +00:00,3.0,8754.0,1.0,0.0,0.0,8754.0,4.0,2188.5,100.0,50.0,0.0,1.0
GHsov42shM,DE,39.0,Men,2025-03-22 08:30:15.253971 +00:00,1.0,4491.0,4.0,0.0,0.0,4491.0,1.0,4491.0,50.0,0.0,0.0,1.0
aGnnroJkX3,US,44.0,Men,2025-02-28 09:42:48.059394 +00:00,54.0,77148.0,96.0,0.0,0.0,77148.0,7.0,11021.142857142857,100.0,100.0,0.0,1.0
jQcj3YhPXs,DE,30.0,Women,2025-03-11 00:11:14.510704 +00:00,1.0,623.0,3.0,0.0,0.0,623.0,2.0,311.5,100.0,0.0,0.0,1.0
zifDEQcB2V,DE,62.0,Men,2025-03-13 22:40:57.966240 +00:00,1.0,1215.0,3.0,0.0,0.0,1215.0,3.0,405.0,100.0,25.0,0.0,1.0
l1AxoNjo7d,US,21.0,Men,2025-03-16 06:47:21.509338 +00:00,3.0,8545.0,25.0,0.0,0.0,8545.0,4.0,2136.25,100.0,50.0,0.0,1.0
j0moBouYVO,US,24.0,Men,2025-02-26 20:07:55.733091 +00:00,12.0,7088.0,1.0,0.0,0.0,7088.0,1.0,7088.0,0.0,0.0,0.0,1.0
kXXCfQ2PWf,US,34.0,Men,2025-02-18 04:56:25.867467 +00:00,29.0,56288.0,96.0,23.0,4.0,56288.0,6.0,9381.333333333334,100.0,75.0,0.0,1.0
9Nc9xP6hUY,US,51.0,Men,2025-02-23 19:11:34.375063 +00:00,209.0,301619.0,531.0,0.0,0.0,301619.0,10.0,30161.9,100.0,100.0,37.5,0.0
UPHvYxXjrN,US,39.0,Men,2025-03-01 07:32:18.189043 +00:00,3.0,574.0,5.0,0.0,0.0,574.0,1.0,574.0,50.0,0.0,0.0,1.0
1PJAFINaZz,DE,19.0,Women,2025-02-17 18:34:36.143484 +00:00,1.0,580.0,5.0,0.0,0.0,580.0,1.0,580.0,50.0,0.0,0.0,1.0
lnwzth1RFJ,DE,42.0,Men,2025-02-27 10:17:51.614620 +00:00,141.0,292991.0,1.0,4.0,1.0,292991.0,9.0,32554.555555555555,100.0,100.0,25.0,0.0
c50AH0QrRS,US,46.0,Women,2025-02-14 07:46:01.421019 +00:00,20.0,74677.0,186.0,0.0,0.0,74677.0,6.0,12446.166666666666,100.0,75.0,0.0,0.0
SgAwvHHd4m,DE,39.0,Men,2025-02-12 16:34:31.793457 +00:00,7.0,1953.0,5.0,0.0,0.0,1953.0,4.0,488.25,100.0,50.0,0.0,1.0
MrQE7pbMrQ,DE,44.0,Women,2025-03-09 15:46:52.588274 +00:00,16.0,50680.0,101.0,0.0,0.0,50680.0,7.0,7240.0,100.0,100.0,0.0,0.0
f7Z5mDBoGc,US,36.0,Men,2025-02-23 04:32:52.740724 +00:00,2.0,337.0,1.0,0.0,0.0,337.0,3.0,112.33333333333331,100.0,25.0,0.0,1.0
pJUqKWvc2G,GB,43.0,Women,2025-02-17 19:36:13.070165 +00:00,72.0,76769.0,89.0,25.199997,7.0,76769.0,8.0,9596.125,100.0,100.0,12.5,0.0
BpnpZWdLmL,GB,39.0,Women,2025-03-19 12:47:16.045358 +00:00,5.0,4026.0,3.0,0.0,0.0,4026.0,4.0,1006.5,100.0,50.0,0.0,1.0
gS70urS2yi,DE,39.0,Women,2025-02-24 09:27:24.919794 +00:00,24.0,13940.0,50.0,32.0,7.0,13940.0,2.0,6970.0,100.0,0.0,0.0,1.0
Bm52x05rOv,GB,56.0,Men,2025-03-24 10:21:51.084697 +00:00,35.0,58395.0,293.0,2.8,1.0,58395.0,9.0,6488.333333333333,100.0,100.0,37.5,0.0
17Cu89zQ9I,DE,55.0,Women,2025-03-13 17:22:51.315279 +00:00,14.0,37351.0,52.0,4.0,1.0,37351.0,7.0,5335.857142857143,100.0,100.0,0.0,1.0
fRi7C9Qadd,US,31.0,Women,2025-03-13 04:23:20.129103 +00:00,21.0,11512.0,6.0,0.0,0.0,11512.0,4.0,2878.0,100.0,50.0,0.0,0.0
LeVGDOxYYD,DE,39.0,Men,2025-03-22 22:23:35.404225 +00:00,15.0,31201.0,17.0,0.0,0.0,31201.0,5.0,6240.2,100.0,75.0,0.0,1.0
D4zzCsQHWk,DE,39.0,Women,2025-03-27 14:19:52.884446 +00:00,33.0,33620.0,99.0,0.0,0.0,33620.0,6.0,5603.333333333333,100.0,100.0,0.0,0.0
gD6hZ3GyxS,DE,41.0,Men,2025-02-13 12:19:58.670640 +00:00,181.0,303697.0,15.0,4.0,1.0,303697.0,12.0,25308.083333333332,100.0,100.0,62.5,0.0
2lHm3GkNjF,US,40.0,Women,2025-02-13 01:18:11.574789 +00:00,7.0,8959.0,6.0,23.0,4.0,8959.0,3.0,2986.3333333333335,100.0,25.0,0.0,1.0
7JUjJueRLU,JP,39.0,Men,2025-03-11 18:32:41.265040 +00:00,8.0,4931.0,1.0,0.0,0.0,4931.0,3.0,1643.6666666666667,100.0,25.0,0.0,1.0
uajXrDKmvE,DE,25.0,Women,2025-02-25 12:35:59.146688 +00:00,2.0,4345.0,1.0,0.0,0.0,4345.0,4.0,1086.25,100.0,50.0,0.0,1.0
0oXPS0pBCn,US,52.0,Women,2025-03-08 14:33:57.266532 +00:00,19.0,23149.0,22.0,4.0,1.0,23149.0,5.0,4629.8,100.0,50.0,0.0,1.0
f7jK6WJFVm,US,57.0,Women,2025-02-28 13:06:11.748058 +00:00,79.0,86366.0,19.0,0.0,0.0,86366.0,7.0,12338.0,100.0,100.0,0.0,1.0
3FpZdeW0Mk,DE,36.0,Women,2025-03-06 08:25:38.671410 +00:00,72.0,37830.0,4.0,0.0,0.0,37830.0,7.0,5404.285714285715,100.0,100.0,12.5,0.0
MVnITPICnp,GB,51.0,Women,2025-02-20 19:09:50.609116 +00:00,240.0,640791.0,919.0,0.0,0.0,642109.0,13.0,49393.0,100.0,100.0,75.0,0.0
xWjMz1I8Qc,GB,46.0,Men,2025-02-16 21:54:45.003209 +00:00,166.0,268413.0,59.0,0.0,0.0,268413.0,9.0,29823.666666666668,100.0,100.0,25.0,0.0
ibZOJOM3HD,DE,39.0,Women,2025-03-13 15:51:35.319780 +00:00,3.0,2994.0,5.0,0.0,0.0,2994.0,3.0,998.0,100.0,25.0,0.0,1.0
JDgbA51L49,US,41.0,Women,2025-02-15 06:11:34.011440 +00:00,179.0,311676.0,1.0,4.0,1.0,311676.0,10.0,31167.6,100.0,100.0,37.5,1.0
3YXL7DQZbF,US,55.0,Women,2025-02-16 01:45:33.064921 +00:00,137.0,140698.0,125.0,0.0,0.0,140698.0,7.0,20099.714285714286,100.0,100.0,0.0,0.0
DIKmzD8dCi,DE,36.0,Women,2025-02-28 05:58:14.506760 +00:00,10.0,8595.0,1.0,4.0,1.0,8595.0,5.0,1719.0,100.0,75.0,0.0,1.0
ydLYPpCvpn,DE,64.0,Women,2025-03-03 23:43:12.179054 +00:00,36.0,142120.0,66.0,0.0,0.0,142120.0,7.0,20302.85714285714,100.0,100.0,0.0,0.0
rjViaaLXC9,GB,27.0,Women,2025-03-09 17:29:16.778734 +00:00,1.0,125.0,5.0,2.8,1.0,125.0,1.0,125.0,50.0,0.0,0.0,1.0
TJ4GPl3KDM,DE,39.0,Women,2025-03-25 22:35:09.537972 +00:00,5.0,11481.0,5.0,0.0,0.0,11481.0,5.0,2296.2,100.0,75.0,0.0,1.0
9Y8OPEpZLT,US,42.0,Men,2025-03-05 11:45:07.216867 +00:00,2.0,5880.0,7.0,20.0,3.0,5880.0,3.0,1960.0,100.0,25.0,0.0,1.0
nShn4Ltsqb,US,27.0,Women,2025-02-03 04:12:41.619634 +00:00,66.0,68630.0,15.0,4.0,1.0,68630.0,8.0,8578.75,100.0,100.0,12.5,1.0
Aw9pFIWl5u,US,27.0,Men,2025-02-24 07:44:31.549063 +00:00,8.0,4708.0,4.0,0.0,0.0,4708.0,3.0,1569.3333333333333,100.0,25.0,0.0,1.0
Yf8vmUXzim,US,32.0,Women,2025-03-16 08:29:13.536078 +00:00,9.0,7910.0,8.0,10.0,2.0,7910.0,4.0,1977.5,100.0,50.0,0.0,1.0
atrmbzrGt4,GB,32.0,Men,2025-03-19 09:12:57.102080 +00:00,2.0,4996.0,4.0,0.0,0.0,4996.0,4.0,1249.0,100.0,50.0,0.0,1.0
JdolSsdqm6,DE,39.0,Men,2025-03-07 22:01:55.203861 +00:00,1.0,803.0,5.0,0.0,0.0,803.0,2.0,401.5,100.0,0.0,0.0,1.0
yiCMHLiMNn,DE,21.0,Men,2025-03-20 16:33:00.529577 +00:00,4.0,5513.0,12.0,0.0,0.0,5513.0,4.0,1378.25,100.0,50.0,0.0,1.0
sfxeGbhq8O,DE,39.0,Women,2025-02-17 11:58:50.576204 +00:00,7.0,14129.0,1.0,4.0,1.0,14129.0,6.0,2354.8333333333335,100.0,100.0,0.0,1.0
DrgaHmWfKx,US,26.0,Men,2025-02-07 18:04:41.302453 +00:00,5.0,135.0,1.0,0.0,0.0,135.0,3.0,45.0,100.0,25.0,0.0,1.0
HhHZaGBqX3,GB,47.0,Men,2025-02-12 21:26:40.037762 +00:00,58.0,82258.0,4.0,0.0,0.0,82258.0,2.0,41129.0,100.0,0.0,0.0,0.0
SSx2MWgw4C,GB,48.0,Women,2025-04-01 09:39:01.011766 +00:00,12.0,4528.0,41.0,0.0,0.0,4528.0,1.0,4528.0,50.0,0.0,0.0,1.0
NguAaz1p8a,US,39.0,Men,2025-03-16 06:21:30.619272 +00:00,5.0,8198.0,10.0,0.0,0.0,8198.0,2.0,4099.0,100.0,0.0,0.0,1.0
dj3hYAoGpG,DE,26.0,Men,2025-03-13 23:38:28.624424 +00:00,35.0,91937.0,531.0,0.0,0.0,91937.0,9.0,10215.222222222224,100.0,100.0,25.0,1.0
jwFlbfWrn1,US,36.0,Men,2025-02-24 00:12:58.439021 +00:00,3.0,490.0,5.0,0.0,0.0,490.0,1.0,490.0,50.0,0.0,0.0,1.0
dsYk06AaIF,DE,39.0,Women,2025-03-12 09:24:39.778942 +00:00,33.0,146858.0,4.0,0.0,0.0,146858.0,8.0,18357.25,100.0,100.0,25.0,0.0
dc0dAyg0xy,US,39.0,Men,2025-02-20 09:48:25.582289 +00:00,1.0,752.0,5.0,0.0,0.0,752.0,1.0,752.0,50.0,0.0,0.0,1.0
3vFU3RH6lW,US,51.0,Women,2025-03-16 05:33:38.414300 +00:00,1.0,2455.0,3.0,0.0,0.0,2455.0,2.0,1227.5,100.0,0.0,0.0,1.0
OiX8qSonrl,US,27.0,Women,2025-03-07 00:47:20.590930 +00:00,127.0,157861.0,353.0,0.0,0.0,157861.0,7.0,22551.571428571428,100.0,100.0,12.5,0.0
QAMElRPzjZ,DE,35.0,Women,2025-03-07 09:08:12.710818 +00:00,14.0,8629.0,1.0,0.0,0.0,8629.0,4.0,2157.25,100.0,50.0,0.0,1.0
9g7PNBWknA,DE,39.0,Men,2025-03-08 22:25:40.568015 +00:00,3.0,2328.0,4.0,0.0,0.0,2328.0,4.0,582.0,100.0,50.0,0.0,1.0
Kqi4MT8rxp,GB,40.0,Men,2025-02-25 21:10:07.564861 +00:00,9.0,33219.0,1.0,0.0,0.0,33219.0,5.0,6643.8,100.0,75.0,0.0,1.0
ISCSl234oe,DE,34.0,Men,2025-02-19 07:25:41.819337 +00:00,79.0,88940.0,5.0,0.0,0.0,88940.0,5.0,17788.0,100.0,75.0,0.0,0.0
w1JRfrWNdu,DE,60.0,Men,2025-03-18 12:08:23.910626 +00:00,49.0,107422.0,486.0,0.0,0.0,107422.0,9.0,11935.777777777776,100.0,100.0,25.0,0.0
bg8bqt83y8,DE,28.0,Women,2025-03-15 15:36:20.913079 +00:00,17.0,45089.0,1.0,0.0,0.0,45089.0,4.0,11272.25,100.0,50.0,0.0,1.0
LHQ2IuvP52,DE,39.0,Men,2025-04-01 08:16:37.197662 +00:00,8.0,17666.0,10.0,10.0,2.0,17666.0,6.0,2944.3333333333335,100.0,100.0,0.0,0.0
B71zaCfzeC,DE,24.0,Men,2025-03-08 19:49:22.743565 +00:00,1.0,1011.0,5.0,0.0,0.0,1011.0,2.0,505.5,100.0,0.0,0.0,1.0
Xweja2NZyA,DE,32.0,Women,2025-04-04 14:31:16.354412 +00:00,4.0,8187.0,8.0,0.0,0.0,8187.0,4.0,2046.75,100.0,50.0,0.0,0.0
1GMQmWQ9Re,DE,39.0,Men,2025-03-17 10:02:53.559067 +00:00,128.0,207058.0,54.0,0.0,0.0,207058.0,9.0,23006.444444444445,100.0,100.0,37.5,0.0
U9SiA3L7zz,US,42.0,Men,2025-02-11 03:48:50.019889 +00:00,2.0,286.0,1.0,4.0,1.0,286.0,4.0,71.5,100.0,50.0,0.0,1.0
q6bWtpJMjM,US,33.0,Men,2025-03-12 01:14:49.915739 +00:00,1.0,1481.0,5.0,0.0,0.0,1481.0,2.0,740.5,100.0,0.0,0.0,1.0
BrnqshvECI,GB,51.0,Women,2025-03-03 14:31:16.298252 +00:00,8.0,17465.0,10.0,0.0,0.0,17465.0,6.0,2910.8333333333335,100.0,75.0,0.0,1.0
8UvNxWbBgT,DE,19.0,Women,2025-03-14 16:41:20.666529 +00:00,5.0,948.0,3.0,0.0,0.0,948.0,4.0,237.0,100.0,50.0,0.0,1.0
UfZq51aUwI,DE,31.0,Men,2025-03-11 21:48:31.246198 +00:00,103.0,80252.0,82.0,0.0,0.0,81521.0,9.0,9057.888888888889,100.0,100.0,25.0,0.0
hnON3DSqEa,US,30.0,Women,2025-02-27 12:20:22.799108 +00:00,145.0,268734.0,147.0,4.0,1.0,268734.0,9.0,29859.333333333332,100.0,100.0,25.0,1.0
KTVKJLMYn2,US,39.0,Men,2025-03-18 04:49:16.165437 +00:00,9.0,8041.0,19.0,0.0,0.0,8041.0,3.0,2680.3333333333335,100.0,25.0,0.0,0.0
2engLmfxev,GB,38.0,Women,2025-02-15 00:26:41.152995 +00:00,1.0,667.0,1.0,0.0,0.0,667.0,4.0,166.75,100.0,50.0,0.0,1.0
5JNmy3Jt0b,US,54.0,Men,2025-02-22 08:46:17.067313 +00:00,2.0,23.0,1.0,0.0,0.0,23.0,1.0,23.0,50.0,0.0,0.0,1.0
R93TdtkyB9,US,39.0,Women,2025-03-11 02:57:32.158585 +00:00,1.0,1175.0,5.0,0.0,0.0,1175.0,1.0,1175.0,50.0,0.0,0.0,1.0
tDDdmIloHP,GB,31.0,Men,2025-03-07 19:23:17.482970 +00:00,168.0,343680.0,120.0,2.8,1.0,343680.0,10.0,34368.0,100.0,100.0,37.5,0.0
77O6ZcPiYf,GB,39.0,Women,2025-03-17 10:40:15.891851 +00:00,1.0,296.0,5.0,0.0,0.0,296.0,3.0,98.66666666666669,100.0,25.0,0.0,1.0
65sXbtkLoY,US,39.0,Men,2025-02-14 01:12:40.815087 +00:00,1.0,37.0,1.0,0.0,0.0,37.0,2.0,18.5,100.0,0.0,0.0,1.0
cZGlyyhqOV,GB,33.0,Women,2025-02-26 21:05:53.739043 +00:00,5.0,64926.0,1.0,0.0,0.0,64926.0,1.0,64926.0,50.0,0.0,0.0,1.0
7Q9ApfkJUD,GB,39.0,Women,2025-04-05 08:12:13.596266 +00:00,1.0,660.0,4.0,0.0,0.0,660.0,3.0,220.0,100.0,25.0,0.0,0.0
eOveH8dsN6,US,56.0,Women,2025-01-30 16:22:21.122626 +00:00,46.0,77689.0,40.0,0.0,0.0,77689.0,3.0,25896.333333333332,100.0,25.0,0.0,1.0
s01y0ZmnNC,US,30.0,Women,2025-03-07 03:09:00.332417 +00:00,3.0,5698.0,1.0,0.0,0.0,5698.0,4.0,1424.5,100.0,50.0,0.0,1.0
hD8w7NNXEu,DE,48.0,Men,2025-03-29 14:44:21.674605 +00:00,1.0,1849.0,2.0,0.0,0.0,1849.0,1.0,1849.0,50.0,0.0,0.0,1.0
M5iSB6tpel,JP,49.0,Men,2025-03-06 16:03:32.886499 +00:00,23.0,16722.0,2.0,0.0,0.0,16722.0,4.0,4180.5,100.0,50.0,0.0,1.0
nCoTTy9vrj,GB,39.0,Men,2025-03-09 19:56:31.026481 +00:00,1.0,1136.0,5.0,0.0,0.0,1136.0,1.0,1136.0,50.0,0.0,0.0,1.0
u9XhXuqygU,US,39.0,Women,2025-02-19 03:57:18.445452 +00:00,1.0,1538.0,5.0,0.0,0.0,1538.0,1.0,1538.0,50.0,0.0,0.0,1.0
tonDqGCgTs,US,44.0,Women,2025-03-17 02:57:50.849912 +00:00,3.0,3240.0,5.0,10.0,2.0,3240.0,3.0,1080.0,100.0,25.0,0.0,1.0
DzmGQAYe7m,US,18.0,Women,2025-02-23 18:29:12.181660 +00:00,32.0,21215.0,1.0,0.0,0.0,21215.0,5.0,4243.0,100.0,75.0,0.0,1.0
DGNKHe0zG1,DE,31.0,Men,2025-03-13 19:31:13.348764 +00:00,36.0,19797.0,59.0,20.0,3.0,19797.0,7.0,2828.1428571428573,100.0,100.0,0.0,1.0
y6SAdPSsAV,US,32.0,Men,2025-02-17 09:21:00.408352 +00:00,3.0,1226.0,5.0,4.0,1.0,1226.0,1.0,1226.0,50.0,0.0,0.0,1.0
X8YsZpHpRr,US,35.0,Men,2025-02-06 02:57:35.559236 +00:00,8.0,5920.0,1.0,4.4,1.0,5920.0,3.0,1973.3333333333333,100.0,25.0,0.0,1.0
1nLlO25zom,DE,33.0,Men,2025-03-11 17:18:33.208444 +00:00,5.0,4524.0,5.0,0.0,0.0,4524.0,4.0,1131.0,100.0,50.0,0.0,1.0
1BYtYjNczJ,DE,53.0,Women,2025-02-18 09:08:27.090327 +00:00,26.0,62486.0,3.0,4.0,1.0,62486.0,8.0,7810.75,100.0,100.0,12.5,1.0
SFBWd5hFeV,US,39.0,Men,2025-02-26 10:32:56.669014 +00:00,2.0,1530.0,5.0,0.0,0.0,1530.0,1.0,1530.0,50.0,0.0,0.0,1.0
hTdIERdBUF,DE,39.0,Women,2025-03-08 12:39:54.775260 +00:00,6.0,3407.0,1.0,0.0,0.0,3407.0,3.0,1135.6666666666667,100.0,25.0,0.0,1.0
M9IJSBB003,US,39.0,Women,2025-03-04 12:10:34.278017 +00:00,1.0,33.0,23.0,0.0,0.0,33.0,3.0,11.0,100.0,50.0,0.0,1.0
AhR3gpTcXM,GB,48.0,Women,2025-02-19 22:01:25.462378 +00:00,10.0,4471.0,79.0,0.0,0.0,4471.0,7.0,638.7142857142857,100.0,100.0,0.0,0.0
W30C26mlmA,US,39.0,Men,2025-03-12 06:20:44.836805 +00:00,1.0,832.0,1.0,0.0,0.0,832.0,1.0,832.0,50.0,0.0,0.0,1.0
cFuUFVWFn0,JP,39.0,Women,2025-03-08 21:45:14.249753 +00:00,55.0,144588.0,63.0,7.59,3.0,144588.0,7.0,20655.428571428572,100.0,100.0,0.0,0.0
oE8TX8R04Z,GB,39.0,Men,2025-02-14 20:14:35.973464 +00:00,3.0,5477.0,5.0,0.0,0.0,5477.0,4.0,1369.25,100.0,50.0,0.0,1.0
qENOLOG6iB,DE,36.0,Women,2025-03-12 07:02:16.544506 +00:00,11.0,1577.0,5.0,0.0,0.0,1577.0,2.0,788.5,100.0,0.0,0.0,1.0
klswZFeK44,GB,49.0,Men,2025-03-15 07:17:39.229885 +00:00,1.0,2318.0,1.0,0.0,0.0,2318.0,3.0,772.6666666666666,100.0,25.0,0.0,1.0
dkcY3ehDf5,DE,65.0,Women,2025-02-13 13:12:55.303615 +00:00,104.0,271558.0,342.0,0.0,0.0,271558.0,9.0,30173.11111111111,100.0,100.0,25.0,1.0
Zl6IBB9U9s,GB,39.0,Men,2025-02-16 23:21:23.459080 +00:00,203.0,813680.0,1118.0,0.0,0.0,815172.0,11.0,74106.54545454546,100.0,100.0,50.0,0.0
8VkX2IE90E,GB,38.0,Men,2025-03-15 00:13:25.300079 +00:00,50.0,70799.0,14.0,0.0,0.0,70799.0,5.0,14159.8,100.0,75.0,0.0,1.0
5jqwgCsZfC,DE,39.0,Women,2025-03-10 07:49:16.676305 +00:00,8.0,3981.0,5.0,0.0,0.0,3981.0,5.0,796.2,100.0,75.0,0.0,1.0
KpYJRhBtes,GB,44.0,Women,2025-02-18 01:29:02.418949 +00:00,30.0,35701.0,210.0,0.0,0.0,35701.0,7.0,5100.142857142857,100.0,100.0,0.0,0.0
rDhU60BSWY,US,39.0,Women,2025-02-26 13:36:38.815303 +00:00,4.0,1010.0,1.0,0.0,0.0,1010.0,1.0,1010.0,50.0,0.0,0.0,1.0
u5kuLUIRUb,JP,40.0,Men,2025-03-05 17:50:33.857199 +00:00,292.0,459342.0,1005.0,0.0,0.0,459342.0,11.0,41758.36363636364,100.0,100.0,50.0,1.0
jPhCMwHa3T,DE,43.0,Men,2025-03-16 12:33:07.440423 +00:00,15.0,14438.0,119.0,0.0,0.0,14438.0,7.0,2062.5714285714284,100.0,100.0,12.5,0.0
nrx4RrfgXf,GB,37.0,Women,2025-03-08 03:04:17.546131 +00:00,18.0,25036.0,74.0,14.0,3.0,25036.0,7.0,3576.5714285714284,100.0,100.0,0.0,0.0
ShlpD3cUiW,GB,39.0,Women,2025-02-18 22:13:44.998127 +00:00,2.0,508.0,1.0,0.0,0.0,508.0,4.0,127.0,100.0,50.0,0.0,1.0
tVHrswdbf4,DE,42.0,Women,2025-02-14 03:21:14.340757 +00:00,51.0,60838.0,1.0,4.0,1.0,60838.0,9.0,6759.777777777777,100.0,100.0,25.0,1.0
8qJDmBDjrV,DE,29.0,Men,2025-03-28 23:31:07.334745 +00:00,8.0,2918.0,97.0,0.0,0.0,2918.0,7.0,416.8571428571428,100.0,100.0,0.0,0.0
Iu6dpeLD0U,US,32.0,Men,2025-01-30 19:14:22.086840 +00:00,1.0,200.0,5.0,4.4,1.0,200.0,2.0,100.0,100.0,0.0,0.0,1.0
bVieh3kBhn,US,38.0,Women,2025-03-12 07:36:28.940800 +00:00,2.0,1248.0,9.0,0.0,0.0,1248.0,3.0,416.0,100.0,25.0,0.0,1.0
hatizK2Iyr,DE,39.0,Women,2025-04-03 09:23:51.342302 +00:00,1.0,398.0,5.0,0.0,0.0,398.0,1.0,398.0,50.0,0.0,0.0,0.0
o21IT345HS,GB,34.0,Men,2025-02-26 19:49:28.965416 +00:00,43.0,62215.0,4.0,0.0,0.0,62215.0,7.0,8887.857142857143,100.0,100.0,12.5,0.0
dIyCcPjHtK,DE,46.0,Men,2025-03-09 18:31:40.726235 +00:00,115.0,96689.0,467.0,10.0,2.0,96689.0,9.0,10743.222222222224,100.0,100.0,25.0,0.0
izxUGpQ3nR,JP,39.0,Men,2025-03-12 11:47:31.665428 +00:00,26.0,30782.0,171.0,0.0,0.0,30782.0,7.0,4397.428571428572,100.0,100.0,0.0,0.0
1Sv9e46Dz0,US,34.0,Men,2025-02-11 08:26:19.286446 +00:00,7.0,7527.0,1.0,0.0,0.0,7527.0,3.0,2509.0,100.0,25.0,0.0,1.0
ISHBYrVbI5,DE,39.0,Men,2025-02-26 09:26:56.558814 +00:00,4.0,35086.0,20.0,0.0,0.0,35086.0,4.0,8771.5,100.0,50.0,0.0,1.0
9RkBMobdZS,GB,49.0,Women,2025-03-11 19:24:27.846272 +00:00,2.0,1132.0,5.0,0.0,0.0,1132.0,1.0,1132.0,50.0,0.0,0.0,1.0
9VX6irpref,US,36.0,Men,2025-02-19 05:22:34.542809 +00:00,2.0,691.0,5.0,0.0,0.0,691.0,1.0,691.0,50.0,0.0,0.0,1.0
F6pfDD4xEV,JP,35.0,Women,2025-03-11 13:47:18.367525 +00:00,7.0,4504.0,5.0,5.0,2.0,4504.0,2.0,2252.0,100.0,0.0,0.0,1.0
64YXEk7J3k,US,40.0,Men,2025-03-17 02:43:52.129988 +00:00,1.0,1291.0,3.0,0.0,0.0,1291.0,3.0,430.3333333333333,100.0,25.0,0.0,1.0
Uuf1H710hz,DE,39.0,Men,2025-02-28 06:00:05.757886 +00:00,140.0,234513.0,271.0,0.0,0.0,234513.0,11.0,21319.363636363636,100.0,100.0,50.0,1.0
XOqEPfbf0I,US,42.0,Women,2025-02-12 07:27:34.748018 +00:00,1.0,25.0,5.0,0.0,0.0,25.0,2.0,12.5,100.0,0.0,0.0,1.0
mP5R5rpfnX,DE,39.0,Women,2025-03-27 19:38:45.144160 +00:00,9.0,18671.0,15.0,0.0,0.0,18671.0,5.0,3734.2,100.0,75.0,0.0,0.0
iM8z1cFIpE,GB,39.0,Women,2025-04-05 15:23:45.425358 +00:00,1.0,255.0,5.0,0.0,0.0,255.0,3.0,85.0,100.0,25.0,0.0,0.0
2iMr4ZpCmk,GB,48.0,Men,2025-02-16 18:37:00.897668 +00:00,8.0,37382.0,1.0,0.0,0.0,37382.0,5.0,7476.4,100.0,75.0,0.0,1.0
iUOadtK4lv,GB,35.0,Men,2025-02-20 20:57:33.905665 +00:00,20.0,17014.0,43.0,2.8,1.0,17014.0,7.0,2430.5714285714284,100.0,100.0,0.0,0.0
CMAsb3LSjk,US,35.0,Men,2025-02-04 09:57:40.355600 +00:00,50.0,68817.0,43.0,4.0,1.0,68817.0,5.0,13763.4,100.0,50.0,0.0,1.0
OvX8qFTdDr,DE,36.0,Women,2025-03-04 14:40:45.119113 +00:00,10.0,6297.0,11.0,0.0,0.0,6297.0,5.0,1259.4,100.0,75.0,0.0,0.0
gD5OBiDK5O,DE,46.0,Men,2025-02-14 04:05:07.512080 +00:00,9.0,10488.0,1.0,0.0,0.0,10488.0,5.0,2097.6,100.0,75.0,0.0,1.0
2IF8LuItiF,US,41.0,Men,2025-03-02 09:04:11.827371 +00:00,35.0,67403.0,9.0,0.0,0.0,67403.0,5.0,13480.6,100.0,75.0,0.0,1.0
l9IGr68W5S,US,39.0,Women,2025-03-14 08:26:00.138642 +00:00,70.0,114120.0,210.0,4.0,1.0,114120.0,8.0,14265.0,100.0,100.0,12.5,0.0
7NEuntwHcP,US,27.0,Men,2025-03-07 12:28:18.559577 +00:00,9.0,4859.0,1.0,4.0,1.0,4859.0,3.0,1619.6666666666667,100.0,25.0,0.0,1.0
7fgRlgII1Y,DE,49.0,Men,2025-02-27 01:09:36.148571 +00:00,10.0,6557.0,1.0,0.0,0.0,6557.0,3.0,2185.6666666666665,100.0,25.0,0.0,1.0
3ZPkDSoAaI,DE,20.0,Men,2025-02-23 11:57:37.599983 +00:00,17.0,62141.0,7.0,0.0,0.0,62141.0,3.0,20713.666666666668,100.0,0.0,0.0,1.0
ZBTnGnq74d,GB,39.0,Women,2025-03-16 17:05:31.147635 +00:00,2.0,4628.0,5.0,0.0,0.0,4628.0,3.0,1542.6666666666667,100.0,25.0,0.0,1.0
fPubjANLa3,US,38.0,Men,2025-03-03 12:20:14.765498 +00:00,5.0,2714.0,5.0,0.0,0.0,2714.0,2.0,1357.0,100.0,0.0,0.0,1.0
uBABLAEgJR,US,42.0,Men,2025-03-05 15:54:33.805845 +00:00,49.0,46750.0,141.0,10.0,2.0,46750.0,9.0,5194.444444444444,100.0,100.0,25.0,0.0
cvW1eo1TFV,DE,39.0,Men,2025-03-16 10:48:48.217718 +00:00,31.0,63874.0,31.0,0.0,0.0,63874.0,7.0,9124.857142857143,100.0,100.0,0.0,0.0
vLKIoDC8br,GB,39.0,Women,2025-02-19 19:48:16.850068 +00:00,87.0,52370.0,52.0,2.8,1.0,52370.0,8.0,6546.25,100.0,100.0,12.5,1.0
NTH3MknTDS,US,35.0,Men,2025-03-02 01:35:35.416669 +00:00,21.0,38866.0,4.0,0.0,0.0,38866.0,5.0,7773.2,100.0,75.0,0.0,1.0
J6yfT08nW3,DE,39.0,Men,2025-03-22 20:31:43.924330 +00:00,24.0,41787.0,49.0,0.0,0.0,41787.0,5.0,8357.4,100.0,75.0,0.0,1.0
FxyWpCcClf,US,41.0,Women,2025-02-23 05:57:58.096683 +00:00,17.0,10099.0,1.0,0.0,0.0,10099.0,3.0,3366.3333333333335,100.0,25.0,0.0,1.0
FIw7IVTz47,US,39.0,Women,2025-03-13 06:59:05.019343 +00:00,1.0,270.0,5.0,0.0,0.0,270.0,1.0,270.0,50.0,0.0,0.0,1.0
vAOIFrHDR3,DE,39.0,Women,2025-02-25 07:11:38.198352 +00:00,33.0,5165.0,1.0,4.0,1.0,5165.0,6.0,860.8333333333334,100.0,100.0,0.0,1.0
jAgD2f5SAG,US,42.0,Women,2025-03-14 09:40:43.814002 +00:00,3.0,2985.0,10.0,0.0,0.0,2985.0,3.0,995.0,100.0,25.0,0.0,1.0
OeFjsbJUkn,US,37.0,Women,2025-02-23 18:05:28.418032 +00:00,3.0,3028.0,1.0,0.0,0.0,3028.0,2.0,1514.0,100.0,0.0,0.0,1.0
N6ULSUVSdW,GB,32.0,Women,2025-03-05 19:53:51.262348 +00:00,20.0,8744.0,4.0,0.0,0.0,8744.0,5.0,1748.8,100.0,75.0,0.0,0.0
SW4JQnQ6Wr,US,39.0,Men,2025-02-27 03:10:22.500914 +00:00,13.0,89963.0,1.0,0.0,0.0,89963.0,4.0,22490.75,100.0,50.0,0.0,1.0
1I3DREokcJ,DE,39.0,Men,2025-02-22 12:26:52.421496 +00:00,1.0,21.0,5.0,0.0,0.0,21.0,1.0,21.0,50.0,0.0,0.0,1.0
c48qcelEtj,DE,39.0,Men,2025-02-16 07:20:14.844729 +00:00,225.0,575430.0,1249.0,0.0,0.0,575430.0,9.0,63936.666666666664,100.0,100.0,25.0,0.0
9IOjCcqxnq,US,40.0,Men,2025-02-18 05:03:46.556949 +00:00,36.0,55606.0,134.0,0.0,0.0,55606.0,7.0,7943.714285714285,100.0,100.0,12.5,0.0
4tDuPc5G3l,US,34.0,Women,2025-03-09 07:02:22.968016 +00:00,1.0,567.0,5.0,0.0,0.0,567.0,1.0,567.0,50.0,0.0,0.0,1.0
TpvilLXIx6,DE,35.0,Women,2025-02-14 11:29:55.407390 +00:00,28.0,11822.0,1.0,0.0,0.0,11822.0,6.0,1970.3333333333333,100.0,100.0,0.0,1.0
QowAk49bqc,DE,18.0,Men,2025-03-11 12:25:20.675393 +00:00,290.0,300798.0,1095.0,4.0,1.0,300798.0,11.0,27345.272727272728,100.0,100.0,62.5,0.0
ofhKcN2zjO,DE,39.0,Women,2025-02-12 13:59:27.356388 +00:00,135.0,327194.0,132.0,0.0,0.0,327194.0,10.0,32719.4,100.0,100.0,37.5,0.0
KRL1BpeeUf,DE,39.0,Men,2025-04-03 13:30:28.039264 +00:00,4.0,3886.0,3.0,0.0,0.0,3886.0,3.0,1295.3333333333333,100.0,25.0,0.0,0.0
6JIW0K89YV,US,50.0,Men,2025-03-17 02:58:53.749510 +00:00,1.0,2126.0,11.0,0.0,0.0,2126.0,3.0,708.6666666666666,100.0,25.0,0.0,1.0
zcC0pYtvDl,DE,36.0,Women,2025-02-24 15:43:52.940530 +00:00,164.0,391569.0,195.0,4.0,1.0,391569.0,12.0,32630.75,100.0,100.0,62.5,1.0
UCAGSGbUxc,US,43.0,Women,2025-02-18 04:16:32.885194 +00:00,13.0,7134.0,1.0,4.4,1.0,7134.0,3.0,2378.0,100.0,25.0,0.0,1.0
i4KjFN8nla,DE,45.0,Men,2025-03-04 16:55:28.479705 +00:00,1.0,558.0,1.0,0.0,0.0,558.0,4.0,139.5,100.0,50.0,0.0,1.0
4JxSoHXbMM,DE,39.0,Men,2025-03-16 16:31:04.193234 +00:00,17.0,19663.0,33.0,0.0,0.0,19663.0,6.0,3277.1666666666665,100.0,75.0,0.0,1.0
9xxrpowJE3,GB,39.0,Men,2025-03-16 11:08:17.577042 +00:00,3.0,1815.0,5.0,0.0,0.0,1815.0,1.0,1815.0,50.0,0.0,0.0,1.0
A2CmZritJC,JP,93.0,Women,2025-03-13 04:09:15.740710 +00:00,3.0,3905.0,9.0,0.0,0.0,3905.0,4.0,976.25,100.0,50.0,0.0,1.0
AihKkm2EXV,GB,20.0,Women,2025-02-19 23:51:47.788024 +00:00,13.0,8942.0,1.0,2.8,1.0,8942.0,5.0,1788.4,100.0,75.0,0.0,1.0
GgQMXzT5wB,US,39.0,Men,2025-02-11 17:32:43.051509 +00:00,1.0,1652.0,1.0,0.0,0.0,1652.0,3.0,550.6666666666666,100.0,25.0,0.0,1.0
kplNQsNfyA,DE,36.0,Women,2025-02-15 07:37:22.703150 +00:00,30.0,19087.0,1.0,0.0,0.0,19087.0,5.0,3817.4,100.0,75.0,0.0,1.0
uVFJb2nkWM,GB,42.0,Women,2025-03-27 14:51:51.180863 +00:00,9.0,6598.0,5.0,14.0,3.0,6598.0,6.0,1099.6666666666667,100.0,100.0,0.0,0.0
UimwDZoxeo,DE,39.0,Women,2025-03-29 18:10:11.040011 +00:00,29.0,20203.0,13.0,0.0,0.0,20203.0,5.0,4040.6,100.0,75.0,0.0,0.0
myv57sCd3h,US,35.0,Men,2025-02-22 12:20:22.895969 +00:00,21.0,40823.0,1.0,0.0,0.0,40823.0,6.0,6803.833333333333,100.0,75.0,0.0,1.0
Bwk5nbbTKr,US,42.0,Women,2025-02-21 12:52:53.296572 +00:00,1.0,1459.0,5.0,0.0,0.0,1459.0,1.0,1459.0,50.0,0.0,0.0,1.0
p7fQxXwKiB,DE,39.0,Women,2025-02-19 07:15:42.321848 +00:00,8.0,31467.0,1.0,0.0,0.0,31467.0,7.0,4495.285714285715,100.0,100.0,0.0,1.0
NMHbb7q2fy,US,41.0,Men,2025-03-09 01:22:25.864051 +00:00,4.0,3434.0,1.0,0.0,0.0,3434.0,1.0,3434.0,50.0,0.0,0.0,1.0
JnS3eZJyLV,DE,36.0,Women,2025-02-21 13:22:41.885787 +00:00,12.0,19477.0,1.0,0.0,0.0,19477.0,5.0,3895.4,100.0,75.0,0.0,1.0
Kh73apIHVI,US,39.0,Men,2025-02-16 02:58:04.608280 +00:00,1.0,757.0,1.0,0.0,0.0,757.0,1.0,757.0,50.0,0.0,0.0,1.0
dbNx4PEleR,US,39.0,Women,2025-02-08 02:27:07.585633 +00:00,1.0,4579.0,1.0,0.0,0.0,4579.0,3.0,1526.3333333333333,100.0,25.0,0.0,1.0
JTJxmdqCPD,DE,39.0,Women,2025-03-19 15:04:01.845457 +00:00,2.0,1838.0,5.0,0.0,0.0,1838.0,3.0,612.6666666666666,100.0,25.0,0.0,1.0
9Mf7i5qAFp,DE,57.0,Women,2025-03-15 10:40:43.466452 +00:00,160.0,161533.0,515.0,0.0,0.0,164304.0,2.0,82152.0,100.0,0.0,0.0,0.0
SSR2zAuTPu,GB,44.0,Women,2025-03-17 11:46:09.791915 +00:00,60.0,95557.0,124.0,0.0,0.0,95557.0,7.0,13651.0,100.0,100.0,0.0,0.0
8B9brLPBaO,GB,32.0,Men,2025-02-22 19:31:38.721995 +00:00,4.0,12835.0,1.0,0.0,0.0,12835.0,5.0,2567.0,100.0,75.0,0.0,1.0
f2BbTLN4w3,US,53.0,Men,2025-02-26 10:16:34.938887 +00:00,1.0,548.0,1.0,0.0,0.0,548.0,1.0,548.0,50.0,0.0,0.0,1.0
UCZYFAVNTh,DE,41.0,Men,2025-02-16 07:55:16.973607 +00:00,24.0,51385.0,1.0,0.0,0.0,51385.0,6.0,8564.166666666666,100.0,100.0,0.0,1.0
TAW0zuVNQd,US,31.0,Men,2025-02-10 11:29:59.668164 +00:00,2.0,2559.0,1.0,0.0,0.0,2559.0,2.0,1279.5,100.0,0.0,0.0,1.0
k43lgaZuam,US,54.0,Men,2025-02-22 01:40:32.162400 +00:00,21.0,11200.0,1.0,4.0,1.0,11200.0,5.0,2240.0,100.0,75.0,0.0,1.0
TvaWxEh3jb,US,51.0,Men,2025-03-01 02:56:03.710672 +00:00,4.0,1596.0,1.0,0.0,0.0,1596.0,2.0,798.0,100.0,0.0,0.0,1.0
gwU28CXz3A,GB,44.0,Women,2025-03-04 12:59:27.986094 +00:00,3.0,3446.0,1.0,0.0,0.0,3446.0,4.0,861.5,100.0,50.0,0.0,1.0
SCjHc8inT7,DE,45.0,Women,2025-03-10 08:18:05.820069 +00:00,24.0,42795.0,94.0,35.0,8.0,42795.0,8.0,5349.375,100.0,100.0,12.5,1.0
fnQlDAAoWC,US,39.0,Men,2025-03-04 04:13:54.634708 +00:00,8.0,7745.0,5.0,0.0,0.0,7745.0,4.0,1936.25,100.0,50.0,0.0,1.0
9xQX9vJt1a,GB,48.0,Women,2025-02-16 22:18:08.786220 +00:00,4.0,6377.0,1.0,0.0,0.0,6377.0,4.0,1594.25,100.0,50.0,0.0,1.0
FCscuB23Tk,US,39.0,Women,2025-02-13 14:05:15.842111 +00:00,13.0,32363.0,1.0,0.0,0.0,32363.0,5.0,6472.6,100.0,50.0,0.0,1.0
Hmku9NIjay,GB,56.0,Men,2025-03-04 14:08:08.538868 +00:00,211.0,198155.0,218.0,0.0,0.0,198155.0,10.0,19815.5,100.0,100.0,37.5,0.0
UiOpmV39Xy,US,39.0,Men,2025-02-18 00:19:28.874254 +00:00,1.0,3988.0,5.0,0.0,0.0,3988.0,3.0,1329.3333333333333,100.0,25.0,0.0,1.0
ltx7ba3EZ0,GB,48.0,Women,2025-03-15 01:54:00.353687 +00:00,64.0,171252.0,596.0,16.8,4.0,171252.0,8.0,21406.5,100.0,100.0,12.5,1.0
V5USHQeFLg,DE,39.0,Women,2025-03-25 15:35:13.796707 +00:00,21.0,22426.0,21.0,0.0,0.0,22426.0,7.0,3203.714285714286,100.0,100.0,12.5,0.0
S0pP4cNIgA,US,40.0,Men,2025-02-17 04:27:55.163610 +00:00,4.0,1165.0,1.0,0.0,0.0,1165.0,3.0,388.3333333333333,100.0,25.0,0.0,1.0
XppQdQYQ9z,JP,53.0,Women,2025-03-04 19:26:29.219239 +00:00,12.0,17342.0,1.0,0.0,0.0,17342.0,5.0,3468.4,100.0,50.0,0.0,1.0
jXpGTbLi68,US,45.0,Men,2025-01-30 19:13:26.986731 +00:00,46.0,41312.0,10.0,0.0,0.0,41312.0,7.0,5901.714285714285,100.0,100.0,0.0,0.0
koMxSbabni,GB,39.0,Women,2025-02-20 19:32:21.578919 +00:00,27.0,129606.0,16.0,0.0,0.0,129606.0,7.0,18515.14285714286,100.0,100.0,0.0,1.0
N3qHN2mDaY,JP,43.0,Men,2025-03-05 08:28:33.921981 +00:00,1.0,842.0,5.0,2.0,1.0,842.0,1.0,842.0,50.0,0.0,0.0,1.0
Ugcny3aZCU,DE,39.0,Women,2025-02-28 19:05:18.986748 +00:00,37.0,53591.0,42.0,0.0,0.0,53591.0,8.0,6698.875,100.0,100.0,12.5,1.0
cVmgKl67DP,DE,48.0,Women,2025-03-13 17:48:21.473698 +00:00,1.0,105.0,10.0,0.0,0.0,105.0,4.0,26.25,100.0,50.0,0.0,1.0
cqydcCWYj7,US,39.0,Men,2025-02-16 05:25:26.000959 +00:00,33.0,15067.0,1.0,0.0,0.0,15067.0,4.0,3766.75,100.0,50.0,0.0,1.0
FW237bI2BN,GB,22.0,Women,2025-03-22 02:38:43.964122 +00:00,4.0,5288.0,1.0,2.8,1.0,5288.0,4.0,1322.0,100.0,50.0,0.0,1.0
ZG5RiaSKW7,US,39.0,Women,2025-03-06 01:11:59.298905 +00:00,52.0,125527.0,161.0,0.0,0.0,125527.0,7.0,17932.428571428572,100.0,100.0,0.0,1.0
bt9qoJfy8n,DE,32.0,Women,2025-03-19 08:05:59.962170 +00:00,1.0,1.0,1.0,14.0,2.0,1.0,4.0,0.25,100.0,50.0,0.0,1.0
V4il653S6I,GB,21.0,Women,2025-02-23 01:24:45.949815 +00:00,7.0,7559.0,1.0,0.0,0.0,7559.0,4.0,1889.75,100.0,50.0,0.0,1.0
QMsmHx3joV,US,36.0,Men,2025-02-13 01:42:44.363158 +00:00,1.0,5848.0,1.0,0.0,0.0,5848.0,2.0,2924.0,50.0,0.0,0.0,1.0
vo8nHJ6JU2,GB,62.0,Men,2025-02-12 21:39:15.713338 +00:00,6.0,7108.0,1.0,0.0,0.0,7108.0,3.0,2369.3333333333335,100.0,25.0,0.0,1.0
07qrTqk13k,US,20.0,Men,2025-03-03 05:08:06.338412 +00:00,9.0,5807.0,7.0,0.0,0.0,5807.0,4.0,1451.75,100.0,50.0,0.0,1.0
suE5MkBXQY,US,45.0,Men,2025-02-10 15:25:47.149727 +00:00,18.0,15557.0,8.0,4.0,1.0,15557.0,4.0,3889.25,100.0,50.0,0.0,0.0
gKW4jYij4g,GB,39.0,Women,2025-03-12 00:31:08.298603 +00:00,31.0,44323.0,6.0,0.0,0.0,44323.0,1.0,44323.0,50.0,0.0,0.0,1.0
fcMFW0RvwC,US,39.0,Men,2025-02-09 03:26:14.849968 +00:00,3.0,183.0,1.0,0.0,0.0,183.0,4.0,45.75,100.0,50.0,0.0,1.0
BUN2KI2Lhe,US,52.0,Men,2025-03-10 07:13:08.088060 +00:00,31.0,22846.0,7.0,0.0,0.0,22846.0,6.0,3807.6666666666665,100.0,100.0,0.0,0.0
dZ82i5tWkr,US,39.0,Men,2025-02-20 09:55:53.677756 +00:00,5.0,4043.0,1.0,0.0,0.0,4043.0,4.0,1010.75,100.0,50.0,0.0,1.0
GkNiK8chFC,GB,34.0,Men,2025-03-11 07:57:30.464644 +00:00,55.0,79936.0,119.0,14.0,3.0,79936.0,8.0,9992.0,100.0,100.0,25.0,0.0
7aaNXHlsuC,GB,39.0,Women,2025-03-19 16:49:14.643187 +00:00,1.0,9.0,5.0,0.0,0.0,9.0,2.0,4.5,100.0,0.0,0.0,1.0
AfmBI7qvSk,DE,39.0,Men,2025-02-19 11:07:04.896345 +00:00,2.0,3494.0,1.0,0.0,0.0,3494.0,5.0,698.8,100.0,75.0,0.0,1.0
QuuIEtE7V0,GB,62.0,Men,2025-03-06 09:11:10.642331 +00:00,91.0,81487.0,233.0,7.0,2.0,81487.0,8.0,10185.875,100.0,100.0,12.5,0.0
KLDxh7PhS6,US,50.0,Women,2025-03-13 01:19:19.587065 +00:00,12.0,16703.0,64.0,0.0,0.0,16703.0,5.0,3340.6,100.0,50.0,0.0,1.0
QRUW7CPoIl,US,39.0,Men,2025-02-24 16:41:11.888505 +00:00,2.0,58.0,1.0,0.0,0.0,58.0,3.0,19.333333333333332,100.0,25.0,0.0,1.0
pgd3ja1uME,US,53.0,Women,2025-02-08 07:28:03.735100 +00:00,14.0,16109.0,1.0,0.0,0.0,16109.0,4.0,4027.25,100.0,50.0,0.0,1.0
Sbzt8ThuPY,US,21.0,Men,2025-02-16 02:23:11.830547 +00:00,2.0,1042.0,1.0,0.0,0.0,1042.0,3.0,347.3333333333333,100.0,25.0,0.0,1.0
bvt5FyjiUY,DE,34.0,Women,2025-02-25 14:51:32.572292 +00:00,154.0,154124.0,167.0,4.0,1.0,154124.0,11.0,14011.272727272728,100.0,100.0,50.0,0.0
aNqGOOTt1Q,US,45.0,Women,2025-03-15 01:38:54.784066 +00:00,3.0,9368.0,12.0,0.0,0.0,9368.0,3.0,3122.6666666666665,100.0,25.0,0.0,1.0
5TZake1jJb,GB,50.0,Men,2025-03-27 14:28:06.963633 +00:00,17.0,42449.0,69.0,0.0,0.0,42449.0,7.0,6064.142857142857,100.0,100.0,12.5,0.0
0GMrLU3lqu,DE,34.0,Men,2025-03-13 12:26:21.639862 +00:00,59.0,44941.0,114.0,4.0,1.0,44941.0,9.0,4993.444444444444,100.0,100.0,25.0,0.0
Y8BpaYzbXL,DE,39.0,Women,2025-02-16 03:01:43.432406 +00:00,9.0,8855.0,1.0,0.0,0.0,8855.0,6.0,1475.8333333333333,100.0,75.0,0.0,1.0
kpqqmvkFIy,US,34.0,Men,2025-02-24 08:57:13.978013 +00:00,9.0,11795.0,5.0,4.0,1.0,11795.0,4.0,2948.75,100.0,50.0,0.0,0.0
FnNB97kNnh,US,38.0,Women,2025-03-05 00:49:56.064391 +00:00,4.0,25108.0,1.0,0.0,0.0,25108.0,4.0,6277.0,100.0,50.0,0.0,1.0
sjegATMmSy,US,43.0,Women,2025-03-03 07:16:58.020106 +00:00,18.0,40587.0,40.0,4.0,1.0,40587.0,6.0,6764.5,100.0,75.0,0.0,1.0
m5Kgx4Ofsh,US,38.0,Men,2025-03-02 08:05:18.881272 +00:00,4.0,16.0,1.0,4.0,1.0,16.0,3.0,5.333333333333333,100.0,25.0,0.0,1.0
kBS0zAa5k0,US,39.0,Women,2025-03-02 03:51:21.745462 +00:00,2.0,2519.0,1.0,0.0,0.0,2519.0,3.0,839.6666666666666,100.0,25.0,0.0,1.0
ghZFNYkmQk,US,58.0,Men,2025-02-24 14:21:48.039780 +00:00,7.0,9807.0,1.0,0.0,0.0,9807.0,1.0,9807.0,50.0,0.0,0.0,1.0
UKj8cuBn6b,DE,21.0,Men,2025-03-11 13:47:21.633886 +00:00,10.0,7513.0,129.0,4.0,1.0,7513.0,5.0,1502.6,100.0,75.0,0.0,1.0
pGI6sBSUTD,US,60.0,Men,2025-03-04 07:02:03.024886 +00:00,238.0,362888.0,742.0,0.0,0.0,362888.0,10.0,36288.8,100.0,100.0,37.5,0.0
eUHtpG0yRs,GB,34.0,Men,2025-03-15 19:35:05.745283 +00:00,30.0,46327.0,17.0,0.0,0.0,46327.0,6.0,7721.166666666667,100.0,100.0,0.0,1.0
tN5yLgOnnY,DE,39.0,Women,2025-03-04 17:40:21.160661 +00:00,8.0,9996.0,6.0,0.0,0.0,9996.0,5.0,1999.2,100.0,75.0,0.0,1.0
CpRBiR9zNG,GB,37.0,Men,2025-03-20 07:44:22.993086 +00:00,29.0,25706.0,5.0,0.0,0.0,25706.0,6.0,4284.333333333333,100.0,100.0,0.0,0.0
iOuZ30Pkyq,GB,39.0,Men,2025-03-13 14:10:49.391565 +00:00,29.0,24761.0,20.0,0.0,0.0,24761.0,6.0,4126.833333333333,100.0,100.0,0.0,0.0
OWMMEf7i03,US,39.0,Men,2025-02-13 01:56:50.084771 +00:00,4.0,4376.0,1.0,4.0,1.0,4376.0,3.0,1458.6666666666667,100.0,25.0,0.0,1.0
619IjBphkH,GB,35.0,Men,2025-02-18 11:50:50.254013 +00:00,21.0,18274.0,1.0,0.0,0.0,18274.0,7.0,2610.5714285714284,100.0,100.0,0.0,1.0
7cziqrKw6L,US,34.0,Men,2025-03-11 03:56:01.233919 +00:00,10.0,3352.0,5.0,0.0,0.0,3352.0,3.0,1117.3333333333333,100.0,25.0,0.0,1.0
Z60LYIbkhW,DE,18.0,Women,2025-02-27 00:06:38.049003 +00:00,12.0,8090.0,5.0,0.0,0.0,8090.0,5.0,1618.0,100.0,75.0,0.0,1.0
Q40npPcj7n,GB,39.0,Men,2025-03-13 19:33:18.960956 +00:00,2.0,4555.0,5.0,0.0,0.0,4555.0,4.0,1138.75,100.0,50.0,0.0,1.0
0SkC2akv0S,US,32.0,Men,2025-03-14 05:12:20.045095 +00:00,15.0,24392.0,49.0,10.0,2.0,24392.0,5.0,4878.4,100.0,50.0,0.0,0.0
yAYpQvXU4U,US,54.0,Men,2025-03-05 05:46:38.807371 +00:00,32.0,39433.0,92.0,0.0,0.0,39433.0,6.0,6572.166666666667,100.0,75.0,0.0,1.0
dQUKlbzTR5,DE,32.0,Men,2025-02-21 12:07:19.976060 +00:00,44.0,42643.0,1.0,0.0,0.0,42643.0,8.0,5330.375,100.0,100.0,12.5,1.0
kpokyrJdtj,DE,34.0,Men,2025-02-21 07:23:50.241277 +00:00,12.0,12368.0,15.0,4.0,1.0,12368.0,6.0,2061.3333333333335,100.0,75.0,0.0,1.0
RdBoe10sJW,DE,33.0,Men,2025-03-02 14:45:04.088345 +00:00,70.0,74913.0,318.0,0.0,0.0,74913.0,9.0,8323.666666666666,100.0,100.0,25.0,1.0
E31j4lNBfS,JP,39.0,Women,2025-03-23 00:15:59.791692 +00:00,55.0,76878.0,206.0,0.0,0.0,76878.0,7.0,10982.57142857143,100.0,100.0,0.0,0.0
QqNW0AXzbe,US,47.0,Women,2025-03-18 00:40:07.973998 +00:00,2.0,767.0,5.0,0.0,0.0,767.0,1.0,767.0,50.0,0.0,0.0,1.0
rAL5JK2FAq,GB,39.0,Men,2025-03-14 12:33:22.111777 +00:00,1.0,1147.0,5.0,0.0,0.0,1147.0,1.0,1147.0,50.0,0.0,0.0,1.0
0TbVGEiBbU,US,55.0,Men,2025-03-02 05:38:34.849154 +00:00,19.0,52261.0,126.0,23.0,4.0,52261.0,6.0,8710.166666666666,100.0,75.0,0.0,0.0
s7x25uh2uO,DE,37.0,Women,2025-02-16 01:12:43.918314 +00:00,3.0,2545.0,1.0,0.0,0.0,2545.0,2.0,1272.5,100.0,0.0,0.0,1.0
pQSQWnoatT,GB,39.0,Women,2025-02-18 22:34:01.532087 +00:00,4.0,7759.0,1.0,0.0,0.0,7759.0,5.0,1551.8,100.0,75.0,0.0,1.0
wlhXLwQS3S,GB,51.0,Men,2025-02-17 15:32:45.383926 +00:00,22.0,67515.0,4.0,0.0,0.0,67515.0,8.0,8439.375,100.0,100.0,12.5,1.0
EROZ949kFL,JP,31.0,Women,2025-03-19 23:55:20.015143 +00:00,20.0,8012.0,1.0,0.0,0.0,8012.0,4.0,2003.0,100.0,50.0,0.0,1.0
XhlDBWgEB9,DE,27.0,Women,2025-02-26 01:38:13.067580 +00:00,19.0,2251.0,1.0,0.0,0.0,2251.0,5.0,450.2,100.0,75.0,0.0,1.0
rimPHVeqjD,GB,39.0,Men,2025-02-13 19:48:07.057519 +00:00,11.0,9435.0,1.0,0.0,0.0,9435.0,5.0,1887.0,100.0,75.0,0.0,1.0
zI68wshljq,DE,46.0,Men,2025-03-17 01:32:23.458469 +00:00,6.0,612.0,1.0,0.0,0.0,612.0,2.0,306.0,100.0,0.0,0.0,1.0
sXFyf2NsGf,GB,56.0,Women,2025-03-08 08:29:42.659906 +00:00,2.0,9091.0,1.0,0.0,0.0,9091.0,4.0,2272.75,100.0,50.0,0.0,1.0
Eon9onFtXq,DE,28.0,Women,2025-03-02 20:10:16.197149 +00:00,4.0,2511.0,5.0,0.0,0.0,2511.0,4.0,627.75,100.0,50.0,0.0,1.0
D92FuTWB0o,US,35.0,Women,2025-02-15 11:35:29.650576 +00:00,1.0,1313.0,5.0,0.0,0.0,1313.0,3.0,437.6666666666667,100.0,25.0,0.0,1.0
CwGTy61FpR,DE,39.0,Women,2025-04-03 18:47:38.157105 +00:00,5.0,2487.0,5.0,0.0,0.0,2487.0,2.0,1243.5,100.0,0.0,0.0,0.0
DfF2UqUXXu,DE,37.0,Women,2025-03-08 01:16:43.402853 +00:00,138.0,175759.0,478.0,4.0,1.0,175759.0,11.0,15978.09090909091,100.0,100.0,50.0,0.0
CsT3TG9VRE,DE,40.0,Men,2025-02-18 06:50:14.910667 +00:00,19.0,26051.0,1.0,4.0,1.0,26051.0,1.0,26051.0,50.0,0.0,0.0,1.0
4H6r4PJMXo,DE,39.0,Men,2025-02-21 05:25:41.825724 +00:00,3.0,1704.0,1.0,0.0,0.0,1704.0,1.0,1704.0,50.0,0.0,0.0,1.0
okMVA8kP07,GB,52.0,Men,2025-02-24 13:58:30.725668 +00:00,4.0,7486.0,5.0,0.0,0.0,7486.0,4.0,1871.5,100.0,50.0,0.0,1.0
Oi1IJV2s2H,GB,34.0,Men,2025-03-10 20:00:12.676623 +00:00,10.0,8176.0,3.0,0.0,0.0,8176.0,5.0,1635.2,100.0,75.0,0.0,1.0
Qewv4P4nIv,GB,39.0,Women,2025-04-03 12:59:44.056187 +00:00,3.0,2608.0,4.0,0.0,0.0,2608.0,2.0,1304.0,100.0,0.0,0.0,0.0
goPG6L1Ibx,GB,39.0,Men,2025-03-03 20:24:12.914371 +00:00,12.0,15273.0,14.0,0.0,0.0,15273.0,5.0,3054.6,100.0,75.0,0.0,1.0
ejQEO7eQk9,GB,24.0,Men,2025-02-14 00:11:26.514813 +00:00,4.0,5709.0,5.0,0.0,0.0,5709.0,4.0,1427.25,100.0,50.0,0.0,1.0
fDhVwzYhDT,DE,44.0,Women,2025-03-16 18:10:18.291823 +00:00,99.0,132757.0,105.0,0.0,0.0,132757.0,10.0,13275.7,100.0,100.0,37.5,0.0
SdW7gdMxfk,DE,39.0,Men,2025-03-19 05:49:27.388643 +00:00,2.0,11945.0,55.0,0.0,0.0,11945.0,4.0,2986.25,100.0,50.0,0.0,1.0
vqckAMa18F,US,40.0,Women,2025-02-08 09:47:56.803928 +00:00,1.0,510.0,5.0,0.0,0.0,510.0,1.0,510.0,50.0,0.0,0.0,1.0
h5cw5ZWDiO,GB,44.0,Men,2025-02-13 18:39:17.104398 +00:00,57.0,201841.0,360.0,16.8,4.0,201841.0,9.0,22426.777777777777,100.0,100.0,25.0,1.0
OUAj8T2Q2a,GB,39.0,Men,2025-02-12 21:23:45.131841 +00:00,2.0,4321.0,1.0,0.0,0.0,4321.0,4.0,1080.25,100.0,50.0,0.0,1.0
XyvuSM9F1l,DE,39.0,Men,2025-03-01 13:58:47.466168 +00:00,31.0,27597.0,16.0,0.0,0.0,27597.0,7.0,3942.428571428571,100.0,100.0,0.0,1.0
w7oIDpJK3V,DE,39.0,Men,2025-02-18 09:42:05.898989 +00:00,30.0,50246.0,52.0,0.0,0.0,50246.0,8.0,6280.75,100.0,100.0,12.5,1.0
v7ZkUdyMnp,GB,65.0,Men,2025-03-11 10:25:23.900156 +00:00,64.0,19506.0,58.0,0.0,0.0,19506.0,8.0,2438.25,100.0,100.0,12.5,0.0
i8RzAskuO9,DE,37.0,Women,2025-03-16 22:20:52.381031 +00:00,1.0,2903.0,5.0,0.0,0.0,2903.0,3.0,967.6666666666666,100.0,25.0,0.0,1.0
pZ3O0BYwcj,DE,47.0,Men,2025-03-19 15:48:53.263912 +00:00,27.0,32251.0,63.0,4.0,1.0,32251.0,8.0,4031.375,100.0,100.0,12.5,0.0
PbJNBYz5qG,US,28.0,Men,2025-02-27 18:43:43.600277 +00:00,7.0,4955.0,1.0,4.0,1.0,4955.0,3.0,1651.6666666666667,100.0,25.0,0.0,1.0
EoyYBNkQrv,DE,39.0,Women,2025-03-18 23:33:45.463362 +00:00,7.0,27700.0,92.0,0.0,0.0,27700.0,6.0,4616.666666666667,100.0,75.0,0.0,1.0
oz7KtGY9iA,DE,48.0,Men,2025-03-20 19:05:05.507754 +00:00,1.0,4350.0,65.0,0.0,0.0,4350.0,6.0,725.0,100.0,75.0,0.0,1.0
UvyHrW8xSY,US,39.0,Men,2025-02-08 05:26:07.786556 +00:00,2.0,3826.0,1.0,0.0,0.0,3826.0,3.0,1275.3333333333333,100.0,25.0,0.0,1.0
oIIm3vDWUS,GB,39.0,Women,2025-02-15 15:29:22.890444 +00:00,4.0,5235.0,1.0,0.0,0.0,5235.0,2.0,2617.5,100.0,0.0,0.0,1.0
Mqpga2UKSP,US,35.0,Men,2025-03-17 03:19:42.574650 +00:00,1.0,339.0,3.0,0.0,0.0,339.0,3.0,113.0,100.0,25.0,0.0,1.0
eKiSKvgau4,DE,39.0,Women,2025-02-19 11:02:30.512841 +00:00,9.0,13790.0,1.0,0.0,0.0,13790.0,5.0,2758.0,100.0,75.0,0.0,1.0
Hay4PDHl5D,JP,19.0,Women,2025-03-09 11:51:39.928941 +00:00,20.0,14611.0,64.0,2.0,1.0,14611.0,6.0,2435.1666666666665,100.0,75.0,0.0,1.0
gifvzUO5yQ,GB,32.0,Men,2025-03-22 10:47:51.085908 +00:00,10.0,6812.0,2.0,0.0,0.0,6812.0,4.0,1703.0,100.0,50.0,0.0,1.0
syzU2CA4Z3,DE,38.0,Women,2025-03-28 18:47:35.980014 +00:00,44.0,208249.0,33.0,0.0,0.0,208249.0,8.0,26031.125,100.0,100.0,25.0,0.0
0CxpwLtdF5,DE,40.0,Men,2025-03-27 11:01:37.962382 +00:00,12.0,7949.0,16.0,0.0,0.0,7949.0,5.0,1589.8,100.0,75.0,0.0,1.0
tVgelSPx25,DE,49.0,Men,2025-03-06 21:37:05.768793 +00:00,2.0,1761.0,1.0,0.0,0.0,1761.0,4.0,440.25,100.0,50.0,0.0,1.0
ntRxSDg38Z,DE,56.0,Women,2025-02-21 08:59:50.467822 +00:00,7.0,15712.0,1.0,0.0,0.0,15712.0,4.0,3928.0,100.0,50.0,0.0,1.0
NyUfJKWcpF,GB,44.0,Women,2025-03-08 17:51:14.427093 +00:00,38.0,91488.0,334.0,0.0,0.0,91488.0,7.0,13069.714285714286,100.0,100.0,0.0,1.0
3w8iwIwBrX,US,39.0,Men,2025-03-16 00:27:00.258274 +00:00,33.0,38221.0,102.0,0.0,0.0,38221.0,7.0,5460.142857142857,100.0,100.0,0.0,0.0
mmSiVtcAyC,US,44.0,Men,2025-02-18 08:49:47.799062 +00:00,4.0,3383.0,1.0,0.0,0.0,3383.0,3.0,1127.6666666666667,100.0,25.0,0.0,1.0
CD4SPOagnx,GB,25.0,Women,2025-03-02 09:51:05.834919 +00:00,141.0,83850.0,3.0,0.0,0.0,83850.0,9.0,9316.666666666666,100.0,100.0,25.0,0.0
sUqABjVuEt,GB,36.0,Men,2025-02-19 22:58:13.285742 +00:00,169.0,96247.0,112.0,7.0,2.0,96247.0,12.0,8020.583333333333,100.0,100.0,62.5,0.0
BdmjsCiQtS,US,39.0,Men,2025-02-16 07:25:47.497648 +00:00,56.0,67909.0,25.0,0.0,0.0,67909.0,7.0,9701.285714285714,100.0,100.0,0.0,1.0
m39E2uXk8o,US,36.0,Women,2025-03-04 04:02:56.761452 +00:00,2.0,3632.0,1.0,0.0,0.0,3632.0,3.0,1210.6666666666667,100.0,25.0,0.0,1.0
P9xh8bJlQY,DE,39.0,Men,2025-03-25 16:13:08.215768 +00:00,43.0,49086.0,53.0,0.0,0.0,49086.0,7.0,7012.285714285715,100.0,100.0,0.0,0.0
HB8ct97sAr,US,36.0,Women,2025-02-25 14:20:33.551188 +00:00,7.0,8063.0,1.0,0.0,0.0,8063.0,3.0,2687.6666666666665,100.0,25.0,0.0,1.0
QqoRTKV7w0,US,35.0,Women,2025-02-13 11:41:09.702850 +00:00,37.0,60938.0,43.0,20.0,3.0,60938.0,6.0,10156.333333333334,100.0,100.0,0.0,0.0
izjGjXOddO,DE,29.0,Women,2025-02-13 00:36:42.711804 +00:00,70.0,54151.0,1.0,0.0,0.0,54151.0,7.0,7735.857142857143,100.0,100.0,12.5,1.0
u5jaisrXIf,GB,39.0,Men,2025-03-06 21:57:07.417140 +00:00,3.0,4089.0,1.0,0.0,0.0,4089.0,4.0,1022.25,100.0,50.0,0.0,1.0
XWc46gqfvH,GB,32.0,Women,2025-03-06 15:33:09.116408 +00:00,25.0,41761.0,90.0,0.0,0.0,41761.0,7.0,5965.857142857143,100.0,100.0,0.0,1.0
yUVY1A3a7B,DE,39.0,Men,2025-02-14 10:19:13.591116 +00:00,15.0,64618.0,1.0,0.0,0.0,64618.0,8.0,8077.25,100.0,100.0,12.5,1.0
ZpKy7f7WYb,DE,41.0,Men,2025-02-18 10:46:23.430183 +00:00,3.0,2279.0,1.0,0.0,0.0,2279.0,4.0,569.75,100.0,50.0,0.0,1.0
ZHeD8DABxe,US,52.0,Women,2025-02-19 05:16:23.512976 +00:00,1.0,10.0,1.0,0.0,0.0,10.0,1.0,10.0,50.0,0.0,0.0,1.0
5vyCzmA7eG,US,48.0,Men,2025-03-17 01:28:10.868231 +00:00,16.0,3531.0,3.0,0.0,0.0,3531.0,5.0,706.2,100.0,75.0,0.0,0.0
0Qgds7Iy7e,DE,50.0,Men,2025-03-21 11:26:41.235577 +00:00,50.0,43558.0,138.0,0.0,0.0,43558.0,7.0,6222.571428571428,100.0,100.0,0.0,0.0
D5hfDVLJ9n,US,35.0,Men,2025-02-14 12:26:30.365902 +00:00,61.0,59341.0,39.0,0.0,0.0,59341.0,8.0,7417.625,100.0,100.0,12.5,1.0
8HPJ4fIVDk,US,39.0,Women,2025-03-11 06:22:29.469417 +00:00,4.0,1908.0,5.0,0.0,0.0,1908.0,3.0,636.0,100.0,25.0,0.0,1.0
nrjLtAR3U4,US,38.0,Men,2025-02-15 06:05:39.578617 +00:00,6.0,2083.0,1.0,4.0,1.0,2083.0,4.0,520.75,100.0,50.0,0.0,1.0
FN8cUI7n0P,DE,53.0,Women,2025-02-25 07:39:39.594061 +00:00,25.0,56025.0,34.0,4.0,1.0,56025.0,3.0,18675.0,100.0,0.0,0.0,1.0
19aoeNc3ks,GB,58.0,Men,2025-02-12 17:16:32.362678 +00:00,3.0,10127.0,1.0,0.0,0.0,10127.0,6.0,1687.8333333333333,100.0,75.0,0.0,1.0
PdR1ES1GkR,US,39.0,Women,2025-02-14 03:17:31.504696 +00:00,43.0,52885.0,1.0,0.0,0.0,52885.0,6.0,8814.166666666666,100.0,100.0,0.0,1.0
65ybsjqKFc,US,39.0,Men,2025-02-16 10:43:33.046846 +00:00,66.0,99064.0,35.0,0.0,0.0,99064.0,8.0,12383.0,100.0,100.0,12.5,1.0
n8p6Bel2aN,DE,39.0,Women,2025-03-05 18:57:47.876060 +00:00,9.0,4735.0,1.0,0.0,0.0,4735.0,4.0,1183.75,100.0,50.0,0.0,1.0
D4rYN8ryrj,US,34.0,Men,2025-02-19 14:42:46.225423 +00:00,15.0,23872.0,1.0,4.0,1.0,23872.0,6.0,3978.6666666666665,100.0,75.0,0.0,1.0
Fcm8TypLMd,DE,39.0,Women,2025-02-15 13:57:43.477365 +00:00,30.0,19147.0,5.0,0.0,0.0,19147.0,1.0,19147.0,50.0,0.0,0.0,1.0
5SK1NuznBD,US,53.0,Women,2025-03-13 04:39:58.800235 +00:00,4.0,13179.0,64.0,44.0,11.0,13179.0,6.0,2196.5,100.0,75.0,0.0,1.0
Rsuw3OAdCv,US,29.0,Men,2025-03-10 04:55:15.655053 +00:00,2.0,647.0,5.0,0.0,0.0,647.0,1.0,647.0,50.0,0.0,0.0,1.0
BPR7PioxjL,DE,39.0,Women,2025-02-22 07:26:09.206977 +00:00,112.0,427201.0,310.0,0.0,0.0,427201.0,3.0,142400.33333333334,100.0,25.0,0.0,1.0
9UCv4KtvEM,DE,39.0,Women,2025-03-07 22:34:40.185641 +00:00,8.0,8478.0,5.0,0.0,0.0,8478.0,5.0,1695.6,100.0,75.0,0.0,1.0
U9qES2hRba,DE,46.0,Women,2025-04-03 05:29:10.984378 +00:00,22.0,34665.0,169.0,4.0,1.0,34665.0,6.0,5777.5,100.0,75.0,0.0,0.0
D0n3zglifb,US,27.0,Women,2025-02-01 03:02:42.745209 +00:00,29.0,24076.0,1.0,4.0,1.0,24076.0,6.0,4012.6666666666665,100.0,75.0,0.0,1.0
KQKe68zb9u,DE,52.0,Women,2025-02-26 01:31:14.549865 +00:00,6.0,13692.0,1.0,4.0,1.0,13692.0,4.0,3423.0,100.0,50.0,0.0,1.0
6W0exSWZqs,DE,49.0,Women,2025-03-11 18:28:37.746551 +00:00,1.0,495.0,19.0,0.0,0.0,495.0,2.0,247.5,50.0,0.0,0.0,0.0
VIFfiqiQsn,DE,34.0,Women,2025-02-15 13:45:17.690587 +00:00,36.0,72659.0,1.0,0.0,0.0,72659.0,8.0,9082.375,100.0,100.0,12.5,1.0
DjIBKrk3gy,GB,51.0,Men,2025-02-13 20:33:47.202377 +00:00,1.0,4714.0,1.0,0.0,0.0,4714.0,3.0,1571.3333333333333,100.0,25.0,0.0,1.0
E6iUuc2TLY,US,32.0,Men,2025-02-01 05:30:00.921284 +00:00,35.0,166943.0,1.0,4.0,1.0,166943.0,6.0,27823.833333333332,100.0,75.0,0.0,1.0
KQu94LjveL,GB,39.0,Women,2025-03-15 09:55:45.922435 +00:00,39.0,63754.0,121.0,30.8,9.0,63754.0,4.0,15938.5,100.0,25.0,0.0,0.0
kxuOFn8FjC,GB,43.0,Men,2025-02-27 15:56:47.666795 +00:00,2.0,4185.0,1.0,0.0,0.0,4185.0,4.0,1046.25,100.0,50.0,0.0,1.0
lOQXjA02wm,DE,43.0,Men,2025-03-04 21:18:07.573520 +00:00,1.0,1049.0,5.0,0.0,0.0,1049.0,1.0,1049.0,50.0,0.0,0.0,1.0
UlzmP5aXJx,GB,46.0,Women,2025-02-15 10:57:39.564448 +00:00,61.0,107787.0,151.0,2.8,1.0,107787.0,8.0,13473.375,100.0,100.0,25.0,0.0
3xmItB4lAo,DE,33.0,Women,2025-02-17 12:27:21.858818 +00:00,19.0,7631.0,1.0,0.0,0.0,7631.0,6.0,1271.8333333333333,100.0,100.0,0.0,1.0
FIlmdOSYaW,US,39.0,Women,2025-02-11 01:21:11.286969 +00:00,16.0,45520.0,1.0,4.0,1.0,45520.0,6.0,7586.666666666667,100.0,75.0,0.0,1.0
xGc1llMVzp,DE,39.0,Men,2025-02-22 10:05:35.980061 +00:00,86.0,78292.0,64.0,0.0,0.0,78292.0,10.0,7829.2,100.0,100.0,37.5,1.0
EGcl7ollyc,JP,39.0,Women,2025-03-19 05:52:09.848092 +00:00,32.0,30424.0,51.0,0.0,0.0,30424.0,7.0,4346.285714285715,100.0,100.0,0.0,0.0
xPRNHEWeqg,DE,39.0,Women,2025-03-05 12:58:39.153399 +00:00,38.0,88150.0,341.0,0.0,0.0,88150.0,8.0,11018.75,100.0,100.0,12.5,1.0
sBaCQgs6eo,GB,25.0,Men,2025-03-30 11:51:22.284122 +00:00,8.0,22913.0,6.0,0.0,0.0,22913.0,5.0,4582.6,100.0,75.0,0.0,0.0
Vc6kkBKCQU,DE,18.0,Women,2025-02-19 13:59:06.017258 +00:00,88.0,151028.0,218.0,20.0,3.0,151028.0,9.0,16780.88888888889,100.0,100.0,25.0,0.0
Mw8C9mxE2A,US,27.0,Men,2025-02-13 06:22:21.530080 +00:00,7.0,17063.0,1.0,0.0,0.0,17063.0,4.0,4265.75,100.0,50.0,0.0,1.0
xKJFdOk9Yn,GB,23.0,Women,2025-03-06 15:05:10.267919 +00:00,25.0,53066.0,13.0,2.8,1.0,53066.0,7.0,7580.857142857143,100.0,100.0,12.5,1.0
fJx6UNRcie,GB,60.0,Women,2025-02-28 21:35:39.642235 +00:00,16.0,21179.0,80.0,46.200005,13.0,21179.0,3.0,7059.666666666667,100.0,0.0,0.0,1.0
Lz84kjBHfX,GB,39.0,Men,2025-02-15 00:06:35.360126 +00:00,22.0,21186.0,1.0,0.0,0.0,21186.0,8.0,2648.25,100.0,100.0,12.5,1.0
u6xmJh03io,DE,46.0,Men,2025-03-05 20:36:08.496946 +00:00,13.0,22347.0,18.0,0.0,0.0,22347.0,6.0,3724.5,100.0,75.0,0.0,1.0
un2zKhSxDs,US,43.0,Men,2025-02-09 03:43:26.194160 +00:00,1.0,1.0,5.0,0.0,0.0,1.0,1.0,1.0,50.0,0.0,0.0,1.0
HeLydRgPnF,US,44.0,Men,2025-02-19 16:32:16.475641 +00:00,14.0,9051.0,1.0,4.0,1.0,9051.0,4.0,2262.75,100.0,50.0,0.0,1.0
4GB8LBIpvz,US,52.0,Men,2025-02-21 16:45:48.901456 +00:00,35.0,38627.0,71.0,26.0,5.0,38627.0,6.0,6437.833333333333,100.0,75.0,0.0,0.0
KqbeNkkEdQ,US,58.0,Men,2025-02-25 15:56:29.106144 +00:00,4.0,9826.0,1.0,0.0,0.0,9826.0,5.0,1965.2,100.0,50.0,0.0,1.0
HRGIhUln8Z,GB,50.0,Men,2025-03-31 06:52:42.732452 +00:00,3.0,1050.0,2.0,0.0,0.0,1050.0,4.0,262.5,100.0,50.0,0.0,1.0
b237XIVbsu,DE,39.0,Women,2025-02-23 05:37:57.325844 +00:00,5.0,9128.0,235.0,0.0,0.0,9128.0,5.0,1825.6,100.0,75.0,0.0,1.0
Q2soKnQnCF,GB,55.0,Women,2025-02-26 23:42:53.053458 +00:00,4.0,3213.0,1.0,0.0,0.0,3213.0,3.0,1071.0,100.0,25.0,0.0,1.0
f7RhuI3mjN,US,65.0,Women,2025-02-14 15:09:09.418576 +00:00,2.0,1916.0,1.0,0.0,0.0,1916.0,1.0,1916.0,50.0,0.0,0.0,1.0
FnbZY4C1Oj,DE,39.0,Women,2025-03-12 11:13:25.182474 +00:00,35.0,67708.0,164.0,0.0,0.0,67708.0,7.0,9672.57142857143,100.0,100.0,0.0,1.0
QVtXOudxYj,US,60.0,Men,2025-02-28 07:07:03.736576 +00:00,17.0,17681.0,1.0,0.0,0.0,17681.0,1.0,17681.0,50.0,0.0,0.0,1.0
gJBjx2ZRiH,DE,47.0,Men,2025-03-25 16:31:57.202232 +00:00,19.0,40355.0,235.0,0.0,0.0,40355.0,8.0,5044.375,100.0,100.0,25.0,0.0
7Q0wu7KQuM,DE,28.0,Men,2025-02-20 14:03:53.540796 +00:00,18.0,18587.0,1.0,0.0,0.0,18587.0,4.0,4646.75,100.0,50.0,0.0,1.0
3QBEmNPl2c,DE,39.0,Women,2025-02-27 08:24:42.488913 +00:00,202.0,155340.0,139.0,0.0,0.0,155340.0,9.0,17260.0,100.0,100.0,25.0,0.0
8yt5Hi3oxx,GB,39.0,Men,2025-04-01 14:13:47.786641 +00:00,1.0,195.0,5.0,0.0,0.0,2230.0,3.0,743.3333333333334,100.0,50.0,0.0,0.0
jZyG4EkGxa,JP,28.0,Women,2025-03-23 02:47:42.590396 +00:00,1.0,1058.0,5.0,0.0,0.0,1058.0,1.0,1058.0,50.0,0.0,0.0,1.0
On8VkrzFbL,DE,48.0,Men,2025-03-29 13:27:23.488711 +00:00,11.0,43120.0,116.0,29.0,6.0,43120.0,7.0,6160.0,100.0,100.0,0.0,0.0
ob6a1UvyZR,GB,32.0,Men,2025-02-12 14:55:44.633656 +00:00,55.0,115287.0,1.0,2.8,1.0,115287.0,9.0,12809.666666666666,100.0,100.0,25.0,1.0
OtpNOinOXd,DE,40.0,Women,2025-03-01 17:32:07.188809 +00:00,3.0,4558.0,1.0,4.0,1.0,4558.0,4.0,1139.5,100.0,50.0,0.0,1.0
umqZkQ9PFd,DE,39.0,Women,2025-03-16 16:43:09.726289 +00:00,88.0,129683.0,483.0,0.0,0.0,129683.0,9.0,14409.222222222224,100.0,100.0,25.0,0.0
AfiAjMOwJf,US,25.0,Men,2025-03-01 04:06:55.796663 +00:00,6.0,4437.0,1.0,0.0,0.0,4437.0,5.0,887.4,100.0,50.0,0.0,1.0
aibyOAx1aO,US,39.0,Women,2025-03-12 04:54:34.696028 +00:00,6.0,6678.0,18.0,0.0,0.0,6678.0,4.0,1669.5,100.0,50.0,0.0,1.0
BwjVw9g9k8,DE,42.0,Men,2025-03-02 18:03:46.017430 +00:00,66.0,60671.0,14.0,20.0,3.0,60671.0,7.0,8667.285714285714,100.0,100.0,12.5,1.0
MHMgP4Hca4,US,43.0,Men,2025-02-01 05:17:08.929943 +00:00,16.0,5832.0,1.0,0.0,0.0,5832.0,5.0,1166.4,100.0,75.0,0.0,1.0
zbyodqOwMh,US,39.0,Women,2025-02-03 01:28:15.399800 +00:00,1.0,74.0,1.0,0.0,0.0,74.0,3.0,24.666666666666668,100.0,25.0,0.0,1.0
cF8EJK9BoO,DE,59.0,Women,2025-04-01 12:53:14.321017 +00:00,2.0,2957.0,2.0,20.0,3.0,2957.0,4.0,739.25,100.0,50.0,0.0,0.0
vz5r5HMh2i,JP,44.0,Women,2025-03-05 08:57:21.250894 +00:00,1.0,451.0,5.0,0.0,0.0,451.0,1.0,451.0,50.0,0.0,0.0,1.0
jLE8ZhUY6Y,US,46.0,Women,2025-03-03 13:36:50.428206 +00:00,14.0,18661.0,191.0,29.0,6.0,18661.0,7.0,2665.8571428571427,100.0,100.0,0.0,1.0
t3X9NZqbEQ,GB,32.0,Men,2025-03-25 10:28:28.565921 +00:00,41.0,77336.0,62.0,0.0,0.0,77336.0,8.0,9667.0,100.0,100.0,12.5,0.0
ajB79YaNVV,DE,18.0,Men,2025-03-02 19:14:43.436808 +00:00,61.0,56970.0,1.0,0.0,0.0,56970.0,7.0,8138.571428571428,100.0,100.0,12.5,1.0
cuWCL7qTbv,GB,50.0,Men,2025-02-16 22:04:54.385033 +00:00,39.0,41132.0,19.0,0.0,0.0,41132.0,4.0,10283.0,100.0,25.0,0.0,0.0
sU8k9oL0v9,US,50.0,Men,2025-02-17 02:04:39.694093 +00:00,3.0,2564.0,1.0,4.0,1.0,2564.0,2.0,1282.0,100.0,0.0,0.0,1.0
eidKtjDMTP,DE,39.0,Men,2025-02-17 06:32:26.069233 +00:00,4.0,4211.0,1.0,0.0,0.0,4211.0,6.0,701.8333333333334,100.0,100.0,0.0,1.0
PBk40IlEgW,US,50.0,Men,2025-01-31 03:33:36.378361 +00:00,7.0,2133.0,1.0,4.4,1.0,2133.0,1.0,2133.0,50.0,0.0,0.0,1.0
iooGoQZ9zr,DE,44.0,Men,2025-02-15 11:51:59.877764 +00:00,60.0,51750.0,1.0,0.0,0.0,51750.0,9.0,5750.0,100.0,100.0,25.0,1.0
n8hPnoxGMu,GB,47.0,Women,2025-04-01 13:42:38.516768 +00:00,10.0,9250.0,64.0,0.0,0.0,9250.0,5.0,1850.0,100.0,75.0,0.0,0.0
o8JJ4oZ9YO,GB,39.0,Women,2025-03-24 11:46:03.902806 +00:00,26.0,34436.0,17.0,19.599998,5.0,34436.0,5.0,6887.2,100.0,75.0,0.0,0.0
6eczCVERMN,DE,29.0,Women,2025-03-25 19:53:32.783216 +00:00,31.0,17057.0,18.0,20.0,3.0,17057.0,5.0,3411.4,100.0,75.0,0.0,1.0
3ZVeebtCV6,GB,43.0,Men,2025-02-28 22:16:52.492504 +00:00,9.0,5436.0,1.0,0.0,0.0,5436.0,4.0,1359.0,100.0,50.0,0.0,1.0
SBgodZ8iCi,GB,39.0,Women,2025-02-22 00:52:39.611390 +00:00,1.0,9063.0,1.0,0.0,0.0,9063.0,4.0,2265.75,100.0,50.0,0.0,1.0
912JL1jmRp,GB,39.0,Men,2025-02-14 17:21:29.304131 +00:00,5.0,15914.0,1.0,0.0,0.0,15914.0,3.0,5304.666666666667,100.0,25.0,0.0,1.0
lavnP3FzB0,JP,23.0,Women,2025-03-07 14:59:51.768737 +00:00,1.0,119.0,5.0,2.0,1.0,119.0,1.0,119.0,50.0,0.0,0.0,1.0
28CMiljjFs,DE,39.0,Women,2025-03-27 12:01:13.516059 +00:00,4.0,2042.0,9.0,0.0,0.0,2042.0,4.0,510.5,100.0,50.0,0.0,1.0
rIKKpUVdlx,US,45.0,Men,2025-03-04 04:49:30.267255 +00:00,69.0,106906.0,433.0,20.0,3.0,106906.0,9.0,11878.444444444443,100.0,100.0,25.0,0.0
QxaDYpfBgH,US,24.0,Women,2025-02-18 21:53:28.809844 +00:00,1.0,191.0,1.0,0.0,0.0,191.0,1.0,191.0,50.0,0.0,0.0,1.0
QS2NjD6APK,US,36.0,Women,2025-02-26 18:11:15.659753 +00:00,1.0,96.0,1.0,0.0,0.0,96.0,3.0,32.0,100.0,25.0,0.0,1.0
eXL0kfijKE,DE,39.0,Women,2025-03-06 17:09:39.772689 +00:00,32.0,49311.0,102.0,0.0,0.0,49311.0,7.0,7044.428571428572,100.0,100.0,0.0,1.0
2Jl8AMebYL,DE,39.0,Women,2025-03-27 13:19:46.108311 +00:00,2.0,4761.0,1.0,0.0,0.0,4761.0,4.0,1190.25,100.0,50.0,0.0,1.0
zLKbQV33dN,GB,39.0,Women,2025-03-16 18:12:44.194188 +00:00,187.0,333186.0,135.0,30.8,9.0,333186.0,11.0,30289.636363636364,100.0,100.0,62.5,0.0
SXNwnKiIYB,GB,39.0,Women,2025-03-18 09:24:10.251718 +00:00,8.0,9618.0,1.0,0.0,0.0,9618.0,4.0,2404.5,100.0,50.0,0.0,1.0
AhvL4bVv68,DE,40.0,Men,2025-03-14 07:25:17.963125 +00:00,28.0,23491.0,13.0,23.0,4.0,23491.0,6.0,3915.1666666666665,100.0,100.0,0.0,0.0
cx9ISgMFId,DE,39.0,Men,2025-03-25 21:24:05.539059 +00:00,3.0,5374.0,3.0,0.0,0.0,5374.0,4.0,1343.5,100.0,50.0,0.0,1.0
BF4H9b9YNa,DE,40.0,Women,2025-03-31 22:34:10.304342 +00:00,8.0,16710.0,35.0,0.0,0.0,16710.0,6.0,2785.0,100.0,75.0,0.0,0.0
pZUL8Y4wUg,US,39.0,Men,2025-03-01 10:46:04.183898 +00:00,6.0,9761.0,21.0,4.4,1.0,9761.0,4.0,2440.25,100.0,50.0,0.0,1.0
mukWD0zW5n,DE,39.0,Women,2025-03-10 21:01:36.598841 +00:00,2.0,1925.0,1.0,0.0,0.0,1925.0,1.0,1925.0,50.0,0.0,0.0,1.0
EoIOIEtYRD,US,30.0,Men,2025-02-22 09:53:29.229931 +00:00,3.0,26227.0,1.0,0.0,0.0,26227.0,4.0,6556.75,100.0,50.0,0.0,1.0
oms8OpULgs,US,58.0,Men,2025-03-02 04:14:47.142522 +00:00,1.0,301.0,5.0,0.0,0.0,301.0,1.0,301.0,50.0,0.0,0.0,1.0
ii0jdDYKLk,GB,37.0,Women,2025-03-28 05:40:05.018720 +00:00,5.0,4877.0,3.0,16.8,4.0,4877.0,5.0,975.4,100.0,75.0,0.0,1.0
nsuEtkhI1E,GB,39.0,Men,2025-04-04 19:18:04.235374 +00:00,1.0,862.0,1.0,0.0,0.0,862.0,2.0,431.0,100.0,0.0,0.0,0.0
DYXMsDRMJE,US,42.0,Men,2025-03-04 07:20:31.991049 +00:00,83.0,55423.0,79.0,4.0,1.0,55423.0,8.0,6927.875,100.0,100.0,12.5,1.0
sAH97bkHTZ,DE,53.0,Men,2025-03-10 12:01:23.654018 +00:00,17.0,30675.0,17.0,0.0,0.0,30675.0,5.0,6135.0,100.0,75.0,0.0,0.0
Xre0KIesPq,US,35.0,Women,2025-02-22 20:55:35.658642 +00:00,4.0,1968.0,1.0,0.0,0.0,1968.0,2.0,984.0,100.0,0.0,0.0,1.0
4bXYdiGPhM,DE,39.0,Men,2025-03-13 06:57:12.810135 +00:00,5.0,4437.0,1.0,0.0,0.0,4437.0,1.0,4437.0,50.0,0.0,0.0,1.0
R12v99jzKt,US,27.0,Women,2025-02-19 03:58:22.054894 +00:00,3.0,2946.0,1.0,0.0,0.0,2946.0,3.0,982.0,100.0,25.0,0.0,1.0
k47O0F1ZEp,US,99.0,Men,2025-02-13 08:33:32.788143 +00:00,8.0,9786.0,1.0,0.0,0.0,9786.0,3.0,3262.0,100.0,25.0,0.0,1.0
dqVGcH9IkU,JP,24.0,Women,2025-03-09 04:47:25.246826 +00:00,87.0,105031.0,174.0,0.0,0.0,105031.0,8.0,13128.875,100.0,100.0,12.5,1.0
lGFjjaZswx,GB,27.0,Men,2025-03-26 04:34:24.625025 +00:00,1.0,1339.0,1.0,0.0,0.0,1339.0,4.0,334.75,100.0,50.0,0.0,1.0
PYgvqY1kBD,DE,23.0,Women,2025-03-12 20:36:30.768760 +00:00,4.0,1601.0,5.0,20.0,3.0,1601.0,2.0,800.5,100.0,0.0,0.0,1.0
FZJYW2ZrZw,US,32.0,Men,2025-02-26 18:26:54.979554 +00:00,156.0,51889.0,60.0,0.0,0.0,51889.0,8.0,6486.125,100.0,100.0,12.5,0.0
nJFKN9zcWR,GB,62.0,Women,2025-03-16 15:43:23.672751 +00:00,231.0,163679.0,438.0,0.0,0.0,163679.0,10.0,16367.9,100.0,100.0,37.5,0.0
KKrB7uRaaW,US,35.0,Women,2025-01-31 05:31:31.350438 +00:00,3.0,465.0,1.0,0.0,0.0,465.0,1.0,465.0,50.0,0.0,0.0,1.0
E0UsKyRBkt,US,26.0,Men,2025-02-24 05:18:02.620869 +00:00,9.0,2797.0,1.0,0.0,0.0,2797.0,3.0,932.3333333333334,100.0,25.0,0.0,1.0
YKWd08J91u,GB,23.0,Men,2025-03-04 11:37:20.651168 +00:00,6.0,8229.0,1.0,0.0,0.0,8229.0,4.0,2057.25,100.0,50.0,0.0,1.0
IML4PaJ8dF,GB,40.0,Women,2025-03-22 17:03:54.093105 +00:00,12.0,24478.0,17.0,0.0,0.0,24478.0,5.0,4895.6,100.0,75.0,0.0,1.0
lgbZFrINcg,US,64.0,Men,2025-02-20 15:57:28.601282 +00:00,1.0,6668.0,1.0,0.0,0.0,6668.0,1.0,6668.0,50.0,0.0,0.0,1.0
xjvh5Uzo1h,DE,39.0,Men,2025-03-06 15:01:33.373036 +00:00,3.0,1421.0,5.0,4.0,1.0,1421.0,4.0,355.25,100.0,50.0,0.0,1.0
X5AHnH7Rhl,US,45.0,Men,2025-02-23 14:05:58.730376 +00:00,2.0,1199.0,1.0,0.0,0.0,1199.0,3.0,399.6666666666667,100.0,25.0,0.0,1.0
YDebwAlvO6,US,34.0,Women,2025-03-03 00:42:56.573010 +00:00,24.0,49065.0,141.0,0.0,0.0,49065.0,6.0,8177.5,100.0,75.0,0.0,0.0
UyjhLJhjXq,GB,37.0,Women,2025-03-04 19:41:41.893077 +00:00,79.0,132738.0,497.0,16.8,4.0,132738.0,10.0,13273.8,100.0,100.0,37.5,1.0
vuRarfO8Oy,DE,22.0,Women,2025-03-11 06:14:27.447727 +00:00,33.0,45889.0,66.0,20.0,3.0,45889.0,7.0,6555.571428571428,100.0,100.0,0.0,0.0
i8l1uMMRC6,DE,39.0,Women,2025-02-20 02:54:20.671959 +00:00,3.0,2147.0,1.0,0.0,0.0,2147.0,2.0,1073.5,100.0,0.0,0.0,1.0
lhhwBGf58z,US,43.0,Men,2025-02-27 09:55:29.729586 +00:00,2.0,4214.0,1.0,0.0,0.0,4214.0,5.0,842.8,100.0,50.0,0.0,1.0
KFfuSPMWgY,US,30.0,Women,2025-02-17 14:37:47.824392 +00:00,6.0,4322.0,1.0,4.0,1.0,4322.0,4.0,1080.5,100.0,50.0,0.0,1.0
pJK7bL61vf,GB,39.0,Men,2025-02-15 01:10:20.496355 +00:00,8.0,3411.0,1.0,0.0,0.0,3411.0,6.0,568.5,100.0,100.0,0.0,1.0
yy5cWWSMqW,DE,35.0,Women,2025-02-12 18:32:55.332479 +00:00,19.0,26026.0,4.0,4.0,1.0,26026.0,8.0,3253.25,100.0,100.0,12.5,0.0
yFCHVUeKGO,GB,60.0,Women,2025-02-12 23:10:31.788435 +00:00,6.0,11147.0,136.0,0.0,0.0,11147.0,10.0,1114.7,100.0,100.0,37.5,1.0
EKeQkLXhBC,DE,24.0,Women,2025-03-08 13:28:59.516642 +00:00,1.0,420.0,5.0,0.0,0.0,420.0,1.0,420.0,50.0,0.0,0.0,1.0
fqNSBKA3KV,GB,53.0,Men,2025-03-11 16:37:09.678167 +00:00,24.0,72304.0,8.0,0.0,0.0,72304.0,6.0,12050.666666666666,100.0,100.0,0.0,1.0
IExMUX1oaH,DE,49.0,Men,2025-03-04 21:01:29.830999 +00:00,66.0,109165.0,134.0,0.0,0.0,109165.0,8.0,13645.625,100.0,100.0,12.5,0.0
y8BH1dVtyK,US,22.0,Men,2025-03-10 07:38:17.022334 +00:00,9.0,9370.0,14.0,0.0,0.0,9370.0,3.0,3123.3333333333335,100.0,25.0,0.0,1.0
4QDkhD2UOy,US,18.0,Men,2025-02-02 03:52:25.745286 +00:00,7.0,541.0,5.0,4.0,1.0,541.0,3.0,180.33333333333337,100.0,25.0,0.0,1.0
GTDFyTNUtw,DE,43.0,Women,2025-03-24 17:28:43.308996 +00:00,3.0,3058.0,119.0,0.0,0.0,3058.0,7.0,436.8571428571428,100.0,100.0,0.0,1.0
oLPsU1rZkt,JP,39.0,Men,2025-03-13 04:14:07.340474 +00:00,7.0,15280.0,30.0,0.0,0.0,15280.0,5.0,3056.0,100.0,50.0,0.0,1.0
aZoEyg9VVI,DE,49.0,Women,2025-02-23 10:30:08.444579 +00:00,4.0,13793.0,1.0,0.0,0.0,13793.0,4.0,3448.25,100.0,50.0,0.0,1.0
nYgQL8sN4y,DE,51.0,Women,2025-03-18 10:13:32.441172 +00:00,112.0,146480.0,326.0,0.0,0.0,146480.0,10.0,14648.0,100.0,100.0,37.5,0.0
IH7mjUXdZY,DE,42.0,Men,2025-02-17 01:04:09.645013 +00:00,89.0,136016.0,246.0,0.0,0.0,136016.0,10.0,13601.6,100.0,100.0,37.5,0.0
CvaUOTcPEz,DE,37.0,Men,2025-02-14 05:45:30.970826 +00:00,110.0,143037.0,12.0,20.0,3.0,143037.0,9.0,15893.0,100.0,100.0,25.0,1.0
yLUbquFIzY,DE,36.0,Women,2025-04-03 19:59:28.406272 +00:00,4.0,10342.0,6.0,0.0,0.0,10342.0,4.0,2585.5,100.0,50.0,0.0,0.0
VH39CToxXF,GB,43.0,Men,2025-02-23 12:02:26.826918 +00:00,8.0,12419.0,1.0,0.0,0.0,12419.0,4.0,3104.75,100.0,50.0,0.0,1.0
Pjd4sOy6wT,DE,39.0,Men,2025-03-04 08:06:35.887827 +00:00,43.0,47057.0,83.0,0.0,0.0,47057.0,7.0,6722.428571428572,100.0,100.0,0.0,1.0
d69ia0L9YC,US,39.0,Men,2025-03-09 02:42:45.839281 +00:00,9.0,14919.0,1.0,0.0,0.0,14919.0,3.0,4973.0,100.0,25.0,0.0,1.0
rfxt94SNPx,US,39.0,Men,2025-02-09 02:12:08.969641 +00:00,1.0,4337.0,1.0,0.0,0.0,4337.0,3.0,1445.6666666666667,100.0,25.0,0.0,1.0
fanFldmUdI,GB,39.0,Women,2025-02-24 21:13:24.424297 +00:00,7.0,5583.0,1.0,0.0,0.0,5583.0,4.0,1395.75,100.0,50.0,0.0,1.0
aViO74v6eM,DE,41.0,Women,2025-02-13 15:52:11.016199 +00:00,28.0,78851.0,1.0,0.0,0.0,78851.0,9.0,8761.222222222223,100.0,100.0,25.0,1.0
oMI9PzMJUd,DE,44.0,Women,2025-02-27 14:50:03.728435 +00:00,20.0,35765.0,49.0,0.0,0.0,35765.0,6.0,5960.833333333333,100.0,75.0,0.0,1.0
XuNVXxl1UB,DE,20.0,Men,2025-02-21 07:31:30.822286 +00:00,12.0,15009.0,1.0,0.0,0.0,15009.0,5.0,3001.8,100.0,75.0,0.0,1.0
fKedxW3mOq,DE,39.0,Men,2025-03-14 05:17:49.607166 +00:00,1.0,803.0,2.0,0.0,0.0,803.0,1.0,803.0,50.0,0.0,0.0,1.0
BGMMIfByHL,GB,46.0,Men,2025-03-26 00:45:35.649248 +00:00,21.0,5985.0,1.0,0.0,0.0,5985.0,4.0,1496.25,100.0,50.0,0.0,0.0
NmRR0bKtTk,DE,39.0,Men,2025-03-12 12:02:34.619903 +00:00,3.0,911.0,2.0,0.0,0.0,911.0,3.0,303.6666666666667,100.0,25.0,0.0,1.0
z4FCDw32fq,DE,32.0,Men,2025-02-13 07:09:17.972004 +00:00,45.0,48852.0,9.0,4.0,1.0,48852.0,7.0,6978.857142857143,100.0,100.0,0.0,1.0
x21vJHJj1p,US,36.0,Men,2025-02-07 03:16:15.210663 +00:00,286.0,468831.0,411.0,20.0,3.0,468831.0,12.0,39069.25,100.0,100.0,62.5,0.0
5ht4iW2xa2,US,52.0,Men,2025-03-14 06:42:48.268035 +00:00,10.0,12919.0,35.0,0.0,0.0,12919.0,5.0,2583.8,100.0,50.0,0.0,1.0
QY0ORjy1za,DE,24.0,Women,2025-03-22 07:17:50.129239 +00:00,80.0,40456.0,11.0,0.0,0.0,40456.0,8.0,5057.0,100.0,100.0,25.0,0.0
ZTuRoVZu2z,US,39.0,Men,2025-03-13 05:12:16.237018 +00:00,3.0,7934.0,1.0,0.0,0.0,7934.0,3.0,2644.6666666666665,100.0,25.0,0.0,1.0
00yxittskM,US,28.0,Women,2025-03-06 03:29:13.490995 +00:00,4.0,6862.0,15.0,4.0,1.0,6862.0,6.0,1143.6666666666667,100.0,75.0,0.0,1.0
ijyu9pSWSO,US,39.0,Men,2025-02-07 02:20:22.431064 +00:00,3.0,1040.0,5.0,0.0,0.0,1040.0,2.0,520.0,100.0,0.0,0.0,1.0
XYfMaweeH5,JP,89.0,Women,2025-03-05 06:43:20.296389 +00:00,49.0,88421.0,104.0,1.4,1.0,88421.0,7.0,12631.57142857143,100.0,100.0,0.0,0.0
MVWwfBnGKp,US,35.0,Women,2025-02-27 18:17:05.529054 +00:00,2.0,20096.0,5.0,0.0,0.0,20096.0,3.0,6698.666666666667,100.0,25.0,0.0,1.0
9YdlzEquNq,DE,19.0,Women,2025-03-05 19:33:28.192828 +00:00,11.0,8655.0,5.0,0.0,0.0,8655.0,4.0,2163.75,100.0,50.0,0.0,1.0
3pwIl7m76Y,DE,38.0,Women,2025-03-07 14:39:57.374671 +00:00,1.0,5934.0,1.0,0.0,0.0,5934.0,4.0,1483.5,100.0,50.0,0.0,1.0
8WUZoTkzXM,DE,39.0,Women,2025-03-03 18:07:39.053836 +00:00,55.0,64144.0,196.0,0.0,0.0,66047.0,8.0,8255.875,100.0,100.0,12.5,0.0
gzZoGGWrvu,JP,46.0,Women,2025-03-15 14:06:25.156965 +00:00,60.0,57866.0,192.0,0.0,0.0,57866.0,7.0,8266.57142857143,100.0,100.0,0.0,1.0
XXxzhNBAUP,US,39.0,Men,2025-03-12 04:44:54.206003 +00:00,4.0,9120.0,4.0,0.0,0.0,9120.0,3.0,3040.0,100.0,25.0,0.0,1.0
YYm68EeiZh,GB,44.0,Men,2025-03-13 14:29:25.315302 +00:00,8.0,17856.0,13.0,0.0,0.0,17856.0,5.0,3571.2,100.0,75.0,0.0,0.0
IdTtkAFv9v,DE,40.0,Women,2025-03-10 11:06:15.272122 +00:00,54.0,48648.0,30.0,4.0,1.0,48648.0,4.0,12162.0,100.0,25.0,0.0,0.0
xwMDoW2qco,GB,39.0,Women,2025-03-09 20:36:30.711836 +00:00,3.0,6063.0,1.0,0.0,0.0,6063.0,4.0,1515.75,100.0,50.0,0.0,1.0
77b84y6HOC,GB,55.0,Men,2025-03-18 10:23:33.565631 +00:00,24.0,42781.0,110.0,0.0,0.0,42781.0,7.0,6111.571428571428,100.0,100.0,0.0,1.0
huMVZ9i5sx,US,36.0,Women,2025-02-20 12:25:43.508924 +00:00,6.0,2163.0,5.0,4.0,1.0,2163.0,2.0,1081.5,100.0,0.0,0.0,1.0
uoN2Ht5vm2,DE,42.0,Men,2025-03-23 12:02:53.499053 +00:00,2.0,1049.0,5.0,0.0,0.0,1049.0,1.0,1049.0,100.0,25.0,0.0,1.0
QxW2DWKAOC,GB,39.0,Women,2025-03-06 10:25:34.131036 +00:00,2.0,3531.0,1.0,0.0,0.0,3531.0,3.0,1177.0,100.0,25.0,0.0,1.0
fhq2Wzcbqh,JP,39.0,Men,2025-03-25 10:12:41.146880 +00:00,6.0,20313.0,28.0,0.0,0.0,20313.0,4.0,5078.25,100.0,50.0,0.0,0.0
rZ5wmTxqjs,DE,41.0,Men,2025-02-27 19:15:07.108355 +00:00,130.0,311678.0,9.0,0.0,0.0,311678.0,8.0,38959.75,100.0,100.0,12.5,1.0
ZhXPJODvYP,DE,38.0,Men,2025-03-27 07:15:34.882489 +00:00,20.0,9673.0,5.0,26.0,5.0,9673.0,5.0,1934.6,100.0,75.0,0.0,0.0
g8gnOFm7pm,US,39.0,Men,2025-02-17 07:38:29.415452 +00:00,2.0,1751.0,1.0,0.0,0.0,1751.0,3.0,583.6666666666666,100.0,25.0,0.0,1.0
XWiNy3uPAs,GB,25.0,Women,2025-02-19 16:31:24.591300 +00:00,3.0,2050.0,1.0,0.0,0.0,2050.0,3.0,683.3333333333334,100.0,25.0,0.0,1.0
jSOscC7DyU,DE,40.0,Women,2025-03-09 18:00:15.146271 +00:00,24.0,43244.0,13.0,20.0,3.0,43244.0,6.0,7207.333333333333,100.0,100.0,0.0,0.0
3MgPW33jtv,US,30.0,Men,2025-03-07 04:15:07.526113 +00:00,2.0,1316.0,1.0,0.0,0.0,1316.0,3.0,438.6666666666667,100.0,25.0,0.0,1.0
PQp6MERmCm,DE,40.0,Women,2025-03-04 01:44:49.249226 +00:00,33.0,35006.0,28.0,0.0,0.0,35006.0,7.0,5000.857142857143,100.0,100.0,0.0,1.0
oy9qxxzlS5,US,39.0,Men,2025-02-21 08:04:10.828406 +00:00,5.0,1291.0,5.0,0.0,0.0,1291.0,1.0,1291.0,50.0,0.0,0.0,1.0
KBOWnsoJCN,DE,42.0,Women,2025-03-20 12:42:29.922495 +00:00,3.0,1569.0,3.0,0.0,0.0,1569.0,3.0,523.0,100.0,25.0,0.0,1.0
FHtBJPMRZL,US,33.0,Men,2025-03-11 04:18:07.037928 +00:00,66.0,114063.0,140.0,4.0,1.0,114063.0,8.0,14257.875,100.0,100.0,12.5,0.0
U41PY5ElKt,DE,38.0,Women,2025-03-05 06:09:45.371901 +00:00,2.0,1461.0,1.0,0.0,0.0,1461.0,4.0,365.25,100.0,50.0,0.0,1.0
8M0AncvuRP,DE,31.0,Women,2025-02-12 17:06:00.880856 +00:00,48.0,68566.0,1.0,0.0,0.0,68566.0,8.0,8570.75,100.0,100.0,12.5,1.0
KDjmsv6BNd,US,26.0,Men,2025-03-11 05:35:56.627061 +00:00,18.0,32857.0,51.0,23.0,4.0,32857.0,6.0,5476.166666666667,100.0,75.0,0.0,1.0
AFtAC9ePJz,DE,38.0,Men,2025-03-29 08:32:53.241958 +00:00,3.0,4417.0,5.0,0.0,0.0,4417.0,4.0,1104.25,100.0,50.0,0.0,1.0
9DCsHY37MY,DE,40.0,Men,2025-03-30 16:13:17.891855 +00:00,2.0,1078.0,5.0,0.0,0.0,1078.0,2.0,539.0,100.0,0.0,0.0,1.0
aj7XKI7Y6x,US,63.0,Men,2025-02-16 12:34:45.128350 +00:00,45.0,58747.0,1.0,4.0,1.0,58747.0,7.0,8392.42857142857,100.0,100.0,0.0,1.0
uSKV5p0o6I,GB,33.0,Women,2025-04-01 14:37:45.525655 +00:00,2.0,2761.0,1.0,0.0,0.0,2761.0,3.0,920.3333333333334,100.0,25.0,0.0,0.0
doUi8c4EZ4,DE,46.0,Women,2025-02-27 03:32:55.892400 +00:00,11.0,27768.0,1.0,4.0,1.0,27768.0,6.0,4628.0,100.0,75.0,0.0,1.0
Zbh1luTB8j,US,22.0,Women,2025-02-06 03:22:00.973836 +00:00,11.0,18344.0,1.0,0.0,0.0,18344.0,3.0,6114.666666666667,100.0,25.0,0.0,1.0
Eqn18Nlo7y,GB,36.0,Men,2025-04-04 19:50:59.327379 +00:00,3.0,1330.0,5.0,0.0,0.0,1330.0,1.0,1330.0,50.0,0.0,0.0,0.0
u2qlvy519b,US,54.0,Women,2025-03-06 00:36:54.363881 +00:00,34.0,72859.0,60.0,4.4,1.0,72859.0,6.0,12143.166666666666,100.0,75.0,0.0,0.0
IwVtVX9OHS,DE,43.0,Men,2025-03-09 21:19:23.622573 +00:00,28.0,50121.0,64.0,4.0,1.0,50121.0,7.0,7160.142857142857,100.0,100.0,0.0,1.0
o5j3Hml3ep,US,35.0,Men,2025-03-01 07:48:18.965896 +00:00,10.0,5881.0,1.0,4.0,1.0,5881.0,5.0,1176.2,100.0,50.0,0.0,1.0
Qgki6j4rb2,DE,39.0,Women,2025-03-29 07:20:46.243930 +00:00,10.0,14617.0,37.0,4.0,1.0,14617.0,6.0,2436.1666666666665,100.0,100.0,0.0,0.0
rSpgSlVN5X,GB,44.0,Men,2025-02-18 16:58:21.010989 +00:00,64.0,79415.0,59.0,0.0,0.0,79415.0,9.0,8823.888888888889,100.0,100.0,25.0,0.0
bRJel6N5Au,US,38.0,Men,2025-03-14 04:29:11.388862 +00:00,15.0,11884.0,31.0,0.0,0.0,11884.0,3.0,3961.3333333333335,100.0,25.0,0.0,1.0
3PHAj56kNh,GB,39.0,Women,2025-04-02 09:58:18.614845 +00:00,11.0,21451.0,38.0,7.0,2.0,21451.0,5.0,4290.2,100.0,100.0,0.0,0.0
lMdCYMatSW,DE,42.0,Men,2025-03-03 17:57:22.564744 +00:00,7.0,13959.0,1.0,0.0,0.0,13959.0,4.0,3489.75,100.0,50.0,0.0,1.0
Vni4lxbKnh,DE,40.0,Women,2025-03-02 16:58:38.912609 +00:00,40.0,68085.0,24.0,0.0,0.0,68085.0,8.0,8510.625,100.0,100.0,12.5,0.0
3bSHE0fzKy,GB,40.0,Men,2025-02-27 18:51:59.525591 +00:00,1.0,509.0,1.0,0.0,0.0,509.0,1.0,509.0,50.0,0.0,0.0,1.0
D65aRtrjJd,GB,26.0,Men,2025-02-22 20:44:15.820390 +00:00,36.0,36930.0,41.0,19.599998,5.0,36930.0,7.0,5275.714285714285,100.0,100.0,0.0,1.0
n6xWnq3Cu5,US,39.0,Women,2025-02-24 04:54:18.147685 +00:00,20.0,32173.0,1.0,4.4,1.0,32173.0,3.0,10724.333333333334,100.0,25.0,0.0,0.0
FkJTXUjLUg,GB,50.0,Men,2025-03-07 08:50:50.772475 +00:00,136.0,75348.0,302.0,0.0,0.0,75348.0,11.0,6849.818181818182,100.0,100.0,50.0,0.0
bqZW30f5UN,GB,46.0,Men,2025-03-11 15:55:27.512428 +00:00,3.0,3735.0,5.0,0.0,0.0,3735.0,4.0,933.75,100.0,50.0,0.0,1.0
rvnQGVUS0S,DE,39.0,Women,2025-04-05 13:24:53.392529 +00:00,3.0,4888.0,6.0,0.0,0.0,4888.0,4.0,1222.0,100.0,50.0,0.0,0.0
QLqBPA9xLE,US,41.0,Women,2025-02-19 04:07:19.233872 +00:00,14.0,56356.0,9.0,4.0,1.0,56356.0,6.0,9392.666666666666,100.0,75.0,0.0,1.0
esHxMl8sNo,GB,43.0,Women,2025-04-01 06:40:43.554778 +00:00,8.0,5107.0,17.0,0.0,0.0,5107.0,4.0,1276.75,100.0,50.0,0.0,0.0
ELxFqY35OO,DE,46.0,Women,2025-03-19 06:48:18.047131 +00:00,3.0,2244.0,32.0,0.0,0.0,2244.0,5.0,448.8,100.0,50.0,0.0,1.0
7tt3j9b4bb,GB,32.0,Women,2025-03-19 16:56:44.604241 +00:00,2.0,18.0,5.0,0.0,0.0,18.0,1.0,18.0,50.0,0.0,0.0,1.0
bBmhJcdZuc,US,54.0,Men,2025-03-16 01:22:38.217255 +00:00,18.0,34118.0,33.0,0.0,0.0,34118.0,5.0,6823.6,100.0,75.0,0.0,0.0
Zb9oW3sxAU,US,44.0,Men,2025-02-24 12:36:22.100430 +00:00,24.0,21508.0,1.0,0.0,0.0,21508.0,6.0,3584.6666666666665,100.0,75.0,0.0,1.0
KKasUMiDCu,US,55.0,Men,2025-03-12 04:39:52.608870 +00:00,4.0,2019.0,5.0,0.0,0.0,2019.0,1.0,2019.0,50.0,0.0,0.0,1.0
DE6Sw9HshX,US,57.0,Men,2025-02-20 16:21:20.812739 +00:00,17.0,117595.0,8.0,10.0,2.0,117595.0,4.0,29398.75,100.0,50.0,0.0,0.0
44SREV0Y0M,US,45.0,Men,2025-02-03 02:46:49.146130 +00:00,5.0,7295.0,4.0,0.0,0.0,7295.0,4.0,1823.75,100.0,50.0,0.0,1.0
qfmTePAIXp,US,32.0,Men,2025-03-06 05:48:43.316447 +00:00,3.0,614.0,1.0,0.0,0.0,614.0,3.0,204.66666666666663,100.0,25.0,0.0,1.0
UqBJuFO9By,US,42.0,Men,2025-02-09 01:39:13.276010 +00:00,1.0,974.0,1.0,0.0,0.0,974.0,1.0,974.0,50.0,0.0,0.0,1.0
4sXPLzbuTf,DE,45.0,Men,2025-03-04 20:51:38.725378 +00:00,47.0,60686.0,9.0,4.0,1.0,60686.0,7.0,8669.42857142857,100.0,100.0,0.0,1.0
3vVJ5jzAON,GB,39.0,Women,2025-03-25 15:28:04.361936 +00:00,14.0,21095.0,118.0,0.0,0.0,21095.0,6.0,3515.8333333333335,100.0,75.0,0.0,0.0
JsMTSk83pP,GB,54.0,Women,2025-03-01 23:51:08.770613 +00:00,1.0,854.0,5.0,0.0,0.0,854.0,1.0,854.0,50.0,0.0,0.0,1.0
N4joCpbBi7,GB,34.0,Women,2025-03-11 11:39:12.640499 +00:00,72.0,172843.0,103.0,2.8,1.0,172843.0,9.0,19204.777777777777,100.0,100.0,37.5,0.0
QeJOiRzw7s,GB,26.0,Men,2025-02-24 15:01:46.219768 +00:00,19.0,6972.0,1.0,0.0,0.0,6972.0,5.0,1394.4,100.0,75.0,0.0,1.0
6KicOfunJj,US,36.0,Women,2025-03-04 03:30:29.607857 +00:00,23.0,35563.0,76.0,0.0,0.0,35563.0,6.0,5927.166666666667,100.0,75.0,0.0,1.0
7lRtQOuDpP,GB,31.0,Men,2025-03-14 12:51:00.268788 +00:00,3.0,1463.0,11.0,0.0,0.0,1463.0,1.0,1463.0,50.0,0.0,0.0,1.0
HZEt1ScvjL,US,23.0,Men,2025-02-17 04:10:36.245513 +00:00,11.0,20088.0,1.0,0.0,0.0,20088.0,4.0,5022.0,100.0,50.0,0.0,1.0
bRrq0sC4pQ,DE,44.0,Women,2025-02-18 11:28:19.700118 +00:00,11.0,20899.0,1.0,0.0,0.0,20899.0,5.0,4179.8,100.0,75.0,0.0,1.0
gDHne6fJY8,DE,28.0,Women,2025-03-15 17:06:10.344963 +00:00,1.0,255.0,5.0,0.0,0.0,255.0,1.0,255.0,50.0,0.0,0.0,1.0
KtpsHvAMxo,DE,39.0,Men,2025-03-25 09:48:07.178383 +00:00,16.0,25323.0,82.0,0.0,0.0,25323.0,6.0,4220.5,100.0,75.0,0.0,1.0
vjy1fVaBW8,GB,39.0,Men,2025-03-24 12:28:08.265394 +00:00,14.0,7824.0,12.0,0.0,0.0,7824.0,4.0,1956.0,100.0,50.0,0.0,1.0
kvovrachAc,DE,43.0,Men,2025-02-23 16:42:59.663484 +00:00,19.0,89179.0,1.0,0.0,0.0,89179.0,7.0,12739.857142857143,100.0,100.0,0.0,1.0
zwAHjN3vel,US,46.0,Women,2025-03-04 12:47:46.136880 +00:00,1.0,2239.0,1.0,0.0,0.0,2239.0,3.0,746.3333333333334,100.0,25.0,0.0,1.0
wdjGEDunpB,GB,41.0,Men,2025-03-31 15:29:02.574779 +00:00,2.0,5170.0,5.0,0.0,0.0,5170.0,4.0,1292.5,100.0,50.0,0.0,1.0
Xid3sMvGfi,JP,46.0,Women,2025-03-09 05:04:51.192761 +00:00,9.0,13406.0,126.0,0.0,0.0,13406.0,7.0,1915.142857142857,100.0,100.0,0.0,1.0
6NCsLa3waw,DE,41.0,Women,2025-03-29 18:23:36.657655 +00:00,20.0,42155.0,173.0,0.0,0.0,42155.0,6.0,7025.833333333333,100.0,100.0,0.0,0.0
Hx7dBMvDFz,US,38.0,Women,2025-02-14 07:20:21.981425 +00:00,4.0,2716.0,1.0,0.0,0.0,2716.0,2.0,1358.0,100.0,0.0,0.0,1.0
QmEt7X2jg9,US,25.0,Men,2025-02-05 02:42:27.410507 +00:00,3.0,1201.0,5.0,0.0,0.0,1201.0,1.0,1201.0,50.0,0.0,0.0,1.0
98pt4IbeRu,GB,39.0,Men,2025-02-14 12:17:12.201420 +00:00,2.0,13.0,5.0,0.0,0.0,13.0,1.0,13.0,50.0,0.0,0.0,1.0
IXQzdrsgPt,GB,39.0,Women,2025-03-24 08:13:56.200316 +00:00,14.0,18123.0,26.0,2.8,1.0,18123.0,6.0,3020.5,100.0,100.0,0.0,0.0
3qaKiOxoWf,GB,40.0,Women,2025-03-12 11:59:09.490718 +00:00,1.0,1466.0,2.0,0.0,0.0,1466.0,2.0,733.0,100.0,0.0,0.0,1.0
N9riS0UGih,US,29.0,Men,2025-02-28 00:48:09.831592 +00:00,122.0,194167.0,510.0,10.0,2.0,194167.0,10.0,19416.7,100.0,100.0,37.5,0.0
OXMatQVPMB,US,44.0,Women,2025-03-07 10:55:06.765697 +00:00,125.0,791179.0,566.0,0.0,0.0,791179.0,10.0,79117.9,100.0,100.0,37.5,0.0
vLPDbzA4kz,GB,39.0,Men,2025-03-05 00:51:17.851098 +00:00,1.0,3011.0,1.0,0.0,0.0,3011.0,3.0,1003.6666666666666,100.0,25.0,0.0,1.0
T7LkewqtRC,US,39.0,Men,2025-03-03 02:48:58.461469 +00:00,17.0,27865.0,18.0,0.0,0.0,27865.0,5.0,5573.0,100.0,50.0,0.0,1.0
Y4MALYxTLd,US,23.0,Men,2025-02-12 16:59:58.128815 +00:00,2.0,856.0,1.0,0.0,0.0,856.0,1.0,856.0,50.0,0.0,0.0,1.0
NPRoCXzsP9,DE,39.0,Men,2025-02-19 15:11:57.199322 +00:00,3.0,5095.0,1.0,0.0,0.0,5095.0,4.0,1273.75,100.0,50.0,0.0,1.0
UfHIEEyE5a,JP,39.0,Women,2025-03-11 04:34:40.514899 +00:00,85.0,85031.0,221.0,0.0,0.0,85031.0,7.0,12147.285714285714,100.0,100.0,0.0,1.0
psSSxlnwD4,DE,39.0,Men,2025-03-04 21:37:45.324841 +00:00,34.0,61097.0,17.0,20.0,3.0,61097.0,7.0,8728.142857142857,100.0,100.0,12.5,0.0
0CcpX3j8y8,GB,45.0,Women,2025-03-08 12:49:52.291079 +00:00,89.0,63730.0,108.0,0.0,0.0,63730.0,7.0,9104.285714285714,100.0,100.0,0.0,1.0
osGo7XN0tb,DE,39.0,Men,2025-02-19 11:20:43.362569 +00:00,52.0,1199656.0,3.0,4.0,1.0,1199656.0,7.0,171379.42857142858,100.0,100.0,0.0,1.0
pRT8iRob7S,DE,39.0,Women,2025-03-18 23:10:45.253130 +00:00,5.0,1917.0,1.0,0.0,0.0,1917.0,3.0,639.0,100.0,25.0,0.0,1.0
xcYgsVxAu4,DE,39.0,Men,2025-02-24 11:39:36.617047 +00:00,21.0,55188.0,5.0,0.0,0.0,55188.0,6.0,9198.0,100.0,100.0,0.0,1.0
tg2anAQxcC,GB,48.0,Men,2025-02-17 11:16:25.472089 +00:00,167.0,281533.0,1.0,41.999992,13.0,281533.0,13.0,21656.384615384617,100.0,100.0,75.0,0.0
oEdSNb2mc6,DE,52.0,Men,2025-03-27 20:01:11.826712 +00:00,11.0,17242.0,15.0,0.0,0.0,17242.0,5.0,3448.4,100.0,100.0,0.0,0.0
HzPmlWfe8S,DE,39.0,Men,2025-03-22 16:09:49.701508 +00:00,9.0,26744.0,14.0,0.0,0.0,26744.0,4.0,6686.0,100.0,50.0,0.0,1.0
gCyAE7y7BD,GB,39.0,Women,2025-02-12 15:50:25.755217 +00:00,78.0,150647.0,34.0,0.0,0.0,150647.0,9.0,16738.555555555555,100.0,100.0,25.0,0.0
rxDfd3NoPs,US,39.0,Women,2025-02-18 10:46:36.580805 +00:00,1.0,576.0,5.0,0.0,0.0,576.0,1.0,576.0,50.0,0.0,0.0,1.0
kY3fXlEW9C,GB,39.0,Men,2025-04-02 09:38:36.627885 +00:00,6.0,4377.0,4.0,0.0,0.0,4377.0,4.0,1094.25,100.0,50.0,0.0,0.0
yjCkZFVSLm,JP,18.0,Women,2025-03-11 14:20:23.472481 +00:00,20.0,9401.0,39.0,0.0,0.0,9401.0,6.0,1566.8333333333333,100.0,75.0,0.0,1.0
lspwmllZGb,GB,36.0,Men,2025-03-17 11:23:47.496063 +00:00,37.0,44768.0,7.0,0.0,0.0,44768.0,6.0,7461.333333333333,100.0,100.0,0.0,0.0
FkQQVP0SQb,DE,49.0,Men,2025-03-07 23:19:37.756557 +00:00,10.0,16038.0,19.0,10.0,2.0,16038.0,7.0,2291.1428571428573,100.0,100.0,0.0,1.0
P37iJDX3uY,DE,39.0,Men,2025-04-03 12:36:47.635869 +00:00,1.0,399.0,5.0,0.0,0.0,399.0,1.0,399.0,50.0,0.0,0.0,0.0
qNP7O5hhOm,US,39.0,Men,2025-02-12 11:47:05.371978 +00:00,67.0,126671.0,1.0,0.0,0.0,126671.0,8.0,15833.875,100.0,100.0,12.5,1.0
bHQRBDjSgQ,GB,39.0,Women,2025-02-24 01:09:54.730340 +00:00,7.0,8783.0,8.0,0.0,0.0,8783.0,6.0,1463.8333333333333,100.0,75.0,0.0,1.0
QmyM474Cmp,US,37.0,Women,2025-03-13 03:42:15.337388 +00:00,70.0,81493.0,11.0,10.0,2.0,81493.0,5.0,16298.6,100.0,75.0,0.0,0.0
CgKUlspeqP,US,39.0,Women,2025-03-02 09:08:02.553352 +00:00,5.0,8009.0,8.0,0.0,0.0,8009.0,4.0,2002.25,100.0,25.0,0.0,1.0
2YEsGtjcLP,DE,39.0,Men,2025-02-28 16:23:09.546144 +00:00,1.0,15.0,1.0,0.0,0.0,15.0,1.0,15.0,50.0,0.0,0.0,1.0
eJyeFwVck8,DE,39.0,Women,2025-03-28 06:40:27.791920 +00:00,2.0,357.0,9.0,0.0,0.0,357.0,2.0,178.5,100.0,0.0,0.0,1.0
tX1uPTRmTj,US,39.0,Men,2025-02-08 01:44:45.795181 +00:00,1.0,1264.0,5.0,0.0,0.0,1264.0,2.0,632.0,100.0,0.0,0.0,1.0
bTaHzy1mfJ,JP,39.0,Women,2025-03-04 13:54:12.184702 +00:00,2.0,5317.0,5.0,0.0,0.0,5317.0,1.0,5317.0,50.0,0.0,0.0,1.0
9xRpLu8zWr,US,39.0,Men,2025-02-06 02:51:14.474306 +00:00,3.0,3313.0,1.0,0.0,0.0,3313.0,3.0,1104.3333333333333,100.0,25.0,0.0,1.0
hls7KYIrpL,US,39.0,Women,2025-01-31 02:32:53.544732 +00:00,1.0,585.0,1.0,0.0,0.0,585.0,3.0,195.0,100.0,25.0,0.0,1.0
NJ1zVk5ULH,DE,25.0,Women,2025-02-13 01:42:35.904306 +00:00,38.0,32597.0,1.0,4.0,1.0,32597.0,8.0,4074.625,100.0,100.0,12.5,1.0
lyeGSO07Bw,DE,32.0,Women,2025-03-22 02:44:31.433254 +00:00,75.0,60246.0,203.0,0.0,0.0,60246.0,9.0,6694.0,100.0,100.0,25.0,0.0
YbkPAoqpur,JP,25.0,Men,2025-03-12 21:45:13.099512 +00:00,6.0,3463.0,5.0,0.0,0.0,3463.0,3.0,1154.3333333333333,100.0,25.0,0.0,1.0
y0TzfTCJet,US,40.0,Women,2025-03-13 00:42:55.385443 +00:00,12.0,14635.0,60.0,20.0,3.0,14635.0,7.0,2090.714285714286,100.0,100.0,0.0,1.0
vhDEJDSsJ9,US,39.0,Men,2025-02-07 00:18:36.285339 +00:00,1.0,2172.0,1.0,0.0,0.0,2172.0,3.0,724.0,100.0,25.0,0.0,1.0
B0S2Bkue7u,DE,39.0,Men,2025-03-07 17:50:39.693676 +00:00,14.0,2961.0,5.0,0.0,0.0,2961.0,6.0,493.5,100.0,100.0,0.0,0.0
1AiLFIOJZB,US,45.0,Men,2025-03-07 05:04:39.614413 +00:00,1.0,3103.0,1.0,0.0,0.0,3103.0,3.0,1034.3333333333333,100.0,25.0,0.0,1.0
h1gjcXRT5N,US,21.0,Men,2025-02-15 18:58:58.054808 +00:00,1.0,1116.0,5.0,0.0,0.0,1116.0,2.0,558.0,100.0,0.0,0.0,1.0
9WNX5aaMPR,GB,28.0,Men,2025-03-17 03:46:55.786955 +00:00,81.0,175364.0,539.0,22.4,6.0,175364.0,10.0,17536.4,100.0,100.0,37.5,0.0
ZDKceZiH6h,US,51.0,Women,2025-03-02 05:01:22.832496 +00:00,52.0,125818.0,309.0,10.0,2.0,125818.0,9.0,13979.777777777776,100.0,100.0,25.0,0.0
NTvlsdErEO,DE,18.0,Women,2025-02-22 09:39:18.507226 +00:00,11.0,4408.0,1.0,0.0,0.0,4408.0,4.0,1102.0,100.0,50.0,0.0,1.0
0TR8m8lwdy,US,39.0,Women,2025-03-05 14:47:59.754354 +00:00,8.0,5399.0,1.0,0.0,0.0,5399.0,4.0,1349.75,100.0,50.0,0.0,1.0
29qmaywAAi,GB,24.0,Women,2025-03-04 11:35:55.243241 +00:00,33.0,60858.0,16.0,0.0,0.0,60858.0,7.0,8694.0,100.0,100.0,0.0,1.0
6nfNxI0jfi,GB,34.0,Men,2025-02-24 17:09:59.366589 +00:00,104.0,182990.0,158.0,0.0,0.0,182990.0,9.0,20332.222222222223,100.0,100.0,25.0,1.0
4IcMJdQbcB,DE,40.0,Men,2025-03-27 06:16:46.825190 +00:00,7.0,7151.0,5.0,0.0,0.0,7151.0,5.0,1430.2,100.0,75.0,0.0,1.0
KJOKSjZ8yv,DE,46.0,Men,2025-02-27 12:16:47.442788 +00:00,89.0,58437.0,8.0,0.0,0.0,58437.0,8.0,7304.625,100.0,100.0,12.5,1.0
OSPhNXPNyL,US,38.0,Women,2025-02-27 08:05:21.097405 +00:00,8.0,8584.0,1.0,4.0,1.0,8584.0,4.0,2146.0,100.0,50.0,0.0,1.0
7YqqCmxsOz,US,39.0,Men,2025-02-13 12:19:24.216121 +00:00,8.0,10957.0,1.0,0.0,0.0,10957.0,3.0,3652.3333333333335,100.0,25.0,0.0,1.0
EUpDDdxPeP,US,34.0,Men,2025-02-12 08:32:54.888738 +00:00,1.0,916.0,5.0,0.0,0.0,916.0,1.0,916.0,50.0,0.0,0.0,1.0
UqjRQKJvu3,GB,34.0,Women,2025-03-27 12:31:48.906518 +00:00,18.0,20976.0,4.0,30.799995,9.0,20976.0,5.0,4195.2,100.0,75.0,0.0,0.0
wxSRrwd0fm,US,50.0,Men,2025-03-17 04:28:44.428816 +00:00,8.0,7410.0,46.0,0.0,0.0,7410.0,5.0,1482.0,100.0,50.0,0.0,1.0
3lrWeVPuJf,JP,18.0,Men,2025-03-08 01:16:22.358303 +00:00,44.0,41927.0,6.0,6.8999996,3.0,41927.0,6.0,6987.833333333333,100.0,100.0,0.0,1.0
kg1Z9B5fqh,GB,23.0,Men,2025-03-17 04:43:51.317571 +00:00,4.0,7807.0,4.0,0.0,0.0,7807.0,5.0,1561.4,100.0,75.0,0.0,1.0
VCXr773xrb,DE,39.0,Men,2025-03-04 21:04:05.733713 +00:00,8.0,9327.0,3.0,0.0,0.0,9327.0,5.0,1865.4,100.0,75.0,0.0,1.0
rX9DAi5D5I,US,39.0,Men,2025-02-03 01:49:01.517075 +00:00,57.0,70732.0,45.0,0.0,0.0,70732.0,8.0,8841.5,100.0,100.0,12.5,1.0
0vEivjYyA5,GB,39.0,Women,2025-03-23 06:14:08.979836 +00:00,3.0,1466.0,1.0,0.0,0.0,1466.0,1.0,1466.0,50.0,0.0,0.0,1.0
49QYC3asyn,US,33.0,Men,2025-03-14 05:00:28.572205 +00:00,2.0,802.0,2.0,0.0,0.0,802.0,2.0,401.0,100.0,0.0,0.0,1.0
wn4B4486kp,US,46.0,Women,2025-02-04 03:35:46.176185 +00:00,32.0,67410.0,1.0,0.0,0.0,67410.0,5.0,13482.0,100.0,50.0,0.0,1.0
qDmKFlZE5m,DE,51.0,Women,2025-03-10 01:00:03.695453 +00:00,38.0,34034.0,88.0,0.0,0.0,34034.0,8.0,4254.25,100.0,100.0,12.5,1.0
5G6Rm1AScw,US,29.0,Men,2025-02-14 00:25:07.966150 +00:00,36.0,70880.0,1.0,4.0,1.0,70880.0,7.0,10125.714285714286,100.0,100.0,0.0,1.0
755yh3oF1y,US,72.0,Men,2025-03-12 00:42:40.942634 +00:00,23.0,22310.0,151.0,20.0,3.0,22310.0,6.0,3718.3333333333335,100.0,75.0,0.0,1.0
sVKhhrywSZ,DE,36.0,Men,2025-03-08 14:17:33.772126 +00:00,5.0,17918.0,1.0,0.0,0.0,17918.0,3.0,5972.666666666667,100.0,25.0,0.0,1.0
chVB4DjiAT,DE,39.0,Women,2025-03-08 18:20:01.938245 +00:00,2.0,16.0,5.0,0.0,0.0,16.0,1.0,16.0,50.0,0.0,0.0,1.0
uXuQK0sMXJ,DE,61.0,Women,2025-03-07 14:26:05.642051 +00:00,65.0,93340.0,218.0,10.0,2.0,93340.0,9.0,10371.111111111111,100.0,100.0,25.0,0.0
wg7GvQm00h,DE,35.0,Women,2025-02-24 14:15:23.951096 +00:00,6.0,13549.0,1.0,0.0,0.0,13549.0,5.0,2709.8,100.0,75.0,0.0,1.0
H9BTEN1rO1,US,44.0,Women,2025-03-09 06:12:53.602497 +00:00,1.0,1093.0,1.0,0.0,0.0,1093.0,1.0,1093.0,50.0,0.0,0.0,1.0
Zg4tWs1Nqp,GB,50.0,Women,2025-02-19 01:18:44.828359 +00:00,16.0,40150.0,36.0,0.0,0.0,40150.0,5.0,8030.0,100.0,50.0,0.0,0.0
I5VNxZEIPu,DE,39.0,Women,2025-03-23 12:16:43.950566 +00:00,4.0,2836.0,7.0,0.0,0.0,2836.0,3.0,945.3333333333334,100.0,25.0,0.0,0.0
VUcwsCdgfI,US,46.0,Men,2025-03-03 05:07:12.397624 +00:00,76.0,233567.0,37.0,20.0,3.0,233567.0,9.0,25951.88888888889,100.0,100.0,25.0,0.0
gqUCesOkrc,GB,36.0,Women,2025-03-06 21:56:31.229699 +00:00,112.0,194599.0,235.0,0.0,0.0,194599.0,10.0,19459.9,100.0,100.0,37.5,0.0
jO8YwPlwMB,GB,38.0,Women,2025-02-16 19:19:55.465204 +00:00,2.0,1794.0,5.0,0.0,0.0,1794.0,3.0,598.0,100.0,25.0,0.0,1.0
Xfzxx3xMFk,US,24.0,Men,2025-03-08 05:43:28.276356 +00:00,2.0,69.0,12.0,0.0,0.0,69.0,1.0,69.0,50.0,0.0,0.0,1.0
nZhP2mQ6dp,DE,33.0,Women,2025-03-09 15:52:54.367706 +00:00,5.0,13042.0,34.0,0.0,0.0,13042.0,5.0,2608.4,100.0,50.0,0.0,1.0
DJsiz6AvXS,US,55.0,Women,2025-02-14 15:16:46.812606 +00:00,8.0,18107.0,1.0,0.0,0.0,18107.0,5.0,3621.4,100.0,75.0,0.0,1.0
eNWYd8rTYA,GB,43.0,Men,2025-02-28 14:14:22.099746 +00:00,16.0,31016.0,1.0,0.0,0.0,31016.0,5.0,6203.2,100.0,75.0,0.0,1.0
IMxh7qgzoN,DE,42.0,Women,2025-03-16 16:26:55.958139 +00:00,39.0,93684.0,308.0,0.0,0.0,93684.0,8.0,11710.5,100.0,100.0,25.0,0.0
At24u84yz8,GB,38.0,Women,2025-02-16 07:59:32.837080 +00:00,4.0,5643.0,1.0,2.8,1.0,5643.0,5.0,1128.6,100.0,75.0,0.0,1.0
4IaIGIvkPw,GB,40.0,Men,2025-03-22 20:02:22.253096 +00:00,1.0,2536.0,5.0,0.0,0.0,2536.0,2.0,1268.0,100.0,0.0,0.0,1.0
n8vmj6dJay,GB,25.0,Men,2025-02-16 18:50:26.831857 +00:00,8.0,7543.0,1.0,0.0,0.0,7543.0,6.0,1257.1666666666667,100.0,100.0,0.0,1.0
MuCHTcIjMA,GB,41.0,Women,2025-03-10 19:27:30.801403 +00:00,57.0,61050.0,12.0,19.599998,5.0,61050.0,7.0,8721.42857142857,100.0,100.0,12.5,0.0
KwyiOEi5bx,DE,32.0,Men,2025-02-17 10:14:44.266604 +00:00,19.0,34865.0,1.0,0.0,0.0,34865.0,6.0,5810.833333333333,100.0,100.0,0.0,1.0
WFQE6XTLbe,DE,23.0,Men,2025-03-16 17:00:51.368977 +00:00,30.0,82256.0,82.0,4.0,1.0,82256.0,8.0,10282.0,100.0,100.0,12.5,0.0
ModJQBjKEO,GB,53.0,Men,2025-03-20 02:00:46.333198 +00:00,36.0,51870.0,54.0,67.200005,21.0,51870.0,9.0,5763.333333333333,100.0,100.0,25.0,0.0
qMXfandzUM,GB,38.0,Men,2025-03-04 08:49:41.165228 +00:00,4.0,3285.0,5.0,0.0,0.0,3285.0,4.0,821.25,100.0,50.0,0.0,1.0
aH82D8iIAg,DE,60.0,Men,2025-02-21 04:19:50.639708 +00:00,353.0,806455.0,1065.0,0.0,0.0,806455.0,13.0,62035.0,100.0,100.0,75.0,0.0
bweABjO4YX,GB,44.0,Women,2025-04-04 12:49:29.906079 +00:00,7.0,18304.0,6.0,0.0,0.0,18304.0,5.0,3660.8,100.0,75.0,0.0,0.0
P4apt8WGAm,JP,31.0,Men,2025-03-06 01:47:14.149686 +00:00,33.0,64687.0,167.0,0.0,0.0,64687.0,8.0,8085.875,100.0,100.0,12.5,0.0
u4FquKZ4KI,DE,58.0,Men,2025-03-01 00:05:52.375894 +00:00,7.0,6312.0,1.0,4.0,1.0,6312.0,4.0,1578.0,100.0,50.0,0.0,1.0
cS2i0vSPGM,DE,39.0,Men,2025-02-14 09:22:37.861654 +00:00,2.0,266.0,5.0,0.0,0.0,266.0,3.0,88.66666666666667,100.0,25.0,0.0,1.0
zWaesdfH1V,GB,44.0,Men,2025-03-21 18:39:07.460542 +00:00,73.0,175771.0,174.0,0.0,0.0,175771.0,10.0,17577.1,100.0,100.0,37.5,0.0
CM8kQmQ4YQ,DE,39.0,Women,2025-03-02 07:51:55.115293 +00:00,6.0,9773.0,5.0,0.0,0.0,9773.0,5.0,1954.6,100.0,75.0,0.0,1.0
icwes43zRW,GB,46.0,Women,2025-02-23 04:15:00.244474 +00:00,80.0,218084.0,360.0,0.0,0.0,218084.0,11.0,19825.81818181818,100.0,100.0,50.0,0.0
8oH5FUgtgM,GB,49.0,Women,2025-03-15 13:05:33.017485 +00:00,1.0,1107.0,6.0,0.0,0.0,1107.0,3.0,369.0,100.0,25.0,0.0,1.0
eSOJz8rZuL,GB,36.0,Men,2025-03-31 10:55:51.643153 +00:00,14.0,52924.0,67.0,0.0,0.0,52924.0,7.0,7560.571428571428,100.0,100.0,12.5,0.0
BVXhs0IDid,DE,39.0,Men,2025-03-07 18:01:46.239293 +00:00,9.0,6872.0,5.0,0.0,0.0,6872.0,3.0,2290.6666666666665,100.0,25.0,0.0,1.0
DXIoGoKBlJ,US,36.0,Women,2025-01-31 00:16:42.610098 +00:00,56.0,118066.0,1.0,0.0,0.0,118066.0,6.0,19677.666666666668,100.0,75.0,0.0,1.0
7xNzpkw2cp,DE,64.0,Men,2025-02-20 12:54:02.208069 +00:00,64.0,69555.0,43.0,20.0,3.0,69555.0,10.0,6955.5,100.0,100.0,37.5,0.0
1C6UGCv0xs,US,55.0,Women,2025-02-27 04:45:00.314182 +00:00,13.0,18601.0,31.0,20.0,3.0,18601.0,4.0,4650.25,100.0,50.0,0.0,0.0
nbSgrA3jj9,DE,55.0,Men,2025-03-28 06:51:48.468671 +00:00,16.0,113065.0,82.0,0.0,0.0,113065.0,6.0,18844.166666666668,100.0,75.0,0.0,0.0
JfOYgF6LJv,DE,39.0,Men,2025-03-18 14:23:32.165900 +00:00,3.0,192.0,3.0,0.0,0.0,192.0,5.0,38.4,100.0,75.0,0.0,1.0
h2Esippe3E,US,58.0,Men,2025-02-23 21:54:34.596035 +00:00,1.0,748.0,1.0,0.0,0.0,748.0,1.0,748.0,50.0,0.0,0.0,1.0
dezpZ8GZAY,US,39.0,Men,2025-02-26 18:06:56.289185 +00:00,1.0,394.0,1.0,0.0,0.0,394.0,1.0,394.0,50.0,0.0,0.0,1.0
wlA51QVlsb,DE,53.0,Women,2025-03-02 08:43:09.144379 +00:00,6.0,12140.0,1.0,0.0,0.0,12140.0,5.0,2428.0,100.0,75.0,0.0,1.0
D9SiV3sBu2,GB,45.0,Men,2025-02-13 09:58:24.450752 +00:00,1.0,3666.0,1.0,2.8,1.0,3666.0,5.0,733.2,100.0,75.0,0.0,1.0
cA89X4wfrP,DE,55.0,Men,2025-02-19 15:01:44.690726 +00:00,23.0,16235.0,9.0,0.0,0.0,16235.0,9.0,1803.888888888889,100.0,100.0,25.0,1.0
9KmuWlQbKX,GB,47.0,Women,2025-03-16 01:46:56.465499 +00:00,8.0,16369.0,12.0,0.0,0.0,16369.0,4.0,4092.25,100.0,50.0,0.0,0.0
N09hEAOaJ2,US,34.0,Men,2025-02-05 00:27:08.025537 +00:00,256.0,545380.0,239.0,10.0,2.0,545380.0,12.0,45448.333333333336,100.0,100.0,62.5,0.0
9RxtPkDf2l,DE,53.0,Women,2025-03-28 14:43:34.241486 +00:00,27.0,60936.0,139.0,0.0,0.0,60936.0,7.0,8705.142857142857,100.0,100.0,12.5,0.0
3XeNnGDvsG,US,43.0,Men,2025-02-03 03:53:01.020179 +00:00,2.0,2416.0,1.0,0.0,0.0,2416.0,2.0,1208.0,100.0,0.0,0.0,1.0
9QtF0K6R4X,US,34.0,Men,2025-03-08 00:43:48.873420 +00:00,10.0,5087.0,2.0,0.0,0.0,5087.0,3.0,1695.6666666666667,100.0,25.0,0.0,1.0
YafZXBTTzP,GB,40.0,Men,2025-02-14 14:42:39.721648 +00:00,17.0,37045.0,1.0,2.8,1.0,37045.0,7.0,5292.142857142857,100.0,100.0,12.5,1.0
efnGqip2dI,DE,48.0,Women,2025-03-27 05:44:55.653607 +00:00,51.0,64419.0,135.0,20.0,3.0,64419.0,7.0,9202.714285714286,100.0,100.0,0.0,0.0
HVpkKdWIwg,DE,32.0,Women,2025-03-06 12:22:05.616406 +00:00,132.0,102009.0,235.0,0.0,0.0,102009.0,10.0,10200.9,100.0,100.0,37.5,1.0
qBMXR2YCU8,US,63.0,Men,2025-02-04 12:39:31.806736 +00:00,5.0,4630.0,1.0,0.0,0.0,4630.0,2.0,2315.0,100.0,0.0,0.0,1.0
BBrH0BgV9C,DE,39.0,Women,2025-03-17 16:54:03.344651 +00:00,18.0,18332.0,129.0,20.0,3.0,18332.0,10.0,1833.2,100.0,100.0,37.5,1.0
gBwiQFCae6,GB,38.0,Women,2025-03-06 10:29:41.783165 +00:00,23.0,44798.0,11.0,0.0,0.0,44798.0,6.0,7466.333333333333,100.0,75.0,0.0,0.0
8lcExR6lAP,US,23.0,Men,2025-02-12 11:47:06.254630 +00:00,2.0,660.0,1.0,0.0,0.0,660.0,1.0,660.0,50.0,0.0,0.0,1.0
GFgeOFuO7u,US,35.0,Men,2025-02-07 00:22:11.882279 +00:00,10.0,25646.0,1.0,0.0,0.0,25646.0,6.0,4274.333333333333,100.0,75.0,0.0,1.0
439w9DL3Mw,US,46.0,Men,2025-03-10 02:41:08.115165 +00:00,5.0,14046.0,1.0,0.0,0.0,14046.0,3.0,4682.0,100.0,25.0,0.0,1.0
86ZVFNR8Ck,GB,32.0,Women,2025-03-12 08:31:05.580977 +00:00,19.0,14868.0,15.0,0.0,0.0,14868.0,5.0,2973.6,100.0,75.0,0.0,1.0
lofZaFzo3h,DE,60.0,Women,2025-02-13 04:25:55.050639 +00:00,9.0,8171.0,1.0,0.0,0.0,8171.0,4.0,2042.75,100.0,50.0,0.0,1.0
66ZxidkrZd,GB,39.0,Men,2025-03-04 16:14:26.232060 +00:00,12.0,18708.0,37.0,0.0,0.0,18708.0,6.0,3118.0,100.0,75.0,0.0,0.0
H8YqHWi8ga,DE,22.0,Women,2025-03-02 11:06:58.638716 +00:00,30.0,53146.0,5.0,4.0,1.0,53146.0,7.0,7592.285714285715,100.0,100.0,12.5,0.0
USZZhLzD8h,GB,39.0,Women,2025-02-21 19:49:30.218190 +00:00,5.0,5986.0,1.0,0.0,0.0,5986.0,4.0,1496.5,100.0,50.0,0.0,1.0
0CDJGmuXne,US,45.0,Women,2025-02-03 05:52:40.660036 +00:00,5.0,6999.0,3.0,4.0,1.0,6999.0,5.0,1399.8,100.0,75.0,0.0,0.0
H6I2r1rsXb,US,51.0,Men,2025-02-10 04:27:41.070271 +00:00,5.0,2476.0,1.0,0.0,0.0,2476.0,2.0,1238.0,100.0,0.0,0.0,1.0
kP91jOHiVo,GB,41.0,Men,2025-03-06 20:40:35.809386 +00:00,2.0,2589.0,1.0,0.0,0.0,2589.0,3.0,863.0,100.0,25.0,0.0,1.0
rosZUp3pmN,DE,37.0,Women,2025-03-14 04:20:19.721792 +00:00,1.0,890.0,5.0,0.0,0.0,890.0,1.0,890.0,50.0,0.0,0.0,1.0
ryM1bvzco3,DE,41.0,Women,2025-03-26 20:05:39.033598 +00:00,1.0,410.0,4.0,23.0,4.0,410.0,4.0,102.5,100.0,50.0,0.0,1.0
9iPySpWndl,US,39.0,Women,2025-02-13 00:42:40.919834 +00:00,1.0,1301.0,7.0,4.0,1.0,1301.0,4.0,325.25,100.0,50.0,0.0,1.0
SaZT9ULrnw,US,48.0,Women,2025-02-10 14:21:57.511735 +00:00,415.0,361857.0,522.0,0.0,0.0,361857.0,12.0,30154.75,100.0,100.0,62.5,0.0
SkpX4eOPlZ,DE,46.0,Women,2025-04-01 07:49:40.090882 +00:00,16.0,25978.0,66.0,0.0,0.0,25978.0,6.0,4329.666666666667,100.0,75.0,0.0,0.0
9geMDIQKdB,US,43.0,Men,2025-03-04 01:52:50.410468 +00:00,10.0,5325.0,13.0,0.0,0.0,5325.0,2.0,2662.5,100.0,0.0,0.0,1.0
vH4uXQ539b,US,57.0,Men,2025-02-15 01:49:29.444227 +00:00,7.0,16502.0,10.0,0.0,0.0,16502.0,3.0,5500.666666666667,100.0,25.0,0.0,0.0
QiKGlZRoyg,DE,26.0,Women,2025-03-11 09:44:15.088163 +00:00,155.0,222055.0,595.0,0.0,0.0,222055.0,11.0,20186.81818181818,100.0,100.0,50.0,0.0
cvW79UGEB0,US,39.0,Women,2025-02-26 00:41:59.533678 +00:00,3.0,1995.0,1.0,0.0,0.0,1995.0,4.0,498.75,100.0,50.0,0.0,1.0
0R1zUNhBlZ,DE,39.0,Men,2025-03-17 18:24:21.854720 +00:00,1.0,1136.0,7.0,0.0,0.0,1136.0,2.0,568.0,100.0,0.0,0.0,1.0
qoLByDRY84,GB,60.0,Men,2025-03-16 19:57:01.895471 +00:00,9.0,23919.0,14.0,2.8,1.0,23919.0,5.0,4783.8,100.0,75.0,0.0,0.0
UFW8vOLmgl,US,39.0,Men,2025-02-10 11:30:58.944660 +00:00,2.0,574.0,5.0,0.0,0.0,574.0,1.0,574.0,50.0,0.0,0.0,1.0
CoYKD3YvJg,US,25.0,Men,2025-02-08 03:00:48.451804 +00:00,5.0,9513.0,1.0,4.0,1.0,9513.0,4.0,2378.25,100.0,50.0,0.0,1.0
yj0K42M8aE,GB,61.0,Men,2025-03-09 00:44:57.413656 +00:00,2.0,1550.0,8.0,0.0,0.0,1550.0,3.0,516.6666666666666,100.0,25.0,0.0,1.0
YCh6zR0DFd,GB,61.0,Women,2025-03-08 11:55:45.466309 +00:00,113.0,54594.0,102.0,0.0,0.0,54594.0,9.0,6066.0,100.0,100.0,25.0,0.0
g1orSInkyU,US,39.0,Women,2025-02-08 04:45:23.359821 +00:00,7.0,25025.0,1.0,4.0,1.0,25025.0,5.0,5005.0,100.0,50.0,0.0,1.0
TCBp3XpmKU,US,39.0,Men,2025-02-18 05:23:49.754346 +00:00,3.0,1540.0,1.0,0.0,0.0,1540.0,2.0,770.0,100.0,0.0,0.0,1.0
LbPvtmOgud,DE,38.0,Women,2025-02-20 02:07:17.570420 +00:00,274.0,253385.0,342.0,0.0,0.0,253385.0,11.0,23035.0,100.0,100.0,50.0,0.0
N9MfjHNNce,US,39.0,Women,2025-02-08 00:54:16.967934 +00:00,2.0,2064.0,5.0,0.0,0.0,2064.0,2.0,1032.0,100.0,0.0,0.0,1.0
mqkVbdyMiL,US,26.0,Men,2025-03-03 00:10:30.029727 +00:00,15.0,8114.0,1.0,0.0,0.0,8114.0,3.0,2704.6666666666665,100.0,25.0,0.0,1.0
Cypcoug9TF,GB,39.0,Women,2025-03-23 12:33:08.430732 +00:00,1.0,327.0,5.0,0.0,0.0,327.0,3.0,109.0,100.0,25.0,0.0,1.0
6kif8XjXMP,US,34.0,Women,2025-02-24 11:31:07.489334 +00:00,4.0,4643.0,1.0,0.0,0.0,4643.0,3.0,1547.6666666666667,100.0,25.0,0.0,1.0
FitNC55NYJ,GB,53.0,Women,2025-02-18 16:45:44.679147 +00:00,6.0,4864.0,5.0,0.0,0.0,4864.0,4.0,1216.0,100.0,50.0,0.0,1.0
Q4yatIeUmQ,DE,36.0,Women,2025-03-02 16:42:54.730815 +00:00,50.0,30947.0,24.0,4.0,1.0,30947.0,7.0,4421.0,100.0,100.0,0.0,1.0
CpJOcClkAW,US,39.0,Women,2025-02-17 13:52:12.971183 +00:00,11.0,10874.0,1.0,0.0,0.0,10874.0,5.0,2174.8,100.0,50.0,0.0,1.0
g84h7393V1,GB,51.0,Men,2025-02-21 21:27:28.572845 +00:00,6.0,6116.0,1.0,0.0,0.0,6116.0,4.0,1529.0,100.0,50.0,0.0,1.0
kzOHwAyomD,GB,36.0,Women,2025-02-26 15:37:05.899774 +00:00,3.0,6352.0,5.0,0.0,0.0,6352.0,4.0,1588.0,100.0,50.0,0.0,1.0
TxBOWWQYH8,US,52.0,Men,2025-01-30 15:42:50.528735 +00:00,2.0,1891.0,1.0,0.0,0.0,1891.0,2.0,945.5,100.0,0.0,0.0,1.0
AW8MzBUYQ6,US,39.0,Men,2025-02-18 09:45:04.782089 +00:00,6.0,27658.0,1.0,4.0,1.0,27658.0,6.0,4609.666666666667,100.0,75.0,0.0,1.0
J895cPdtLA,US,32.0,Women,2025-02-26 16:38:36.699951 +00:00,37.0,103560.0,30.0,0.0,0.0,103560.0,6.0,17260.0,100.0,75.0,0.0,1.0
eok5lGIdUA,GB,39.0,Women,2025-03-03 06:33:01.471578 +00:00,4.0,2376.0,5.0,0.0,0.0,2376.0,1.0,2376.0,50.0,0.0,0.0,1.0
v7hR984sJP,US,39.0,Women,2025-02-21 06:58:39.412260 +00:00,2.0,3254.0,1.0,0.0,0.0,3254.0,2.0,1627.0,100.0,0.0,0.0,1.0
S2WkmdfLHI,DE,39.0,Men,2025-02-12 17:29:58.390762 +00:00,1.0,475.0,5.0,0.0,0.0,475.0,1.0,475.0,50.0,0.0,0.0,1.0
1DPkDDj8G0,JP,39.0,Men,2025-03-15 11:36:16.961645 +00:00,41.0,72256.0,33.0,0.0,0.0,72256.0,6.0,12042.666666666666,100.0,75.0,0.0,1.0
QtJ4fQWX7J,US,39.0,Men,2025-03-15 05:39:31.196013 +00:00,33.0,83197.0,116.0,0.0,0.0,83197.0,8.0,10399.625,100.0,100.0,12.5,0.0
5UgnXFWFWw,US,64.0,Men,2025-02-09 04:52:39.355629 +00:00,48.0,104134.0,1.0,4.0,1.0,104134.0,7.0,14876.285714285714,100.0,100.0,0.0,1.0
cgJeR4unKK,GB,43.0,Women,2025-03-02 22:50:50.677854 +00:00,1.0,1394.0,5.0,0.0,0.0,1394.0,1.0,1394.0,50.0,0.0,0.0,1.0
Y1wDy3aQOl,US,48.0,Men,2025-02-14 04:22:53.484255 +00:00,99.0,119332.0,140.0,20.0,3.0,119332.0,8.0,14916.5,100.0,100.0,12.5,0.0
SC3JGZIlkZ,DE,39.0,Women,2025-03-19 19:11:54.741447 +00:00,78.0,164775.0,75.0,0.0,0.0,167043.0,6.0,27840.5,100.0,75.0,0.0,0.0
1Ea1vTn6c9,DE,39.0,Women,2025-02-27 13:23:14.538902 +00:00,25.0,14075.0,38.0,0.0,0.0,14075.0,3.0,4691.666666666667,100.0,0.0,0.0,1.0
1IoQdWkL59,DE,39.0,Women,2025-04-01 15:43:23.373208 +00:00,10.0,11113.0,3.0,0.0,0.0,11113.0,5.0,2222.6,100.0,75.0,0.0,0.0
9wgPg3y3Mk,DE,34.0,Women,2025-03-23 08:56:38.156540 +00:00,26.0,38572.0,116.0,0.0,0.0,38572.0,7.0,5510.285714285715,100.0,100.0,0.0,0.0
rPPzdCtQsW,US,50.0,Women,2025-02-23 02:11:46.273107 +00:00,12.0,29595.0,38.0,4.0,1.0,29595.0,6.0,4932.5,100.0,75.0,0.0,1.0
FEkLyaAVht,DE,58.0,Men,2025-03-16 13:38:02.588537 +00:00,24.0,46202.0,104.0,0.0,0.0,46202.0,7.0,6600.285714285715,100.0,100.0,0.0,0.0
wIjwytB8wP,US,39.0,Men,2025-02-21 19:15:54.193244 +00:00,5.0,3816.0,1.0,4.0,1.0,3816.0,3.0,1272.0,100.0,25.0,0.0,1.0
TArsdZfvBu,DE,54.0,Men,2025-02-14 09:03:05.248485 +00:00,33.0,77385.0,31.0,0.0,0.0,77385.0,8.0,9673.125,100.0,100.0,12.5,1.0
DQjEEGLx88,US,37.0,Men,2025-03-14 01:12:23.446646 +00:00,3.0,941.0,6.0,0.0,0.0,941.0,2.0,470.5,100.0,0.0,0.0,1.0
zJKl3pscVo,GB,44.0,Women,2025-02-13 01:08:35.007410 +00:00,162.0,317723.0,404.0,2.8,1.0,317723.0,12.0,26476.916666666668,100.0,100.0,62.5,0.0
wXhi0wyCIY,US,63.0,Men,2025-02-20 06:44:49.436876 +00:00,2.0,976.0,1.0,0.0,0.0,976.0,2.0,488.0,100.0,0.0,0.0,1.0
ybx4xMWCre,US,53.0,Men,2025-01-31 05:01:03.937162 +00:00,17.0,16809.0,1.0,0.0,0.0,16809.0,2.0,8404.5,50.0,0.0,0.0,1.0
pTeHtnBwC6,DE,37.0,Women,2025-02-24 09:51:53.210982 +00:00,28.0,21990.0,1.0,0.0,0.0,21990.0,3.0,7330.0,100.0,25.0,0.0,1.0
cl49BQXW2i,US,39.0,Men,2025-02-16 05:08:51.095004 +00:00,1.0,569.0,1.0,0.0,0.0,569.0,1.0,569.0,50.0,0.0,0.0,1.0
MDnfZEwLXq,US,51.0,Men,2025-02-25 06:44:54.424404 +00:00,2.0,556.0,3.0,0.0,0.0,556.0,3.0,185.33333333333337,100.0,25.0,0.0,1.0
v20l5B6iVm,DE,39.0,Women,2025-03-01 07:51:05.214536 +00:00,3.0,2388.0,1156.0,4.0,1.0,2388.0,13.0,183.69230769230768,100.0,100.0,75.0,1.0
FVhkPEjC3W,GB,39.0,Women,2025-03-29 23:29:45.628504 +00:00,19.0,43171.0,120.0,0.0,0.0,43171.0,7.0,6167.285714285715,100.0,100.0,0.0,1.0
Tr31qF6b5d,GB,36.0,Men,2025-03-16 15:27:33.571839 +00:00,18.0,17689.0,1.0,0.0,0.0,17689.0,4.0,4422.25,100.0,50.0,0.0,1.0
HiSfdgf72K,DE,37.0,Women,2025-03-06 09:43:19.076855 +00:00,195.0,50570.0,113.0,0.0,0.0,50570.0,10.0,5057.0,100.0,100.0,37.5,0.0
mRrhq3fU4A,GB,39.0,Women,2025-04-04 07:45:08.516423 +00:00,2.0,2845.0,2.0,0.0,0.0,2845.0,2.0,1422.5,100.0,0.0,0.0,0.0
Utmfva7sjl,DE,34.0,Women,2025-03-22 18:25:51.364607 +00:00,4.0,12955.0,108.0,0.0,0.0,12955.0,6.0,2159.1666666666665,100.0,75.0,0.0,1.0
G44KxV26BR,DE,34.0,Men,2025-02-16 07:22:27.668350 +00:00,11.0,13535.0,1.0,4.0,1.0,13535.0,8.0,1691.875,100.0,100.0,12.5,1.0
eALj8ZfXVt,DE,33.0,Women,2025-03-25 07:51:14.740945 +00:00,2.0,200.0,5.0,0.0,0.0,200.0,3.0,66.66666666666667,100.0,25.0,0.0,1.0
Vp0wC1sb7j,DE,18.0,Women,2025-04-02 19:48:01.487722 +00:00,2.0,4717.0,1.0,0.0,0.0,4717.0,4.0,1179.25,100.0,50.0,0.0,0.0
bzjcvHxAqH,DE,37.0,Women,2025-02-16 01:03:18.715389 +00:00,1.0,29.0,5.0,0.0,0.0,29.0,1.0,29.0,50.0,0.0,0.0,1.0
HKsxX2qIKw,US,45.0,Women,2025-02-11 16:37:47.998208 +00:00,253.0,469436.0,450.0,0.0,0.0,469436.0,11.0,42676.0,100.0,100.0,50.0,0.0
NnWZyJWp7T,DE,48.0,Women,2025-02-19 10:51:16.670595 +00:00,384.0,543560.0,1393.0,4.0,1.0,543560.0,14.0,38825.71428571428,100.0,100.0,87.5,0.0
5gD06grQii,US,39.0,Women,2025-02-26 04:10:49.415693 +00:00,143.0,378407.0,217.0,0.0,0.0,378407.0,11.0,34400.63636363636,100.0,100.0,50.0,0.0
irh78eSKJg,DE,39.0,Men,2025-03-16 17:27:26.690409 +00:00,24.0,31882.0,9.0,0.0,0.0,31882.0,6.0,5313.666666666667,100.0,100.0,0.0,0.0
DR7aqUlGua,GB,39.0,Men,2025-04-03 10:13:58.186588 +00:00,1.0,524.0,5.0,0.0,0.0,524.0,2.0,262.0,100.0,50.0,0.0,0.0
VEJWJa8K01,GB,38.0,Men,2025-03-12 10:54:12.773033 +00:00,84.0,88356.0,109.0,0.0,0.0,88356.0,9.0,9817.333333333334,100.0,100.0,25.0,0.0
ABzuJndpaO,US,38.0,Men,2025-02-27 15:16:22.450577 +00:00,13.0,13298.0,1.0,4.0,1.0,13298.0,5.0,2659.6,100.0,75.0,0.0,1.0
FBt3krzbXx,GB,39.0,Women,2025-03-06 21:01:37.233203 +00:00,122.0,293862.0,619.0,0.0,0.0,293862.0,11.0,26714.727272727272,100.0,100.0,50.0,0.0
Smag1yTcvr,JP,18.0,Women,2025-03-06 12:54:59.323413 +00:00,92.0,89622.0,749.0,0.0,0.0,89622.0,3.0,29874.0,100.0,25.0,0.0,0.0
cxp1QCeRIi,GB,39.0,Men,2025-03-08 05:31:05.249711 +00:00,14.0,25800.0,17.0,0.0,0.0,25800.0,5.0,5160.0,100.0,75.0,0.0,1.0
GRNyjM4q9n,GB,32.0,Men,2025-03-17 02:59:25.150785 +00:00,113.0,84700.0,166.0,2.8,1.0,86934.0,8.0,10866.75,100.0,100.0,12.5,0.0
IW7ym88oId,US,29.0,Women,2025-02-03 05:37:49.392547 +00:00,8.0,1393.0,5.0,4.4,1.0,1393.0,3.0,464.3333333333333,100.0,25.0,0.0,1.0
np7eS3gTsn,US,33.0,Men,2025-02-14 14:20:49.619414 +00:00,6.0,12790.0,1.0,4.0,1.0,12790.0,4.0,3197.5,100.0,25.0,0.0,1.0
AY3E1Ay0FU,US,18.0,Women,2025-02-14 02:30:23.859535 +00:00,2.0,3563.0,1.0,0.0,0.0,3563.0,3.0,1187.6666666666667,100.0,25.0,0.0,1.0
MLfptB8xqV,GB,33.0,Women,2025-03-18 14:59:28.134072 +00:00,42.0,40778.0,51.0,14.0,3.0,40778.0,8.0,5097.25,100.0,100.0,12.5,0.0
XAeJhUPjtc,GB,39.0,Men,2025-02-16 08:49:24.282687 +00:00,22.0,23427.0,1.0,0.0,0.0,23427.0,6.0,3904.5,100.0,100.0,0.0,1.0
uUVBf40XwT,US,71.0,Women,2025-03-03 05:18:18.822973 +00:00,98.0,352922.0,1.0,0.0,0.0,352922.0,6.0,58820.333333333336,100.0,75.0,0.0,0.0
bOgiJPdvKW,DE,39.0,Men,2025-03-31 01:58:35.228968 +00:00,14.0,14130.0,2.0,0.0,0.0,14130.0,5.0,2826.0,100.0,75.0,0.0,0.0
HYFLJH636C,US,39.0,Men,2025-03-12 02:54:54.179721 +00:00,21.0,11149.0,3.0,0.0,0.0,11149.0,4.0,2787.25,100.0,50.0,0.0,1.0
X43SOH1lts,GB,33.0,Men,2025-03-08 08:39:32.969655 +00:00,3.0,823.0,5.0,0.0,0.0,823.0,3.0,274.3333333333333,100.0,25.0,0.0,1.0
3i8oKH12GX,US,39.0,Women,2025-02-09 01:12:50.892868 +00:00,11.0,2129.0,1.0,0.0,0.0,2129.0,2.0,1064.5,100.0,0.0,0.0,1.0
JLszBywLCf,DE,24.0,Women,2025-03-03 17:40:24.213146 +00:00,78.0,510941.0,166.0,4.0,1.0,510941.0,9.0,56771.22222222222,100.0,100.0,25.0,0.0
cOkywBn1le,DE,39.0,Men,2025-03-26 22:46:22.220385 +00:00,33.0,72985.0,47.0,20.0,3.0,72985.0,8.0,9123.125,100.0,100.0,12.5,0.0
p9DZg8HPPp,GB,42.0,Men,2025-02-17 12:56:43.560348 +00:00,98.0,228105.0,26.0,2.8,1.0,228105.0,10.0,22810.5,100.0,100.0,37.5,0.0
LkCAkUfWBg,US,50.0,Men,2025-02-23 23:08:18.569714 +00:00,12.0,122155.0,17.0,0.0,0.0,122155.0,1.0,122155.0,50.0,0.0,0.0,1.0
tinIVkhJLk,DE,39.0,Men,2025-03-09 20:45:27.491055 +00:00,1.0,788.0,5.0,0.0,0.0,788.0,4.0,197.0,100.0,50.0,0.0,1.0
L88ynIoIwk,US,26.0,Men,2025-02-03 03:47:35.902214 +00:00,5.0,6367.0,1.0,4.0,1.0,6367.0,4.0,1591.75,100.0,50.0,0.0,1.0
1Q79H7JQDK,GB,39.0,Men,2025-03-22 11:22:47.522779 +00:00,83.0,86646.0,248.0,0.0,0.0,86646.0,8.0,10830.75,100.0,100.0,12.5,0.0
yYcGFLVDU9,GB,24.0,Men,2025-03-30 09:14:26.632556 +00:00,21.0,13981.0,5.0,0.0,0.0,13981.0,4.0,3495.25,100.0,50.0,0.0,1.0
BigapXCBh4,US,39.0,Women,2025-02-08 09:47:56.014724 +00:00,6.0,7942.0,1.0,0.0,0.0,7942.0,3.0,2647.3333333333335,100.0,25.0,0.0,1.0
GEFADYHt63,US,39.0,Women,2025-02-22 01:33:39.559228 +00:00,24.0,27685.0,1.0,4.0,1.0,27685.0,5.0,5537.0,100.0,75.0,0.0,1.0
8aNMUgpCaw,DE,42.0,Men,2025-03-07 05:48:57.800842 +00:00,27.0,36561.0,139.0,0.0,0.0,36561.0,7.0,5223.0,100.0,100.0,0.0,1.0
VxvjPzbYDt,DE,39.0,Men,2025-03-09 15:31:18.468006 +00:00,21.0,12531.0,1.0,0.0,0.0,12531.0,4.0,3132.75,100.0,50.0,0.0,0.0
xCeNZhDY2m,US,39.0,Women,2025-02-11 08:01:03.666336 +00:00,2.0,575.0,5.0,0.0,0.0,575.0,3.0,191.66666666666663,100.0,25.0,0.0,1.0
7ztR22H4Ox,US,62.0,Men,2025-01-30 16:51:27.196548 +00:00,103.0,151052.0,1.0,4.4,1.0,151052.0,9.0,16783.555555555555,100.0,100.0,25.0,1.0
qcCwVwnQTl,US,28.0,Women,2025-03-09 05:35:12.686267 +00:00,1.0,366.0,1.0,0.0,0.0,366.0,3.0,122.0,100.0,25.0,0.0,1.0
3WXFnw78Sa,DE,39.0,Men,2025-04-02 15:57:26.097663 +00:00,1.0,727.0,5.0,0.0,0.0,727.0,1.0,727.0,50.0,0.0,0.0,0.0
RCHQeSAd0L,US,47.0,Men,2025-03-10 03:24:14.477232 +00:00,12.0,10263.0,6.0,4.0,1.0,10263.0,3.0,3421.0,100.0,25.0,0.0,1.0
MfymSMyNzH,US,25.0,Men,2025-02-24 16:36:13.232719 +00:00,2.0,233.0,1.0,0.0,0.0,233.0,1.0,233.0,50.0,0.0,0.0,0.0
0uSrP1BJBJ,DE,39.0,Women,2025-02-15 00:16:52.905066 +00:00,10.0,13510.0,1.0,0.0,0.0,13510.0,5.0,2702.0,100.0,75.0,0.0,1.0
IQ3L3lzvLW,US,39.0,Women,2025-02-14 11:58:18.008591 +00:00,8.0,9012.0,1.0,0.0,0.0,9012.0,4.0,2253.0,100.0,50.0,0.0,1.0
3dz6VNdCI7,DE,57.0,Men,2025-02-14 08:40:32.637951 +00:00,14.0,28002.0,16.0,20.0,3.0,28002.0,7.0,4000.285714285714,100.0,100.0,0.0,1.0
F3wdnC0hiK,GB,39.0,Men,2025-02-14 17:47:19.130497 +00:00,1.0,3675.0,1.0,0.0,0.0,3675.0,2.0,1837.5,100.0,0.0,0.0,1.0
wX2iDhZQOy,GB,58.0,Women,2025-02-15 02:28:46.472133 +00:00,1.0,17.0,1.0,0.0,0.0,17.0,1.0,17.0,50.0,0.0,0.0,1.0
37ntOHMKhn,DE,39.0,Women,2025-02-18 08:37:33.624101 +00:00,3.0,1376.0,1.0,0.0,0.0,1376.0,1.0,1376.0,50.0,0.0,0.0,1.0
ZDfPrzBuVk,US,35.0,Men,2025-02-27 03:52:26.824639 +00:00,2.0,2311.0,1.0,0.0,0.0,2311.0,3.0,770.3333333333334,100.0,25.0,0.0,1.0
EeH5R0RSJf,DE,29.0,Women,2025-03-28 11:08:15.800997 +00:00,13.0,27897.0,70.0,0.0,0.0,27897.0,6.0,4649.5,100.0,75.0,0.0,0.0
g7eugWonPF,DE,42.0,Men,2025-03-11 20:13:34.466966 +00:00,18.0,21215.0,11.0,0.0,0.0,21215.0,7.0,3030.714285714286,100.0,100.0,12.5,0.0
XeFnM48Yew,DE,25.0,Women,2025-02-15 15:06:51.419095 +00:00,1.0,20.0,1.0,0.0,0.0,20.0,2.0,10.0,100.0,0.0,0.0,1.0
ot8wOxmLmw,DE,57.0,Men,2025-02-24 09:15:25.638076 +00:00,11.0,11801.0,1.0,0.0,0.0,11801.0,5.0,2360.2,100.0,75.0,0.0,1.0
UyjdqqoRXT,US,39.0,Women,2025-02-18 04:05:13.884267 +00:00,23.0,50501.0,8.0,0.0,0.0,50501.0,6.0,8416.833333333334,100.0,75.0,0.0,1.0
yJZX5gznOa,DE,46.0,Women,2025-03-12 08:50:44.835455 +00:00,62.0,67375.0,103.0,0.0,0.0,67375.0,5.0,13475.0,100.0,50.0,0.0,1.0
KVd9B38uRG,US,19.0,Women,2025-02-07 18:26:05.871873 +00:00,27.0,38005.0,3.0,0.0,0.0,38005.0,5.0,7601.0,100.0,50.0,0.0,1.0
54vIP13wJ2,DE,40.0,Men,2025-03-25 21:18:30.126253 +00:00,1.0,1083.0,5.0,0.0,0.0,1083.0,2.0,541.5,100.0,75.0,0.0,1.0
tp6H0drsjB,US,52.0,Women,2025-02-12 18:06:32.533428 +00:00,9.0,9559.0,1.0,0.0,0.0,9559.0,4.0,2389.75,100.0,50.0,0.0,1.0
MAMzSgih6j,DE,39.0,Men,2025-03-02 10:58:14.801218 +00:00,103.0,374532.0,304.0,0.0,0.0,374532.0,11.0,34048.36363636364,100.0,100.0,50.0,1.0
Jv6413QAju,US,40.0,Men,2025-01-30 17:26:30.101052 +00:00,157.0,337998.0,443.0,51.699997,12.0,337998.0,10.0,33799.8,100.0,100.0,37.5,0.0
dxxf8n0Wce,US,50.0,Women,2025-02-10 12:04:23.583879 +00:00,80.0,306153.0,74.0,4.0,1.0,306153.0,10.0,30615.3,100.0,100.0,37.5,0.0
xb8yIO6hdz,GB,30.0,Men,2025-03-14 00:06:36.640033 +00:00,2.0,1830.0,1.0,0.0,0.0,1830.0,4.0,457.5,100.0,50.0,0.0,1.0
HbxgGIqB32,US,18.0,Women,2025-03-16 03:18:15.961795 +00:00,12.0,23116.0,7.0,20.0,3.0,23116.0,4.0,5779.0,100.0,50.0,0.0,1.0
sU5DS3Gk72,US,45.0,Women,2025-02-25 15:57:58.043836 +00:00,9.0,4515.0,1.0,0.0,0.0,4515.0,2.0,2257.5,100.0,0.0,0.0,1.0
7MvVmLcBXU,DE,23.0,Women,2025-03-20 20:14:47.515261 +00:00,28.0,47814.0,48.0,20.0,3.0,47814.0,6.0,7969.0,100.0,75.0,0.0,0.0
E8sPii6BOK,GB,41.0,Men,2025-03-26 17:41:34.194210 +00:00,3.0,1759.0,3.0,0.0,0.0,1759.0,1.0,1759.0,50.0,0.0,0.0,1.0
sH5UcCJmyp,GB,45.0,Women,2025-03-28 15:28:20.282564 +00:00,4.0,10949.0,17.0,0.0,0.0,10949.0,4.0,2737.25,100.0,75.0,0.0,1.0
lEc5vdArlV,DE,44.0,Women,2025-03-21 08:09:17.708984 +00:00,9.0,15658.0,37.0,0.0,0.0,15658.0,6.0,2609.6666666666665,100.0,75.0,0.0,1.0
YlteAimiDX,JP,46.0,Men,2025-03-04 14:11:28.542134 +00:00,3.0,1224.0,5.0,2.0,1.0,1224.0,2.0,612.0,100.0,0.0,0.0,1.0
WRycbKAYDY,GB,40.0,Men,2025-03-03 19:44:37.430596 +00:00,2.0,2830.0,1.0,0.0,0.0,2830.0,4.0,707.5,100.0,50.0,0.0,1.0
iKyz0jIKnZ,US,29.0,Men,2025-02-18 09:56:33.464051 +00:00,2.0,1580.0,5.0,0.0,0.0,1580.0,2.0,790.0,100.0,0.0,0.0,1.0
IWtsnsKYGk,US,21.0,Men,2025-02-13 04:19:19.173335 +00:00,56.0,30340.0,1.0,4.0,1.0,30340.0,6.0,5056.666666666667,100.0,100.0,0.0,1.0
sgKcH8db6N,DE,44.0,Men,2025-03-15 18:38:56.282330 +00:00,31.0,50991.0,203.0,0.0,0.0,50991.0,7.0,7284.428571428572,100.0,100.0,0.0,1.0
TZ0jx2BTYk,US,39.0,Women,2025-02-23 22:40:21.386689 +00:00,2.0,1532.0,1.0,0.0,0.0,1532.0,1.0,1532.0,50.0,0.0,0.0,1.0
EjJQg06Zzv,DE,36.0,Men,2025-03-24 01:40:07.385295 +00:00,12.0,20457.0,22.0,0.0,0.0,20457.0,6.0,3409.5,100.0,100.0,0.0,0.0
xTyy6ZCC1m,US,34.0,Women,2025-03-04 00:08:37.240995 +00:00,10.0,34448.0,23.0,4.0,1.0,34448.0,5.0,6889.6,100.0,75.0,0.0,0.0
3qQR497Tkb,US,36.0,Men,2025-02-08 02:44:27.270221 +00:00,13.0,16683.0,1.0,0.0,0.0,16683.0,5.0,3336.6,100.0,50.0,0.0,1.0
iTX2kMuuNf,GB,49.0,Women,2025-02-14 09:04:09.578004 +00:00,144.0,153844.0,18.0,2.8,1.0,153844.0,11.0,13985.818181818182,100.0,100.0,50.0,1.0
VgtqBnECvc,US,28.0,Women,2025-02-22 17:18:46.641057 +00:00,8.0,2500.0,5.0,4.0,1.0,2500.0,2.0,1250.0,100.0,0.0,0.0,1.0
YEnh1vsa0T,US,28.0,Men,2025-02-15 01:32:03.832399 +00:00,1.0,465.0,5.0,0.0,0.0,465.0,2.0,232.5,100.0,0.0,0.0,1.0
gRshtE6WxZ,JP,39.0,Men,2025-03-05 01:40:53.911003 +00:00,101.0,57731.0,234.0,0.0,0.0,57731.0,11.0,5248.272727272727,100.0,100.0,50.0,1.0
jugY0cOj5Z,DE,33.0,Men,2025-02-24 12:31:03.287601 +00:00,51.0,29905.0,1.0,4.0,1.0,29905.0,7.0,4272.142857142857,100.0,100.0,12.5,1.0
UmLejVuHH1,US,23.0,Women,2025-02-11 09:04:00.564538 +00:00,14.0,7489.0,1.0,4.0,1.0,7489.0,4.0,1872.25,100.0,50.0,0.0,1.0
pKnfcyedty,DE,32.0,Men,2025-03-27 23:09:27.097213 +00:00,1.0,14.0,5.0,0.0,0.0,14.0,1.0,14.0,50.0,0.0,0.0,1.0
Cd9Zt8Jvmh,JP,35.0,Men,2025-03-08 12:30:35.913868 +00:00,23.0,22298.0,1.0,0.0,0.0,22298.0,4.0,5574.5,100.0,50.0,0.0,1.0
tdeyMggJqk,JP,39.0,Women,2025-03-12 15:04:27.130624 +00:00,1.0,1905.0,7.0,2.0,1.0,1905.0,3.0,635.0,100.0,25.0,0.0,1.0
AipWkrb39c,US,29.0,Women,2025-03-18 02:10:00.178745 +00:00,13.0,31330.0,27.0,0.0,0.0,31330.0,5.0,6266.0,100.0,75.0,0.0,0.0
tiMnNtcTjF,DE,19.0,Women,2025-03-22 18:29:15.103378 +00:00,13.0,30834.0,10.0,0.0,0.0,30834.0,5.0,6166.8,100.0,75.0,0.0,1.0
hmE8bHbea9,DE,23.0,Men,2025-02-26 06:02:07.274215 +00:00,2.0,2034.0,5.0,0.0,0.0,2034.0,3.0,678.0,100.0,25.0,0.0,1.0
UH45PN9QT9,DE,39.0,Women,2025-03-11 22:11:49.327841 +00:00,1.0,1343.0,211.0,10.0,2.0,1343.0,8.0,167.875,100.0,100.0,12.5,1.0
ffB2QXm7My,DE,63.0,Men,2025-02-21 08:34:42.588868 +00:00,214.0,339125.0,161.0,20.0,3.0,339125.0,12.0,28260.416666666668,100.0,100.0,62.5,0.0
qkdBJQa6tO,GB,50.0,Men,2025-02-13 05:23:44.218036 +00:00,14.0,48575.0,1.0,0.0,0.0,48575.0,7.0,6939.285714285715,100.0,100.0,0.0,1.0
JRf2UmGzU0,DE,26.0,Women,2025-02-15 09:55:21.624854 +00:00,17.0,2178.0,5.0,20.0,3.0,2178.0,5.0,435.6,100.0,75.0,0.0,1.0
HIOOH2ZCnf,US,39.0,Men,2025-03-02 08:54:31.750852 +00:00,9.0,11818.0,1.0,4.0,1.0,11818.0,3.0,3939.3333333333335,100.0,0.0,0.0,1.0
sO8Xxkf6Jy,DE,38.0,Men,2025-03-17 10:14:39.867145 +00:00,11.0,30397.0,65.0,10.0,2.0,30397.0,6.0,5066.166666666667,100.0,75.0,0.0,1.0
huqpn6v94W,DE,44.0,Men,2025-03-10 01:11:08.293442 +00:00,181.0,164307.0,165.0,0.0,0.0,164307.0,2.0,82153.5,100.0,0.0,0.0,0.0
xUTM4kNWFS,GB,39.0,Men,2025-03-06 01:33:15.225946 +00:00,2.0,2199.0,1.0,0.0,0.0,2199.0,2.0,1099.5,100.0,0.0,0.0,1.0
ugo43GWRXi,US,44.0,Women,2025-02-25 04:08:45.816414 +00:00,21.0,61450.0,1.0,4.0,1.0,61450.0,6.0,10241.666666666666,100.0,75.0,0.0,1.0
e3m5fN2nHy,DE,39.0,Men,2025-03-04 17:56:44.545037 +00:00,2.0,3645.0,5.0,0.0,0.0,3645.0,2.0,1822.5,100.0,0.0,0.0,1.0
l7RFkrTy1g,GB,39.0,Men,2025-04-01 11:37:52.496330 +00:00,6.0,8409.0,11.0,0.0,0.0,8409.0,4.0,2102.25,100.0,50.0,0.0,0.0
yjAi0Vz277,DE,40.0,Women,2025-03-10 21:28:55.694094 +00:00,4.0,777.0,5.0,0.0,0.0,777.0,1.0,777.0,50.0,0.0,0.0,1.0
uJ0g4RR6t3,US,42.0,Women,2025-01-31 03:44:34.519950 +00:00,1.0,758.0,1.0,4.0,1.0,758.0,3.0,252.66666666666663,100.0,25.0,0.0,1.0
xQaq3xukVU,JP,39.0,Men,2025-03-09 21:25:24.314138 +00:00,4.0,12395.0,1.0,2.0,1.0,12395.0,3.0,4131.666666666667,100.0,25.0,0.0,1.0
ohBPAWWOJW,US,60.0,Women,2025-02-02 05:05:35.360511 +00:00,3.0,4556.0,1.0,0.0,0.0,4556.0,3.0,1518.6666666666667,100.0,25.0,0.0,1.0
uGUBe6IcGr,DE,21.0,Women,2025-02-15 10:34:32.070807 +00:00,3.0,2353.0,1.0,4.0,1.0,2353.0,2.0,1176.5,100.0,0.0,0.0,1.0
RneNFnkfcI,DE,54.0,Men,2025-03-23 15:54:08.792051 +00:00,49.0,99777.0,497.0,0.0,0.0,99777.0,7.0,14253.857142857143,100.0,100.0,0.0,1.0
tjjz7hglAk,US,39.0,Women,2025-03-01 00:36:32.823806 +00:00,10.0,13038.0,2.0,0.0,0.0,13038.0,3.0,4346.0,100.0,25.0,0.0,1.0
hnK8FORkdY,DE,43.0,Women,2025-02-16 00:40:57.078534 +00:00,1.0,898.0,1.0,0.0,0.0,898.0,4.0,224.5,100.0,50.0,0.0,1.0
3gEqu1bVya,GB,32.0,Women,2025-03-03 19:46:01.966861 +00:00,8.0,11369.0,1.0,0.0,0.0,11369.0,4.0,2842.25,100.0,50.0,0.0,1.0
GdmNUFcaBL,DE,18.0,Women,2025-03-11 18:40:59.360564 +00:00,7.0,3907.0,5.0,0.0,0.0,3907.0,4.0,976.75,100.0,50.0,0.0,1.0
x6ObpQkjHK,GB,39.0,Women,2025-02-25 21:54:03.987885 +00:00,2.0,18.0,5.0,0.0,0.0,18.0,2.0,9.0,100.0,0.0,0.0,1.0
mgmgazYoso,US,27.0,Women,2025-02-01 04:46:10.962305 +00:00,12.0,12970.0,1.0,4.0,1.0,12970.0,4.0,3242.5,100.0,50.0,0.0,1.0
ZgjBIPdJXg,DE,41.0,Women,2025-03-11 12:23:47.272074 +00:00,38.0,46704.0,8.0,4.0,1.0,46704.0,7.0,6672.0,100.0,100.0,12.5,0.0
ugvkHHeX7n,GB,39.0,Men,2025-03-23 12:32:35.396666 +00:00,27.0,23536.0,11.0,2.8,1.0,23536.0,5.0,4707.2,100.0,75.0,0.0,0.0
46xD5kYDDz,US,34.0,Men,2025-02-06 01:33:44.535711 +00:00,1.0,2052.0,1.0,0.0,0.0,2052.0,1.0,2052.0,50.0,0.0,0.0,1.0
ELHQCR7Sw3,GB,18.0,Women,2025-02-27 01:36:49.714743 +00:00,71.0,73469.0,62.0,14.0,3.0,73469.0,9.0,8163.222222222223,100.0,100.0,25.0,1.0
RGj9fX6vPV,DE,57.0,Women,2025-02-17 12:25:01.817962 +00:00,133.0,114036.0,440.0,4.0,1.0,114036.0,10.0,11403.6,100.0,100.0,37.5,0.0
Mw49ncsCbe,DE,39.0,Women,2025-03-20 23:27:26.922449 +00:00,4.0,1525.0,297.0,0.0,0.0,1525.0,3.0,508.3333333333333,100.0,25.0,0.0,1.0
AK555WssiS,DE,29.0,Women,2025-03-13 22:30:59.360200 +00:00,14.0,12303.0,4.0,0.0,0.0,12303.0,5.0,2460.6,100.0,75.0,0.0,0.0
yMuMqhFmbp,DE,39.0,Women,2025-03-25 09:08:44.118765 +00:00,16.0,15985.0,8.0,0.0,0.0,15985.0,5.0,3197.0,100.0,75.0,0.0,0.0
bleVvVI2Kf,DE,41.0,Women,2025-03-03 12:30:35.926929 +00:00,7.0,20640.0,43.0,0.0,0.0,20640.0,6.0,3440.0,100.0,75.0,0.0,1.0
ROQfy9m9da,GB,29.0,Men,2025-02-26 11:09:44.404667 +00:00,30.0,31447.0,2.0,0.0,0.0,31447.0,6.0,5241.166666666667,100.0,100.0,0.0,1.0
5SgskzoUgr,US,39.0,Women,2025-02-16 07:04:14.099351 +00:00,3.0,601.0,1.0,0.0,0.0,601.0,1.0,601.0,50.0,0.0,0.0,1.0
u6AUbY0L9H,US,41.0,Women,2025-03-01 14:16:39.738053 +00:00,12.0,18403.0,9.0,4.0,1.0,18403.0,2.0,9201.5,50.0,0.0,0.0,1.0
BaFqScOOwm,DE,39.0,Men,2025-03-09 01:36:05.360483 +00:00,134.0,119250.0,6.0,0.0,0.0,119250.0,9.0,13250.0,100.0,100.0,37.5,0.0
oOYxAKI7Oa,JP,42.0,Women,2025-03-22 10:09:39.265559 +00:00,12.0,9001.0,2.0,0.0,0.0,9001.0,4.0,2250.25,100.0,50.0,0.0,1.0
iFM0D3hslu,GB,46.0,Women,2025-03-27 16:09:07.341857 +00:00,3.0,860.0,2.0,0.0,0.0,860.0,1.0,860.0,50.0,0.0,0.0,0.0
LYWGruYrVX,DE,23.0,Men,2025-04-05 14:01:01.780104 +00:00,,,15.0,0.0,0.0,793.0,3.0,264.3333333333333,100.0,25.0,0.0,0.0
HdJV0b6TtH,US,66.0,Men,2025-03-09 04:43:42.643813 +00:00,19.0,64132.0,50.0,0.0,0.0,64132.0,5.0,12826.4,100.0,50.0,0.0,0.0
cRnwKlpA81,DE,46.0,Women,2025-03-06 23:05:39.989805 +00:00,20.0,50394.0,22.0,4.0,1.0,50394.0,7.0,7199.142857142857,100.0,100.0,12.5,1.0
DKv6qhlfsP,US,38.0,Men,2025-02-17 03:24:44.226965 +00:00,7.0,1901.0,1.0,0.0,0.0,1901.0,2.0,950.5,100.0,0.0,0.0,1.0
t2r0SRd7Zf,US,39.0,Women,2025-02-15 04:23:12.628943 +00:00,1.0,5942.0,1.0,0.0,0.0,5942.0,3.0,1980.6666666666667,100.0,25.0,0.0,1.0
JT9nas3Gzc,US,54.0,Women,2025-02-16 01:56:14.006878 +00:00,3.0,8169.0,1.0,0.0,0.0,8169.0,4.0,2042.25,100.0,50.0,0.0,1.0
3aQlvkXPcm,GB,63.0,Women,2025-03-31 14:46:22.609818 +00:00,2.0,1545.0,9.0,0.0,0.0,1545.0,3.0,515.0,100.0,25.0,0.0,0.0
Y8Nha7MCLJ,US,48.0,Women,2025-02-20 14:01:54.832205 +00:00,5.0,6608.0,5.0,0.0,0.0,6608.0,3.0,2202.6666666666665,100.0,25.0,0.0,1.0
k8L6HtdGFw,US,36.0,Women,2025-02-13 05:57:41.867982 +00:00,11.0,6713.0,1.0,4.0,1.0,6713.0,2.0,3356.5,100.0,0.0,0.0,1.0
ITHS6iFbhO,DE,32.0,Women,2025-02-12 15:21:43.623988 +00:00,25.0,11047.0,14.0,22.0,3.0,11047.0,5.0,2209.4,100.0,75.0,0.0,0.0
XZcNTxr6EX,GB,18.0,Women,2025-02-21 07:43:10.875045 +00:00,2.0,1387.0,4.0,0.0,0.0,1387.0,6.0,231.16666666666663,100.0,75.0,0.0,1.0
n3AvpT20Bl,GB,39.0,Women,2025-02-27 05:37:25.528555 +00:00,1.0,1292.0,1.0,0.0,0.0,1292.0,1.0,1292.0,50.0,0.0,0.0,1.0
qukoLYa8qa,JP,39.0,Women,2025-03-05 10:16:45.678058 +00:00,10.0,5959.0,1.0,2.0,1.0,5959.0,6.0,993.1666666666666,100.0,75.0,0.0,1.0
wWrBVd8lfJ,DE,36.0,Women,2025-03-08 11:10:30.319048 +00:00,5.0,3929.0,6.0,0.0,0.0,3929.0,5.0,785.8,100.0,75.0,0.0,1.0
PAIbgWcQWo,DE,39.0,Women,2025-04-02 00:40:21.689327 +00:00,15.0,14554.0,26.0,0.0,0.0,14554.0,5.0,2910.8,100.0,75.0,0.0,0.0
j0cw0h15gF,US,37.0,Women,2025-02-23 01:44:14.998958 +00:00,10.0,10511.0,1.0,0.0,0.0,10511.0,3.0,3503.6666666666665,100.0,25.0,0.0,1.0
Rl29M2iKlC,JP,19.0,Women,2025-03-22 00:29:58.410706 +00:00,32.0,50853.0,153.0,6.2999997,3.0,50853.0,6.0,8475.5,100.0,75.0,0.0,1.0
qZg8nlQfUi,US,60.0,Women,2025-03-02 05:05:53.995257 +00:00,5.0,6059.0,1.0,0.0,0.0,6059.0,3.0,2019.6666666666667,100.0,25.0,0.0,1.0
TtxTYjifj5,US,39.0,Women,2025-03-18 05:09:45.478130 +00:00,10.0,8935.0,22.0,0.0,0.0,8935.0,3.0,2978.3333333333335,100.0,25.0,0.0,1.0
pc76CqBG5V,US,34.0,Men,2025-02-22 07:46:43.565585 +00:00,1.0,20.0,5.0,0.0,0.0,20.0,1.0,20.0,50.0,0.0,0.0,1.0
ES2rruOwAI,GB,53.0,Women,2025-03-22 15:01:55.588825 +00:00,4.0,4667.0,413.0,30.799995,9.0,4667.0,8.0,583.375,100.0,100.0,12.5,0.0
ItroV4dziu,DE,39.0,Men,2025-03-29 17:25:37.060218 +00:00,5.0,11757.0,19.0,0.0,0.0,11757.0,4.0,2939.25,100.0,50.0,0.0,1.0
2D6WBsYp1r,GB,47.0,Men,2025-03-20 12:10:05.441382 +00:00,1.0,39.0,5.0,0.0,0.0,39.0,2.0,19.5,100.0,0.0,0.0,1.0
35j0uni0xm,GB,25.0,Men,2025-03-06 00:23:35.801038 +00:00,3.0,1285.0,1.0,0.0,0.0,1285.0,1.0,1285.0,50.0,0.0,0.0,1.0
cyzkWEMHue,JP,39.0,Women,2025-03-07 04:24:15.079976 +00:00,56.0,25997.0,271.0,0.0,0.0,25997.0,10.0,2599.7,100.0,100.0,37.5,1.0
iiPLbkw27O,GB,37.0,Men,2025-04-03 19:33:46.053061 +00:00,10.0,6001.0,5.0,0.0,0.0,6001.0,5.0,1200.2,100.0,75.0,0.0,0.0
U5wL1K2ao8,GB,25.0,Men,2025-03-15 07:01:45.511670 +00:00,24.0,18987.0,18.0,0.0,0.0,18987.0,6.0,3164.5,100.0,100.0,0.0,0.0
7QeJC4IPTl,DE,39.0,Women,2025-02-28 14:47:33.662431 +00:00,19.0,19734.0,1.0,0.0,0.0,19734.0,5.0,3946.8,100.0,75.0,0.0,1.0
xllcLSGON9,DE,40.0,Women,2025-02-12 17:04:07.955475 +00:00,27.0,17094.0,1.0,0.0,0.0,17094.0,7.0,2442.0,100.0,100.0,0.0,1.0
I0cKDZyDvR,US,50.0,Men,2025-02-07 01:36:32.578256 +00:00,1.0,1499.0,1.0,0.0,0.0,1499.0,1.0,1499.0,50.0,0.0,0.0,1.0
41np4zCHUp,US,31.0,Men,2025-02-09 04:51:01.841016 +00:00,2.0,6204.0,1.0,0.0,0.0,6204.0,3.0,2068.0,100.0,25.0,0.0,1.0
YGEjtKfpQK,US,44.0,Men,2025-03-10 02:25:12.055750 +00:00,9.0,57235.0,16.0,0.0,0.0,57235.0,4.0,14308.75,100.0,50.0,0.0,1.0
TJxWiepBdv,DE,39.0,Women,2025-03-02 08:28:22.368403 +00:00,13.0,21433.0,1.0,4.0,1.0,21433.0,7.0,3061.8571428571427,100.0,100.0,0.0,1.0
sO5H4UCSuL,DE,42.0,Women,2025-03-12 20:56:18.202953 +00:00,3.0,3538.0,1.0,0.0,0.0,3538.0,3.0,1179.3333333333333,100.0,25.0,0.0,1.0
PeClt0wSA1,GB,39.0,Men,2025-03-02 02:00:47.469608 +00:00,20.0,43901.0,1.0,0.0,0.0,43901.0,6.0,7316.833333333333,100.0,75.0,0.0,1.0
Xl0VPSrUL6,DE,48.0,Men,2025-03-30 13:26:59.692085 +00:00,9.0,17084.0,42.0,0.0,0.0,17084.0,6.0,2847.3333333333335,100.0,100.0,0.0,0.0
o7eErZLmhR,DE,39.0,Women,2025-03-23 09:05:13.103131 +00:00,1.0,472.0,5.0,0.0,0.0,472.0,4.0,118.0,100.0,50.0,0.0,1.0
Hh5R8oIGxA,GB,39.0,Women,2025-03-13 20:58:02.793067 +00:00,6.0,3608.0,5.0,0.0,0.0,3608.0,3.0,1202.6666666666667,100.0,25.0,0.0,1.0
bTD986KEj2,DE,32.0,Women,2025-03-08 14:32:11.188505 +00:00,5.0,3173.0,11.0,0.0,0.0,3173.0,4.0,793.25,100.0,50.0,0.0,1.0
7bPIeQRKib,US,39.0,Men,2025-02-20 03:51:17.846817 +00:00,5.0,6020.0,1.0,0.0,0.0,6020.0,3.0,2006.6666666666667,100.0,25.0,0.0,1.0
1CUjyUaySk,GB,18.0,Women,2025-03-11 19:00:19.027451 +00:00,1.0,107.0,2.0,0.0,0.0,107.0,4.0,26.75,100.0,50.0,0.0,0.0
8WSkFETrqn,US,39.0,Women,2025-02-28 11:13:51.991928 +00:00,20.0,19982.0,3.0,0.0,0.0,19982.0,4.0,4995.5,100.0,50.0,0.0,1.0
KzYy1O4BDi,JP,39.0,Men,2025-03-05 00:58:18.498747 +00:00,48.0,49298.0,1.0,2.0,1.0,49298.0,6.0,8216.333333333334,100.0,75.0,0.0,1.0
Vfw34egTTg,DE,30.0,Women,2025-03-25 14:22:57.547625 +00:00,37.0,20309.0,33.0,0.0,0.0,20309.0,7.0,2901.285714285714,100.0,100.0,0.0,0.0
7I2XVkIe58,US,39.0,Women,2025-02-03 06:10:54.345736 +00:00,26.0,48766.0,6.0,4.0,1.0,48766.0,5.0,9753.2,100.0,50.0,0.0,0.0
T5GUriGbXc,US,28.0,Women,2025-02-08 08:35:59.342242 +00:00,174.0,636768.0,223.0,0.0,0.0,636768.0,10.0,63676.8,100.0,100.0,37.5,1.0
zAOh9KTOT5,JP,23.0,Women,2025-03-16 02:24:03.838454 +00:00,20.0,9321.0,11.0,0.0,0.0,9321.0,4.0,2330.25,100.0,50.0,0.0,1.0
ZCUX4pHHZj,DE,45.0,Women,2025-03-27 04:57:32.733444 +00:00,33.0,10920.0,11.0,0.0,0.0,10920.0,5.0,2184.0,100.0,75.0,0.0,0.0
UhqcerLV8x,DE,39.0,Women,2025-02-27 12:09:09.927545 +00:00,2.0,905.0,5.0,0.0,0.0,905.0,4.0,226.25,100.0,50.0,0.0,1.0
IS97uGRSWR,US,54.0,Women,2025-03-02 11:39:44.007210 +00:00,10.0,14225.0,1.0,0.0,0.0,14225.0,4.0,3556.25,100.0,50.0,0.0,1.0
rf0D0IvIsU,DE,44.0,Women,2025-03-20 08:40:19.779675 +00:00,45.0,82634.0,124.0,0.0,0.0,82634.0,9.0,9181.555555555557,100.0,100.0,37.5,0.0
xlBchOKUi9,DE,28.0,Men,2025-03-15 12:08:17.231549 +00:00,27.0,22698.0,10.0,0.0,0.0,22698.0,6.0,3783.0,100.0,100.0,0.0,1.0
9zKaz4TOpZ,DE,45.0,Women,2025-02-12 16:07:06.819449 +00:00,26.0,28094.0,1.0,4.0,1.0,28094.0,6.0,4682.333333333333,100.0,75.0,0.0,1.0
FV0GSEydXv,DE,55.0,Men,2025-02-24 21:08:14.559609 +00:00,44.0,173942.0,50.0,0.0,0.0,173942.0,3.0,57980.666666666664,100.0,25.0,0.0,1.0
rksW5AfsGW,US,39.0,Men,2025-02-24 19:03:06.237478 +00:00,1.0,1926.0,5.0,0.0,0.0,1926.0,1.0,1926.0,50.0,0.0,0.0,1.0
dy6juqzQpF,DE,21.0,Women,2025-02-21 02:39:22.322532 +00:00,5.0,6454.0,1.0,0.0,0.0,6454.0,1.0,6454.0,50.0,0.0,0.0,1.0
dhOvEo4d2k,DE,39.0,Men,2025-02-14 09:40:22.948071 +00:00,3.0,7277.0,7.0,0.0,0.0,7277.0,2.0,3638.5,100.0,0.0,0.0,1.0
jv0ttaePUZ,GB,39.0,Women,2025-04-04 08:35:07.364288 +00:00,9.0,38044.0,24.0,0.0,0.0,38044.0,1.0,38044.0,50.0,0.0,0.0,0.0
Dlq66PMzAC,US,43.0,Men,2025-02-11 04:46:17.019783 +00:00,29.0,70869.0,28.0,0.0,0.0,70869.0,5.0,14173.8,100.0,50.0,0.0,1.0
IFTY2AYBXZ,US,41.0,Men,2025-02-13 17:33:30.517604 +00:00,15.0,37845.0,45.0,23.0,4.0,37845.0,6.0,6307.5,100.0,75.0,0.0,1.0
s6x4zDGEYZ,US,35.0,Men,2025-02-27 10:35:04.383012 +00:00,13.0,5500.0,1.0,4.0,1.0,5500.0,4.0,1375.0,100.0,50.0,0.0,1.0
W32T13JGPN,DE,38.0,Men,2025-03-02 08:54:47.539703 +00:00,25.0,45914.0,68.0,4.0,1.0,45914.0,7.0,6559.142857142857,100.0,100.0,0.0,1.0
7DUe76X43p,DE,39.0,Women,2025-03-04 21:16:33.583900 +00:00,1.0,466.0,5.0,0.0,0.0,466.0,1.0,466.0,50.0,0.0,0.0,1.0
f9f9pH7JJi,DE,60.0,Men,2025-02-14 04:18:42.438637 +00:00,372.0,1502589.0,791.0,29.0,6.0,1502589.0,13.0,115583.76923076923,100.0,100.0,75.0,0.0
sQy5qlqaPU,DE,43.0,Women,2025-02-25 12:24:21.729357 +00:00,67.0,105547.0,485.0,0.0,0.0,105547.0,9.0,11727.444444444443,100.0,100.0,25.0,0.0
lJw316cDU5,US,39.0,Women,2025-02-10 03:58:13.496116 +00:00,17.0,14168.0,1.0,0.0,0.0,14168.0,5.0,2833.6,100.0,75.0,0.0,1.0
ldnmbcw5l6,DE,32.0,Women,2025-03-13 15:01:02.926565 +00:00,57.0,53803.0,174.0,0.0,0.0,53803.0,8.0,6725.375,100.0,100.0,12.5,0.0
KdVLigj7AM,US,35.0,Men,2025-02-01 03:16:27.462214 +00:00,6.0,4629.0,1.0,4.0,1.0,4629.0,4.0,1157.25,100.0,50.0,0.0,1.0
SQN2whqaPW,US,30.0,Men,2025-02-22 00:26:52.627487 +00:00,8.0,4458.0,1.0,0.0,0.0,4458.0,4.0,1114.5,100.0,50.0,0.0,1.0
RxplUZbGdr,DE,47.0,Men,2025-02-22 04:54:41.185566 +00:00,571.0,219794.0,227.0,0.0,0.0,219794.0,10.0,21979.4,100.0,100.0,37.5,0.0
85UlTabz4G,JP,39.0,Men,2025-03-20 00:19:29.197847 +00:00,171.0,177152.0,887.0,0.0,0.0,177152.0,10.0,17715.2,100.0,100.0,37.5,0.0
ZyZN080747,US,41.0,Women,2025-02-24 05:02:41.380448 +00:00,3.0,3602.0,1.0,0.0,0.0,3602.0,3.0,1200.6666666666667,100.0,25.0,0.0,1.0
FBaDtcGcT0,US,47.0,Women,2025-02-23 17:39:06.362005 +00:00,8.0,16471.0,1.0,0.0,0.0,16471.0,5.0,3294.2,100.0,50.0,0.0,1.0
qgpqPgkKc9,DE,57.0,Men,2025-02-25 15:36:39.212292 +00:00,52.0,38599.0,1.0,0.0,0.0,38599.0,8.0,4824.875,100.0,100.0,12.5,1.0
4MbBHGs2xt,GB,30.0,Women,2025-02-26 23:48:17.481815 +00:00,129.0,69755.0,222.0,0.0,0.0,69755.0,9.0,7750.555555555556,100.0,100.0,37.5,0.0
PCJ20RMoRz,US,39.0,Women,2025-03-04 01:32:08.479174 +00:00,2.0,2634.0,3.0,0.0,0.0,2634.0,2.0,1317.0,100.0,0.0,0.0,1.0
Zz57d5kMac,DE,39.0,Women,2025-03-23 07:11:46.575243 +00:00,2.0,5274.0,8.0,0.0,0.0,5274.0,3.0,1758.0,100.0,25.0,0.0,1.0
A8HMjVrCae,DE,28.0,Men,2025-02-23 11:52:58.296184 +00:00,28.0,41408.0,12.0,0.0,0.0,41408.0,4.0,10352.0,100.0,50.0,0.0,1.0
fHuokCxzfU,US,49.0,Men,2025-02-13 06:36:53.274314 +00:00,58.0,141229.0,153.0,10.0,2.0,141229.0,9.0,15692.111111111111,100.0,100.0,25.0,1.0
GyySznYuyK,DE,45.0,Men,2025-02-21 07:20:49.690901 +00:00,2.0,11494.0,1.0,0.0,0.0,11494.0,4.0,2873.5,100.0,50.0,0.0,1.0
5cGwum4fja,GB,36.0,Women,2025-02-27 21:19:14.560737 +00:00,6.0,5007.0,1.0,0.0,0.0,5007.0,4.0,1251.75,100.0,50.0,0.0,1.0
pDfkVnKizP,US,39.0,Women,2025-02-15 15:07:05.169862 +00:00,37.0,75035.0,36.0,4.0,1.0,75035.0,8.0,9379.375,100.0,100.0,12.5,1.0
vKAxm7Yf7K,DE,39.0,Women,2025-03-04 19:46:05.127770 +00:00,1.0,1441.0,5.0,0.0,0.0,1441.0,4.0,360.25,100.0,50.0,0.0,1.0
xw4Tpvwzr1,US,55.0,Men,2025-02-23 08:51:36.218758 +00:00,27.0,27191.0,6.0,0.0,0.0,27191.0,5.0,5438.2,100.0,50.0,0.0,1.0
GLTrCF0Ir9,GB,31.0,Men,2025-03-27 09:01:50.197758 +00:00,74.0,102111.0,404.0,0.0,0.0,102111.0,8.0,12763.875,100.0,100.0,12.5,0.0
CWfXqBFx29,GB,31.0,Men,2025-02-28 23:28:06.750210 +00:00,3.0,989.0,5.0,0.0,0.0,989.0,1.0,989.0,50.0,0.0,0.0,1.0
vfQqyaPWce,JP,39.0,Women,2025-03-07 01:07:43.862536 +00:00,21.0,29722.0,5.0,0.0,0.0,29722.0,1.0,29722.0,50.0,0.0,0.0,1.0
4AYtGmpY0d,DE,37.0,Women,2025-03-16 09:42:23.141350 +00:00,59.0,45385.0,89.0,20.0,3.0,45385.0,8.0,5673.125,100.0,100.0,12.5,1.0
sfF48AFQOV,DE,39.0,Men,2025-03-18 01:16:15.723015 +00:00,3.0,601.0,20.0,0.0,0.0,601.0,5.0,120.2,100.0,75.0,0.0,1.0
jNksRH27m2,JP,39.0,Men,2025-03-08 03:48:24.254967 +00:00,83.0,84421.0,54.0,0.0,0.0,84421.0,9.0,9380.111111111111,100.0,100.0,25.0,1.0
Br4WP25qgF,DE,39.0,Women,2025-03-17 04:01:16.682589 +00:00,196.0,570348.0,504.0,0.0,0.0,570348.0,10.0,57034.8,100.0,100.0,50.0,0.0
Rkgz9yhyq6,GB,20.0,Men,2025-02-28 23:42:03.171768 +00:00,124.0,290606.0,113.0,22.399998,6.0,290606.0,12.0,24217.166666666668,100.0,100.0,62.5,0.0
g8e3NsvP1g,US,39.0,Women,2025-03-02 10:40:16.955027 +00:00,20.0,60386.0,11.0,0.0,0.0,60386.0,7.0,8626.57142857143,100.0,100.0,0.0,1.0
FfRupFW1BI,US,39.0,Men,2025-02-17 02:59:55.323535 +00:00,2.0,1492.0,5.0,0.0,0.0,1492.0,3.0,497.3333333333333,100.0,25.0,0.0,1.0
Cpo5IJgwyX,US,46.0,Women,2025-01-30 16:09:27.291471 +00:00,49.0,53529.0,1.0,4.4,1.0,53529.0,7.0,7647.0,100.0,100.0,0.0,1.0
mgE6fxhygb,GB,37.0,Men,2025-03-28 14:44:36.693232 +00:00,13.0,16146.0,15.0,16.8,4.0,16146.0,6.0,2691.0,100.0,100.0,0.0,0.0
vTE36TWcA2,JP,39.0,Women,2025-03-23 22:30:29.603276 +00:00,20.0,12376.0,64.0,0.0,0.0,12376.0,6.0,2062.6666666666665,100.0,75.0,0.0,0.0
ErkXCWAt9F,US,39.0,Women,2025-02-21 16:38:34.145956 +00:00,1.0,868.0,1.0,0.0,0.0,868.0,1.0,868.0,50.0,0.0,0.0,1.0
WOkoap3vyO,GB,56.0,Men,2025-04-03 13:21:01.251758 +00:00,27.0,86125.0,81.0,2.8,1.0,86125.0,6.0,14354.166666666666,100.0,100.0,0.0,0.0
prH9RHrAvr,US,56.0,Men,2025-02-20 02:19:00.972631 +00:00,4.0,16626.0,11.0,0.0,0.0,16626.0,3.0,5542.0,100.0,25.0,0.0,1.0
It5yhDwszq,DE,39.0,Men,2025-02-23 07:57:34.435736 +00:00,3.0,2084.0,1.0,0.0,0.0,2084.0,3.0,694.6666666666666,100.0,25.0,0.0,1.0
LjM73el5zs,GB,43.0,Women,2025-02-25 15:25:07.840604 +00:00,24.0,18533.0,1.0,3.08,1.0,18533.0,5.0,3706.6,100.0,75.0,0.0,1.0
Lwy9KRfUGW,US,50.0,Women,2025-02-01 02:57:22.920065 +00:00,4.0,7647.0,5.0,0.0,0.0,7647.0,3.0,2549.0,100.0,25.0,0.0,1.0
XiCB6LbgVr,US,41.0,Women,2025-02-06 03:19:59.899153 +00:00,3.0,4818.0,4.0,0.0,0.0,4818.0,2.0,2409.0,50.0,0.0,0.0,1.0
jQAIqBJ44O,DE,39.0,Women,2025-03-30 11:41:57.980883 +00:00,10.0,9147.0,17.0,0.0,0.0,9147.0,4.0,2286.75,100.0,75.0,0.0,0.0
TuwtlyYyzB,GB,35.0,Men,2025-03-21 08:19:44.162849 +00:00,13.0,23592.0,25.0,0.0,0.0,23592.0,5.0,4718.4,100.0,75.0,0.0,0.0
kkucvgNVBZ,GB,31.0,Men,2025-03-06 14:39:54.782494 +00:00,144.0,314809.0,422.0,0.0,0.0,314809.0,11.0,28619.0,100.0,100.0,50.0,0.0
BvnsUdrkSq,DE,34.0,Women,2025-03-06 19:32:55.943456 +00:00,9.0,11313.0,29.0,0.0,0.0,11313.0,5.0,2262.6,100.0,50.0,0.0,1.0
pFNlhUMZxX,GB,30.0,Men,2025-04-01 12:49:20.653214 +00:00,8.0,7973.0,6.0,0.0,0.0,7973.0,3.0,2657.6666666666665,100.0,25.0,0.0,0.0
CNHCjSjrxK,GB,26.0,Men,2025-04-01 15:15:04.684259 +00:00,1.0,707.0,5.0,0.0,0.0,707.0,1.0,707.0,50.0,0.0,0.0,0.0
yIkSxSV764,US,42.0,Women,2025-02-08 08:44:01.509006 +00:00,4.0,3290.0,5.0,4.4,1.0,3290.0,3.0,1096.6666666666667,100.0,25.0,0.0,1.0
GfqzuwTEIy,GB,39.0,Women,2025-03-30 01:12:23.745647 +00:00,3.0,4870.0,3.0,0.0,0.0,4870.0,5.0,974.0,100.0,75.0,0.0,1.0
24zQZt8CdF,GB,39.0,Men,2025-03-26 00:53:58.853505 +00:00,82.0,129418.0,254.0,0.0,0.0,129418.0,9.0,14379.777777777776,100.0,100.0,25.0,0.0
gFl3QNwjRt,GB,39.0,Men,2025-03-13 06:20:29.127186 +00:00,60.0,202203.0,526.0,2.8,1.0,202203.0,9.0,22467.0,100.0,100.0,37.5,0.0
5umCRH2pMr,GB,34.0,Men,2025-02-19 14:18:01.971587 +00:00,72.0,134339.0,25.0,0.0,0.0,134339.0,7.0,19191.285714285714,100.0,100.0,0.0,0.0
fXaxJX2hT8,DE,47.0,Men,2025-02-28 07:57:24.659265 +00:00,61.0,47886.0,104.0,0.0,0.0,47886.0,10.0,4788.6,100.0,100.0,37.5,0.0
SYisQOiQjU,DE,47.0,Women,2025-03-17 15:56:04.481978 +00:00,5.0,3774.0,11.0,0.0,0.0,3774.0,4.0,943.5,100.0,50.0,0.0,1.0
BnDpKRckW2,US,51.0,Men,2025-02-19 11:32:59.173187 +00:00,3.0,1538.0,1.0,0.0,0.0,1538.0,2.0,769.0,100.0,0.0,0.0,1.0
N1JIAnaeno,US,37.0,Women,2025-02-07 17:13:26.765496 +00:00,4.0,5578.0,5.0,0.0,0.0,5578.0,3.0,1859.3333333333333,100.0,25.0,0.0,1.0
wLOWntTuu1,GB,51.0,Men,2025-04-04 12:26:36.947353 +00:00,1.0,637.0,5.0,0.0,0.0,637.0,3.0,212.33333333333337,100.0,50.0,0.0,0.0
u1h0qxVDZZ,GB,46.0,Women,2025-02-12 19:26:42.700311 +00:00,118.0,260852.0,486.0,0.0,0.0,260852.0,9.0,28983.555555555555,100.0,100.0,25.0,0.0
nlxWIohQAk,DE,34.0,Men,2025-03-12 07:11:11.706367 +00:00,4.0,1.0,5.0,0.0,0.0,1.0,2.0,0.5,100.0,0.0,0.0,1.0
sUtY926jxN,DE,33.0,Men,2025-03-22 08:28:51.271664 +00:00,44.0,29193.0,36.0,4.0,1.0,29193.0,5.0,5838.6,100.0,100.0,0.0,0.0
qL4j0UyPEy,US,44.0,Women,2025-02-16 11:48:27.220795 +00:00,15.0,20382.0,5.0,0.0,0.0,20382.0,6.0,3397.0,100.0,75.0,0.0,1.0
Q5bcngoE4d,GB,29.0,Men,2025-04-02 10:02:29.827981 +00:00,1.0,41.0,5.0,0.0,0.0,41.0,1.0,41.0,50.0,0.0,0.0,0.0
OHocYQ4DCY,US,47.0,Men,2025-02-07 19:00:09.871503 +00:00,3.0,40.0,1.0,0.0,0.0,40.0,3.0,13.333333333333334,100.0,25.0,0.0,1.0
nKA660bzR6,GB,39.0,Men,2025-02-14 12:44:53.391015 +00:00,2.0,2291.0,1.0,2.8,1.0,2291.0,4.0,572.75,100.0,50.0,0.0,1.0
AmduM0xp45,US,27.0,Women,2025-03-09 09:03:29.920391 +00:00,36.0,36056.0,483.0,0.0,0.0,36056.0,7.0,5150.857142857143,100.0,100.0,0.0,0.0
pbYxclBRKv,DE,39.0,Men,2025-02-21 07:14:06.709089 +00:00,6.0,13947.0,1.0,0.0,0.0,13947.0,4.0,3486.75,100.0,50.0,0.0,1.0
HDdptdUb1B,US,62.0,Men,2025-02-07 17:15:17.107449 +00:00,27.0,65217.0,88.0,20.0,3.0,65217.0,7.0,9316.714285714286,100.0,100.0,0.0,1.0
fKInnxcGEO,US,36.0,Men,2025-02-17 06:10:36.604592 +00:00,21.0,17808.0,1.0,0.0,0.0,17808.0,4.0,4452.0,100.0,50.0,0.0,1.0
30xRTynyqH,DE,39.0,Men,2025-03-09 07:01:40.823219 +00:00,67.0,69254.0,92.0,26.0,5.0,69254.0,9.0,7694.888888888889,100.0,100.0,25.0,0.0
DW6aOEkk7b,US,49.0,Men,2025-02-27 06:34:39.763710 +00:00,38.0,83561.0,293.0,4.0,1.0,83561.0,8.0,10445.125,100.0,100.0,12.5,0.0
oWTqnS1LPH,US,30.0,Women,2025-03-12 00:41:14.401937 +00:00,10.0,1115.0,5.0,0.0,0.0,1115.0,2.0,557.5,100.0,0.0,0.0,1.0
AuaN4GytzM,GB,54.0,Women,2025-02-14 12:33:54.885585 +00:00,4.0,6734.0,1.0,0.0,0.0,6734.0,4.0,1683.5,100.0,50.0,0.0,1.0
XsD9hDPuoS,DE,39.0,Men,2025-04-02 19:22:43.238292 +00:00,3.0,4689.0,5.0,0.0,0.0,4689.0,4.0,1172.25,100.0,50.0,0.0,0.0
zwXA4B9hGO,GB,36.0,Women,2025-03-26 07:48:39.597460 +00:00,31.0,37001.0,32.0,0.0,0.0,37001.0,5.0,7400.2,100.0,75.0,0.0,0.0
1KTIGmSlu1,US,53.0,Men,2025-03-01 15:18:22.122218 +00:00,2.0,653.0,1.0,0.0,0.0,653.0,1.0,653.0,50.0,0.0,0.0,1.0
wQGQKQo5Na,DE,39.0,Women,2025-03-13 06:39:23.628535 +00:00,31.0,22700.0,19.0,0.0,0.0,22700.0,5.0,4540.0,100.0,75.0,0.0,1.0
g1ETZTcQLv,US,39.0,Women,2025-03-14 03:16:16.517506 +00:00,1.0,1343.0,5.0,0.0,0.0,1343.0,2.0,671.5,100.0,0.0,0.0,1.0
b7RFDssllN,DE,39.0,Men,2025-03-22 10:39:41.940817 +00:00,8.0,8679.0,8.0,0.0,0.0,8679.0,5.0,1735.8,100.0,75.0,0.0,1.0
4hpYpogHZw,US,50.0,Men,2025-03-17 00:15:29.980515 +00:00,76.0,111397.0,153.0,0.0,0.0,111397.0,6.0,18566.166666666668,100.0,75.0,0.0,1.0
WuADm3NdMM,US,45.0,Men,2025-03-05 04:14:50.786030 +00:00,27.0,11536.0,24.0,23.0,4.0,11536.0,4.0,2884.0,100.0,50.0,0.0,1.0
uD7DpuCCuu,US,37.0,Women,2025-02-18 04:55:17.942042 +00:00,6.0,9442.0,1.0,0.0,0.0,9442.0,4.0,2360.5,100.0,50.0,0.0,1.0
TYW5Am10DH,US,55.0,Women,2025-02-03 00:08:38.406197 +00:00,1.0,507.0,1.0,0.0,0.0,507.0,2.0,253.5,100.0,0.0,0.0,1.0
coeLQNfL7c,DE,39.0,Women,2025-03-12 07:48:30.354440 +00:00,2.0,2562.0,5.0,0.0,0.0,2562.0,2.0,1281.0,100.0,0.0,0.0,1.0
1zTmX4LtZW,DE,39.0,Women,2025-03-11 20:55:15.824417 +00:00,2.0,4251.0,6.0,0.0,0.0,4251.0,2.0,2125.5,100.0,0.0,0.0,1.0
6F8mbzIf0W,DE,35.0,Women,2025-02-13 07:02:07.443968 +00:00,123.0,291377.0,150.0,11.0,2.0,291377.0,9.0,32375.222222222223,100.0,100.0,25.0,1.0
D0Ovj0zj5o,DE,26.0,Men,2025-03-14 12:36:30.289330 +00:00,8.0,8330.0,5.0,4.0,1.0,8330.0,4.0,2082.5,100.0,50.0,0.0,1.0
2TmhN3Cusd,DE,39.0,Men,2025-03-18 10:49:51.636625 +00:00,12.0,25446.0,10.0,0.0,0.0,25446.0,5.0,5089.2,100.0,75.0,0.0,1.0
QuMSXlnvU8,US,48.0,Women,2025-02-07 01:51:02.110027 +00:00,1.0,1017.0,1.0,0.0,0.0,1017.0,2.0,508.5,100.0,0.0,0.0,1.0
C1tgshflI3,US,35.0,Men,2025-03-10 01:30:15.627738 +00:00,7.0,7176.0,2.0,0.0,0.0,7176.0,3.0,2392.0,100.0,25.0,0.0,1.0
ZxibEDOgGl,DE,39.0,Women,2025-03-30 12:42:44.778253 +00:00,29.0,81300.0,269.0,20.0,3.0,81300.0,7.0,11614.285714285714,100.0,100.0,0.0,0.0
p9W1riFtY3,GB,24.0,Women,2025-03-12 09:58:14.664675 +00:00,45.0,128934.0,77.0,14.0,3.0,128934.0,7.0,18419.14285714286,100.0,100.0,0.0,0.0
TLrDDADi6a,DE,40.0,Women,2025-03-15 13:59:16.043533 +00:00,24.0,30901.0,5.0,0.0,0.0,30901.0,5.0,6180.2,100.0,75.0,0.0,0.0
YVaTq9qgvm,US,50.0,Men,2025-02-05 03:14:23.644845 +00:00,606.0,794659.0,1.0,74.0,21.0,794659.0,12.0,66221.58333333333,100.0,100.0,75.0,0.0
romsJr1TjL,GB,29.0,Women,2025-02-28 00:47:16.464585 +00:00,230.0,54299.0,11.0,0.0,0.0,54299.0,9.0,6033.222222222223,100.0,100.0,25.0,1.0
me4PYiDlX4,GB,45.0,Women,2025-02-23 16:00:10.819249 +00:00,1.0,4934.0,1.0,0.0,0.0,4934.0,4.0,1233.5,100.0,50.0,0.0,1.0
IpPXnIhIYL,US,45.0,Women,2025-01-30 17:13:48.080019 +00:00,10.0,11720.0,5.0,0.0,0.0,11720.0,5.0,2344.0,100.0,75.0,0.0,1.0
WaOJtQitM5,GB,39.0,Men,2025-03-30 07:24:05.489002 +00:00,1.0,1580.0,1.0,0.0,0.0,1580.0,1.0,1580.0,50.0,0.0,0.0,0.0
v4z5Dj8mFQ,GB,39.0,Men,2025-02-12 14:09:52.222219 +00:00,3.0,18078.0,1.0,0.0,0.0,18078.0,5.0,3615.6,100.0,75.0,0.0,1.0
jCofJ9tPJH,DE,39.0,Women,2025-03-09 20:08:13.248766 +00:00,2.0,1099.0,1.0,0.0,0.0,1099.0,2.0,549.5,100.0,0.0,0.0,1.0
d6haHmqLTG,DE,58.0,Men,2025-02-21 09:03:15.779822 +00:00,124.0,120994.0,6.0,0.0,0.0,120994.0,10.0,12099.4,100.0,100.0,50.0,0.0
UTgN1Ds3uK,US,20.0,Women,2025-02-26 09:30:45.802958 +00:00,3.0,5171.0,5.0,0.0,0.0,5171.0,2.0,2585.5,100.0,0.0,0.0,1.0
68FqDLOU5M,US,36.0,Men,2025-02-16 07:04:27.009466 +00:00,2.0,411.0,5.0,0.0,0.0,411.0,1.0,411.0,50.0,0.0,0.0,1.0
3YMnlJn2JU,DE,25.0,Men,2025-03-12 12:20:44.605476 +00:00,13.0,23643.0,5.0,0.0,0.0,23643.0,5.0,4728.6,100.0,75.0,0.0,1.0
1YYVqRiwiy,DE,56.0,Men,2025-03-25 19:33:22.316734 +00:00,8.0,21037.0,68.0,0.0,0.0,21037.0,6.0,3506.1666666666665,100.0,75.0,0.0,0.0
HvIGfnA71M,DE,45.0,Women,2025-02-22 00:08:51.410936 +00:00,7.0,12083.0,1.0,0.0,0.0,12083.0,4.0,3020.75,100.0,50.0,0.0,1.0
SFNFI85V3g,DE,44.0,Men,2025-03-24 08:49:31.923671 +00:00,1.0,663.0,5.0,0.0,0.0,663.0,3.0,221.0,100.0,25.0,0.0,1.0
Tl2Bcu7JC1,DE,67.0,Women,2025-02-15 15:02:30.608645 +00:00,184.0,381484.0,809.0,0.0,0.0,381484.0,12.0,31790.333333333332,100.0,100.0,62.5,0.0
B8XyGICh47,US,36.0,Women,2025-03-02 02:38:48.443153 +00:00,20.0,67790.0,70.0,0.0,0.0,67790.0,6.0,11298.333333333334,100.0,75.0,0.0,1.0
vGtZs2AHCI,DE,37.0,Men,2025-02-18 13:16:40.197283 +00:00,4.0,2208.0,1.0,0.0,0.0,2208.0,4.0,552.0,100.0,50.0,0.0,1.0
YKlfC8aqAF,DE,39.0,Women,2025-03-28 19:08:04.044209 +00:00,3.0,3320.0,5.0,0.0,0.0,3320.0,2.0,1660.0,100.0,0.0,0.0,0.0
bIC1bMYHYB,DE,39.0,Women,2025-03-23 12:33:46.690811 +00:00,12.0,9822.0,2.0,0.0,0.0,9822.0,4.0,2455.5,100.0,50.0,0.0,1.0
EkWx4Ycq9r,DE,25.0,Men,2025-03-23 09:43:38.289212 +00:00,3.0,4825.0,5.0,0.0,0.0,4825.0,4.0,1206.25,100.0,50.0,0.0,1.0
8zesNxayFg,DE,34.0,Women,2025-03-05 17:16:39.430346 +00:00,6.0,6666.0,1.0,0.0,0.0,6666.0,4.0,1666.5,100.0,50.0,0.0,1.0
mF0vr1lSop,DE,39.0,Men,2025-03-12 12:13:30.227532 +00:00,8.0,8283.0,5.0,0.0,0.0,8283.0,4.0,2070.75,100.0,50.0,0.0,0.0
6hrZvsS6jh,US,38.0,Men,2025-02-23 04:11:16.252483 +00:00,17.0,13083.0,1.0,0.0,0.0,13083.0,4.0,3270.75,100.0,50.0,0.0,1.0
l04Vyk8pCL,DE,39.0,Women,2025-02-18 09:14:50.425768 +00:00,18.0,14351.0,1.0,0.0,0.0,14351.0,6.0,2391.8333333333335,100.0,100.0,0.0,1.0
Rj7knnTPG6,US,31.0,Women,2025-02-20 00:36:36.041940 +00:00,71.0,114869.0,1.0,4.0,1.0,114869.0,8.0,14358.625,100.0,100.0,12.5,1.0
WGL3Q7glHM,GB,45.0,Men,2025-03-18 05:27:24.405145 +00:00,6.0,14518.0,5.0,7.0,2.0,14518.0,5.0,2903.6,100.0,100.0,0.0,1.0
767aK4YkKE,US,52.0,Women,2025-03-13 00:17:15.380351 +00:00,4.0,2657.0,1.0,0.0,0.0,2657.0,2.0,1328.5,100.0,0.0,0.0,1.0
rTug8atX8I,DE,45.0,Men,2025-02-25 15:25:52.391880 +00:00,1.0,1549.0,5.0,0.0,0.0,1549.0,2.0,774.5,100.0,0.0,0.0,1.0
MiFwGm5nFf,DE,42.0,Women,2025-03-13 20:13:31.773985 +00:00,10.0,7388.0,19.0,10.0,2.0,7388.0,5.0,1477.6,100.0,75.0,0.0,1.0
fI2O98ONDV,US,42.0,Men,2025-02-01 05:11:00.013449 +00:00,5.0,4625.0,5.0,0.0,0.0,4625.0,1.0,4625.0,50.0,0.0,0.0,1.0
mVI8kION5B,US,40.0,Men,2025-02-23 21:33:31.570732 +00:00,2.0,267.0,1.0,0.0,0.0,267.0,1.0,267.0,50.0,0.0,0.0,1.0
XzYQJpbqRW,GB,51.0,Women,2025-02-16 12:35:25.165678 +00:00,206.0,398231.0,249.0,0.0,0.0,398231.0,13.0,30633.153846153848,100.0,100.0,75.0,1.0
gm9mEGiYHq,DE,44.0,Women,2025-03-15 06:07:50.601823 +00:00,1.0,18.0,5.0,0.0,0.0,18.0,1.0,18.0,50.0,0.0,0.0,1.0
13BXvyR9Zg,DE,34.0,Men,2025-02-22 11:21:49.472669 +00:00,9.0,4167.0,1.0,0.0,0.0,4167.0,5.0,833.4,100.0,75.0,0.0,1.0
NnrjfWcwpG,DE,25.0,Men,2025-02-22 07:31:42.154519 +00:00,267.0,1364147.0,258.0,4.0,1.0,1364477.0,12.0,113706.41666666669,100.0,100.0,62.5,0.0
Kei2Y6YFGB,DE,37.0,Women,2025-03-03 23:41:36.791455 +00:00,2.0,1647.0,5.0,0.0,0.0,1647.0,2.0,823.5,100.0,0.0,0.0,1.0
kM0SpgsHpw,US,39.0,Women,2025-02-09 05:28:31.387733 +00:00,25.0,15707.0,28.0,0.0,0.0,15707.0,3.0,5235.666666666667,100.0,25.0,0.0,0.0
brLmQt4WaQ,DE,39.0,Men,2025-03-19 04:50:33.394138 +00:00,4.0,7240.0,35.0,0.0,0.0,7240.0,2.0,3620.0,50.0,0.0,0.0,1.0
NcAFAbRmyg,US,24.0,Men,2025-03-10 05:45:30.110970 +00:00,52.0,71863.0,295.0,0.0,0.0,71863.0,8.0,8982.875,100.0,100.0,12.5,0.0
HacZuAzII6,DE,43.0,Women,2025-03-31 21:24:55.289634 +00:00,6.0,19892.0,33.0,0.0,0.0,19892.0,6.0,3315.3333333333335,100.0,75.0,0.0,0.0
cv2ujF0HxX,GB,39.0,Men,2025-03-16 13:59:54.463782 +00:00,46.0,112773.0,276.0,0.0,0.0,112773.0,10.0,11277.3,100.0,100.0,37.5,0.0
1iYeJXvoka,DE,39.0,Men,2025-03-12 16:02:49.337618 +00:00,3.0,17180.0,17.0,0.0,0.0,17180.0,3.0,5726.666666666667,100.0,25.0,0.0,1.0
yUhyDVzql9,US,50.0,Women,2025-03-02 08:40:14.224556 +00:00,1.0,356.0,1.0,0.0,0.0,356.0,3.0,118.66666666666669,100.0,25.0,0.0,1.0
UmfLo2YjmD,US,27.0,Men,2025-03-03 07:57:18.803596 +00:00,197.0,488930.0,272.0,0.0,0.0,488930.0,10.0,48893.0,100.0,100.0,37.5,0.0
kdbObZQXE5,DE,39.0,Women,2025-04-05 02:47:36.623133 +00:00,2.0,305.0,5.0,0.0,0.0,305.0,3.0,101.66666666666669,100.0,25.0,0.0,0.0
M7fiW6yeMK,GB,37.0,Men,2025-03-26 13:04:54.275109 +00:00,2.0,539.0,5.0,0.0,0.0,539.0,1.0,539.0,50.0,0.0,0.0,1.0
QsbkpctRq2,US,39.0,Women,2025-03-09 05:26:00.918487 +00:00,3.0,4999.0,5.0,0.0,0.0,4999.0,3.0,1666.3333333333333,100.0,25.0,0.0,1.0
v6Ul1WTCdx,DE,19.0,Men,2025-03-21 17:44:32.354262 +00:00,15.0,20809.0,60.0,0.0,0.0,20809.0,7.0,2972.714285714286,100.0,100.0,0.0,0.0
Tm6zAcWYhV,US,43.0,Women,2025-02-12 07:44:30.948165 +00:00,3.0,1387.0,1.0,0.0,0.0,1387.0,1.0,1387.0,50.0,0.0,0.0,1.0
fRQl4jh1m1,GB,26.0,Women,2025-03-09 13:52:22.852343 +00:00,22.0,12049.0,5.0,2.8,1.0,12049.0,6.0,2008.1666666666667,100.0,100.0,0.0,1.0
impZ31nJBH,GB,39.0,Men,2025-03-11 16:08:57.647708 +00:00,4.0,1207.0,5.0,0.0,0.0,1207.0,3.0,402.3333333333333,100.0,25.0,0.0,1.0
doA7lOQMoF,US,35.0,Men,2025-02-12 21:03:03.063422 +00:00,5.0,964.0,1.0,0.0,0.0,964.0,3.0,321.3333333333333,100.0,25.0,0.0,1.0
K3GGrhBQyb,DE,55.0,Men,2025-03-15 22:28:04.894821 +00:00,88.0,358884.0,813.0,0.0,0.0,358884.0,11.0,32625.81818181818,100.0,100.0,50.0,1.0
49ZpfSv09X,US,30.0,Women,2025-02-13 02:46:46.177524 +00:00,5.0,8589.0,1.0,4.0,1.0,8589.0,4.0,2147.25,100.0,50.0,0.0,1.0
7k5YWd3Vmt,DE,27.0,Women,2025-03-25 06:23:13.196162 +00:00,23.0,26309.0,32.0,0.0,0.0,26309.0,6.0,4384.833333333333,100.0,100.0,0.0,1.0
mYAM0C3aoa,GB,35.0,Women,2025-03-19 05:34:25.420997 +00:00,64.0,72173.0,166.0,0.0,0.0,72173.0,8.0,9021.625,100.0,100.0,12.5,0.0
BygdnM9QYC,US,40.0,Men,2025-02-17 00:58:00.577841 +00:00,17.0,3968.0,5.0,0.0,0.0,3968.0,6.0,661.3333333333334,100.0,100.0,0.0,1.0
79X49YQ6WS,US,39.0,Women,2025-01-30 18:20:34.883514 +00:00,135.0,219599.0,1.0,0.0,0.0,219599.0,9.0,24399.88888888889,100.0,100.0,25.0,1.0
dOESFCp1IU,GB,39.0,Men,2025-02-27 19:46:59.755654 +00:00,1.0,419.0,5.0,0.0,0.0,419.0,1.0,419.0,50.0,0.0,0.0,1.0
aZagdQVXF0,DE,39.0,Women,2025-03-30 18:00:58.875992 +00:00,2.0,2369.0,2.0,0.0,0.0,2369.0,2.0,1184.5,100.0,0.0,0.0,1.0
OVlTRg3HA7,DE,30.0,Women,2025-03-17 10:33:52.889994 +00:00,4.0,3762.0,2.0,0.0,0.0,3762.0,4.0,940.5,100.0,50.0,0.0,1.0
tSyBiP5QdR,GB,42.0,Men,2025-03-14 11:59:28.370711 +00:00,96.0,39497.0,48.0,0.0,0.0,39497.0,7.0,5642.428571428572,100.0,100.0,0.0,1.0
7JddkK3eYm,DE,39.0,Women,2025-02-23 00:27:08.507188 +00:00,26.0,21270.0,1.0,0.0,0.0,21270.0,1.0,21270.0,50.0,0.0,0.0,1.0
8nSanxqBOc,GB,30.0,Men,2025-03-01 22:00:25.764904 +00:00,13.0,29354.0,1.0,0.0,0.0,29354.0,5.0,5870.8,100.0,75.0,0.0,1.0
jO4rlsH2Pu,JP,18.0,Women,2025-03-04 13:22:46.982145 +00:00,1.0,1070.0,5.0,0.0,0.0,1070.0,2.0,535.0,100.0,0.0,0.0,1.0
fcxxMqPTjP,GB,40.0,Women,2025-03-23 09:17:09.724330 +00:00,27.0,12349.0,74.0,0.0,0.0,12349.0,5.0,2469.8,100.0,75.0,0.0,0.0
YJ3YGH7ZhZ,GB,57.0,Men,2025-02-23 23:08:52.213099 +00:00,5.0,4667.0,1.0,2.8,1.0,4667.0,5.0,933.4,100.0,75.0,0.0,1.0
NwzRlN7BdY,GB,39.0,Women,2025-03-05 19:32:01.901518 +00:00,17.0,41063.0,63.0,0.0,0.0,41063.0,6.0,6843.833333333333,100.0,75.0,0.0,1.0
D5G6AsbYNG,DE,49.0,Women,2025-02-25 11:31:48.293119 +00:00,13.0,29594.0,7.0,4.0,1.0,29594.0,6.0,4932.333333333333,100.0,75.0,0.0,1.0
6coq5ORexm,US,41.0,Women,2025-02-17 06:34:07.073463 +00:00,5.0,9889.0,1.0,0.0,0.0,9889.0,3.0,3296.3333333333335,100.0,25.0,0.0,1.0
g5uPUiIRU9,DE,39.0,Women,2025-03-25 07:59:46.575659 +00:00,1.0,1045.0,5.0,0.0,0.0,1045.0,2.0,522.5,100.0,0.0,0.0,1.0
TGwwBjKJ5s,DE,18.0,Men,2025-03-27 11:50:13.026773 +00:00,56.0,45332.0,65.0,0.0,0.0,45332.0,8.0,5666.5,100.0,100.0,12.5,0.0
iQ3hIMOMMF,DE,65.0,Women,2025-02-13 02:02:52.991667 +00:00,115.0,221171.0,252.0,0.0,0.0,221286.0,10.0,22128.6,100.0,100.0,37.5,0.0
Q2vP9eszlX,GB,39.0,Women,2025-02-26 13:52:32.840831 +00:00,1.0,815.0,5.0,0.0,0.0,815.0,1.0,815.0,50.0,0.0,0.0,1.0
bhJqxUGEXS,DE,39.0,Men,2025-03-03 18:13:05.557006 +00:00,1.0,1977.0,1.0,0.0,0.0,1977.0,2.0,988.5,100.0,0.0,0.0,1.0
rNHSBeL9OV,DE,39.0,Women,2025-03-17 19:45:55.936068 +00:00,55.0,66152.0,101.0,0.0,0.0,66152.0,1.0,66152.0,50.0,0.0,0.0,0.0
V3hhr9oaOE,GB,39.0,Men,2025-03-11 17:20:05.273740 +00:00,2.0,3594.0,3.0,0.0,0.0,3594.0,5.0,718.8,100.0,75.0,0.0,1.0
V8fFMPMc0R,GB,34.0,Men,2025-03-25 11:10:27.226611 +00:00,11.0,8298.0,5.0,2.8,1.0,8686.0,4.0,2171.5,100.0,50.0,0.0,0.0
56w2DQbH4r,US,46.0,Women,2025-03-02 04:23:27.538217 +00:00,6.0,7583.0,1.0,0.0,0.0,7583.0,3.0,2527.6666666666665,100.0,25.0,0.0,1.0
OPGloVNKU3,US,39.0,Men,2025-02-16 02:00:36.188731 +00:00,1.0,2370.0,5.0,0.0,0.0,2370.0,2.0,1185.0,100.0,0.0,0.0,1.0
qUh7eKlEKs,DE,29.0,Men,2025-03-24 21:32:40.881747 +00:00,3.0,1204.0,1.0,0.0,0.0,1204.0,4.0,301.0,100.0,50.0,0.0,1.0
xYeq0vtBtQ,US,35.0,Men,2025-02-02 04:50:27.822426 +00:00,26.0,27180.0,5.0,0.0,0.0,27180.0,7.0,3882.857142857142,100.0,100.0,0.0,1.0
lXy83uaNL4,US,39.0,Men,2025-02-01 02:06:01.834103 +00:00,1.0,1.0,1.0,0.0,0.0,1.0,3.0,0.3333333333333333,100.0,25.0,0.0,1.0
EGyk8Tns9Z,US,53.0,Men,2025-02-24 17:42:15.363128 +00:00,50.0,87249.0,41.0,4.0,1.0,87249.0,6.0,14541.5,100.0,75.0,0.0,1.0
AuR8z4uEtg,DE,18.0,Men,2025-04-03 23:56:22.115217 +00:00,18.0,89072.0,98.0,0.0,0.0,89072.0,1.0,89072.0,50.0,0.0,0.0,0.0
wbsEGAlkqt,US,39.0,Women,2025-02-02 04:07:25.728296 +00:00,2.0,2051.0,1.0,0.0,0.0,2051.0,1.0,2051.0,50.0,0.0,0.0,1.0
Jjt1eE2yHE,GB,52.0,Women,2025-02-26 05:01:02.997497 +00:00,75.0,658690.0,512.0,0.0,0.0,658690.0,10.0,65869.0,100.0,100.0,37.5,0.0
1tXB2sqFPI,US,39.0,Men,2025-03-05 13:08:14.993466 +00:00,1.0,1966.0,1.0,0.0,0.0,1966.0,3.0,655.3333333333334,100.0,25.0,0.0,1.0
RxAw0e0AkV,US,39.0,Men,2025-02-17 00:10:20.472746 +00:00,1.0,458.0,5.0,0.0,0.0,458.0,2.0,229.0,100.0,0.0,0.0,1.0
fBjhexlyTL,GB,39.0,Men,2025-03-28 17:24:26.727033 +00:00,92.0,119710.0,676.0,70.0,23.0,119710.0,10.0,11971.0,100.0,100.0,37.5,0.0
rHRgBRbYXg,GB,21.0,Men,2025-03-10 19:55:54.804115 +00:00,12.0,9025.0,6.0,7.0,2.0,9025.0,5.0,1805.0,100.0,75.0,0.0,1.0
PftKPkWeig,JP,39.0,Men,2025-03-10 03:48:55.182977 +00:00,36.0,44137.0,204.0,0.0,0.0,44137.0,7.0,6305.285714285715,100.0,100.0,0.0,1.0
d3sHyEW5dL,DE,55.0,Men,2025-02-25 09:55:36.907740 +00:00,63.0,96831.0,166.0,4.0,1.0,96831.0,9.0,10759.0,100.0,100.0,25.0,0.0
jo8DxSEC3w,US,38.0,Women,2025-02-18 09:18:48.009453 +00:00,6.0,11948.0,30.0,0.0,0.0,11948.0,3.0,3982.6666666666665,100.0,100.0,0.0,0.0
7NOzl2jzuK,US,39.0,Men,2025-02-07 18:31:41.369794 +00:00,1.0,25.0,5.0,0.0,0.0,25.0,2.0,12.5,100.0,0.0,0.0,1.0
15WbZExHt6,GB,52.0,Women,2025-02-22 17:34:05.853110 +00:00,54.0,111861.0,1.0,2.8,1.0,111861.0,9.0,12429.0,100.0,100.0,25.0,1.0
7w5nGVwfaX,GB,37.0,Men,2025-03-10 03:59:41.618032 +00:00,2.0,1247.0,36.0,0.0,0.0,1247.0,6.0,207.83333333333337,100.0,75.0,0.0,1.0
e7YRKBckyD,DE,39.0,Women,2025-03-21 16:30:48.141736 +00:00,5.0,48729.0,4.0,0.0,0.0,48729.0,5.0,9745.8,100.0,75.0,0.0,1.0
Eo7HYJBjlo,GB,39.0,Men,2025-03-21 14:49:42.239994 +00:00,2.0,3382.0,5.0,0.0,0.0,3382.0,2.0,1691.0,100.0,0.0,0.0,1.0
cJx56IYUEI,DE,43.0,Women,2025-03-15 18:05:56.719281 +00:00,18.0,38864.0,75.0,0.0,0.0,38864.0,7.0,5552.0,100.0,100.0,0.0,0.0
OIjfdN84w4,US,39.0,Women,2025-03-12 04:20:41.080993 +00:00,4.0,2612.0,8.0,0.0,0.0,2612.0,2.0,1306.0,100.0,0.0,0.0,1.0
r2Ap4EPLYd,GB,19.0,Women,2025-02-27 14:40:49.972622 +00:00,3.0,568.0,5.0,0.0,0.0,568.0,4.0,142.0,100.0,50.0,0.0,1.0
8NYKLkkKJk,GB,30.0,Men,2025-03-13 12:43:49.064854 +00:00,173.0,182022.0,671.0,0.0,0.0,182022.0,9.0,20224.666666666668,100.0,100.0,25.0,0.0
qSg9syqatf,US,33.0,Women,2025-02-24 15:23:01.459031 +00:00,15.0,41285.0,6.0,4.0,1.0,41285.0,4.0,10321.25,100.0,50.0,0.0,1.0
iJ3RZPr38F,US,34.0,Women,2025-02-10 08:51:12.910095 +00:00,4.0,3583.0,1.0,0.0,0.0,3583.0,3.0,1194.3333333333333,100.0,25.0,0.0,1.0
zDJWF7YKik,GB,18.0,Women,2025-02-21 16:37:05.249538 +00:00,7.0,7692.0,1.0,0.0,0.0,7692.0,5.0,1538.4,100.0,75.0,0.0,1.0
WMQwbRFQFG,US,41.0,Men,2025-02-27 13:57:40.406762 +00:00,10.0,28484.0,40.0,4.0,1.0,28484.0,4.0,7121.0,100.0,25.0,0.0,0.0
6Oxw3Tn3OO,GB,32.0,Men,2025-03-16 18:40:21.339523 +00:00,118.0,90015.0,178.0,19.599998,5.0,90015.0,10.0,9001.5,100.0,100.0,50.0,0.0
GKQGxJMUMh,US,39.0,Women,2025-02-27 06:28:18.264968 +00:00,2.0,572.0,5.0,0.0,0.0,572.0,1.0,572.0,50.0,0.0,0.0,1.0
tu1CqcjfFm,US,39.0,Men,2025-03-11 05:32:02.139790 +00:00,5.0,10502.0,1.0,0.0,0.0,10502.0,4.0,2625.5,100.0,50.0,0.0,1.0
0wB1BM3BId,GB,43.0,Women,2025-03-21 16:03:39.113024 +00:00,6.0,5685.0,11.0,0.0,0.0,5685.0,3.0,1895.0,100.0,25.0,0.0,1.0
JYDGBeV4Io,DE,43.0,Men,2025-03-07 10:04:39.341147 +00:00,7.0,19029.0,1.0,0.0,0.0,19029.0,1.0,19029.0,50.0,0.0,0.0,1.0
KPwP3pdrar,DE,32.0,Men,2025-03-23 11:39:35.683655 +00:00,11.0,6563.0,4.0,0.0,0.0,6563.0,5.0,1312.6,100.0,75.0,0.0,0.0
KULbCi3LxH,DE,33.0,Women,2025-03-08 21:53:57.366507 +00:00,221.0,121204.0,226.0,0.0,0.0,121204.0,12.0,10100.333333333334,100.0,100.0,62.5,0.0
Ca7E9hRfct,GB,26.0,Women,2025-03-12 12:13:34.989161 +00:00,6.0,13985.0,3.0,0.0,0.0,13985.0,4.0,3496.25,100.0,50.0,0.0,1.0
BQfuuw3Vq6,US,35.0,Men,2025-01-31 02:59:32.794052 +00:00,6.0,3121.0,1.0,0.0,0.0,3121.0,3.0,1040.3333333333333,100.0,25.0,0.0,1.0
xiOrogo1nK,DE,49.0,Men,2025-02-12 14:21:06.598610 +00:00,32.0,55607.0,11.0,0.0,0.0,55607.0,6.0,9267.833333333334,100.0,75.0,0.0,1.0
vJuRUFAAIk,DE,39.0,Men,2025-03-03 16:14:46.865100 +00:00,503.0,632846.0,1552.0,0.0,0.0,634982.0,11.0,57725.63636363636,100.0,100.0,50.0,0.0
YtvveAt46R,US,23.0,Women,2025-03-07 01:20:08.432205 +00:00,10.0,23252.0,1.0,0.0,0.0,23252.0,4.0,5813.0,100.0,50.0,0.0,1.0
5nrHKM06L2,JP,39.0,Men,2025-03-08 12:38:07.860797 +00:00,12.0,14980.0,5.0,2.0,1.0,14980.0,4.0,3745.0,100.0,50.0,0.0,1.0
2AbqWSkt3i,US,19.0,Women,2025-02-20 10:05:37.232142 +00:00,11.0,9932.0,1.0,4.0,1.0,9932.0,4.0,2483.0,100.0,50.0,0.0,1.0
jSKL81V8Qy,US,46.0,Women,2025-02-12 21:02:09.821725 +00:00,136.0,81212.0,1.0,0.0,0.0,81212.0,8.0,10151.5,100.0,100.0,12.5,1.0
lXa0eFzVjM,US,39.0,Men,2025-02-01 03:26:21.046241 +00:00,30.0,129678.0,1.0,4.0,1.0,129678.0,8.0,16209.75,100.0,100.0,12.5,1.0
vJgPOdzUsN,GB,41.0,Women,2025-02-12 23:12:34.046766 +00:00,8.0,6740.0,1.0,3.08,1.0,6740.0,5.0,1348.0,100.0,75.0,0.0,1.0
h847Y9fQl3,DE,39.0,Men,2025-02-27 08:25:52.638231 +00:00,49.0,107150.0,531.0,10.0,2.0,107150.0,4.0,26787.5,100.0,50.0,0.0,0.0
PnCMvYCvMl,DE,39.0,Men,2025-02-24 17:09:20.583827 +00:00,48.0,84148.0,976.0,4.0,1.0,84148.0,9.0,9349.777777777776,100.0,100.0,25.0,1.0
dOooak5DPk,DE,39.0,Men,2025-03-24 06:48:52.443804 +00:00,1.0,140.0,15.0,0.0,0.0,140.0,3.0,46.666666666666664,100.0,25.0,0.0,1.0
CDv78FCSYg,US,32.0,Men,2025-03-07 03:29:26.906843 +00:00,43.0,40999.0,47.0,26.0,5.0,40999.0,6.0,6833.166666666667,100.0,75.0,0.0,1.0
EJfCGrNOK8,DE,39.0,Women,2025-02-28 10:46:28.412112 +00:00,8.0,7199.0,1.0,0.0,0.0,7199.0,5.0,1439.8,100.0,75.0,0.0,1.0
kMWwNl9hh9,GB,32.0,Women,2025-03-09 16:00:38.242968 +00:00,19.0,14584.0,41.0,0.0,0.0,14584.0,7.0,2083.4285714285716,100.0,100.0,0.0,1.0
mROOtLUwhr,US,25.0,Men,2025-02-19 12:09:47.689436 +00:00,2.0,5440.0,5.0,0.0,0.0,5440.0,3.0,1813.3333333333333,100.0,25.0,0.0,1.0
l2QdL0cifL,US,55.0,Men,2025-03-11 01:09:35.232829 +00:00,72.0,106585.0,300.0,0.0,0.0,106585.0,9.0,11842.777777777776,100.0,100.0,25.0,0.0
D04tLPnzrO,GB,38.0,Women,2025-04-01 14:49:59.352356 +00:00,3.0,8043.0,10.0,0.0,0.0,8043.0,4.0,2010.75,100.0,50.0,0.0,0.0
8Gdqk4rbnz,JP,18.0,Women,2025-03-08 13:33:25.842908 +00:00,52.0,71176.0,212.0,7.8,3.0,71176.0,4.0,17794.0,100.0,25.0,0.0,0.0
sXKvclaZne,DE,31.0,Men,2025-03-22 13:22:10.765599 +00:00,3.0,2852.0,42.0,0.0,0.0,2852.0,6.0,475.3333333333333,100.0,100.0,0.0,1.0
FkQPvfsYR5,GB,38.0,Men,2025-02-14 19:46:17.795827 +00:00,125.0,51954.0,187.0,0.0,0.0,51954.0,8.0,6494.25,100.0,100.0,12.5,1.0
iSELT0cCtm,US,42.0,Women,2025-02-14 01:28:48.206024 +00:00,5.0,18946.0,1.0,0.0,0.0,18946.0,4.0,4736.5,100.0,50.0,0.0,1.0
bvrPVsujla,GB,33.0,Men,2025-03-31 01:09:06.046313 +00:00,2.0,5000.0,3.0,0.0,0.0,5000.0,4.0,1250.0,100.0,50.0,0.0,1.0
mcpBaM1ybI,DE,18.0,Women,2025-03-11 06:10:00.402048 +00:00,21.0,30615.0,19.0,0.0,0.0,30615.0,5.0,6123.0,100.0,75.0,0.0,1.0
RnrOe1ExpC,DE,36.0,Men,2025-03-17 14:35:50.033810 +00:00,9.0,9221.0,7.0,0.0,0.0,9221.0,4.0,2305.25,100.0,50.0,0.0,1.0
yFnShC4TMS,US,36.0,Men,2025-02-08 08:48:45.449726 +00:00,6.0,7898.0,1.0,0.0,0.0,7898.0,4.0,1974.5,100.0,50.0,0.0,1.0
UEyeUqTObl,DE,24.0,Men,2025-03-01 21:30:51.721458 +00:00,75.0,245528.0,1142.0,0.0,0.0,245528.0,11.0,22320.727272727272,100.0,100.0,50.0,0.0
khHR3Uy8QL,DE,35.0,Men,2025-04-03 02:18:34.695105 +00:00,11.0,9373.0,5.0,0.0,0.0,10769.0,2.0,5384.5,100.0,0.0,0.0,0.0
hyauX2WEji,DE,36.0,Men,2025-04-04 20:00:51.867764 +00:00,1.0,0.0,5.0,0.0,0.0,0.0,3.0,0.0,100.0,25.0,0.0,0.0
YvmBuk5Z9q,US,43.0,Men,2025-01-31 03:51:10.715899 +00:00,12.0,28516.0,1.0,0.0,0.0,28516.0,5.0,5703.2,100.0,50.0,0.0,1.0
ncIWALzjdt,DE,29.0,Men,2025-02-17 08:23:01.089726 +00:00,131.0,49611.0,4.0,4.0,1.0,49611.0,9.0,5512.333333333333,100.0,100.0,25.0,1.0
jushi4hrnx,US,49.0,Men,2025-03-12 03:52:39.949957 +00:00,6.0,7971.0,3.0,0.0,0.0,7971.0,3.0,2657.0,100.0,25.0,0.0,1.0
CvETtvTYvE,US,39.0,Men,2025-02-12 20:59:34.475790 +00:00,45.0,43170.0,1.0,4.0,1.0,43170.0,6.0,7195.0,100.0,75.0,0.0,1.0
nGAjhkyfc8,DE,43.0,Women,2025-02-27 04:15:24.256421 +00:00,61.0,43436.0,8.0,4.0,1.0,43436.0,3.0,14478.666666666666,100.0,0.0,0.0,0.0
MIGXlTZ0RU,DE,39.0,Women,2025-02-27 17:34:39.009132 +00:00,8.0,8114.0,1.0,4.0,1.0,8114.0,3.0,2704.6666666666665,100.0,25.0,0.0,1.0
IJluUaYhQy,DE,39.0,Men,2025-03-19 12:23:58.068046 +00:00,2.0,2533.0,9.0,0.0,0.0,2533.0,5.0,506.6,100.0,75.0,0.0,1.0
lAXtM98CEi,US,53.0,Women,2025-02-08 19:09:54.802394 +00:00,3.0,3855.0,1.0,4.0,1.0,3855.0,5.0,771.0,100.0,50.0,0.0,1.0
euDllCeSMR,US,29.0,Women,2025-02-09 02:07:53.404533 +00:00,3.0,616.0,5.0,0.0,0.0,616.0,1.0,616.0,50.0,0.0,0.0,1.0
uBKw3eOTzm,GB,47.0,Men,2025-02-27 10:02:11.816494 +00:00,16.0,16385.0,41.0,0.0,0.0,16385.0,7.0,2340.714285714286,100.0,100.0,0.0,1.0
Z5mWoXqOR1,US,39.0,Men,2025-02-03 05:55:54.536509 +00:00,2.0,1680.0,1.0,0.0,0.0,1680.0,2.0,840.0,100.0,0.0,0.0,1.0
qET2LeAzo0,DE,32.0,Women,2025-03-13 13:21:25.962232 +00:00,237.0,302167.0,945.0,0.0,0.0,302167.0,12.0,25180.583333333332,100.0,100.0,75.0,0.0
xfhOmJ6yZQ,DE,51.0,Women,2025-03-25 09:07:42.799643 +00:00,10.0,6639.0,213.0,4.0,1.0,6639.0,7.0,948.4285714285714,100.0,100.0,0.0,1.0
l3g0Rr83W8,US,36.0,Men,2025-02-08 07:51:36.423916 +00:00,3.0,3851.0,1.0,0.0,0.0,3851.0,3.0,1283.6666666666667,100.0,25.0,0.0,1.0
2pIira5nS7,GB,56.0,Women,2025-03-15 08:00:09.441192 +00:00,3.0,1388.0,2.0,0.0,0.0,1388.0,1.0,1388.0,50.0,0.0,0.0,0.0
fsekC3JGDo,DE,40.0,Men,2025-02-18 03:42:18.744881 +00:00,2.0,4159.0,1.0,0.0,0.0,4159.0,6.0,693.1666666666666,100.0,75.0,0.0,1.0
NrhZ69JNYc,US,47.0,Women,2025-02-05 01:13:48.993709 +00:00,31.0,15092.0,1.0,0.0,0.0,15092.0,4.0,3773.0,100.0,25.0,0.0,1.0
ToA5rjXfLs,US,39.0,Women,2025-02-28 07:19:32.461805 +00:00,44.0,50775.0,12.0,0.0,0.0,50775.0,7.0,7253.571428571428,100.0,100.0,0.0,1.0
VthpgGsAyd,US,43.0,Women,2025-03-18 00:40:31.182086 +00:00,16.0,25510.0,16.0,0.0,0.0,25510.0,4.0,6377.5,100.0,50.0,0.0,0.0
Iq0MeZOQRo,DE,40.0,Women,2025-02-27 06:52:44.091080 +00:00,1.0,24.0,5.0,0.0,0.0,24.0,2.0,12.0,100.0,0.0,0.0,1.0
kbCW7OCZyG,GB,44.0,Men,2025-02-17 00:22:40.946727 +00:00,21.0,14352.0,4.0,15.4,3.0,14352.0,6.0,2392.0,100.0,100.0,0.0,1.0
Y88R4kULy1,DE,43.0,Women,2025-04-01 14:23:30.872592 +00:00,4.0,2378.0,4.0,0.0,0.0,2378.0,4.0,594.5,100.0,50.0,0.0,0.0
NI8xmkIvsM,DE,39.0,Women,2025-02-19 08:42:24.254142 +00:00,1.0,3074.0,1.0,0.0,0.0,3074.0,4.0,768.5,100.0,50.0,0.0,1.0
DtRM8xSOd3,GB,41.0,Men,2025-03-17 09:48:38.503950 +00:00,28.0,50809.0,35.0,14.0,3.0,50809.0,7.0,7258.428571428572,100.0,100.0,0.0,0.0
MBn9z2jF6X,US,51.0,Women,2025-02-10 10:01:02.789504 +00:00,1.0,156.0,1.0,0.0,0.0,156.0,1.0,156.0,50.0,0.0,0.0,1.0
gcOkNifLYq,US,40.0,Women,2025-03-07 11:42:23.746821 +00:00,3.0,8667.0,1.0,0.0,0.0,8667.0,3.0,2889.0,100.0,25.0,0.0,1.0
LI5AXxprly,DE,39.0,Men,2025-02-19 05:20:41.531934 +00:00,13.0,20834.0,1.0,0.0,0.0,20834.0,4.0,5208.5,100.0,50.0,0.0,1.0
VSbORT4dOd,US,36.0,Women,2025-02-12 14:10:57.410380 +00:00,2.0,3587.0,5.0,0.0,0.0,3587.0,3.0,1195.6666666666667,100.0,25.0,0.0,1.0
Dahhc5Qxfz,JP,39.0,Men,2025-03-09 06:58:48.100395 +00:00,4.0,6391.0,9.0,0.0,0.0,6391.0,3.0,2130.3333333333335,100.0,25.0,0.0,1.0
D9eK0eECxQ,GB,36.0,Men,2025-02-17 16:42:18.618424 +00:00,10.0,8188.0,1.0,2.8,1.0,8188.0,6.0,1364.6666666666667,100.0,100.0,0.0,1.0
1kTwtcqGtQ,GB,39.0,Men,2025-03-08 08:05:45.399587 +00:00,1.0,1680.0,5.0,0.0,0.0,1680.0,2.0,840.0,100.0,0.0,0.0,1.0
xH4k6ABI8P,US,54.0,Men,2025-02-16 12:43:25.959540 +00:00,15.0,31476.0,1.0,4.0,1.0,31476.0,6.0,5246.0,100.0,75.0,0.0,1.0
yJCx2IMr9x,US,47.0,Men,2025-03-05 14:26:56.111672 +00:00,39.0,80447.0,76.0,20.0,3.0,80447.0,6.0,13407.833333333334,100.0,75.0,0.0,0.0
a3UbUm3kBx,US,39.0,Men,2025-01-31 04:31:34.295582 +00:00,15.0,27551.0,1.0,4.0,1.0,27551.0,4.0,6887.75,100.0,50.0,0.0,1.0
XwBxQNihAu,DE,39.0,Women,2025-03-04 18:56:26.473293 +00:00,16.0,9754.0,1.0,0.0,0.0,9754.0,4.0,2438.5,100.0,50.0,0.0,1.0
as1ikUXlca,GB,47.0,Men,2025-03-04 20:11:25.348570 +00:00,42.0,58440.0,1.0,3.08,1.0,58440.0,1.0,58440.0,50.0,0.0,0.0,1.0
YCSPXuPTkA,DE,39.0,Women,2025-02-21 08:46:39.008407 +00:00,1.0,17.0,5.0,0.0,0.0,17.0,1.0,17.0,50.0,0.0,0.0,1.0
udRGuIOA6m,US,39.0,Women,2025-02-12 10:57:37.313159 +00:00,1.0,3011.0,1.0,0.0,0.0,3011.0,4.0,752.75,100.0,50.0,0.0,1.0
fzjXS8cqH2,US,43.0,Women,2025-03-17 02:24:06.727247 +00:00,1.0,1865.0,5.0,0.0,0.0,1865.0,1.0,1865.0,50.0,0.0,0.0,1.0
u1jm1PWdHI,DE,58.0,Men,2025-03-30 07:16:52.022306 +00:00,20.0,59504.0,9.0,20.0,3.0,59504.0,6.0,9917.333333333334,100.0,100.0,12.5,0.0
C5ONTh4bPZ,US,39.0,Women,2025-02-26 13:53:04.340910 +00:00,20.0,17137.0,22.0,4.0,1.0,17137.0,6.0,2856.1666666666665,100.0,75.0,0.0,1.0
RR0nRmVtb2,DE,39.0,Women,2025-03-14 05:28:42.557348 +00:00,28.0,45287.0,98.0,0.0,0.0,45287.0,7.0,6469.571428571428,100.0,100.0,0.0,0.0
I9z7XOktpj,US,45.0,Women,2025-03-03 07:25:22.392630 +00:00,72.0,330265.0,213.0,0.0,0.0,330265.0,6.0,55044.166666666664,100.0,75.0,0.0,0.0
L0yK6hTiXT,US,39.0,Men,2025-02-09 09:01:47.931838 +00:00,8.0,5324.0,1.0,0.0,0.0,5324.0,3.0,1774.6666666666667,100.0,25.0,0.0,1.0
1gyfCYvnbN,DE,54.0,Men,2025-02-16 04:46:28.189947 +00:00,192.0,138501.0,29.0,0.0,0.0,138501.0,3.0,46167.0,100.0,0.0,0.0,0.0
1tCSwIOQLI,GB,25.0,Women,2025-03-31 11:06:30.215600 +00:00,19.0,10829.0,14.0,0.0,0.0,10829.0,5.0,2165.8,100.0,75.0,0.0,0.0
4VVyeeKy0E,JP,23.0,Women,2025-03-14 10:01:10.476990 +00:00,7.0,11495.0,24.0,0.0,0.0,11495.0,4.0,2873.75,100.0,50.0,0.0,1.0
pA6iWSxlnM,DE,37.0,Men,2025-03-28 14:57:58.375553 +00:00,86.0,90092.0,86.0,0.0,0.0,94952.0,8.0,11869.0,100.0,100.0,12.5,0.0
ae6No0RCg0,DE,39.0,Women,2025-03-10 01:51:39.385312 +00:00,4.0,5363.0,1.0,20.0,3.0,5363.0,4.0,1340.75,100.0,50.0,0.0,1.0
bKd6GTGN1g,DE,50.0,Women,2025-03-31 19:16:09.044679 +00:00,4.0,6632.0,36.0,10.0,2.0,6632.0,6.0,1105.3333333333333,100.0,100.0,0.0,0.0
etfJO7HSSW,US,21.0,Women,2025-02-11 04:11:34.527907 +00:00,3.0,6470.0,1.0,4.0,1.0,6470.0,4.0,1617.5,100.0,25.0,0.0,1.0
FShVSKlnCQ,US,34.0,Men,2025-03-14 02:40:12.152061 +00:00,2.0,2951.0,7.0,0.0,0.0,2951.0,3.0,983.6666666666666,100.0,25.0,0.0,1.0
72ZcU1gKfa,US,45.0,Women,2025-02-27 06:02:05.298657 +00:00,124.0,250113.0,130.0,4.0,1.0,250113.0,10.0,25011.3,100.0,100.0,37.5,0.0
gmDkX8H2qf,GB,40.0,Women,2025-03-07 17:25:31.932047 +00:00,30.0,23058.0,37.0,0.0,0.0,23058.0,7.0,3294.0,100.0,100.0,0.0,0.0
5jFouQ2KHR,DE,41.0,Women,2025-02-23 20:36:21.176373 +00:00,5.0,11240.0,1.0,0.0,0.0,11240.0,5.0,2248.0,100.0,75.0,0.0,1.0
YLjRnjlyhc,US,39.0,Men,2025-02-04 04:17:18.572819 +00:00,20.0,25758.0,1.0,0.0,0.0,25758.0,1.0,25758.0,0.0,0.0,0.0,1.0
ode5Tv5Uvw,US,37.0,Men,2025-02-04 01:02:03.835498 +00:00,10.0,12421.0,21.0,0.0,0.0,12421.0,5.0,2484.2,100.0,75.0,0.0,1.0
KSpgh2yDkY,DE,30.0,Men,2025-03-25 08:17:39.296015 +00:00,25.0,36225.0,91.0,0.0,0.0,36225.0,7.0,5175.0,100.0,100.0,0.0,0.0
VuREfkJvIB,GB,45.0,Women,2025-02-20 19:34:00.042710 +00:00,3.0,5495.0,1.0,2.8,1.0,5495.0,5.0,1099.0,100.0,75.0,0.0,1.0
BCGymzXhy9,US,43.0,Men,2025-02-16 05:32:58.073904 +00:00,91.0,161671.0,85.0,0.0,0.0,161671.0,10.0,16167.1,100.0,100.0,37.5,0.0
tgrpLCPLBT,US,39.0,Men,2025-02-06 02:55:40.172374 +00:00,3.0,6953.0,1.0,0.0,0.0,6953.0,3.0,2317.6666666666665,100.0,25.0,0.0,1.0
jMM5rcoop8,DE,34.0,Women,2025-03-23 07:59:06.778660 +00:00,58.0,109065.0,54.0,0.0,0.0,109065.0,8.0,13633.125,100.0,100.0,12.5,0.0
rQiq2jdOPg,US,20.0,Women,2025-02-21 00:28:44.533515 +00:00,16.0,46292.0,1.0,0.0,0.0,46292.0,5.0,9258.4,100.0,50.0,0.0,1.0
MpSjf2nw6O,US,54.0,Women,2025-02-19 01:19:45.292352 +00:00,15.0,66421.0,1.0,0.0,0.0,66421.0,5.0,13284.2,100.0,50.0,0.0,1.0
L1UhE41H8l,DE,39.0,Men,2025-02-21 06:52:47.852661 +00:00,4.0,7626.0,1.0,4.0,1.0,7626.0,5.0,1525.2,100.0,75.0,0.0,1.0
YFIDHWgW9B,US,37.0,Women,2025-02-26 01:19:25.641702 +00:00,5.0,47881.0,1.0,0.0,0.0,47881.0,3.0,15960.333333333334,100.0,25.0,0.0,1.0
uQ2KvbF6I7,DE,19.0,Women,2025-02-20 04:31:50.258488 +00:00,1.0,1695.0,1.0,0.0,0.0,1695.0,1.0,1695.0,50.0,0.0,0.0,1.0
jYUfUm2dYc,US,41.0,Men,2025-02-24 09:15:50.952181 +00:00,59.0,268212.0,1.0,4.0,1.0,271580.0,10.0,27158.0,100.0,100.0,50.0,0.0
Qp0p3MdymV,GB,39.0,Women,2025-03-31 12:23:25.135991 +00:00,34.0,43757.0,69.0,0.0,0.0,43757.0,7.0,6251.0,100.0,100.0,12.5,0.0
Lj1nX7KkVs,DE,31.0,Men,2025-03-12 02:10:43.293892 +00:00,71.0,80371.0,172.0,0.0,0.0,80371.0,9.0,8930.111111111111,100.0,100.0,25.0,1.0
U9l07P3g8e,DE,54.0,Women,2025-04-01 11:50:00.596478 +00:00,23.0,52236.0,8.0,0.0,0.0,52236.0,5.0,10447.2,100.0,75.0,0.0,0.0
e89SBCk06n,DE,40.0,Women,2025-03-08 07:54:23.630304 +00:00,210.0,168034.0,196.0,0.0,0.0,168034.0,11.0,15275.818181818182,100.0,100.0,50.0,0.0
lofcZzNK67,GB,47.0,Women,2025-02-21 00:55:14.919727 +00:00,2.0,3063.0,5.0,0.0,0.0,3063.0,5.0,612.6,100.0,75.0,0.0,1.0
3wYtlRFBEu,GB,49.0,Men,2025-03-14 14:46:09.662379 +00:00,2.0,1990.0,3.0,0.0,0.0,1990.0,4.0,497.5,100.0,50.0,0.0,1.0
mOMbd4FrZD,US,39.0,Women,2025-03-10 00:35:37.457731 +00:00,1.0,974.0,1.0,0.0,0.0,974.0,1.0,974.0,50.0,0.0,0.0,1.0
hNajFwAjOr,DE,39.0,Men,2025-02-25 13:20:53.630735 +00:00,56.0,32589.0,184.0,4.0,1.0,32589.0,9.0,3621.0,100.0,100.0,37.5,0.0
lWRnKFgJvo,US,39.0,Women,2025-02-19 12:36:20.096951 +00:00,6.0,1988.0,1.0,0.0,0.0,1988.0,1.0,1988.0,50.0,0.0,0.0,1.0
ALQgH0atUH,DE,35.0,Women,2025-02-12 17:44:09.015879 +00:00,4.0,1074.0,5.0,4.0,1.0,1074.0,2.0,537.0,100.0,0.0,0.0,1.0
PSw0goNvgF,US,36.0,Men,2025-03-10 02:16:33.063150 +00:00,1.0,137.0,1.0,0.0,0.0,137.0,3.0,45.666666666666664,100.0,25.0,0.0,1.0
RHKxC82wFq,US,54.0,Men,2025-02-25 07:35:20.030421 +00:00,3.0,8355.0,24.0,0.0,0.0,8355.0,1.0,8355.0,50.0,0.0,0.0,1.0
7XRTQ2FaFe,GB,43.0,Men,2025-03-07 14:15:32.547440 +00:00,48.0,91154.0,245.0,14.0,3.0,91154.0,10.0,9115.4,100.0,100.0,37.5,0.0
5Fg05atMnZ,US,18.0,Men,2025-03-11 08:29:46.892992 +00:00,4.0,2498.0,1.0,0.0,0.0,2498.0,3.0,832.6666666666666,100.0,25.0,0.0,1.0
