country,age,sex,total_ad_viewed,total_spent_in_usd,total_spent_time,level_completion_count,avg_level_completion_time,easy_completion_rate,medium_completion_rate,hard_completion_rate,is_quit,days_since_first_login
1,30.0,0,15.0,14.0,3.0,9.0,5829.333333333333,100.0,100.0,25.0,0.0,26
1,36.0,1,5.0,16.8,4.0,4.0,1050.5,100.0,50.0,0.0,0.0,57
3,40.0,0,23.0,0.0,0.0,6.0,12597.666666666666,100.0,100.0,0.0,1.0,37
0,39.0,1,3.0,0.0,0.0,5.0,4604.8,100.0,75.0,0.0,1.0,35
3,21.0,1,1.0,0.0,0.0,2.0,491.5,100.0,0.0,0.0,1.0,1
0,39.0,0,317.0,4.0,1.0,8.0,577.875,100.0,100.0,25.0,0.0,40
0,30.0,1,11.0,0.0,0.0,5.0,4901.4,100.0,75.0,0.0,1.0,46
0,39.0,1,110.0,0.0,0.0,8.0,7952.875,100.0,100.0,12.5,0.0,46
0,35.0,0,5.0,0.0,0.0,7.0,16215.714285714286,100.0,100.0,12.5,1.0,35
0,45.0,0,8.0,0.0,0.0,3.0,828.3333333333334,100.0,25.0,0.0,1.0,57
0,39.0,0,5.0,0.0,0.0,1.0,143.0,50.0,0.0,0.0,0.0,61
1,39.0,1,33.0,0.0,0.0,7.0,1853.7142857142856,100.0,100.0,0.0,1.0,27
0,50.0,1,5.0,0.0,0.0,3.0,775.6666666666666,100.0,25.0,0.0,1.0,17
0,25.0,1,5.0,0.0,0.0,2.0,285.5,100.0,0.0,0.0,1.0,59
0,42.0,1,178.0,0.0,0.0,5.0,356.2,100.0,75.0,0.0,1.0,34
1,28.0,0,5.0,0.0,0.0,3.0,24644.333333333332,100.0,25.0,0.0,0.0,26
3,59.0,1,43.0,23.0,4.0,7.0,9536.0,100.0,100.0,12.5,0.0,43
1,39.0,0,1.0,2.8,1.0,8.0,3512.75,100.0,100.0,12.5,1.0,15
3,47.0,1,1.0,0.0,0.0,2.0,723.5,100.0,0.0,0.0,1.0,24
3,39.0,0,5.0,0.0,0.0,1.0,661.0,50.0,0.0,0.0,1.0,19
1,46.0,0,444.0,0.0,0.0,9.0,14115.0,100.0,100.0,25.0,0.0,47
0,39.0,0,4.0,0.0,0.0,3.0,595.6666666666666,100.0,25.0,0.0,1.0,56
3,18.0,0,36.0,10.0,2.0,5.0,4830.2,100.0,75.0,0.0,0.0,15
3,37.0,0,1.0,4.0,1.0,5.0,4967.6,100.0,75.0,0.0,1.0,4
0,50.0,1,17.0,4.0,1.0,6.0,2267.5,100.0,100.0,0.0,1.0,30
0,37.0,1,5.0,0.0,0.0,1.0,900.0,50.0,0.0,0.0,1.0,59
1,46.0,1,846.0,0.0,0.0,10.0,28928.3,100.0,100.0,37.5,1.0,46
2,39.0,0,1.0,0.0,0.0,1.0,1067.0,50.0,0.0,0.0,1.0,36
3,42.0,1,1.0,0.0,0.0,8.0,16968.5,100.0,100.0,12.5,1.0,3
0,27.0,1,39.0,26.0,5.0,8.0,7839.875,100.0,100.0,12.5,0.0,53
1,57.0,1,6.0,0.0,0.0,8.0,9372.75,100.0,100.0,12.5,1.0,20
0,39.0,0,5.0,0.0,0.0,3.0,79.33333333333333,100.0,25.0,0.0,1.0,32
3,49.0,1,1.0,0.0,0.0,3.0,313.3333333333333,100.0,25.0,0.0,1.0,15
3,39.0,1,15.0,10.6,2.0,5.0,6493.6,100.0,75.0,0.0,1.0,8
3,30.0,0,2.0,0.0,0.0,4.0,5760.0,100.0,50.0,0.0,1.0,21
3,39.0,0,5.0,0.0,0.0,1.0,12.0,50.0,0.0,0.0,1.0,10
0,39.0,1,5.0,20.0,3.0,5.0,6125.2,100.0,75.0,0.0,1.0,35
3,34.0,0,1.0,0.0,0.0,3.0,551.3333333333334,100.0,25.0,0.0,1.0,15
0,30.0,0,1.0,0.0,0.0,5.0,3022.6,100.0,75.0,0.0,1.0,49
3,32.0,1,84.0,0.0,0.0,3.0,7384.0,100.0,25.0,0.0,1.0,41
3,32.0,1,43.0,4.0,1.0,6.0,20120.333333333332,100.0,75.0,0.0,1.0,34
0,31.0,0,5.0,0.0,0.0,2.0,10.5,100.0,0.0,0.0,1.0,36
0,39.0,1,1.0,0.0,0.0,1.0,2820.0,50.0,0.0,0.0,1.0,31
3,41.0,0,1.0,0.0,0.0,2.0,709.0,100.0,0.0,0.0,1.0,10
3,34.0,0,1.0,0.0,0.0,1.0,515.0,50.0,0.0,0.0,1.0,30
1,29.0,0,1.0,7.0,2.0,5.0,4289.6,100.0,75.0,0.0,0.0,46
0,39.0,0,5.0,0.0,0.0,3.0,418.6666666666667,100.0,25.0,0.0,1.0,27
3,54.0,0,1.0,0.0,0.0,3.0,1832.6666666666667,100.0,25.0,0.0,1.0,0
3,46.0,0,5.0,0.0,0.0,3.0,491.0,100.0,25.0,0.0,1.0,30
3,35.0,1,1.0,0.0,0.0,5.0,5287.6,100.0,50.0,0.0,1.0,13
1,40.0,1,1.0,0.0,0.0,2.0,1180.5,100.0,0.0,0.0,1.0,27
3,39.0,1,1.0,0.0,0.0,3.0,1737.6666666666667,100.0,25.0,0.0,1.0,39
0,28.0,1,2.0,20.0,3.0,5.0,548.4,100.0,75.0,0.0,1.0,54
0,35.0,0,106.0,0.0,0.0,7.0,6115.428571428572,100.0,100.0,0.0,1.0,47
1,41.0,0,1.0,2.8,1.0,7.0,11424.714285714286,100.0,100.0,0.0,1.0,20
3,39.0,0,5.0,0.0,0.0,1.0,12.0,50.0,0.0,0.0,1.0,0
1,39.0,1,5.0,0.0,0.0,3.0,917.6666666666666,100.0,25.0,0.0,1.0,43
3,39.0,1,2.0,0.0,0.0,1.0,20.0,50.0,0.0,0.0,1.0,44
0,39.0,1,2.0,0.0,0.0,2.0,699.5,100.0,0.0,0.0,1.0,42
3,49.0,1,13.0,0.0,0.0,5.0,5176.0,100.0,50.0,0.0,1.0,1
0,49.0,1,5.0,20.0,3.0,3.0,22902.333333333332,100.0,25.0,0.0,1.0,41
0,33.0,0,1.0,0.0,0.0,2.0,13847.5,100.0,0.0,0.0,1.0,18
0,39.0,1,1.0,4.0,1.0,7.0,167650.0,100.0,100.0,0.0,1.0,21
3,38.0,0,62.0,0.0,0.0,5.0,1920.0,100.0,50.0,0.0,1.0,39
1,25.0,1,1.0,0.0,0.0,5.0,1321.6,100.0,75.0,0.0,1.0,34
0,39.0,1,210.0,4.0,1.0,8.0,8038.875,100.0,100.0,12.5,0.0,43
1,24.0,1,1.0,0.0,0.0,2.0,258.0,100.0,0.0,0.0,1.0,36
1,39.0,1,1.0,0.0,0.0,4.0,1379.75,100.0,50.0,0.0,1.0,14
3,32.0,0,1.0,0.0,0.0,4.0,2360.5,100.0,50.0,0.0,1.0,16
0,39.0,1,39.0,0.0,0.0,6.0,2107.5,100.0,75.0,0.0,1.0,42
3,50.0,0,1.0,4.0,1.0,2.0,620.5,100.0,0.0,0.0,1.0,39
1,31.0,0,16.0,0.0,0.0,5.0,2232.8,100.0,75.0,0.0,0.0,58
3,41.0,0,1.0,0.0,0.0,3.0,1793.3333333333333,100.0,25.0,0.0,1.0,33
1,37.0,1,1.0,0.0,0.0,5.0,632.6,100.0,75.0,0.0,1.0,29
0,46.0,0,13.0,0.0,0.0,6.0,5950.333333333333,100.0,100.0,0.0,1.0,41
3,53.0,1,42.0,0.0,0.0,5.0,4779.0,100.0,50.0,0.0,1.0,24
3,39.0,1,1.0,4.0,1.0,3.0,946.0,100.0,25.0,0.0,1.0,7
3,39.0,0,5.0,0.0,0.0,1.0,288.0,50.0,0.0,0.0,1.0,33
3,39.0,0,1.0,0.0,0.0,6.0,4404.833333333333,100.0,75.0,0.0,1.0,1
0,39.0,1,6.0,0.0,0.0,3.0,14722.333333333334,100.0,25.0,0.0,1.0,29
3,39.0,1,5.0,0.0,0.0,3.0,209.0,100.0,25.0,0.0,1.0,23
1,49.0,1,2.0,0.0,0.0,6.0,3070.0,100.0,100.0,0.0,1.0,13
2,39.0,0,82.0,0.0,0.0,7.0,3982.0,100.0,100.0,0.0,1.0,37
3,35.0,1,1.0,0.0,0.0,4.0,733.25,100.0,50.0,0.0,1.0,10
0,39.0,1,166.0,0.0,0.0,10.0,20210.5,100.0,100.0,37.5,0.0,21
0,45.0,0,1.0,0.0,0.0,4.0,1265.5,100.0,50.0,0.0,1.0,26
3,37.0,0,1.0,0.0,0.0,3.0,1348.6666666666667,100.0,25.0,0.0,1.0,25
3,39.0,1,2.0,0.0,0.0,4.0,2130.5,100.0,50.0,0.0,1.0,9
0,39.0,1,4.0,0.0,0.0,4.0,660.75,100.0,75.0,0.0,0.0,63
3,39.0,1,200.0,4.0,1.0,11.0,2724.4545454545455,100.0,100.0,50.0,0.0,2
1,34.0,1,2.0,0.0,0.0,2.0,508.5,100.0,0.0,0.0,1.0,27
3,45.0,1,1.0,4.0,1.0,4.0,38249.5,100.0,25.0,0.0,1.0,4
3,39.0,0,1.0,0.0,0.0,5.0,5211.6,100.0,75.0,0.0,0.0,35
1,39.0,0,2.0,0.0,0.0,3.0,2824.3333333333335,100.0,25.0,0.0,1.0,45
1,37.0,1,1.0,0.0,0.0,7.0,7323.857142857143,100.0,100.0,12.5,1.0,12
0,33.0,0,4.0,0.0,0.0,1.0,10821.0,50.0,0.0,0.0,1.0,43
3,43.0,0,1.0,0.0,0.0,6.0,7143.666666666667,100.0,75.0,0.0,1.0,14
0,59.0,1,141.0,0.0,0.0,7.0,5720.285714285715,100.0,100.0,0.0,0.0,46
0,46.0,1,51.0,4.0,1.0,8.0,7484.625,100.0,100.0,12.5,0.0,13
3,39.0,0,1.0,0.0,0.0,3.0,0.3333333333333333,100.0,25.0,0.0,1.0,39
0,39.0,0,1.0,4.0,1.0,6.0,4204.5,100.0,75.0,0.0,1.0,35
0,39.0,0,3.0,0.0,0.0,5.0,756.6,100.0,75.0,0.0,1.0,20
0,39.0,0,81.0,4.0,1.0,7.0,7556.571428571428,100.0,100.0,0.0,1.0,26
3,35.0,0,1.0,4.0,1.0,2.0,266.0,100.0,0.0,0.0,1.0,34
1,43.0,1,1.0,0.0,0.0,4.0,1651.5,100.0,50.0,0.0,1.0,21
0,39.0,1,16.0,0.0,0.0,4.0,2381.25,100.0,50.0,0.0,0.0,61
3,44.0,0,82.0,0.0,0.0,8.0,5832.5,100.0,100.0,12.5,1.0,10
3,39.0,0,1.0,0.0,0.0,3.0,1121.3333333333333,100.0,25.0,0.0,1.0,22
3,40.0,1,1034.0,0.0,0.0,9.0,32563.222222222223,100.0,100.0,25.0,0.0,37
1,47.0,0,176.0,0.0,0.0,10.0,56246.2,100.0,100.0,50.0,0.0,25
0,47.0,1,2.0,0.0,0.0,1.0,620.0,50.0,0.0,0.0,1.0,42
0,43.0,0,37.0,0.0,0.0,7.0,4809.285714285715,100.0,100.0,12.5,0.0,41
1,39.0,1,1.0,0.0,0.0,5.0,1788.4,100.0,75.0,0.0,1.0,24
0,39.0,1,1.0,0.0,0.0,5.0,2834.4,100.0,75.0,0.0,1.0,17
1,38.0,1,1.0,0.0,0.0,5.0,3510.2,100.0,75.0,0.0,1.0,23
3,32.0,1,9.0,0.0,0.0,3.0,567.0,100.0,25.0,0.0,1.0,42
0,35.0,1,86.0,0.0,0.0,8.0,7301.25,100.0,100.0,12.5,0.0,51
0,53.0,1,817.0,0.0,0.0,12.0,62520.416666666664,100.0,100.0,62.5,0.0,21
3,39.0,1,12.0,0.0,0.0,2.0,7915.0,50.0,0.0,0.0,1.0,14
3,20.0,0,2.0,4.0,1.0,5.0,4368.0,100.0,75.0,0.0,1.0,21
3,61.0,0,1.0,80.0,23.0,7.0,26760.714285714286,100.0,100.0,12.5,0.0,0
3,37.0,1,1.0,0.0,0.0,3.0,895.6666666666666,100.0,25.0,0.0,1.0,19
0,52.0,0,48.0,10.0,2.0,8.0,7956.375,100.0,100.0,12.5,0.0,13
1,43.0,0,1.0,2.8,1.0,4.0,1130.5,100.0,50.0,0.0,1.0,28
0,50.0,1,527.0,38.0,9.0,10.0,17357.6,100.0,100.0,37.5,1.0,48
3,44.0,1,13.0,0.0,0.0,3.0,259.6666666666667,100.0,25.0,0.0,1.0,41
3,39.0,0,5.0,0.0,0.0,1.0,601.0,50.0,0.0,0.0,1.0,9
3,39.0,1,1.0,4.4,1.0,3.0,371.3333333333333,100.0,25.0,0.0,1.0,8
3,50.0,0,1.0,0.0,0.0,1.0,1167.0,50.0,0.0,0.0,1.0,23
3,52.0,1,45.0,0.0,0.0,9.0,10922.444444444443,100.0,100.0,25.0,1.0,20
3,34.0,1,206.0,4.0,1.0,8.0,7261.0,100.0,100.0,12.5,0.0,28
3,31.0,0,1.0,4.0,1.0,3.0,1676.3333333333333,100.0,25.0,0.0,1.0,24
3,40.0,0,422.0,23.0,4.0,9.0,1018.7777777777778,100.0,100.0,25.0,1.0,39
0,39.0,1,186.0,0.0,0.0,8.0,20131.125,100.0,100.0,12.5,0.0,48
3,33.0,0,5.0,0.0,0.0,3.0,2650.6666666666665,100.0,25.0,0.0,1.0,43
0,40.0,0,10.0,0.0,0.0,2.0,3697.0,100.0,0.0,0.0,1.0,23
0,39.0,1,5.0,0.0,0.0,2.0,576.0,100.0,0.0,0.0,1.0,51
0,39.0,0,52.0,4.0,1.0,6.0,3629.5,100.0,75.0,0.0,1.0,50
0,36.0,0,1098.0,10.0,2.0,12.0,60635.583333333336,100.0,100.0,62.5,0.0,30
1,42.0,1,1.0,0.0,0.0,2.0,592.5,100.0,0.0,0.0,1.0,48
3,50.0,1,1232.0,0.0,0.0,10.0,30794.5,100.0,100.0,50.0,0.0,45
1,45.0,1,37.0,0.0,0.0,7.0,3432.0,100.0,100.0,0.0,1.0,21
3,33.0,1,1.0,4.4,1.0,2.0,3378.5,100.0,0.0,0.0,1.0,10
0,39.0,0,179.0,0.0,0.0,7.0,11660.0,100.0,100.0,0.0,0.0,36
3,44.0,0,1.0,4.0,1.0,3.0,2917.6666666666665,100.0,25.0,0.0,1.0,10
1,42.0,1,19.0,2.8,1.0,9.0,5467.111111111111,100.0,100.0,25.0,0.0,21
1,39.0,0,15.0,0.0,0.0,5.0,2943.8,100.0,75.0,0.0,0.0,57
3,39.0,1,18.0,4.0,1.0,6.0,5497.166666666667,100.0,75.0,0.0,1.0,23
1,39.0,1,23.0,0.0,0.0,6.0,9203.5,100.0,100.0,0.0,1.0,38
3,39.0,0,1.0,4.4,1.0,3.0,1004.6666666666666,100.0,25.0,0.0,1.0,1
1,52.0,1,6.0,0.0,0.0,1.0,14724.0,50.0,0.0,0.0,0.0,57
0,35.0,0,487.0,0.0,0.0,10.0,7314.2,100.0,100.0,37.5,0.0,38
2,42.0,1,169.0,1.4,1.0,7.0,359.85714285714283,100.0,100.0,0.0,1.0,39
0,39.0,0,6.0,0.0,0.0,5.0,1253.8,100.0,75.0,0.0,1.0,57
1,34.0,1,1.0,0.0,0.0,3.0,1868.3333333333333,100.0,25.0,0.0,1.0,34
3,50.0,1,1.0,0.0,0.0,2.0,66768.5,100.0,0.0,0.0,0.0,28
0,39.0,0,32.0,0.0,0.0,3.0,6203.0,100.0,0.0,0.0,0.0,44
3,39.0,1,1.0,0.0,0.0,5.0,5420.2,100.0,50.0,0.0,1.0,33
1,45.0,1,150.0,0.0,0.0,9.0,15267.666666666666,100.0,100.0,25.0,0.0,25
0,39.0,1,1.0,0.0,0.0,1.0,1006.0,50.0,0.0,0.0,1.0,22
0,43.0,1,1.0,4.0,1.0,2.0,4710.0,100.0,0.0,0.0,1.0,30
3,39.0,1,1.0,0.0,0.0,3.0,1187.0,100.0,25.0,0.0,1.0,3
3,23.0,1,472.0,23.0,4.0,11.0,13800.09090909091,100.0,100.0,50.0,0.0,42
3,49.0,0,1.0,0.0,0.0,3.0,1492.3333333333333,100.0,25.0,0.0,1.0,15
1,38.0,0,15.0,0.0,0.0,6.0,4925.0,100.0,100.0,12.5,1.0,29
3,39.0,1,76.0,0.0,0.0,11.0,23720.636363636364,100.0,100.0,50.0,0.0,18
1,39.0,0,16.0,0.0,0.0,4.0,2750.75,100.0,50.0,0.0,1.0,55
3,39.0,1,1.0,0.0,0.0,2.0,1382.0,100.0,0.0,0.0,1.0,13
3,35.0,1,79.0,4.0,1.0,7.0,10169.285714285714,100.0,100.0,0.0,1.0,30
2,23.0,0,266.0,0.0,0.0,1.0,133682.0,50.0,0.0,0.0,1.0,40
1,37.0,0,1.0,0.0,0.0,6.0,1752.5,100.0,75.0,0.0,1.0,21
0,29.0,0,5.0,0.0,0.0,2.0,782.0,100.0,0.0,0.0,1.0,41
3,42.0,0,1.0,0.0,0.0,5.0,6751.2,100.0,75.0,0.0,1.0,20
0,39.0,1,5.0,0.0,0.0,1.0,16.0,50.0,0.0,0.0,0.0,61
1,32.0,0,1.0,2.8,1.0,6.0,5058.333333333333,100.0,100.0,0.0,1.0,20
2,47.0,1,18.0,0.0,0.0,3.0,2048.0,100.0,25.0,0.0,1.0,33
1,19.0,1,5.0,0.0,0.0,4.0,1113.75,100.0,50.0,0.0,1.0,25
3,39.0,1,1.0,0.0,0.0,2.0,16.5,100.0,0.0,0.0,1.0,9
3,47.0,1,32.0,4.0,1.0,4.0,4207.25,100.0,50.0,0.0,1.0,46
3,23.0,1,1.0,22.0,3.0,5.0,4372.8,100.0,75.0,0.0,1.0,21
0,40.0,1,260.0,4.0,1.0,9.0,10519.888888888889,100.0,100.0,25.0,0.0,31
0,39.0,0,3.0,0.0,0.0,4.0,1700.75,100.0,50.0,0.0,0.0,55
3,39.0,0,1.0,0.0,0.0,3.0,837.3333333333334,100.0,25.0,0.0,1.0,11
3,39.0,0,5.0,0.0,0.0,1.0,1313.0,50.0,0.0,0.0,1.0,20
0,38.0,1,1.0,0.0,0.0,5.0,2165.2,100.0,75.0,0.0,1.0,29
3,39.0,1,1.0,0.0,0.0,2.0,2451.0,100.0,0.0,0.0,1.0,20
2,41.0,1,47.0,6.3,3.0,6.0,15951.333333333334,100.0,75.0,0.0,1.0,47
3,55.0,0,4.0,0.0,0.0,2.0,1031.5,100.0,0.0,0.0,1.0,46
0,53.0,0,1.0,0.0,0.0,3.0,687.6666666666666,100.0,25.0,0.0,0.0,56
3,39.0,1,5.0,0.0,0.0,1.0,1605.0,50.0,0.0,0.0,1.0,9
0,47.0,1,8.0,4.0,1.0,5.0,2731.2,100.0,75.0,0.0,1.0,26
3,20.0,0,2.0,0.0,0.0,6.0,1727.3333333333333,100.0,100.0,0.0,1.0,16
0,48.0,1,424.0,0.0,0.0,8.0,13330.0,100.0,100.0,25.0,0.0,51
1,39.0,0,29.0,2.8,1.0,5.0,4078.0,100.0,75.0,0.0,1.0,51
2,39.0,1,14.0,0.0,0.0,3.0,5626.0,100.0,25.0,0.0,1.0,34
3,50.0,0,1.0,0.0,0.0,3.0,817.6666666666666,100.0,25.0,0.0,1.0,35
0,39.0,0,99.0,0.0,0.0,7.0,7209.428571428572,100.0,100.0,0.0,0.0,49
1,39.0,1,8.0,0.0,0.0,3.0,467.6666666666667,100.0,25.0,0.0,1.0,57
1,36.0,1,108.0,0.0,0.0,6.0,21333.333333333332,100.0,75.0,0.0,0.0,23
0,55.0,0,16.0,4.0,1.0,5.0,11061.2,100.0,75.0,0.0,0.0,49
3,39.0,0,13.0,0.0,0.0,3.0,940.0,100.0,25.0,0.0,1.0,40
1,35.0,1,1.0,0.0,0.0,2.0,1517.5,100.0,0.0,0.0,1.0,17
0,18.0,1,12.0,0.0,0.0,7.0,2045.571428571429,100.0,100.0,12.5,1.0,45
1,52.0,1,5.0,0.0,0.0,2.0,878.5,100.0,0.0,0.0,1.0,33
3,39.0,0,1.0,0.0,0.0,3.0,1994.3333333333333,100.0,25.0,0.0,1.0,31
0,18.0,1,5.0,4.0,1.0,1.0,261.0,50.0,0.0,0.0,1.0,20
3,40.0,1,1.0,0.0,0.0,3.0,3635.3333333333335,100.0,25.0,0.0,1.0,7
0,40.0,1,28.0,0.0,0.0,5.0,2725.8,100.0,75.0,0.0,0.0,57
1,39.0,0,26.0,0.0,0.0,5.0,1811.8,100.0,75.0,0.0,0.0,61
1,62.0,1,388.0,2.8,1.0,13.0,66340.53846153847,100.0,100.0,75.0,1.0,15
2,44.0,1,40.0,2.0,1.0,8.0,4001.125,100.0,100.0,12.5,0.0,33
0,21.0,1,1.0,0.0,0.0,6.0,2665.1666666666665,100.0,100.0,0.0,1.0,15
3,31.0,1,1.0,4.0,1.0,6.0,3705.8333333333335,100.0,75.0,0.0,1.0,8
3,42.0,1,16.0,20.0,3.0,4.0,3398.25,100.0,50.0,0.0,1.0,41
0,45.0,1,5.0,4.0,1.0,4.0,872.0,100.0,50.0,0.0,1.0,16
0,47.0,0,889.0,4.0,1.0,11.0,32038.909090909092,100.0,100.0,50.0,0.0,54
0,32.0,0,2.0,0.0,0.0,7.0,15764.57142857143,100.0,100.0,12.5,1.0,18
3,45.0,0,1.0,4.0,1.0,4.0,1432.25,100.0,50.0,0.0,1.0,9
3,18.0,0,5.0,0.0,0.0,3.0,699.3333333333334,100.0,25.0,0.0,1.0,45
3,31.0,1,1.0,0.0,0.0,3.0,2615.3333333333335,100.0,25.0,0.0,1.0,14
3,29.0,1,1.0,0.0,0.0,3.0,1158.6666666666667,100.0,25.0,0.0,1.0,37
1,20.0,1,9.0,0.0,0.0,4.0,2035.5,100.0,50.0,0.0,1.0,58
3,47.0,0,9.0,0.0,0.0,8.0,8273.5,100.0,100.0,12.5,0.0,0
2,39.0,0,5.0,0.0,0.0,3.0,426.6666666666667,100.0,25.0,0.0,1.0,33
1,39.0,0,4.0,0.0,0.0,2.0,1108.5,100.0,0.0,0.0,1.0,57
2,40.0,1,5.0,0.0,0.0,1.0,495.0,50.0,0.0,0.0,1.0,36
0,33.0,1,18.0,0.0,0.0,6.0,1792.6666666666667,100.0,100.0,0.0,0.0,48
3,39.0,1,4.0,0.0,0.0,3.0,1022.6666666666666,100.0,25.0,0.0,1.0,41
3,48.0,1,1.0,0.0,0.0,7.0,5394.857142857143,100.0,100.0,0.0,1.0,19
3,35.0,1,1.0,0.0,0.0,3.0,819.0,100.0,25.0,0.0,1.0,28
3,41.0,1,1.0,0.0,0.0,3.0,1267.3333333333333,100.0,25.0,0.0,1.0,30
1,53.0,0,1.0,0.0,0.0,4.0,820.5,100.0,50.0,0.0,1.0,38
3,30.0,0,1.0,4.0,1.0,10.0,22510.2,100.0,100.0,37.5,1.0,2
0,39.0,1,1.0,0.0,0.0,5.0,754.6,100.0,75.0,0.0,1.0,19
2,18.0,1,1.0,0.0,0.0,3.0,31181.333333333332,100.0,25.0,0.0,0.0,34
0,30.0,1,16.0,0.0,0.0,5.0,2113.0,100.0,75.0,0.0,1.0,53
0,33.0,0,1.0,0.0,0.0,8.0,20210.125,100.0,100.0,12.5,1.0,17
3,39.0,1,1.0,0.0,0.0,1.0,36.0,50.0,0.0,0.0,1.0,10
3,46.0,1,1.0,4.0,1.0,3.0,1228.3333333333333,100.0,25.0,0.0,1.0,15
3,28.0,0,5.0,0.0,0.0,3.0,1612.0,100.0,25.0,0.0,1.0,25
2,39.0,1,1110.0,6.8999996,3.0,12.0,4980.416666666667,100.0,100.0,62.5,0.0,36
3,39.0,1,11.0,0.0,0.0,3.0,1459.6666666666667,100.0,25.0,0.0,1.0,39
3,39.0,1,5.0,0.0,0.0,2.0,541.0,100.0,0.0,0.0,1.0,40
0,39.0,0,5.0,0.0,0.0,3.0,656.0,100.0,25.0,0.0,1.0,57
0,30.0,0,10.0,10.0,2.0,8.0,44364.0,100.0,100.0,25.0,0.0,39
0,42.0,0,7.0,0.0,0.0,4.0,2564.75,100.0,100.0,0.0,0.0,64
1,39.0,1,3.0,0.0,0.0,4.0,5075.75,100.0,50.0,0.0,1.0,43
0,25.0,1,1.0,0.0,0.0,6.0,4658.833333333333,100.0,100.0,0.0,1.0,33
1,31.0,1,429.0,19.599998,5.0,10.0,8838.5,100.0,100.0,37.5,0.0,52
1,43.0,1,1.0,0.0,0.0,5.0,2715.4,100.0,75.0,0.0,1.0,31
1,58.0,0,29.0,0.0,0.0,5.0,4529.6,100.0,75.0,0.0,0.0,57
2,39.0,0,5.0,0.0,0.0,3.0,7556.666666666667,100.0,25.0,0.0,1.0,34
0,38.0,0,1.0,0.0,0.0,6.0,11877.833333333334,100.0,100.0,0.0,1.0,14
0,39.0,1,11.0,0.0,0.0,5.0,2655.4,100.0,75.0,0.0,0.0,51
3,39.0,1,1.0,0.0,0.0,3.0,3060.0,100.0,25.0,0.0,1.0,9
0,41.0,1,3.0,0.0,0.0,5.0,5785.0,100.0,100.0,0.0,0.0,55
3,39.0,1,1.0,0.0,0.0,2.0,31.0,100.0,0.0,0.0,1.0,21
3,37.0,0,18.0,4.0,1.0,6.0,11207.666666666666,100.0,75.0,0.0,1.0,22
3,39.0,1,1.0,4.0,1.0,4.0,7720.75,100.0,50.0,0.0,1.0,0
0,29.0,0,149.0,0.0,0.0,8.0,18962.375,100.0,100.0,12.5,1.0,46
3,21.0,0,5.0,0.0,0.0,2.0,475.5,100.0,0.0,0.0,1.0,26
0,35.0,1,67.0,0.0,0.0,10.0,892.9,100.0,100.0,37.5,0.0,20
1,39.0,0,5.0,0.0,0.0,1.0,581.0,50.0,0.0,0.0,1.0,40
1,41.0,0,41.0,2.8,1.0,12.0,21897.166666666668,100.0,100.0,62.5,0.0,13
0,39.0,0,5.0,0.0,0.0,1.0,347.0,50.0,0.0,0.0,1.0,44
3,23.0,0,65.0,4.0,1.0,8.0,5818.5,100.0,100.0,12.5,0.0,8
1,58.0,0,16.0,0.0,0.0,7.0,3792.0,100.0,100.0,12.5,1.0,18
3,34.0,1,1.0,0.0,0.0,4.0,3848.0,100.0,50.0,0.0,1.0,11
0,45.0,0,126.0,4.0,1.0,8.0,9507.375,100.0,100.0,12.5,1.0,22
1,39.0,0,5.0,0.0,0.0,2.0,1103.5,100.0,0.0,0.0,1.0,48
1,37.0,0,32.0,0.0,0.0,6.0,1759.5,100.0,75.0,0.0,1.0,27
0,39.0,1,5.0,0.0,0.0,4.0,1740.5,100.0,50.0,0.0,1.0,20
1,39.0,1,9.0,0.0,0.0,4.0,1127.5,100.0,75.0,0.0,0.0,55
1,39.0,0,5.0,0.0,0.0,4.0,1503.25,100.0,50.0,0.0,1.0,55
1,39.0,1,35.0,0.0,0.0,7.0,15374.0,100.0,100.0,0.0,0.0,45
0,50.0,1,344.0,20.0,3.0,10.0,11540.9,100.0,100.0,37.5,0.0,32
1,39.0,1,1.0,7.0,2.0,8.0,4887.875,100.0,100.0,25.0,0.0,14
3,41.0,0,5.0,0.0,0.0,1.0,3137.0,50.0,0.0,0.0,1.0,35
1,31.0,0,1.0,0.0,0.0,1.0,3681.0,50.0,0.0,0.0,1.0,14
0,43.0,1,22.0,0.0,0.0,8.0,5364.75,100.0,100.0,25.0,0.0,32
3,39.0,1,8.0,20.0,3.0,10.0,10391.2,100.0,100.0,37.5,0.0,0
1,40.0,0,1.0,0.0,0.0,4.0,252.0,100.0,50.0,0.0,1.0,13
0,74.0,1,484.0,20.0,3.0,8.0,36903.25,100.0,100.0,12.5,0.0,30
3,39.0,0,1.0,0.0,0.0,3.0,445.6666666666667,100.0,25.0,0.0,1.0,0
3,60.0,1,9.0,0.0,0.0,3.0,2226.6666666666665,100.0,25.0,0.0,1.0,38
1,35.0,1,14.0,0.0,0.0,5.0,7142.4,100.0,75.0,0.0,0.0,55
1,39.0,0,120.0,0.0,0.0,7.0,8632.0,100.0,100.0,0.0,0.0,28
0,35.0,1,7.0,0.0,0.0,4.0,2686.25,100.0,50.0,0.0,0.0,36
3,36.0,0,5.0,0.0,0.0,2.0,1623.0,100.0,0.0,0.0,1.0,24
1,36.0,1,1.0,0.0,0.0,4.0,3234.25,100.0,50.0,0.0,1.0,32
1,43.0,1,1.0,0.0,0.0,1.0,620.0,50.0,0.0,0.0,1.0,13
2,38.0,1,49.0,0.0,0.0,6.0,1923.3333333333333,100.0,75.0,0.0,1.0,46
3,63.0,0,1.0,0.0,0.0,3.0,6654.0,100.0,25.0,0.0,1.0,10
3,44.0,0,13.0,0.0,0.0,4.0,1476.0,100.0,50.0,0.0,1.0,35
1,32.0,1,2.0,0.0,0.0,2.0,1139.0,100.0,0.0,0.0,1.0,55
3,39.0,1,1.0,0.0,0.0,3.0,3268.6666666666665,100.0,25.0,0.0,1.0,8
3,28.0,0,1.0,0.0,0.0,6.0,3189.6666666666665,100.0,75.0,0.0,1.0,0
0,24.0,1,4.0,0.0,0.0,1.0,8.0,50.0,0.0,0.0,1.0,49
3,30.0,0,1.0,0.0,0.0,4.0,4993.25,100.0,50.0,0.0,1.0,25
0,42.0,1,1.0,0.0,0.0,4.0,1514.25,100.0,50.0,0.0,1.0,56
0,33.0,1,78.0,4.0,1.0,10.0,16331.1,100.0,100.0,37.5,1.0,13
1,39.0,0,5.0,0.0,0.0,2.0,4.5,100.0,0.0,0.0,1.0,24
1,40.0,1,50.0,2.8,1.0,11.0,10698.90909090909,100.0,100.0,50.0,1.0,21
3,48.0,0,1.0,0.0,0.0,3.0,3595.6666666666665,100.0,25.0,0.0,1.0,14
1,38.0,1,1.0,0.0,0.0,4.0,0.25,100.0,50.0,0.0,1.0,15
1,28.0,0,5.0,0.0,0.0,2.0,176.5,100.0,0.0,0.0,1.0,13
3,39.0,0,5.0,0.0,0.0,1.0,41.0,50.0,0.0,0.0,1.0,15
0,40.0,1,6.0,29.0,6.0,3.0,11622.333333333334,100.0,25.0,0.0,1.0,40
0,21.0,1,10.0,4.0,1.0,5.0,71.0,100.0,75.0,0.0,0.0,61
1,39.0,1,22.0,0.0,0.0,5.0,5433.6,100.0,75.0,0.0,1.0,45
3,47.0,1,18.0,0.0,0.0,4.0,1265.75,100.0,25.0,0.0,1.0,32
2,44.0,0,1.0,0.0,0.0,3.0,28387.333333333332,100.0,25.0,0.0,1.0,32
0,39.0,1,5.0,0.0,0.0,5.0,2875.2,100.0,75.0,0.0,1.0,40
1,39.0,0,2.0,0.0,0.0,4.0,3534.0,100.0,50.0,0.0,1.0,49
0,28.0,0,5.0,0.0,0.0,4.0,2036.0,100.0,50.0,0.0,1.0,45
3,29.0,0,2.0,0.0,0.0,3.0,1763.6666666666667,100.0,25.0,0.0,1.0,26
0,25.0,0,1.0,0.0,0.0,4.0,2575.25,100.0,50.0,0.0,1.0,32
1,49.0,1,72.0,2.8,1.0,5.0,12481.2,100.0,50.0,0.0,1.0,42
0,39.0,1,1.0,0.0,0.0,6.0,2622.0,100.0,75.0,0.0,1.0,24
0,39.0,0,8.0,0.0,0.0,2.0,1724.5,100.0,0.0,0.0,1.0,51
3,45.0,0,49.0,0.0,0.0,5.0,7813.0,100.0,50.0,0.0,1.0,25
0,39.0,1,1.0,0.0,0.0,3.0,2089.0,100.0,25.0,0.0,1.0,31
0,39.0,1,29.0,20.0,3.0,7.0,6384.285714285715,100.0,100.0,0.0,1.0,18
1,39.0,0,139.0,0.0,0.0,9.0,5510.222222222223,100.0,100.0,25.0,1.0,21
3,31.0,1,12.0,10.0,2.0,4.0,2286.75,100.0,50.0,0.0,1.0,41
1,45.0,1,134.0,0.0,0.0,10.0,13309.4,100.0,100.0,37.5,0.0,16
0,31.0,1,5.0,0.0,0.0,3.0,813.6666666666666,100.0,25.0,0.0,1.0,40
0,39.0,1,10.0,0.0,0.0,3.0,1491.0,100.0,25.0,0.0,1.0,54
3,39.0,0,1.0,4.0,1.0,3.0,1214.6666666666667,100.0,25.0,0.0,1.0,1
1,38.0,0,5.0,0.0,0.0,3.0,1930.0,100.0,25.0,0.0,1.0,49
0,42.0,0,679.0,10.0,2.0,12.0,41946.25,100.0,100.0,75.0,0.0,18
1,39.0,1,5.0,2.8,1.0,1.0,964.0,50.0,0.0,0.0,1.0,26
1,39.0,0,5.0,0.0,0.0,2.0,615.0,100.0,0.0,0.0,1.0,57
1,36.0,1,27.0,0.0,0.0,4.0,2069.0,100.0,75.0,0.0,0.0,63
1,59.0,0,14.0,15.4,3.0,5.0,2173.2,100.0,75.0,0.0,1.0,55
3,35.0,1,1.0,0.0,0.0,3.0,1438.0,100.0,25.0,0.0,1.0,16
3,29.0,0,1.0,0.0,0.0,4.0,7763.75,100.0,50.0,0.0,1.0,25
1,38.0,0,3.0,0.0,0.0,3.0,1493.0,100.0,25.0,0.0,1.0,46
1,39.0,1,81.0,0.0,0.0,6.0,1440.8333333333333,100.0,75.0,0.0,0.0,60
1,36.0,1,145.0,0.0,0.0,8.0,11180.25,100.0,100.0,12.5,0.0,52
0,55.0,0,209.0,0.0,0.0,10.0,16919.1,100.0,100.0,37.5,0.0,14
3,37.0,0,6.0,0.0,0.0,3.0,770.3333333333334,100.0,25.0,0.0,1.0,43
1,28.0,1,1.0,0.0,0.0,1.0,5046.0,50.0,0.0,0.0,1.0,37
1,39.0,1,14.0,0.0,0.0,3.0,9616.333333333334,100.0,25.0,0.0,1.0,38
1,39.0,0,281.0,0.0,0.0,3.0,35967.333333333336,100.0,25.0,0.0,0.0,14
1,36.0,1,101.0,0.0,0.0,6.0,4625.5,100.0,75.0,0.0,0.0,42
3,49.0,0,1.0,0.0,0.0,2.0,338.0,100.0,0.0,0.0,1.0,26
3,54.0,0,5.0,0.0,0.0,3.0,1066.3333333333333,100.0,25.0,0.0,1.0,22
3,23.0,1,1.0,0.0,0.0,3.0,1091.0,100.0,25.0,0.0,1.0,25
3,39.0,0,1.0,0.0,0.0,3.0,912.6666666666666,100.0,25.0,0.0,1.0,0
1,39.0,1,116.0,2.8,1.0,7.0,7533.857142857143,100.0,100.0,0.0,1.0,44
0,39.0,0,1.0,0.0,0.0,4.0,1224.75,100.0,50.0,0.0,1.0,13
0,44.0,1,28.0,0.0,0.0,6.0,7048.333333333333,100.0,100.0,0.0,0.0,59
0,35.0,1,1.0,0.0,0.0,1.0,8205.0,50.0,0.0,0.0,1.0,32
3,39.0,0,25.0,10.0,2.0,5.0,7279.8,100.0,75.0,0.0,0.0,29
0,39.0,0,1.0,4.0,1.0,7.0,5588.285714285715,100.0,100.0,0.0,1.0,23
3,39.0,0,5.0,0.0,0.0,2.0,706.0,100.0,0.0,0.0,1.0,25
0,46.0,0,1.0,0.0,0.0,4.0,1862.75,100.0,50.0,0.0,1.0,36
3,45.0,0,1.0,4.0,1.0,3.0,7586.666666666667,100.0,25.0,0.0,1.0,1
1,26.0,1,4.0,0.0,0.0,2.0,1167.5,100.0,0.0,0.0,1.0,48
0,41.0,1,7.0,0.0,0.0,3.0,900.3333333333334,100.0,25.0,0.0,0.0,60
2,42.0,1,1020.0,0.0,0.0,6.0,39810.833333333336,100.0,75.0,0.0,0.0,41
0,23.0,0,5.0,20.0,3.0,6.0,3435.0,100.0,100.0,0.0,0.0,52
1,54.0,0,762.0,7.0,2.0,5.0,31661.8,100.0,50.0,0.0,0.0,43
0,39.0,0,1.0,0.0,0.0,3.0,1832.3333333333333,100.0,25.0,0.0,1.0,42
3,42.0,1,1.0,0.0,0.0,3.0,1594.0,100.0,25.0,0.0,1.0,9
1,39.0,1,1.0,2.8,1.0,4.0,1552.0,100.0,50.0,0.0,1.0,22
1,37.0,0,5.0,0.0,0.0,3.0,634.3333333333334,100.0,25.0,0.0,0.0,62
1,30.0,0,6.0,0.0,0.0,3.0,1130.3333333333333,100.0,25.0,0.0,1.0,40
3,36.0,0,41.0,0.0,0.0,2.0,42139.5,50.0,0.0,0.0,1.0,31
3,44.0,1,348.0,20.0,3.0,8.0,21407.375,100.0,100.0,25.0,0.0,43
0,30.0,0,5.0,20.0,3.0,3.0,347.3333333333333,100.0,25.0,0.0,1.0,55
3,23.0,0,5.0,0.0,0.0,1.0,576.0,50.0,0.0,0.0,1.0,25
3,39.0,1,5.0,0.0,0.0,3.0,707.6666666666666,100.0,25.0,0.0,1.0,38
3,47.0,1,3.0,0.0,0.0,3.0,1663.3333333333333,100.0,25.0,0.0,1.0,19
0,39.0,1,63.0,0.0,0.0,5.0,12408.0,100.0,50.0,0.0,1.0,37
0,40.0,1,105.0,0.0,0.0,9.0,40313.555555555555,100.0,100.0,37.5,0.0,56
1,27.0,0,5.0,0.0,0.0,4.0,883.5,100.0,50.0,0.0,1.0,26
1,65.0,1,1.0,2.8,1.0,7.0,6399.0,100.0,100.0,0.0,1.0,18
3,39.0,0,1.0,0.0,0.0,3.0,1368.3333333333333,100.0,25.0,0.0,1.0,28
1,40.0,0,2.0,0.0,0.0,4.0,1036.75,100.0,75.0,0.0,0.0,64
0,39.0,1,48.0,0.0,0.0,7.0,482.7142857142857,100.0,100.0,0.0,1.0,55
3,37.0,0,2.0,0.0,0.0,3.0,837.6666666666666,100.0,25.0,0.0,1.0,44
1,44.0,1,88.0,33.6,10.0,8.0,15629.875,100.0,100.0,25.0,0.0,54
3,59.0,1,14.0,0.0,0.0,6.0,9051.666666666666,100.0,75.0,0.0,1.0,27
1,39.0,1,1.0,0.0,0.0,4.0,846.5,100.0,50.0,0.0,1.0,46
2,46.0,1,142.0,0.0,0.0,6.0,3812.3333333333335,100.0,75.0,0.0,1.0,46
3,39.0,0,5.0,4.0,1.0,2.0,802.0,100.0,0.0,0.0,1.0,15
3,39.0,0,1.0,0.0,0.0,2.0,1080.0,100.0,0.0,0.0,1.0,14
3,39.0,1,1.0,0.0,0.0,3.0,152.66666666666666,100.0,25.0,0.0,1.0,11
0,47.0,1,1.0,0.0,0.0,1.0,2621.0,50.0,0.0,0.0,1.0,18
1,39.0,1,1.0,0.0,0.0,4.0,1840.0,100.0,50.0,0.0,1.0,53
3,39.0,1,1.0,0.0,0.0,3.0,987.3333333333334,100.0,25.0,0.0,1.0,11
1,39.0,1,31.0,0.0,0.0,6.0,3839.5,100.0,75.0,0.0,1.0,45
3,39.0,0,1.0,4.4,1.0,5.0,7268.6,100.0,50.0,0.0,1.0,1
3,46.0,1,1.0,0.0,0.0,2.0,449.0,100.0,0.0,0.0,1.0,25
0,39.0,1,5.0,0.0,0.0,3.0,781.0,100.0,25.0,0.0,1.0,37
3,34.0,0,1.0,4.0,1.0,3.0,18359.0,100.0,0.0,0.0,1.0,7
0,40.0,0,13.0,0.0,0.0,7.0,7533.714285714285,100.0,100.0,12.5,0.0,43
0,47.0,0,38.0,0.0,0.0,5.0,6023.4,100.0,50.0,0.0,1.0,53
3,45.0,0,12.0,0.0,0.0,7.0,5765.571428571428,100.0,100.0,0.0,1.0,19
3,57.0,0,1.0,0.0,0.0,1.0,1599.0,50.0,0.0,0.0,1.0,32
3,54.0,0,1.0,0.0,0.0,3.0,7087.0,100.0,25.0,0.0,1.0,26
0,39.0,0,3.0,0.0,0.0,4.0,83.5,100.0,50.0,0.0,0.0,60
0,25.0,1,1.0,0.0,0.0,4.0,919.5,100.0,50.0,0.0,1.0,13
0,39.0,0,1.0,0.0,0.0,5.0,1227.6,100.0,75.0,0.0,1.0,26
0,51.0,1,25.0,0.0,0.0,5.0,2639.0,100.0,75.0,0.0,0.0,58
1,54.0,1,1.0,0.0,0.0,3.0,978.6666666666666,100.0,25.0,0.0,1.0,15
0,36.0,1,1.0,0.0,0.0,3.0,249.33333333333337,100.0,25.0,0.0,1.0,37
3,48.0,0,1.0,0.0,0.0,3.0,812.3333333333334,100.0,25.0,0.0,1.0,31
3,18.0,0,1.0,0.0,0.0,5.0,2634.4,100.0,75.0,0.0,1.0,16
3,50.0,0,220.0,0.0,0.0,7.0,24965.85714285714,100.0,100.0,0.0,0.0,21
3,37.0,1,121.0,4.0,1.0,9.0,4097.555555555556,100.0,100.0,25.0,0.0,8
0,53.0,1,536.0,10.0,2.0,2.0,184922.5,100.0,0.0,0.0,0.0,28
0,44.0,1,8.0,0.0,0.0,4.0,1325.25,100.0,50.0,0.0,1.0,55
3,18.0,1,1.0,0.0,0.0,2.0,40.5,100.0,0.0,0.0,1.0,19
3,53.0,1,1.0,0.0,0.0,4.0,2007.25,100.0,50.0,0.0,1.0,30
3,24.0,0,5.0,0.0,0.0,3.0,1357.0,100.0,25.0,0.0,1.0,37
1,41.0,1,88.0,7.0,2.0,9.0,7426.444444444444,100.0,100.0,25.0,0.0,28
3,51.0,0,1.0,0.0,0.0,3.0,1708.6666666666667,100.0,25.0,0.0,1.0,36
0,35.0,0,1.0,4.0,1.0,10.0,9131.3,100.0,100.0,37.5,1.0,18
0,39.0,0,5.0,0.0,0.0,1.0,20.0,50.0,0.0,0.0,1.0,44
0,58.0,0,52.0,4.0,1.0,9.0,8054.0,100.0,100.0,25.0,0.0,17
3,41.0,0,2.0,0.0,0.0,3.0,5633.333333333333,100.0,25.0,0.0,1.0,43
3,48.0,0,6.0,0.0,0.0,3.0,1326.3333333333333,100.0,25.0,0.0,1.0,29
0,39.0,0,5.0,0.0,0.0,1.0,1267.0,50.0,0.0,0.0,1.0,58
0,37.0,1,3.0,0.0,0.0,1.0,2426.0,50.0,0.0,0.0,1.0,50
2,25.0,0,1.0,0.0,0.0,3.0,656.6666666666666,100.0,25.0,0.0,1.0,35
2,34.0,0,5.0,0.0,0.0,3.0,2292.0,100.0,25.0,0.0,1.0,36
0,39.0,0,7.0,0.0,0.0,6.0,6735.166666666667,100.0,100.0,0.0,1.0,41
0,38.0,0,315.0,10.0,2.0,10.0,36371.4,100.0,100.0,37.5,0.0,21
0,23.0,1,5.0,0.0,0.0,9.0,6287.111111111111,100.0,100.0,37.5,0.0,20
3,45.0,0,5.0,0.0,0.0,3.0,1605.0,100.0,25.0,0.0,1.0,35
3,67.0,0,592.0,20.0,3.0,12.0,46127.5,100.0,100.0,62.5,0.0,0
0,39.0,1,5.0,0.0,0.0,4.0,1021.25,100.0,50.0,0.0,0.0,60
0,41.0,0,62.0,0.0,0.0,4.0,14342.75,100.0,25.0,0.0,1.0,43
3,35.0,1,1.0,0.0,0.0,3.0,2853.0,100.0,25.0,0.0,1.0,22
1,39.0,1,101.0,2.8,1.0,7.0,6807.857142857143,100.0,100.0,0.0,0.0,52
1,29.0,1,48.0,0.0,0.0,8.0,6744.125,100.0,100.0,12.5,0.0,54
1,45.0,0,1.0,0.0,0.0,4.0,303.5,100.0,50.0,0.0,1.0,45
3,48.0,1,1.0,0.0,0.0,3.0,5085.666666666667,100.0,25.0,0.0,1.0,23
3,39.0,0,1.0,0.0,0.0,4.0,1385.75,100.0,50.0,0.0,1.0,7
3,59.0,1,1.0,0.0,0.0,3.0,374.3333333333333,100.0,25.0,0.0,1.0,11
3,50.0,0,1.0,4.0,1.0,8.0,20516.875,100.0,100.0,12.5,0.0,0
0,39.0,1,192.0,0.0,0.0,11.0,12415.181818181818,100.0,100.0,50.0,0.0,13
1,53.0,0,1.0,0.0,0.0,4.0,399.25,100.0,50.0,0.0,1.0,20
2,39.0,1,2.0,0.0,0.0,3.0,5963.333333333333,100.0,25.0,0.0,1.0,37
1,41.0,0,19.0,0.0,0.0,5.0,2023.4,100.0,75.0,0.0,0.0,63
2,39.0,0,1.0,0.0,0.0,3.0,1223.0,100.0,25.0,0.0,1.0,33
0,42.0,0,1.0,0.0,0.0,2.0,423.0,100.0,0.0,0.0,1.0,16
0,45.0,1,5.0,0.0,0.0,3.0,912.6666666666666,100.0,25.0,0.0,1.0,22
1,27.0,1,1.0,0.0,0.0,1.0,1539.0,50.0,0.0,0.0,1.0,47
3,39.0,1,5.0,0.0,0.0,1.0,919.0,50.0,0.0,0.0,1.0,12
1,39.0,1,1.0,0.0,0.0,2.0,946.5,100.0,0.0,0.0,1.0,12
3,54.0,1,1.0,0.0,0.0,2.0,229.0,100.0,0.0,0.0,1.0,11
3,31.0,1,179.0,0.0,0.0,7.0,2796.5714285714284,100.0,100.0,0.0,0.0,41
0,39.0,1,55.0,0.0,0.0,4.0,2033.25,100.0,50.0,0.0,1.0,24
3,51.0,1,1.0,0.0,0.0,2.0,1297.0,100.0,0.0,0.0,1.0,35
3,38.0,0,47.0,20.0,3.0,7.0,11146.714285714286,100.0,100.0,0.0,1.0,9
3,28.0,1,34.0,20.0,3.0,5.0,1630.2,100.0,50.0,0.0,1.0,41
3,22.0,1,1.0,0.0,0.0,1.0,2692.0,50.0,0.0,0.0,1.0,10
1,39.0,1,9.0,0.0,0.0,4.0,2074.75,100.0,50.0,0.0,1.0,57
1,39.0,1,16.0,0.0,0.0,4.0,4019.25,100.0,25.0,0.0,1.0,33
0,45.0,1,204.0,0.0,0.0,9.0,11775.0,100.0,100.0,25.0,0.0,43
2,53.0,0,5.0,0.0,0.0,1.0,572.0,50.0,0.0,0.0,1.0,44
0,39.0,0,5.0,0.0,0.0,3.0,1623.3333333333333,100.0,25.0,0.0,1.0,52
3,29.0,0,1.0,4.0,1.0,3.0,5090.0,100.0,25.0,0.0,1.0,10
0,39.0,1,163.0,0.0,0.0,8.0,17844.875,100.0,100.0,12.5,0.0,40
0,39.0,1,2.0,0.0,0.0,4.0,3.5,100.0,50.0,0.0,1.0,54
0,40.0,0,611.0,0.0,0.0,5.0,19645.4,100.0,75.0,0.0,0.0,40
3,36.0,1,1.0,0.0,0.0,7.0,1561.0,100.0,100.0,0.0,1.0,6
2,41.0,0,11.0,0.0,0.0,3.0,5491.0,100.0,25.0,0.0,1.0,36
0,30.0,0,1.0,10.0,2.0,4.0,1083.0,100.0,50.0,0.0,1.0,55
1,57.0,0,328.0,0.0,0.0,5.0,18063.4,100.0,50.0,0.0,0.0,39
2,39.0,1,32.0,0.0,0.0,5.0,3717.8,100.0,50.0,0.0,1.0,40
3,39.0,1,1.0,4.0,1.0,13.0,56405.15384615384,100.0,100.0,75.0,0.0,14
3,21.0,0,1.0,0.0,0.0,5.0,2755.4,100.0,75.0,0.0,1.0,14
1,46.0,1,470.0,0.0,0.0,11.0,22022.0,100.0,100.0,50.0,0.0,27
3,45.0,1,1.0,4.0,1.0,6.0,1796.3333333333333,100.0,75.0,0.0,1.0,26
3,67.0,0,1.0,4.0,1.0,7.0,26153.285714285714,100.0,100.0,0.0,1.0,13
0,39.0,0,131.0,4.0,1.0,6.0,5229.333333333333,100.0,100.0,0.0,0.0,56
3,36.0,0,1.0,4.0,1.0,2.0,1322.0,100.0,0.0,0.0,1.0,17
1,40.0,0,4.0,0.0,0.0,5.0,2824.6,100.0,75.0,0.0,0.0,36
3,39.0,0,1.0,0.0,0.0,2.0,1080.0,100.0,0.0,0.0,1.0,34
0,39.0,1,11.0,0.0,0.0,8.0,35349.625,100.0,100.0,25.0,1.0,23
3,39.0,1,1.0,0.0,0.0,5.0,4971.6,100.0,50.0,0.0,1.0,2
0,39.0,0,10.0,0.0,0.0,4.0,1234.25,100.0,50.0,0.0,1.0,55
3,39.0,1,5.0,0.0,0.0,1.0,1352.0,50.0,0.0,0.0,1.0,13
1,39.0,1,5.0,2.8,1.0,4.0,2112.75,100.0,50.0,0.0,1.0,20
3,34.0,1,1.0,0.0,0.0,3.0,60.333333333333336,100.0,25.0,0.0,1.0,26
0,39.0,0,234.0,0.0,0.0,9.0,37925.77777777778,100.0,100.0,25.0,0.0,17
0,33.0,0,96.0,0.0,0.0,6.0,6165.666666666667,100.0,75.0,0.0,1.0,40
3,38.0,0,1.0,0.0,0.0,2.0,183.5,100.0,0.0,0.0,1.0,35
0,40.0,1,1.0,0.0,0.0,3.0,562.6666666666666,100.0,25.0,0.0,1.0,27
0,46.0,1,1.0,4.0,1.0,5.0,1053.0,100.0,75.0,0.0,1.0,25
1,49.0,1,20.0,0.0,0.0,8.0,6928.125,100.0,100.0,12.5,1.0,23
1,39.0,1,1.0,0.0,0.0,1.0,1093.0,50.0,0.0,0.0,1.0,13
3,38.0,1,1.0,0.0,0.0,3.0,810.3333333333334,100.0,25.0,0.0,1.0,20
0,33.0,1,5.0,0.0,0.0,2.0,154.5,100.0,0.0,0.0,1.0,49
0,39.0,0,1.0,0.0,0.0,1.0,1374.0,50.0,0.0,0.0,1.0,40
3,39.0,0,678.0,4.0,1.0,9.0,40728.77777777778,100.0,100.0,25.0,0.0,33
0,39.0,1,13.0,0.0,0.0,4.0,875.0,100.0,50.0,0.0,1.0,45
3,39.0,0,1.0,0.0,0.0,3.0,380.0,100.0,25.0,0.0,1.0,2
3,39.0,1,1.0,0.0,0.0,2.0,1279.0,100.0,0.0,0.0,1.0,2
3,39.0,1,1.0,0.0,0.0,3.0,591.3333333333334,100.0,25.0,0.0,1.0,41
3,22.0,1,1.0,4.0,1.0,4.0,3734.0,100.0,50.0,0.0,1.0,2
1,39.0,1,1.0,0.0,0.0,1.0,439.0,50.0,0.0,0.0,1.0,34
0,29.0,1,62.0,4.0,1.0,11.0,16190.272727272728,100.0,100.0,50.0,1.0,25
3,57.0,0,1.0,0.0,0.0,2.0,947.5,100.0,0.0,0.0,1.0,41
3,48.0,1,33.0,0.0,0.0,5.0,2405.8,100.0,50.0,0.0,1.0,41
0,41.0,1,6.0,4.0,1.0,5.0,1459.0,100.0,75.0,0.0,1.0,32
1,39.0,1,328.0,0.0,0.0,8.0,10620.25,100.0,100.0,12.5,0.0,42
3,26.0,0,1.0,0.0,0.0,2.0,1311.0,100.0,0.0,0.0,1.0,38
3,48.0,1,1.0,0.0,0.0,2.0,657.0,100.0,0.0,0.0,1.0,20
0,23.0,0,1.0,0.0,0.0,4.0,615.0,100.0,50.0,0.0,1.0,33
3,39.0,1,1.0,0.0,0.0,3.0,746.0,100.0,25.0,0.0,1.0,29
3,56.0,0,1117.0,77.0,22.0,13.0,52011.84615384616,100.0,100.0,75.0,0.0,17
0,24.0,1,5.0,0.0,0.0,4.0,906.5,100.0,50.0,0.0,1.0,45
0,34.0,0,1.0,0.0,0.0,4.0,354.75,100.0,50.0,0.0,1.0,41
1,30.0,1,2.0,0.0,0.0,4.0,1403.0,100.0,50.0,0.0,1.0,42
0,39.0,0,1.0,0.0,0.0,5.0,2243.8,100.0,75.0,0.0,1.0,13
0,38.0,0,5.0,4.0,1.0,5.0,1585.6,100.0,75.0,0.0,0.0,57
0,35.0,0,5.0,0.0,0.0,4.0,1102.25,100.0,50.0,0.0,1.0,46
1,74.0,1,5.0,16.8,4.0,4.0,1268.25,100.0,50.0,0.0,1.0,39
0,55.0,1,33.0,0.0,0.0,7.0,5443.714285714285,100.0,100.0,0.0,1.0,43
3,44.0,1,5.0,0.0,0.0,2.0,710.0,100.0,0.0,0.0,1.0,39
3,32.0,0,1.0,0.0,0.0,1.0,48799.0,50.0,0.0,0.0,1.0,12
0,39.0,1,5.0,0.0,0.0,1.0,1453.0,50.0,0.0,0.0,1.0,34
0,36.0,0,28.0,0.0,0.0,5.0,3481.2,100.0,75.0,0.0,1.0,39
0,43.0,1,5.0,0.0,0.0,5.0,353.6,100.0,75.0,0.0,0.0,57
1,47.0,0,1.0,0.0,0.0,3.0,434.0,100.0,25.0,0.0,1.0,41
1,48.0,0,4.0,0.0,0.0,6.0,1666.1666666666667,100.0,100.0,0.0,0.0,26
3,59.0,0,28.0,0.0,0.0,10.0,6060.9,100.0,100.0,37.5,0.0,23
0,28.0,0,1.0,0.0,0.0,3.0,16148.333333333334,100.0,25.0,0.0,1.0,36
3,29.0,1,1.0,0.0,0.0,5.0,678.2,100.0,50.0,0.0,1.0,18
0,45.0,0,231.0,10.0,2.0,11.0,29189.636363636364,100.0,100.0,50.0,0.0,17
1,30.0,0,12.0,14.0,3.0,5.0,5922.2,100.0,75.0,0.0,1.0,13
0,39.0,0,5.0,0.0,0.0,2.0,1547.0,100.0,0.0,0.0,1.0,48
2,39.0,1,5.0,0.0,0.0,3.0,733.0,100.0,25.0,0.0,1.0,32
1,43.0,0,404.0,0.0,0.0,10.0,40174.8,100.0,100.0,50.0,0.0,24
1,39.0,0,4.0,0.0,0.0,4.0,945.25,100.0,50.0,0.0,1.0,54
1,47.0,0,526.0,0.0,0.0,12.0,22085.25,100.0,100.0,75.0,0.0,25
0,39.0,1,22.0,0.0,0.0,3.0,1176.0,100.0,25.0,0.0,0.0,58
0,39.0,0,2.0,0.0,0.0,4.0,913.5,100.0,50.0,0.0,1.0,51
3,30.0,1,1.0,0.0,0.0,3.0,1718.6666666666667,100.0,25.0,0.0,1.0,29
2,39.0,0,56.0,1.4,1.0,6.0,6096.333333333333,100.0,75.0,0.0,0.0,49
0,42.0,1,5.0,4.0,1.0,2.0,97672.0,100.0,0.0,0.0,1.0,22
1,40.0,1,3.0,7.0,2.0,4.0,3163.75,100.0,50.0,0.0,1.0,34
1,59.0,0,1.0,0.0,0.0,2.0,609.0,100.0,0.0,0.0,1.0,31
3,33.0,0,1.0,4.0,1.0,3.0,3763.6666666666665,100.0,25.0,0.0,1.0,8
0,41.0,1,1.0,0.0,0.0,5.0,1148.0,100.0,75.0,0.0,1.0,17
3,57.0,0,6.0,10.0,2.0,8.0,15708.125,100.0,100.0,12.5,1.0,30
0,25.0,0,1.0,0.0,0.0,5.0,1295.8,100.0,75.0,0.0,0.0,50
3,39.0,0,5.0,0.0,0.0,3.0,771.0,100.0,25.0,0.0,1.0,5
0,33.0,0,42.0,0.0,0.0,6.0,3270.1666666666665,100.0,75.0,0.0,0.0,60
0,44.0,1,42.0,0.0,0.0,6.0,12265.166666666666,100.0,100.0,0.0,0.0,63
0,41.0,0,48.0,0.0,0.0,9.0,8505.555555555555,100.0,100.0,25.0,0.0,40
1,39.0,1,2.0,0.0,0.0,7.0,6539.714285714285,100.0,100.0,12.5,0.0,34
1,45.0,1,11.0,3.08,1.0,5.0,4531.4,100.0,75.0,0.0,1.0,15
3,67.0,0,44.0,0.0,0.0,6.0,3564.1666666666665,100.0,75.0,0.0,1.0,15
0,39.0,0,12.0,0.0,0.0,6.0,3190.6666666666665,100.0,100.0,0.0,0.0,55
1,39.0,0,1.0,0.0,0.0,2.0,445.0,100.0,0.0,0.0,1.0,47
3,49.0,0,5.0,0.0,0.0,4.0,3739.25,100.0,50.0,0.0,1.0,37
0,29.0,0,7.0,0.0,0.0,5.0,7779.0,100.0,75.0,0.0,1.0,54
1,45.0,0,801.0,0.0,0.0,12.0,499.25,100.0,100.0,62.5,0.0,35
1,53.0,1,301.0,0.0,0.0,5.0,32027.8,100.0,50.0,0.0,0.0,54
0,39.0,0,86.0,0.0,0.0,6.0,8017.333333333333,100.0,75.0,0.0,1.0,41
3,39.0,0,25.0,0.0,0.0,4.0,2757.0,100.0,25.0,0.0,1.0,38
1,39.0,0,52.0,0.0,0.0,11.0,9672.727272727272,100.0,100.0,50.0,1.0,26
1,39.0,1,5.0,0.0,0.0,4.0,0.0,100.0,50.0,0.0,1.0,59
3,39.0,1,5.0,0.0,0.0,1.0,467.0,50.0,0.0,0.0,1.0,42
1,39.0,0,139.0,0.0,0.0,5.0,3984.6,100.0,75.0,0.0,1.0,35
3,18.0,1,7.0,0.0,0.0,3.0,985.3333333333334,100.0,25.0,0.0,1.0,39
1,26.0,1,1.0,0.0,0.0,6.0,994.5,100.0,100.0,0.0,1.0,43
0,48.0,1,18.0,0.0,0.0,4.0,1944.25,100.0,50.0,0.0,0.0,55
3,35.0,0,1.0,0.0,0.0,3.0,1307.3333333333333,100.0,25.0,0.0,1.0,30
1,30.0,0,113.0,3.08,1.0,10.0,6622.5,100.0,100.0,37.5,1.0,13
0,25.0,1,9.0,10.0,2.0,5.0,2261.2,100.0,75.0,0.0,0.0,55
0,39.0,1,6.0,0.0,0.0,4.0,649.5,100.0,75.0,0.0,1.0,45
0,39.0,1,1.0,0.0,0.0,3.0,430.6666666666667,100.0,25.0,0.0,1.0,49
3,54.0,0,5.0,0.0,0.0,1.0,240.0,50.0,0.0,0.0,1.0,20
1,47.0,1,410.0,2.8,1.0,11.0,23594.727272727272,100.0,100.0,50.0,0.0,18
1,42.0,0,1.0,2.8,1.0,1.0,57108.0,50.0,0.0,0.0,0.0,48
3,45.0,1,5.0,0.0,0.0,1.0,673.0,50.0,0.0,0.0,1.0,43
3,43.0,0,6.0,4.0,1.0,4.0,4062.0,100.0,25.0,0.0,1.0,4
3,39.0,0,1.0,4.0,1.0,6.0,4801.0,100.0,75.0,0.0,1.0,11
1,49.0,0,1.0,0.0,0.0,4.0,2427.25,100.0,50.0,0.0,1.0,30
2,40.0,1,15.0,4.1,2.0,11.0,2062.0,100.0,100.0,50.0,0.0,33
1,36.0,0,219.0,0.0,0.0,9.0,16662.88888888889,100.0,100.0,25.0,0.0,44
0,39.0,1,5.0,0.0,0.0,1.0,166.0,50.0,0.0,0.0,1.0,48
0,39.0,1,6.0,0.0,0.0,5.0,7308.8,100.0,75.0,0.0,1.0,34
1,36.0,0,1.0,2.8,1.0,5.0,2560.0,100.0,75.0,0.0,1.0,13
1,53.0,0,5.0,0.0,0.0,5.0,1649.4,100.0,75.0,0.0,0.0,60
0,34.0,0,2.0,0.0,0.0,5.0,4190.0,100.0,75.0,0.0,0.0,52
1,47.0,1,243.0,0.0,0.0,12.0,38063.25,100.0,100.0,62.5,0.0,13
1,54.0,0,1.0,0.0,0.0,6.0,5422.0,100.0,75.0,0.0,1.0,15
0,36.0,0,48.0,0.0,0.0,6.0,2120.8333333333335,100.0,75.0,0.0,0.0,58
3,39.0,0,1.0,4.0,1.0,6.0,3533.1666666666665,100.0,75.0,0.0,1.0,8
3,39.0,0,3.0,4.0,1.0,4.0,2720.75,100.0,50.0,0.0,1.0,20
3,39.0,0,1.0,0.0,0.0,2.0,716.5,100.0,0.0,0.0,1.0,12
3,39.0,1,5.0,0.0,0.0,1.0,14.0,50.0,0.0,0.0,1.0,16
1,44.0,0,93.0,0.0,0.0,8.0,9887.375,100.0,100.0,12.5,0.0,46
1,51.0,0,56.0,7.0,2.0,10.0,20669.2,100.0,100.0,37.5,0.0,31
1,39.0,0,5.0,0.0,0.0,1.0,901.0,50.0,0.0,0.0,1.0,55
0,42.0,1,112.0,0.0,0.0,1.0,69705.0,50.0,0.0,0.0,0.0,25
0,58.0,0,80.0,0.0,0.0,6.0,8825.0,100.0,75.0,0.0,0.0,44
1,30.0,0,1.0,0.0,0.0,4.0,2509.5,100.0,50.0,0.0,1.0,24
1,41.0,0,4.0,0.0,0.0,5.0,5622.6,100.0,75.0,0.0,0.0,62
3,40.0,1,5.0,4.0,1.0,5.0,4567.6,100.0,75.0,0.0,1.0,29
3,41.0,1,317.0,29.0,6.0,7.0,8660.0,100.0,100.0,12.5,0.0,24
3,56.0,1,1.0,0.0,0.0,3.0,2881.0,100.0,25.0,0.0,1.0,11
1,42.0,1,1.0,0.0,0.0,1.0,626.0,50.0,0.0,0.0,1.0,34
0,28.0,0,12.0,0.0,0.0,5.0,1736.6,100.0,75.0,0.0,0.0,51
3,39.0,0,1.0,0.0,0.0,4.0,756.5,100.0,50.0,0.0,1.0,9
3,56.0,0,1.0,4.0,1.0,4.0,21.5,100.0,50.0,0.0,1.0,14
0,42.0,1,1.0,0.0,0.0,2.0,314.5,100.0,0.0,0.0,0.0,60
0,39.0,1,1.0,0.0,0.0,4.0,304.5,100.0,50.0,0.0,1.0,23
0,39.0,0,36.0,26.0,5.0,7.0,5074.857142857143,100.0,100.0,0.0,0.0,56
3,21.0,0,5.0,0.0,0.0,1.0,1568.0,50.0,0.0,0.0,1.0,10
3,39.0,1,1.0,0.0,0.0,3.0,244.33333333333337,100.0,25.0,0.0,1.0,32
0,39.0,0,1.0,0.0,0.0,4.0,1191.25,100.0,50.0,0.0,1.0,34
0,48.0,0,23.0,0.0,0.0,5.0,531.4,100.0,75.0,0.0,0.0,54
0,55.0,0,118.0,4.0,1.0,7.0,7727.857142857143,100.0,100.0,0.0,1.0,39
1,50.0,1,28.0,0.0,0.0,6.0,12130.5,100.0,75.0,0.0,1.0,22
2,51.0,1,3.0,5.0,2.0,3.0,1284.3333333333333,100.0,25.0,0.0,1.0,39
3,45.0,0,4.0,0.0,0.0,1.0,11952.0,50.0,0.0,0.0,1.0,10
0,39.0,0,1.0,0.0,0.0,1.0,1619.0,50.0,0.0,0.0,1.0,38
0,39.0,0,746.0,0.0,0.0,6.0,59010.0,100.0,100.0,0.0,0.0,15
0,39.0,1,5.0,0.0,0.0,4.0,564.5,100.0,50.0,0.0,1.0,38
3,36.0,0,5.0,0.0,0.0,1.0,985.0,50.0,0.0,0.0,1.0,19
0,43.0,0,5.0,0.0,0.0,2.0,781.0,100.0,0.0,0.0,1.0,41
1,38.0,1,107.0,2.8,1.0,8.0,15794.625,100.0,100.0,12.5,1.0,32
3,49.0,0,1.0,0.0,0.0,2.0,1171.5,100.0,0.0,0.0,1.0,22
0,39.0,1,29.0,0.0,0.0,4.0,2441.0,100.0,75.0,0.0,1.0,58
3,38.0,0,1.0,4.4,1.0,3.0,60377.333333333336,100.0,25.0,0.0,1.0,1
1,32.0,0,5.0,0.0,0.0,1.0,14.0,50.0,0.0,0.0,1.0,14
3,54.0,0,615.0,0.0,0.0,8.0,20254.375,100.0,100.0,12.5,0.0,25
3,57.0,1,5.0,0.0,0.0,1.0,39844.0,50.0,0.0,0.0,0.0,14
1,27.0,0,10.0,0.0,0.0,4.0,2146.5,100.0,50.0,0.0,1.0,54
0,33.0,1,16.0,0.0,0.0,4.0,3717.0,100.0,50.0,0.0,1.0,14
0,39.0,0,6.0,0.0,0.0,4.0,2018.25,100.0,50.0,0.0,1.0,39
3,46.0,0,1.0,0.0,0.0,3.0,734.3333333333334,100.0,25.0,0.0,1.0,22
0,39.0,1,216.0,0.0,0.0,9.0,15529.222222222224,100.0,100.0,25.0,0.0,22
0,55.0,1,60.0,0.0,0.0,6.0,2533.5,100.0,75.0,0.0,0.0,59
0,39.0,1,1.0,0.0,0.0,3.0,372.6666666666667,100.0,25.0,0.0,1.0,58
0,53.0,1,25.0,20.0,3.0,5.0,3924.6,100.0,75.0,0.0,1.0,42
3,63.0,1,5.0,0.0,0.0,1.0,1832.0,50.0,0.0,0.0,1.0,41
0,39.0,1,10.0,0.0,0.0,5.0,10073.8,100.0,75.0,0.0,0.0,49
3,31.0,0,1.0,0.0,0.0,3.0,1577.3333333333333,100.0,25.0,0.0,1.0,34
1,68.0,0,874.0,14.0,3.0,12.0,30120.833333333332,100.0,100.0,62.5,0.0,25
0,39.0,0,7.0,41.0,10.0,5.0,1781.0,100.0,75.0,0.0,1.0,47
1,31.0,1,21.0,0.0,0.0,5.0,2636.4,100.0,75.0,0.0,0.0,63
0,34.0,1,127.0,0.0,0.0,7.0,3125.5714285714284,100.0,100.0,0.0,0.0,52
3,47.0,1,67.0,47.0,12.0,6.0,11492.333333333334,100.0,100.0,0.0,0.0,45
0,38.0,1,23.0,0.0,0.0,5.0,1396.6,100.0,75.0,0.0,1.0,41
2,42.0,1,12.0,0.0,0.0,3.0,753.6666666666666,100.0,25.0,0.0,1.0,40
3,39.0,1,55.0,10.0,2.0,9.0,27926.0,100.0,100.0,25.0,1.0,25
0,33.0,0,1.0,0.0,0.0,4.0,1877.75,100.0,50.0,0.0,1.0,31
0,36.0,1,1.0,0.0,0.0,4.0,2389.25,100.0,50.0,0.0,1.0,43
2,43.0,1,186.0,1.4,1.0,8.0,10836.5,100.0,100.0,12.5,1.0,39
0,36.0,0,48.0,10.0,2.0,9.0,9452.0,100.0,100.0,25.0,0.0,46
1,37.0,1,1.0,2.8,1.0,11.0,8982.636363636364,100.0,100.0,50.0,0.0,13
0,39.0,1,1.0,4.0,1.0,4.0,2140.75,100.0,50.0,0.0,1.0,20
1,35.0,0,431.0,0.0,0.0,9.0,14136.888888888889,100.0,100.0,37.5,0.0,46
1,53.0,1,316.0,0.0,0.0,8.0,13237.375,100.0,100.0,12.5,0.0,59
0,37.0,0,2.0,0.0,0.0,1.0,233.0,50.0,0.0,0.0,1.0,29
0,25.0,1,1.0,0.0,0.0,4.0,925.75,100.0,50.0,0.0,1.0,44
3,33.0,0,5.0,0.0,0.0,2.0,512.5,100.0,0.0,0.0,1.0,46
0,42.0,1,1.0,0.0,0.0,6.0,10158.833333333334,100.0,75.0,0.0,1.0,23
0,39.0,0,1.0,0.0,0.0,8.0,3799.75,100.0,100.0,12.5,1.0,13
3,28.0,0,5.0,0.0,0.0,1.0,455.0,50.0,0.0,0.0,1.0,24
3,26.0,0,1.0,4.0,1.0,3.0,711.3333333333334,100.0,25.0,0.0,1.0,24
3,34.0,1,1.0,0.0,0.0,1.0,32961.0,50.0,0.0,0.0,1.0,13
1,52.0,1,3.0,0.0,0.0,6.0,2273.6666666666665,100.0,100.0,0.0,0.0,52
3,39.0,0,1.0,0.0,0.0,1.0,1113.0,50.0,0.0,0.0,1.0,26
1,38.0,1,1.0,0.0,0.0,6.0,3854.6666666666665,100.0,75.0,0.0,1.0,32
0,28.0,0,206.0,0.0,0.0,7.0,9088.714285714286,100.0,100.0,0.0,1.0,37
2,39.0,0,23.0,0.0,0.0,1.0,17031.0,50.0,0.0,0.0,1.0,46
3,47.0,1,1.0,0.0,0.0,3.0,2527.6666666666665,100.0,25.0,0.0,1.0,17
1,39.0,1,61.0,0.0,0.0,7.0,759.4285714285714,100.0,100.0,0.0,0.0,56
1,39.0,0,10.0,0.0,0.0,7.0,9961.42857142857,100.0,100.0,0.0,1.0,29
0,39.0,1,5.0,0.0,0.0,4.0,1401.0,100.0,50.0,0.0,1.0,15
0,40.0,0,1.0,0.0,0.0,6.0,2569.3333333333335,100.0,100.0,0.0,1.0,16
3,53.0,1,114.0,0.0,0.0,7.0,11577.57142857143,100.0,100.0,0.0,0.0,7
3,31.0,0,1.0,4.0,1.0,5.0,417.0,100.0,75.0,0.0,1.0,15
3,58.0,0,5.0,0.0,0.0,1.0,22.0,50.0,0.0,0.0,1.0,33
2,34.0,1,1.0,2.0,1.0,3.0,3057.3333333333335,100.0,25.0,0.0,1.0,38
1,30.0,1,5.0,0.0,0.0,2.0,423.0,100.0,0.0,0.0,1.0,52
1,41.0,0,84.0,0.0,0.0,9.0,9101.888888888889,100.0,100.0,25.0,0.0,14
0,32.0,1,1.0,0.0,0.0,3.0,456.0,100.0,25.0,0.0,1.0,35
1,39.0,0,62.0,0.0,0.0,10.0,6543.0,100.0,100.0,37.5,0.0,39
0,39.0,1,5.0,0.0,0.0,4.0,6088.5,100.0,50.0,0.0,1.0,32
0,20.0,1,1.0,0.0,0.0,6.0,9236.5,100.0,100.0,0.0,0.0,12
1,45.0,0,2.0,2.8,1.0,7.0,14927.285714285714,100.0,100.0,12.5,0.0,46
1,45.0,1,1.0,14.0,3.0,4.0,98.0,100.0,50.0,0.0,0.0,62
0,39.0,0,105.0,4.0,1.0,7.0,3229.4285714285716,100.0,100.0,0.0,0.0,58
3,39.0,0,22.0,4.0,1.0,5.0,4554.2,100.0,75.0,0.0,1.0,34
0,61.0,1,1109.0,0.0,0.0,3.0,282226.6666666667,100.0,25.0,0.0,0.0,17
3,25.0,1,73.0,20.0,3.0,6.0,4963.333333333333,100.0,100.0,0.0,0.0,40
1,41.0,0,16.0,7.0,2.0,6.0,5024.333333333333,100.0,100.0,0.0,0.0,35
1,37.0,1,1.0,0.0,0.0,4.0,3373.25,100.0,50.0,0.0,1.0,16
1,53.0,1,120.0,7.0,2.0,7.0,7414.142857142857,100.0,100.0,0.0,1.0,50
3,39.0,0,1.0,0.0,0.0,3.0,941.6666666666666,100.0,25.0,0.0,1.0,9
1,39.0,0,5.0,0.0,0.0,1.0,1513.0,50.0,0.0,0.0,1.0,37
0,38.0,0,76.0,0.0,0.0,7.0,3526.714285714286,100.0,100.0,0.0,1.0,42
2,32.0,1,346.0,2.0,1.0,10.0,755.5,100.0,100.0,37.5,1.0,34
0,39.0,0,266.0,4.0,1.0,9.0,7946.666666666667,100.0,100.0,25.0,0.0,50
0,36.0,1,198.0,0.0,0.0,8.0,12529.5,100.0,100.0,12.5,0.0,40
0,39.0,0,1.0,0.0,0.0,4.0,929.5,100.0,50.0,0.0,1.0,17
3,39.0,0,1.0,0.0,0.0,2.0,49482.5,100.0,0.0,0.0,1.0,27
0,39.0,1,5.0,0.0,0.0,1.0,656.0,50.0,0.0,0.0,1.0,42
3,44.0,1,6.0,0.0,0.0,2.0,381.5,100.0,0.0,0.0,1.0,41
3,36.0,1,9.0,4.0,1.0,6.0,1939.1666666666667,100.0,75.0,0.0,1.0,12
3,63.0,0,6.0,0.0,0.0,3.0,8632.333333333334,100.0,25.0,0.0,0.0,29
1,39.0,0,5.0,0.0,0.0,3.0,2458.0,100.0,25.0,0.0,1.0,14
0,39.0,0,1.0,0.0,0.0,4.0,1388.0,100.0,50.0,0.0,1.0,21
1,26.0,0,11.0,2.8,1.0,3.0,6478.333333333333,100.0,0.0,0.0,1.0,33
0,34.0,0,5.0,0.0,0.0,1.0,5838.0,50.0,0.0,0.0,1.0,35
0,39.0,1,218.0,20.0,3.0,13.0,51600.230769230766,100.0,100.0,75.0,0.0,14
3,49.0,1,1.0,0.0,0.0,1.0,548.0,50.0,0.0,0.0,1.0,30
0,58.0,0,96.0,0.0,0.0,1.0,90326.0,50.0,0.0,0.0,0.0,18
0,39.0,0,31.0,10.0,2.0,8.0,4908.125,100.0,100.0,12.5,0.0,37
2,33.0,0,62.0,3.5,2.0,6.0,5075.833333333333,100.0,75.0,0.0,1.0,39
3,51.0,1,3.0,4.0,1.0,6.0,19287.0,100.0,75.0,0.0,1.0,15
3,40.0,1,8.0,0.0,0.0,3.0,1971.3333333333333,100.0,25.0,0.0,1.0,44
1,32.0,1,1.0,3.08,1.0,5.0,4098.8,100.0,75.0,0.0,1.0,15
3,50.0,0,23.0,4.0,1.0,7.0,10455.714285714286,100.0,100.0,0.0,1.0,0
2,24.0,0,1.0,0.0,0.0,2.0,1184.0,100.0,0.0,0.0,1.0,35
0,53.0,0,100.0,4.0,1.0,7.0,6157.285714285715,100.0,100.0,0.0,0.0,40
1,63.0,1,24.0,0.0,0.0,9.0,14408.222222222224,100.0,100.0,37.5,0.0,44
0,26.0,0,1.0,0.0,0.0,3.0,882.3333333333334,100.0,25.0,0.0,1.0,21
3,39.0,1,1.0,0.0,0.0,2.0,444.5,100.0,0.0,0.0,1.0,10
3,45.0,1,12.0,0.0,0.0,3.0,1706.0,100.0,25.0,0.0,1.0,36
3,39.0,1,1.0,4.0,1.0,8.0,99702.0,100.0,100.0,12.5,1.0,0
0,38.0,1,198.0,10.0,2.0,2.0,28605.5,100.0,0.0,0.0,0.0,49
3,50.0,1,1.0,0.0,0.0,3.0,4619.333333333333,100.0,25.0,0.0,1.0,17
1,51.0,0,139.0,14.0,3.0,7.0,23876.0,100.0,100.0,0.0,0.0,32
0,39.0,1,5.0,0.0,0.0,4.0,1477.75,100.0,50.0,0.0,1.0,37
0,43.0,0,1.0,0.0,0.0,7.0,10208.285714285714,100.0,100.0,12.5,1.0,19
3,36.0,0,1.0,0.0,0.0,6.0,10429.5,100.0,100.0,0.0,1.0,8
0,36.0,0,536.0,0.0,0.0,9.0,11201.222222222224,100.0,100.0,25.0,0.0,50
1,46.0,0,1.0,0.0,0.0,6.0,6325.833333333333,100.0,100.0,0.0,1.0,22
0,25.0,0,1.0,0.0,0.0,4.0,1238.25,100.0,50.0,0.0,1.0,41
0,56.0,1,19.0,0.0,0.0,5.0,6478.8,100.0,100.0,0.0,0.0,53
3,39.0,1,1.0,0.0,0.0,5.0,2413.8,100.0,50.0,0.0,1.0,9
1,39.0,0,1.0,0.0,0.0,4.0,224.5,100.0,50.0,0.0,1.0,19
3,39.0,0,5.0,0.0,0.0,2.0,806.5,100.0,0.0,0.0,1.0,34
3,32.0,1,1.0,0.0,0.0,3.0,3004.3333333333335,100.0,25.0,0.0,1.0,33
3,60.0,1,6.0,0.0,0.0,3.0,467.0,100.0,25.0,0.0,1.0,24
3,34.0,1,1.0,0.0,0.0,2.0,521.5,100.0,0.0,0.0,1.0,19
1,39.0,0,8.0,0.0,0.0,4.0,1914.0,100.0,50.0,0.0,1.0,35
3,39.0,0,10.0,4.0,1.0,9.0,8856.444444444445,100.0,100.0,25.0,1.0,24
0,39.0,0,5.0,0.0,0.0,1.0,1389.0,50.0,0.0,0.0,1.0,22
1,34.0,1,1.0,0.0,0.0,3.0,747.0,100.0,25.0,0.0,1.0,27
0,48.0,1,85.0,35.0,8.0,10.0,1911.5,100.0,100.0,37.5,1.0,39
0,26.0,1,5.0,0.0,0.0,4.0,2133.25,100.0,50.0,0.0,1.0,51
0,55.0,1,355.0,0.0,0.0,7.0,10924.285714285714,100.0,100.0,0.0,0.0,40
1,50.0,1,1.0,0.0,0.0,5.0,15767.6,100.0,75.0,0.0,0.0,20
0,22.0,0,7.0,0.0,0.0,6.0,1162.6666666666667,100.0,100.0,0.0,1.0,37
0,52.0,0,12.0,4.0,1.0,8.0,9544.0,100.0,100.0,12.5,1.0,30
0,39.0,0,126.0,0.0,0.0,12.0,13532.666666666666,100.0,100.0,62.5,0.0,13
1,30.0,0,5.0,0.0,0.0,3.0,412.0,100.0,25.0,0.0,1.0,21
3,46.0,0,1.0,0.0,0.0,4.0,2650.5,100.0,50.0,0.0,1.0,31
1,32.0,1,28.0,0.0,0.0,5.0,2542.4,100.0,75.0,0.0,1.0,52
0,39.0,0,18.0,4.0,1.0,7.0,8666.142857142857,100.0,100.0,0.0,1.0,32
0,39.0,0,1.0,0.0,0.0,3.0,1649.6666666666667,100.0,25.0,0.0,1.0,16
1,36.0,0,1.0,0.0,0.0,5.0,2882.8,100.0,75.0,0.0,1.0,24
0,39.0,1,15.0,0.0,0.0,6.0,1006.3333333333334,100.0,75.0,0.0,1.0,28
0,37.0,0,1.0,4.0,1.0,4.0,3221.75,100.0,50.0,0.0,0.0,42
0,39.0,0,177.0,0.0,0.0,7.0,5964.428571428572,100.0,100.0,0.0,1.0,41
1,47.0,1,38.0,14.0,3.0,5.0,5689.8,100.0,50.0,0.0,0.0,19
3,34.0,0,5.0,4.4,1.0,6.0,7216.0,100.0,100.0,0.0,1.0,0
3,27.0,1,155.0,4.0,1.0,6.0,8201.5,100.0,75.0,0.0,1.0,8
0,29.0,0,45.0,0.0,0.0,7.0,4978.714285714285,100.0,100.0,0.0,1.0,37
0,56.0,1,586.0,20.0,3.0,12.0,10715.083333333334,100.0,100.0,62.5,0.0,34
0,39.0,0,5.0,0.0,0.0,1.0,16.0,50.0,0.0,0.0,1.0,33
0,38.0,0,29.0,0.0,0.0,6.0,6720.333333333333,100.0,75.0,0.0,1.0,41
1,39.0,0,37.0,0.0,0.0,7.0,3261.4285714285716,100.0,100.0,0.0,0.0,44
1,40.0,0,43.0,14.0,3.0,6.0,9109.833333333334,100.0,75.0,0.0,1.0,45
2,19.0,1,16.0,1.4,1.0,4.0,3068.0,100.0,50.0,0.0,1.0,32
3,52.0,1,1.0,0.0,0.0,2.0,1090.5,100.0,0.0,0.0,1.0,3
0,34.0,1,88.0,0.0,0.0,7.0,7155.857142857143,100.0,100.0,0.0,0.0,49
3,44.0,0,1.0,0.0,0.0,6.0,11245.666666666666,100.0,75.0,0.0,1.0,11
0,39.0,0,5.0,0.0,0.0,1.0,436.0,50.0,0.0,0.0,1.0,55
1,45.0,1,115.0,27.44,7.0,10.0,35089.8,100.0,100.0,37.5,0.0,19
0,39.0,0,1.0,26.0,5.0,5.0,5008.4,100.0,75.0,0.0,0.0,57
0,32.0,0,5.0,0.0,0.0,1.0,1089.0,50.0,0.0,0.0,1.0,38
3,39.0,1,1.0,4.0,1.0,4.0,6035.75,100.0,50.0,0.0,1.0,0
3,48.0,1,1.0,0.0,0.0,3.0,890.6666666666666,100.0,25.0,0.0,1.0,11
0,18.0,1,5.0,0.0,0.0,3.0,677.0,100.0,25.0,0.0,1.0,44
0,53.0,1,1.0,0.0,0.0,4.0,872.75,100.0,50.0,0.0,1.0,30
3,42.0,0,1.0,4.0,1.0,7.0,8971.714285714286,100.0,100.0,0.0,1.0,5
3,38.0,0,5.0,0.0,0.0,2.0,10.5,100.0,0.0,0.0,1.0,28
1,29.0,1,90.0,2.8,1.0,10.0,5325.0,100.0,100.0,37.5,0.0,27
3,44.0,0,1.0,0.0,0.0,4.0,2600.25,100.0,50.0,0.0,1.0,37
0,20.0,0,5.0,0.0,0.0,1.0,1273.0,50.0,0.0,0.0,0.0,61
0,39.0,0,1.0,0.0,0.0,1.0,371.0,50.0,0.0,0.0,0.0,62
0,39.0,1,5.0,0.0,0.0,2.0,579.0,100.0,0.0,0.0,1.0,57
1,30.0,0,252.0,14.0,3.0,8.0,15044.25,100.0,100.0,12.5,0.0,56
3,18.0,1,30.0,4.0,1.0,11.0,14810.727272727272,100.0,100.0,50.0,0.0,7
1,26.0,1,1.0,0.0,0.0,4.0,1168.0,100.0,50.0,0.0,1.0,25
1,19.0,1,6.0,0.0,0.0,4.0,3079.75,100.0,50.0,0.0,0.0,61
3,28.0,0,5.0,0.0,0.0,1.0,458.0,50.0,0.0,0.0,1.0,15
3,34.0,1,1.0,4.0,1.0,4.0,1679.0,100.0,50.0,0.0,1.0,29
3,44.0,1,310.0,0.0,0.0,10.0,24752.1,100.0,100.0,50.0,0.0,7
1,39.0,1,5.0,0.0,0.0,1.0,24.0,50.0,0.0,0.0,1.0,33
0,36.0,1,1.0,0.0,0.0,4.0,2693.25,100.0,50.0,0.0,1.0,16
0,39.0,0,2.0,0.0,0.0,4.0,1573.25,100.0,75.0,0.0,0.0,62
1,66.0,1,457.0,25.199997,7.0,10.0,19170.2,100.0,100.0,37.5,0.0,34
0,34.0,1,1.0,4.0,1.0,6.0,2157.3333333333335,100.0,100.0,0.0,1.0,18
0,66.0,0,301.0,4.0,1.0,8.0,156.75,100.0,100.0,12.5,0.0,47
0,32.0,0,32.0,0.0,0.0,6.0,5175.0,100.0,75.0,0.0,0.0,61
3,24.0,1,1.0,4.4,1.0,3.0,1699.6666666666667,100.0,25.0,0.0,1.0,2
3,39.0,1,1.0,0.0,0.0,2.0,449.0,100.0,0.0,0.0,1.0,18
3,33.0,1,65.0,0.0,0.0,6.0,332.5,100.0,75.0,0.0,1.0,42
3,39.0,0,164.0,0.0,0.0,7.0,14573.142857142857,100.0,100.0,12.5,0.0,29
3,35.0,0,1.0,4.4,1.0,4.0,2160.75,100.0,50.0,0.0,1.0,0
0,46.0,1,232.0,4.0,1.0,8.0,9087.25,100.0,100.0,12.5,0.0,38
0,40.0,1,118.0,41.0,10.0,7.0,5519.428571428572,100.0,100.0,0.0,0.0,58
3,60.0,1,1.0,0.0,0.0,2.0,135.0,100.0,0.0,0.0,1.0,35
3,43.0,1,6.0,0.0,0.0,3.0,814.6666666666666,100.0,25.0,0.0,1.0,45
3,72.0,0,23.0,4.0,1.0,1.0,43082.0,50.0,0.0,0.0,1.0,31
3,37.0,1,1.0,0.0,0.0,4.0,2196.5,100.0,50.0,0.0,1.0,7
0,46.0,1,139.0,0.0,0.0,8.0,9280.5,100.0,100.0,12.5,0.0,45
3,31.0,0,5.0,0.0,0.0,1.0,3.0,50.0,0.0,0.0,1.0,19
0,39.0,0,5.0,0.0,0.0,3.0,1083.0,100.0,25.0,0.0,1.0,14
0,33.0,1,31.0,0.0,0.0,4.0,2342.75,100.0,50.0,0.0,0.0,62
1,39.0,1,5.0,0.0,0.0,1.0,753.0,50.0,0.0,0.0,1.0,51
3,41.0,1,72.0,4.0,1.0,7.0,5812.857142857143,100.0,100.0,0.0,1.0,30
3,39.0,1,9.0,0.0,0.0,7.0,6433.142857142857,100.0,100.0,0.0,1.0,28
0,39.0,0,8.0,0.0,0.0,4.0,477.25,100.0,50.0,0.0,1.0,40
3,45.0,0,185.0,4.4,1.0,12.0,2502.3333333333335,100.0,100.0,62.5,1.0,19
0,39.0,1,1.0,0.0,0.0,3.0,561.0,100.0,25.0,0.0,1.0,24
0,39.0,0,6.0,0.0,0.0,1.0,17340.0,50.0,0.0,0.0,0.0,42
0,39.0,0,5.0,0.0,0.0,3.0,534.0,100.0,25.0,0.0,1.0,50
0,39.0,1,8.0,0.0,0.0,1.0,522.0,50.0,0.0,0.0,1.0,50
0,39.0,1,5.0,0.0,0.0,2.0,226.0,100.0,0.0,0.0,1.0,60
1,44.0,0,5.0,0.0,0.0,3.0,496.3333333333333,100.0,25.0,0.0,1.0,18
0,25.0,0,2.0,0.0,0.0,4.0,901.25,100.0,75.0,0.0,0.0,64
1,40.0,0,13.0,0.0,0.0,4.0,3294.5,100.0,50.0,0.0,0.0,49
2,39.0,1,142.0,0.0,0.0,7.0,11171.0,100.0,100.0,0.0,1.0,36
0,45.0,1,33.0,0.0,0.0,7.0,10505.857142857143,100.0,100.0,0.0,0.0,55
1,40.0,1,5.0,0.0,0.0,1.0,16.0,50.0,0.0,0.0,1.0,35
3,39.0,0,1.0,0.0,0.0,3.0,1225.0,100.0,25.0,0.0,1.0,35
0,41.0,0,38.0,0.0,0.0,8.0,18162.25,100.0,100.0,12.5,1.0,13
3,39.0,0,1.0,0.0,0.0,2.0,910.0,100.0,0.0,0.0,1.0,18
3,61.0,0,1.0,0.0,0.0,3.0,44.0,100.0,25.0,0.0,1.0,23
3,41.0,0,9.0,0.0,0.0,5.0,9329.6,100.0,75.0,0.0,1.0,30
3,37.0,0,1.0,0.0,0.0,8.0,5857.625,100.0,100.0,12.5,1.0,23
3,38.0,0,1.0,0.0,0.0,4.0,3834.0,100.0,50.0,0.0,1.0,0
1,36.0,0,5.0,0.0,0.0,1.0,535.0,50.0,0.0,0.0,1.0,59
1,43.0,1,429.0,0.0,0.0,9.0,21575.222222222223,100.0,100.0,37.5,0.0,41
0,53.0,0,921.0,0.0,0.0,6.0,48200.333333333336,100.0,100.0,0.0,1.0,43
3,39.0,1,17.0,0.0,0.0,5.0,6315.4,100.0,75.0,0.0,1.0,40
0,38.0,0,34.0,0.0,0.0,10.0,7868.8,100.0,100.0,37.5,0.0,44
3,37.0,1,5.0,0.0,0.0,3.0,1360.3333333333333,100.0,25.0,0.0,1.0,38
3,39.0,1,1.0,0.0,0.0,7.0,5213.428571428572,100.0,100.0,0.0,1.0,17
0,39.0,0,120.0,0.0,0.0,7.0,9146.285714285714,100.0,100.0,12.5,0.0,61
3,49.0,1,1.0,4.0,1.0,4.0,9068.25,100.0,25.0,0.0,1.0,14
3,35.0,0,6.0,0.0,0.0,3.0,1443.3333333333333,100.0,25.0,0.0,1.0,44
2,39.0,1,771.0,2.0,1.0,11.0,13021.727272727272,100.0,100.0,50.0,0.0,35
3,45.0,0,5.0,0.0,0.0,3.0,378.0,100.0,25.0,0.0,1.0,37
2,38.0,1,8.0,0.0,0.0,3.0,194.66666666666663,100.0,25.0,0.0,1.0,39
3,48.0,1,1.0,0.0,0.0,3.0,1412.3333333333333,100.0,25.0,0.0,1.0,44
3,39.0,0,1.0,0.0,0.0,5.0,4613.4,100.0,50.0,0.0,1.0,14
0,36.0,1,2.0,26.0,5.0,1.0,14386.0,50.0,0.0,0.0,1.0,26
3,42.0,1,1.0,0.0,0.0,4.0,6549.75,100.0,50.0,0.0,1.0,29
0,29.0,0,1.0,0.0,0.0,5.0,3221.8,100.0,75.0,0.0,1.0,51
3,39.0,1,5.0,4.4,1.0,3.0,286.0,100.0,25.0,0.0,1.0,1
0,42.0,0,7.0,74.0,21.0,9.0,7784.888888888889,100.0,100.0,37.5,1.0,40
3,24.0,0,6.0,20.0,3.0,3.0,1947.0,100.0,25.0,0.0,1.0,26
0,44.0,1,1.0,0.0,0.0,2.0,70.5,100.0,0.0,0.0,1.0,26
0,44.0,1,14.0,0.0,0.0,5.0,1197.4,100.0,75.0,0.0,1.0,33
0,39.0,0,5.0,0.0,0.0,4.0,1942.5,100.0,50.0,0.0,1.0,41
3,35.0,1,2.0,0.0,0.0,2.0,596.0,100.0,0.0,0.0,1.0,38
1,49.0,0,16.0,49.0,14.0,7.0,4290.0,100.0,100.0,12.5,1.0,36
0,33.0,1,231.0,4.0,1.0,6.0,9675.333333333334,100.0,75.0,0.0,1.0,42
1,47.0,0,205.0,0.0,0.0,11.0,21486.454545454544,100.0,100.0,50.0,0.0,14
1,49.0,1,258.0,19.6,5.0,9.0,12564.666666666666,100.0,100.0,25.0,0.0,48
3,66.0,1,165.0,26.0,5.0,8.0,3066.75,100.0,100.0,12.5,1.0,32
0,37.0,0,1.0,0.0,0.0,3.0,1194.6666666666667,100.0,25.0,0.0,1.0,40
0,39.0,0,4.0,0.0,0.0,5.0,2885.6,100.0,75.0,0.0,1.0,23
0,18.0,1,5.0,0.0,0.0,4.0,261.75,100.0,50.0,0.0,1.0,33
1,58.0,1,721.0,16.8,4.0,13.0,16082.53846153846,100.0,100.0,75.0,1.0,20
0,48.0,1,1.0,0.0,0.0,3.0,1405.0,100.0,25.0,0.0,1.0,35
0,39.0,0,444.0,0.0,0.0,10.0,12668.5,100.0,100.0,37.5,0.0,42
1,39.0,1,14.0,0.0,0.0,5.0,6191.0,100.0,75.0,0.0,0.0,56
3,69.0,1,1.0,0.0,0.0,1.0,262.0,50.0,0.0,0.0,1.0,41
0,45.0,0,5.0,0.0,0.0,1.0,135.0,50.0,0.0,0.0,0.0,64
3,42.0,0,4.0,0.0,0.0,2.0,3034.5,100.0,0.0,0.0,1.0,41
0,39.0,0,44.0,0.0,0.0,5.0,3779.4,100.0,50.0,0.0,1.0,51
3,39.0,1,1.0,0.0,0.0,4.0,4560.5,100.0,50.0,0.0,1.0,24
0,39.0,0,5.0,0.0,0.0,4.0,19806.5,100.0,25.0,0.0,1.0,24
3,44.0,1,10.0,4.4,1.0,6.0,3650.1666666666665,100.0,75.0,0.0,1.0,7
1,42.0,1,261.0,2.8,1.0,10.0,21909.1,100.0,100.0,37.5,0.0,33
1,36.0,1,2.0,2.8,1.0,6.0,1636.8333333333333,100.0,75.0,0.0,1.0,18
0,29.0,0,13.0,0.0,0.0,2.0,9404.5,100.0,0.0,0.0,1.0,40
3,39.0,0,5.0,0.0,0.0,1.0,391.0,50.0,0.0,0.0,1.0,32
0,19.0,1,60.0,0.0,0.0,9.0,3387.8888888888887,100.0,100.0,25.0,1.0,29
3,35.0,1,1.0,0.0,0.0,3.0,1641.3333333333333,100.0,25.0,0.0,1.0,28
3,39.0,1,19.0,0.0,0.0,3.0,659.3333333333334,100.0,25.0,0.0,1.0,15
0,28.0,0,5.0,4.4,1.0,3.0,669.6666666666666,100.0,25.0,0.0,1.0,30
1,51.0,0,1.0,0.0,0.0,2.0,1254.0,100.0,0.0,0.0,1.0,16
1,43.0,1,2.0,0.0,0.0,2.0,620.0,100.0,0.0,0.0,0.0,63
3,27.0,1,1.0,0.0,0.0,3.0,1029.3333333333333,100.0,25.0,0.0,1.0,39
1,37.0,1,1.0,0.0,0.0,2.0,402.5,100.0,0.0,0.0,1.0,52
3,31.0,1,1.0,0.0,0.0,3.0,2046.6666666666667,100.0,25.0,0.0,1.0,20
3,36.0,0,1.0,0.0,0.0,5.0,5075.2,100.0,50.0,0.0,1.0,9
3,64.0,0,1.0,0.0,0.0,2.0,929.5,100.0,0.0,0.0,1.0,17
1,33.0,0,286.0,19.599998,5.0,10.0,25150.3,100.0,100.0,37.5,0.0,39
3,59.0,0,394.0,4.0,1.0,1.0,223192.0,100.0,0.0,0.0,0.0,14
0,39.0,0,1.0,0.0,0.0,1.0,701.0,50.0,0.0,0.0,0.0,64
1,29.0,1,5.0,0.0,0.0,4.0,1409.0,100.0,50.0,0.0,1.0,39
1,44.0,1,9.0,14.0,3.0,5.0,681.6,100.0,75.0,0.0,0.0,64
3,29.0,0,1.0,0.0,0.0,6.0,5214.166666666667,100.0,75.0,0.0,1.0,9
3,39.0,0,531.0,10.0,2.0,9.0,43766.22222222222,100.0,100.0,25.0,0.0,21
0,40.0,1,160.0,0.0,0.0,1.0,483665.0,50.0,0.0,0.0,1.0,14
2,32.0,1,78.0,6.2999997,3.0,9.0,3096.6666666666665,100.0,100.0,25.0,0.0,46
1,53.0,0,5.0,0.0,0.0,1.0,863.0,50.0,0.0,0.0,1.0,22
0,48.0,1,73.0,0.0,0.0,7.0,5749.142857142857,100.0,100.0,0.0,1.0,37
2,27.0,1,109.0,0.0,0.0,6.0,4514.166666666667,100.0,75.0,0.0,1.0,41
1,39.0,1,26.0,0.0,0.0,5.0,3955.4,100.0,75.0,0.0,0.0,43
1,39.0,0,5.0,0.0,0.0,1.0,665.0,50.0,0.0,0.0,1.0,24
0,52.0,0,66.0,0.0,0.0,3.0,9567.666666666666,100.0,0.0,0.0,0.0,40
1,22.0,0,1.0,2.8,1.0,7.0,4691.428571428572,100.0,100.0,0.0,1.0,18
3,39.0,1,1.0,0.0,0.0,5.0,3407.8,100.0,50.0,0.0,1.0,2
3,30.0,1,31.0,0.0,0.0,5.0,2106.0,100.0,50.0,0.0,1.0,40
1,47.0,1,625.0,2.8,1.0,11.0,22985.18181818182,100.0,100.0,62.5,0.0,20
0,39.0,0,101.0,4.0,1.0,9.0,7164.888888888889,100.0,100.0,25.0,0.0,35
3,25.0,1,5.0,0.0,0.0,1.0,1993.0,50.0,0.0,0.0,1.0,11
3,39.0,1,1.0,0.0,0.0,2.0,1893.0,100.0,0.0,0.0,1.0,14
1,35.0,0,14.0,0.0,0.0,8.0,14962.25,100.0,100.0,25.0,0.0,26
0,18.0,1,5.0,0.0,0.0,1.0,500.0,50.0,0.0,0.0,1.0,27
3,33.0,1,1.0,0.0,0.0,3.0,759.3333333333334,100.0,25.0,0.0,1.0,16
0,33.0,1,213.0,0.0,0.0,7.0,8472.42857142857,100.0,100.0,0.0,0.0,39
3,39.0,0,2.0,0.0,0.0,3.0,3931.3333333333335,100.0,25.0,0.0,1.0,39
3,46.0,1,128.0,23.0,4.0,5.0,6615.0,100.0,50.0,0.0,0.0,41
3,45.0,1,1.0,4.0,1.0,7.0,4352.857142857143,100.0,100.0,0.0,1.0,31
0,52.0,0,227.0,0.0,0.0,10.0,13752.8,100.0,100.0,37.5,0.0,40
3,37.0,0,1.0,4.0,1.0,4.0,3004.25,100.0,50.0,0.0,1.0,23
1,25.0,0,5.0,0.0,0.0,4.0,1063.75,100.0,50.0,0.0,1.0,51
1,42.0,1,69.0,0.0,0.0,8.0,5510.5,100.0,100.0,12.5,0.0,48
0,46.0,0,69.0,0.0,0.0,6.0,1169.6666666666667,100.0,75.0,0.0,1.0,44
1,52.0,0,109.0,0.0,0.0,6.0,8074.0,100.0,75.0,0.0,0.0,57
3,49.0,0,285.0,0.0,0.0,9.0,15816.444444444443,100.0,100.0,25.0,0.0,27
3,39.0,1,67.0,4.0,1.0,7.0,10536.285714285714,100.0,100.0,0.0,1.0,26
3,37.0,1,5.0,0.0,0.0,2.0,3978.0,100.0,0.0,0.0,1.0,35
3,46.0,0,1.0,4.0,1.0,4.0,2752.5,100.0,25.0,0.0,1.0,0
0,25.0,0,75.0,4.0,1.0,10.0,6171.1,100.0,100.0,50.0,0.0,18
1,45.0,0,5.0,0.0,0.0,5.0,6808.8,100.0,100.0,0.0,0.0,58
0,48.0,0,343.0,20.0,3.0,9.0,22026.444444444445,100.0,100.0,25.0,1.0,42
0,39.0,1,1.0,0.0,0.0,7.0,4011.142857142858,100.0,100.0,0.0,1.0,13
1,32.0,0,2.0,2.8,1.0,5.0,2944.0,100.0,75.0,0.0,1.0,34
3,29.0,1,1.0,4.0,1.0,3.0,0.0,100.0,25.0,0.0,1.0,8
1,39.0,0,1.0,2.8,1.0,5.0,1308.4,100.0,75.0,0.0,1.0,26
3,39.0,1,5.0,0.0,0.0,1.0,167.0,50.0,0.0,0.0,1.0,9
3,43.0,0,5.0,0.0,0.0,1.0,1566.0,50.0,0.0,0.0,1.0,38
1,19.0,1,5.0,0.0,0.0,3.0,498.0,100.0,25.0,0.0,1.0,20
0,49.0,1,127.0,0.0,0.0,5.0,3274.6,100.0,50.0,0.0,0.0,54
3,39.0,1,5.0,0.0,0.0,1.0,1118.0,50.0,0.0,0.0,1.0,38
0,42.0,0,1.0,0.0,0.0,5.0,1522.0,100.0,75.0,0.0,1.0,17
2,40.0,0,107.0,1.4,1.0,6.0,4618.833333333333,100.0,75.0,0.0,1.0,48
0,29.0,0,1.0,4.0,1.0,3.0,839.3333333333334,100.0,25.0,0.0,1.0,25
3,55.0,1,1.0,23.0,4.0,2.0,2365.5,100.0,0.0,0.0,1.0,45
1,22.0,0,1.0,0.0,0.0,4.0,2075.75,100.0,50.0,0.0,1.0,16
3,42.0,1,9.0,0.0,0.0,2.0,204.0,100.0,0.0,0.0,1.0,45
0,25.0,1,5.0,0.0,0.0,2.0,331.5,100.0,0.0,0.0,0.0,64
0,39.0,1,23.0,0.0,0.0,6.0,2461.8333333333335,100.0,100.0,0.0,0.0,43
3,63.0,1,5.0,0.0,0.0,1.0,3528.0,50.0,0.0,0.0,1.0,1
0,39.0,0,1.0,0.0,0.0,4.0,1011.0,100.0,50.0,0.0,1.0,37
0,33.0,0,5.0,0.0,0.0,1.0,670.0,50.0,0.0,0.0,1.0,19
0,41.0,0,13.0,0.0,0.0,7.0,7050.142857142857,100.0,100.0,12.5,0.0,51
3,20.0,1,8.0,84.30002,22.0,7.0,16872.428571428572,100.0,100.0,12.5,1.0,17
3,41.0,1,5.0,0.0,0.0,4.0,14261.25,100.0,50.0,0.0,1.0,29
0,34.0,1,41.0,0.0,0.0,7.0,6748.428571428572,100.0,100.0,0.0,1.0,46
0,39.0,1,1.0,0.0,0.0,1.0,466.0,50.0,0.0,0.0,1.0,43
1,44.0,1,255.0,0.0,0.0,10.0,10357.2,100.0,100.0,37.5,0.0,38
3,39.0,1,1.0,0.0,0.0,3.0,361.3333333333333,100.0,25.0,0.0,1.0,0
0,37.0,0,6.0,0.0,0.0,4.0,1322.25,100.0,50.0,0.0,1.0,50
0,29.0,0,6.0,0.0,0.0,8.0,14648.875,100.0,100.0,12.5,0.0,13
3,46.0,0,23.0,0.0,0.0,5.0,3370.8,100.0,75.0,0.0,0.0,23
1,54.0,1,2.0,0.0,0.0,1.0,4967.0,50.0,0.0,0.0,1.0,50
0,20.0,1,5.0,0.0,0.0,5.0,640.6,100.0,75.0,0.0,1.0,18
3,39.0,1,70.0,0.0,0.0,2.0,771.5,100.0,0.0,0.0,1.0,31
1,20.0,0,90.0,7.0,2.0,6.0,4725.166666666667,100.0,75.0,0.0,0.0,42
3,38.0,1,5.0,0.0,0.0,4.0,1375.5,100.0,50.0,0.0,1.0,13
2,39.0,1,10.0,0.0,0.0,3.0,10622.333333333334,100.0,25.0,0.0,1.0,33
2,39.0,1,50.0,0.0,0.0,6.0,4766.333333333333,100.0,75.0,0.0,1.0,40
3,25.0,0,1.0,0.0,0.0,4.0,2006.75,100.0,50.0,0.0,1.0,8
0,39.0,1,1.0,4.0,1.0,6.0,6978.333333333333,100.0,100.0,0.0,1.0,16
3,39.0,1,5.0,0.0,0.0,2.0,745.5,100.0,0.0,0.0,1.0,9
1,43.0,1,1.0,0.0,0.0,5.0,374.8,100.0,75.0,0.0,1.0,29
1,31.0,1,139.0,0.0,0.0,9.0,17286.555555555555,100.0,100.0,25.0,0.0,23
1,39.0,0,1.0,0.0,0.0,4.0,1805.75,100.0,50.0,0.0,1.0,33
0,39.0,0,334.0,0.0,0.0,10.0,7806.8,100.0,100.0,37.5,1.0,29
3,39.0,1,168.0,0.0,0.0,9.0,26768.666666666668,100.0,100.0,25.0,0.0,0
0,39.0,0,2.0,0.0,0.0,6.0,7399.833333333333,100.0,100.0,0.0,1.0,22
0,34.0,0,58.0,0.0,0.0,7.0,6104.285714285715,100.0,100.0,0.0,1.0,32
1,45.0,1,10.0,0.0,0.0,4.0,5999.0,100.0,50.0,0.0,0.0,42
0,36.0,0,2.0,0.0,0.0,4.0,366.75,100.0,50.0,0.0,1.0,58
0,39.0,1,5.0,0.0,0.0,4.0,993.5,100.0,50.0,0.0,1.0,56
3,58.0,0,478.0,20.0,3.0,9.0,15364.444444444443,100.0,100.0,25.0,0.0,37
3,25.0,1,1.0,0.0,0.0,5.0,14260.0,100.0,75.0,0.0,0.0,8
0,39.0,0,8.0,0.0,0.0,3.0,1124.6666666666667,100.0,25.0,0.0,1.0,49
0,35.0,0,5.0,0.0,0.0,3.0,559.6666666666666,100.0,25.0,0.0,1.0,39
0,40.0,1,1.0,0.0,0.0,1.0,8101.0,0.0,0.0,0.0,1.0,19
1,51.0,0,35.0,7.0,2.0,6.0,1153.5,100.0,75.0,0.0,1.0,44
0,40.0,1,225.0,0.0,0.0,8.0,17116.5,100.0,100.0,25.0,0.0,44
3,52.0,0,1.0,0.0,0.0,4.0,905.25,100.0,50.0,0.0,1.0,18
1,39.0,0,1.0,0.0,0.0,4.0,1226.0,100.0,50.0,0.0,1.0,48
0,46.0,1,1.0,4.4,1.0,1.0,4559.0,50.0,0.0,0.0,1.0,13
1,32.0,0,1.0,0.0,0.0,4.0,2703.0,100.0,50.0,0.0,1.0,16
3,30.0,1,5.0,0.0,0.0,3.0,5.666666666666667,100.0,25.0,0.0,1.0,19
3,39.0,1,1.0,0.0,0.0,3.0,41.333333333333336,100.0,25.0,0.0,1.0,3
0,18.0,1,236.0,20.0,3.0,10.0,8719.1,100.0,100.0,37.5,1.0,43
3,65.0,1,1.0,0.0,0.0,3.0,1676.3333333333333,100.0,25.0,0.0,1.0,33
0,47.0,1,5.0,0.0,0.0,2.0,1119.0,100.0,75.0,0.0,0.0,65
3,41.0,0,1.0,0.0,0.0,1.0,1223.0,50.0,0.0,0.0,1.0,7
3,41.0,0,1.0,0.0,0.0,2.0,1982.0,100.0,0.0,0.0,1.0,21
0,28.0,0,59.0,20.0,3.0,7.0,6658.428571428572,100.0,100.0,0.0,1.0,26
0,37.0,0,81.0,4.0,1.0,10.0,4745.3,100.0,100.0,37.5,1.0,29
0,31.0,0,57.0,0.0,0.0,6.0,3672.8333333333335,100.0,75.0,0.0,1.0,51
1,52.0,1,1.0,0.0,0.0,4.0,1272.0,100.0,50.0,0.0,1.0,13
0,33.0,0,5.0,0.0,0.0,1.0,32.0,50.0,0.0,0.0,0.0,60
0,34.0,0,176.0,4.0,1.0,8.0,5847.5,100.0,100.0,12.5,1.0,40
1,37.0,1,5.0,0.0,0.0,2.0,889.0,100.0,0.0,0.0,1.0,33
1,28.0,0,5.0,0.0,0.0,2.0,0.0,100.0,0.0,0.0,1.0,53
1,34.0,0,4.0,14.0,3.0,7.0,14560.42857142857,100.0,100.0,12.5,0.0,32
1,47.0,0,518.0,25.2,7.0,12.0,16839.833333333332,100.0,100.0,75.0,0.0,25
0,39.0,1,26.0,0.0,0.0,5.0,3404.8,100.0,75.0,0.0,0.0,61
0,36.0,0,1.0,0.0,0.0,7.0,16210.57142857143,100.0,100.0,0.0,1.0,16
3,27.0,0,1.0,0.0,0.0,5.0,4059.6,100.0,50.0,0.0,1.0,11
0,26.0,1,3.0,0.0,0.0,3.0,1744.3333333333333,100.0,25.0,0.0,0.0,59
1,20.0,0,5.0,0.0,0.0,3.0,2268.0,100.0,25.0,0.0,1.0,51
1,27.0,1,5.0,7.0,2.0,3.0,37.0,100.0,25.0,0.0,1.0,57
1,46.0,1,5.0,0.0,0.0,1.0,859.0,50.0,0.0,0.0,1.0,22
0,35.0,1,265.0,11.0,2.0,11.0,21559.18181818182,100.0,100.0,50.0,0.0,13
0,39.0,0,165.0,0.0,0.0,9.0,6617.444444444444,100.0,100.0,25.0,0.0,43
3,39.0,0,1.0,0.0,0.0,2.0,340.5,100.0,0.0,0.0,1.0,5
0,45.0,0,1.0,0.0,0.0,3.0,900.3333333333334,100.0,25.0,0.0,1.0,56
3,42.0,1,712.0,0.0,0.0,9.0,29599.333333333332,100.0,100.0,25.0,0.0,27
0,40.0,1,158.0,34.2,7.0,10.0,4958.9,100.0,100.0,37.5,0.0,40
0,42.0,0,5.0,0.0,0.0,7.0,8413.142857142857,100.0,100.0,12.5,0.0,51
3,26.0,0,1.0,0.0,0.0,4.0,631.0,100.0,50.0,0.0,1.0,18
3,36.0,0,5.0,0.0,0.0,1.0,6.0,50.0,0.0,0.0,1.0,16
3,39.0,0,2.0,0.0,0.0,3.0,2409.3333333333335,100.0,25.0,0.0,1.0,25
1,39.0,0,1.0,3.08,1.0,8.0,19358.25,100.0,100.0,12.5,1.0,20
3,76.0,0,1.0,0.0,0.0,6.0,2852.8333333333335,100.0,75.0,0.0,1.0,13
0,39.0,1,31.0,0.0,0.0,6.0,4083.0,100.0,75.0,0.0,0.0,50
0,38.0,1,914.0,29.0,6.0,12.0,23643.333333333332,100.0,100.0,62.5,0.0,50
0,35.0,1,125.0,20.0,3.0,5.0,21322.2,100.0,75.0,0.0,1.0,51
1,39.0,0,16.0,0.0,0.0,3.0,3899.3333333333335,100.0,50.0,0.0,0.0,63
3,39.0,1,6.0,0.0,0.0,6.0,6605.833333333333,100.0,75.0,0.0,1.0,10
3,36.0,0,5.0,0.0,0.0,1.0,1969.0,50.0,0.0,0.0,1.0,19
3,39.0,0,5.0,0.0,0.0,3.0,434.3333333333333,100.0,25.0,0.0,1.0,32
1,36.0,0,1.0,0.0,0.0,3.0,1908.0,100.0,25.0,0.0,1.0,30
1,37.0,0,7.0,0.0,0.0,5.0,979.8,100.0,75.0,0.0,1.0,37
3,35.0,0,1.0,0.0,0.0,2.0,229.0,100.0,0.0,0.0,1.0,18
1,39.0,1,1.0,0.0,0.0,5.0,3510.6,100.0,75.0,0.0,1.0,22
0,26.0,1,14.0,0.0,0.0,4.0,1448.5,100.0,50.0,0.0,0.0,34
0,30.0,1,16.0,0.0,0.0,4.0,2147.75,100.0,50.0,0.0,1.0,49
0,39.0,1,2.0,0.0,0.0,4.0,1456.5,100.0,50.0,0.0,1.0,43
0,39.0,0,11.0,0.0,0.0,4.0,3487.25,100.0,50.0,0.0,1.0,41
1,35.0,0,17.0,0.0,0.0,5.0,3173.8,100.0,75.0,0.0,0.0,63
3,39.0,0,1.0,0.0,0.0,3.0,3807.3333333333335,100.0,25.0,0.0,1.0,11
3,33.0,1,5.0,0.0,0.0,1.0,805.0,50.0,0.0,0.0,1.0,3
0,48.0,1,573.0,0.0,0.0,8.0,15603.625,100.0,100.0,12.5,0.0,40
0,28.0,1,5.0,20.0,3.0,1.0,1091.0,50.0,0.0,0.0,1.0,54
3,37.0,1,1.0,0.0,0.0,3.0,851.6666666666666,100.0,25.0,0.0,1.0,21
0,39.0,1,170.0,0.0,0.0,9.0,9367.0,100.0,100.0,37.5,0.0,50
3,39.0,0,1.0,0.0,0.0,7.0,4513.714285714285,100.0,100.0,0.0,1.0,18
0,39.0,1,64.0,0.0,0.0,6.0,2045.6666666666667,100.0,75.0,0.0,0.0,60
0,39.0,1,234.0,0.0,0.0,9.0,9863.111111111111,100.0,100.0,25.0,0.0,42
0,45.0,1,45.0,0.0,0.0,7.0,6646.0,100.0,100.0,0.0,1.0,40
0,48.0,1,1.0,0.0,0.0,5.0,478.6,100.0,75.0,0.0,1.0,13
3,60.0,0,158.0,0.0,0.0,9.0,38831.555555555555,100.0,100.0,25.0,0.0,24
0,39.0,1,1.0,0.0,0.0,4.0,1453.75,100.0,50.0,0.0,1.0,29
1,39.0,1,1.0,0.0,0.0,5.0,5190.8,100.0,75.0,0.0,1.0,32
1,20.0,0,1.0,0.0,0.0,4.0,1936.75,100.0,50.0,0.0,1.0,49
3,57.0,1,1.0,4.0,1.0,3.0,535.3333333333334,100.0,25.0,0.0,1.0,0
1,38.0,0,1.0,0.0,0.0,3.0,1665.3333333333333,100.0,25.0,0.0,1.0,16
3,54.0,1,1.0,0.0,0.0,3.0,30755.666666666668,100.0,25.0,0.0,0.0,2
1,39.0,0,303.0,0.0,0.0,9.0,11939.555555555557,100.0,100.0,25.0,0.0,48
1,39.0,0,16.0,0.0,0.0,3.0,4000.0,100.0,0.0,0.0,1.0,22
1,42.0,0,5.0,0.0,0.0,2.0,775.0,100.0,0.0,0.0,1.0,28
0,35.0,1,3.0,0.0,0.0,2.0,2342.0,100.0,0.0,0.0,1.0,35
1,32.0,0,9.0,0.0,0.0,6.0,3243.5,100.0,100.0,0.0,0.0,43
3,47.0,1,8.0,4.0,1.0,5.0,3688.0,100.0,50.0,0.0,1.0,18
2,39.0,0,5.0,0.0,0.0,1.0,1838.0,50.0,0.0,0.0,1.0,39
2,18.0,1,1.0,2.0,1.0,3.0,3796.0,100.0,25.0,0.0,0.0,51
2,38.0,1,7.0,0.0,0.0,4.0,1193.75,100.0,50.0,0.0,1.0,42
3,24.0,0,5.0,0.0,0.0,3.0,327.3333333333333,100.0,25.0,0.0,1.0,19
0,42.0,1,6.0,20.0,3.0,8.0,6282.625,100.0,100.0,25.0,0.0,25
1,33.0,0,3.0,0.0,0.0,3.0,877.0,100.0,25.0,0.0,1.0,42
2,39.0,1,5.0,0.0,0.0,3.0,1922.0,100.0,25.0,0.0,1.0,37
3,58.0,0,9.0,0.0,0.0,3.0,1076.3333333333333,100.0,25.0,0.0,1.0,41
0,35.0,0,4.0,0.0,0.0,4.0,2909.25,100.0,50.0,0.0,0.0,57
1,39.0,0,621.0,2.8,1.0,11.0,21107.363636363636,100.0,100.0,50.0,0.0,46
3,39.0,0,1.0,0.0,0.0,2.0,609.5,100.0,0.0,0.0,1.0,2
0,39.0,0,6.0,0.0,0.0,8.0,33027.75,100.0,100.0,25.0,0.0,49
0,39.0,1,11.0,0.0,0.0,4.0,1766.5,100.0,50.0,0.0,1.0,57
3,39.0,0,10.0,0.0,0.0,2.0,3398.5,100.0,0.0,0.0,0.0,46
3,35.0,1,905.0,4.0,1.0,9.0,44010.88888888889,100.0,100.0,25.0,0.0,30
3,39.0,1,1.0,0.0,0.0,1.0,613.0,50.0,0.0,0.0,1.0,15
3,34.0,1,1.0,0.0,0.0,5.0,1841.6,100.0,50.0,0.0,1.0,13
1,41.0,0,7.0,0.0,0.0,5.0,8859.2,100.0,75.0,0.0,1.0,28
1,49.0,0,7.0,0.0,0.0,6.0,7001.333333333333,100.0,100.0,0.0,0.0,55
3,39.0,1,1.0,0.0,0.0,3.0,35.333333333333336,100.0,25.0,0.0,1.0,38
3,48.0,0,1.0,0.0,0.0,3.0,1208.3333333333333,100.0,25.0,0.0,1.0,19
1,28.0,0,1.0,2.8,1.0,5.0,1273.6,100.0,75.0,0.0,1.0,23
1,47.0,1,1539.0,7.0,2.0,14.0,40820.78571428572,100.0,100.0,87.5,0.0,13
0,39.0,0,1.0,0.0,0.0,5.0,1121.4,100.0,50.0,0.0,1.0,17
1,50.0,0,158.0,0.0,0.0,7.0,17023.85714285714,100.0,100.0,0.0,0.0,31
0,39.0,1,5.0,29.0,6.0,2.0,4819.5,100.0,0.0,0.0,1.0,51
1,39.0,1,5.0,0.0,0.0,1.0,3294.0,50.0,0.0,0.0,1.0,27
0,40.0,0,5.0,0.0,0.0,1.0,978.0,50.0,0.0,0.0,1.0,15
3,39.0,1,1.0,0.0,0.0,1.0,2103.0,50.0,0.0,0.0,1.0,17
3,33.0,1,90.0,32.0,7.0,7.0,14747.285714285714,100.0,100.0,0.0,0.0,45
1,33.0,1,1.0,0.0,0.0,2.0,1026.5,100.0,0.0,0.0,1.0,55
1,32.0,0,10.0,7.0,2.0,6.0,1955.8333333333333,100.0,100.0,0.0,0.0,48
3,39.0,1,5.0,0.0,0.0,1.0,1031.0,50.0,0.0,0.0,1.0,25
3,22.0,0,27.0,0.0,0.0,8.0,18572.625,100.0,100.0,12.5,1.0,10
3,36.0,1,15.0,0.0,0.0,9.0,17920.777777777777,100.0,100.0,25.0,1.0,23
0,39.0,0,23.0,20.0,3.0,5.0,6145.6,100.0,75.0,0.0,1.0,52
1,39.0,0,391.0,0.0,0.0,10.0,33783.9,100.0,100.0,37.5,0.0,12
0,23.0,0,5.0,0.0,0.0,1.0,1109.0,50.0,0.0,0.0,1.0,20
3,39.0,1,1.0,0.0,0.0,3.0,767.0,100.0,25.0,0.0,1.0,16
0,37.0,0,1.0,0.0,0.0,1.0,673.0,50.0,0.0,0.0,1.0,51
3,39.0,0,5.0,0.0,0.0,2.0,539.5,100.0,0.0,0.0,1.0,20
3,28.0,1,130.0,0.0,0.0,8.0,15175.0,100.0,100.0,12.5,0.0,30
1,40.0,1,25.0,0.0,0.0,8.0,8576.5,100.0,100.0,12.5,0.0,18
0,44.0,1,4.0,0.0,0.0,5.0,1879.2,100.0,75.0,0.0,1.0,41
3,39.0,0,18.0,0.0,0.0,8.0,10440.875,100.0,100.0,12.5,1.0,21
0,36.0,1,1.0,4.0,1.0,4.0,341.5,100.0,50.0,0.0,1.0,31
3,43.0,1,5.0,0.0,0.0,2.0,9.0,100.0,0.0,0.0,1.0,18
0,58.0,1,75.0,0.0,0.0,8.0,10958.125,100.0,100.0,12.5,0.0,54
1,47.0,0,1.0,14.0,3.0,8.0,24154.625,100.0,100.0,25.0,0.0,38
0,38.0,1,7.0,10.0,2.0,5.0,2880.6,100.0,75.0,0.0,1.0,54
0,26.0,0,2.0,0.0,0.0,3.0,679.0,100.0,25.0,0.0,1.0,25
1,39.0,1,2.0,0.0,0.0,3.0,947.6666666666666,100.0,25.0,0.0,1.0,44
3,27.0,0,1.0,4.0,1.0,3.0,2971.6666666666665,100.0,25.0,0.0,1.0,32
1,57.0,0,14.0,0.0,0.0,11.0,20916.81818181818,100.0,100.0,50.0,0.0,12
0,39.0,1,63.0,0.0,0.0,7.0,9814.714285714286,100.0,100.0,0.0,1.0,38
0,37.0,0,1.0,0.0,0.0,6.0,643.1666666666666,100.0,100.0,0.0,1.0,14
0,39.0,1,19.0,23.0,4.0,9.0,7983.444444444444,100.0,100.0,37.5,0.0,54
0,52.0,0,62.0,10.0,2.0,5.0,16747.2,100.0,75.0,0.0,0.0,39
0,39.0,0,1.0,0.0,0.0,7.0,5561.714285714285,100.0,100.0,0.0,1.0,17
0,39.0,1,5.0,0.0,0.0,1.0,1269.0,50.0,0.0,0.0,1.0,35
0,33.0,1,7.0,4.0,1.0,5.0,2990.2,100.0,75.0,0.0,1.0,23
1,32.0,1,4.0,0.0,0.0,4.0,1326.5,100.0,50.0,0.0,1.0,40
3,50.0,1,73.0,0.0,0.0,2.0,65854.0,100.0,0.0,0.0,1.0,22
0,39.0,0,1.0,4.0,1.0,3.0,957.0,100.0,25.0,0.0,1.0,37
0,43.0,1,1.0,0.0,0.0,4.0,1187.5,100.0,50.0,0.0,1.0,28
1,18.0,1,43.0,0.0,0.0,7.0,3810.142857142858,100.0,100.0,12.5,0.0,54
3,51.0,1,3.0,4.0,1.0,5.0,1294.2,100.0,50.0,0.0,1.0,11
0,35.0,0,12.0,0.0,0.0,9.0,7641.666666666667,100.0,100.0,25.0,1.0,16
0,38.0,1,19.0,0.0,0.0,5.0,3496.6,100.0,75.0,0.0,0.0,55
1,39.0,1,1.0,0.0,0.0,3.0,1.6666666666666667,100.0,25.0,0.0,1.0,32
1,33.0,0,1.0,0.0,0.0,4.0,39360.25,100.0,50.0,0.0,0.0,12
1,20.0,0,5.0,2.8,1.0,5.0,612.2,100.0,75.0,0.0,1.0,16
0,37.0,0,1.0,0.0,0.0,2.0,580.0,100.0,0.0,0.0,1.0,18
1,18.0,0,5.0,0.0,0.0,2.0,219.0,100.0,0.0,0.0,1.0,59
3,38.0,0,1.0,0.0,0.0,2.0,1382.5,100.0,0.0,0.0,1.0,2
3,30.0,0,5.0,0.0,0.0,1.0,15.0,50.0,0.0,0.0,1.0,17
3,49.0,0,163.0,4.0,1.0,7.0,23044.428571428572,100.0,100.0,0.0,0.0,23
2,33.0,1,29.0,0.0,0.0,6.0,4676.333333333333,100.0,75.0,0.0,1.0,35
3,31.0,0,5.0,0.0,0.0,3.0,442.6666666666667,100.0,25.0,0.0,1.0,32
0,39.0,1,630.0,0.0,0.0,6.0,33848.166666666664,100.0,75.0,0.0,0.0,37
1,60.0,1,1.0,0.0,0.0,1.0,126.0,50.0,0.0,0.0,1.0,13
0,39.0,1,9.0,0.0,0.0,3.0,1585.0,100.0,25.0,0.0,1.0,52
1,50.0,0,179.0,0.0,0.0,12.0,26819.25,100.0,100.0,62.5,1.0,12
1,45.0,0,11.0,0.0,0.0,3.0,5199.333333333333,100.0,25.0,0.0,0.0,55
3,35.0,0,1.0,0.0,0.0,3.0,894.6666666666666,100.0,25.0,0.0,1.0,12
3,51.0,1,11.0,4.0,1.0,2.0,12901.5,50.0,0.0,0.0,1.0,34
3,28.0,0,1.0,0.0,0.0,3.0,2405.0,100.0,25.0,0.0,1.0,21
2,45.0,1,5.0,0.0,0.0,3.0,762.0,100.0,25.0,0.0,1.0,25
0,22.0,1,3.0,35.0,8.0,5.0,1707.8,100.0,75.0,0.0,1.0,48
3,39.0,0,5.0,0.0,0.0,2.0,201.0,100.0,0.0,0.0,1.0,5
1,43.0,0,7.0,22.400002,6.0,9.0,652.7777777777778,100.0,100.0,25.0,0.0,21
1,47.0,1,368.0,0.0,0.0,8.0,7443.75,100.0,100.0,12.5,0.0,30
1,30.0,1,1.0,2.8,1.0,9.0,1328.2222222222222,100.0,100.0,25.0,1.0,13
0,36.0,0,1.0,0.0,0.0,4.0,2032.25,100.0,50.0,0.0,1.0,13
3,28.0,1,1.0,0.0,0.0,1.0,427.0,50.0,0.0,0.0,1.0,34
3,31.0,0,5.0,4.0,1.0,3.0,51.666666666666664,100.0,25.0,0.0,1.0,34
0,37.0,1,48.0,0.0,0.0,7.0,4838.428571428572,100.0,100.0,0.0,0.0,55
3,37.0,0,1.0,4.4,1.0,3.0,3779.3333333333335,100.0,25.0,0.0,1.0,8
1,34.0,0,5.0,0.0,0.0,7.0,9655.42857142857,100.0,100.0,12.5,1.0,21
1,33.0,0,2.0,0.0,0.0,1.0,723.0,50.0,0.0,0.0,1.0,44
3,39.0,1,1.0,0.0,0.0,2.0,691.0,100.0,0.0,0.0,1.0,2
0,39.0,0,1.0,0.0,0.0,6.0,1915.6666666666667,100.0,100.0,0.0,0.0,42
0,36.0,1,1.0,0.0,0.0,2.0,972.0,100.0,0.0,0.0,1.0,35
3,40.0,0,1.0,0.0,0.0,5.0,4935.4,100.0,50.0,0.0,1.0,37
3,39.0,0,1.0,0.0,0.0,3.0,3958.6666666666665,100.0,25.0,0.0,1.0,8
0,39.0,0,104.0,0.0,0.0,10.0,54804.3,100.0,100.0,37.5,1.0,16
0,39.0,0,7.0,0.0,0.0,4.0,634.5,100.0,50.0,0.0,1.0,58
3,38.0,0,1.0,4.4,1.0,7.0,5477.714285714285,100.0,100.0,0.0,1.0,9
3,39.0,1,5.0,0.0,0.0,1.0,400.0,50.0,0.0,0.0,1.0,16
0,36.0,1,11.0,0.0,0.0,3.0,306.3333333333333,100.0,25.0,0.0,0.0,61
1,49.0,0,247.0,0.0,0.0,9.0,21990.555555555555,100.0,100.0,25.0,1.0,38
3,39.0,0,1.0,0.0,0.0,1.0,4739.0,50.0,0.0,0.0,1.0,18
3,39.0,0,1.0,0.0,0.0,1.0,435.0,50.0,0.0,0.0,1.0,42
0,33.0,1,5.0,0.0,0.0,2.0,1105.0,100.0,0.0,0.0,1.0,37
1,39.0,1,5.0,0.0,0.0,1.0,1910.0,100.0,75.0,0.0,0.0,64
1,50.0,1,50.0,0.0,0.0,9.0,15303.333333333334,100.0,100.0,25.0,0.0,43
0,53.0,0,79.0,4.0,1.0,8.0,7823.125,100.0,100.0,12.5,1.0,35
2,39.0,1,21.0,9.0,3.0,4.0,17219.5,100.0,50.0,0.0,1.0,42
0,39.0,1,20.0,4.0,1.0,4.0,3002.5,100.0,50.0,0.0,1.0,45
0,34.0,1,361.0,0.0,0.0,9.0,26466.222222222223,100.0,100.0,25.0,0.0,39
0,39.0,0,1.0,0.0,0.0,2.0,694.5,100.0,50.0,0.0,0.0,58
2,30.0,1,72.0,6.2999997,3.0,6.0,5077.166666666667,100.0,75.0,0.0,1.0,47
0,28.0,1,5.0,0.0,0.0,2.0,891.5,100.0,0.0,0.0,1.0,48
3,46.0,0,5.0,0.0,0.0,3.0,1001.0,100.0,25.0,0.0,1.0,16
1,44.0,1,245.0,7.0,2.0,10.0,19698.3,100.0,100.0,50.0,0.0,26
3,39.0,1,21.0,0.0,0.0,3.0,2202.6666666666665,100.0,25.0,0.0,1.0,43
3,39.0,1,1.0,0.0,0.0,2.0,366.5,100.0,0.0,0.0,1.0,14
0,55.0,1,5.0,0.0,0.0,5.0,5536.4,100.0,75.0,0.0,0.0,29
3,39.0,0,1.0,0.0,0.0,3.0,154.66666666666666,100.0,25.0,0.0,1.0,22
0,50.0,1,1.0,4.0,1.0,5.0,10450.6,100.0,50.0,0.0,1.0,15
3,39.0,0,5.0,0.0,0.0,3.0,1391.6666666666667,100.0,25.0,0.0,1.0,14
0,39.0,1,462.0,20.0,3.0,10.0,16984.6,100.0,100.0,37.5,0.0,44
3,45.0,0,1.0,0.0,0.0,3.0,1189.6666666666667,100.0,25.0,0.0,1.0,21
1,42.0,0,12.0,0.0,0.0,4.0,1134.75,100.0,50.0,0.0,0.0,60
3,52.0,0,1.0,4.0,1.0,8.0,5893.75,100.0,100.0,25.0,1.0,32
1,30.0,1,1.0,0.0,0.0,4.0,128.5,100.0,50.0,0.0,1.0,26
1,39.0,0,2.0,0.0,0.0,3.0,1180.3333333333333,100.0,25.0,0.0,1.0,45
2,39.0,0,1.0,0.0,0.0,6.0,11650.5,100.0,75.0,0.0,1.0,36
3,44.0,0,1.0,0.0,0.0,3.0,3721.3333333333335,100.0,25.0,0.0,1.0,9
1,36.0,1,11.0,0.0,0.0,6.0,2848.1666666666665,100.0,75.0,0.0,1.0,32
3,39.0,1,2.0,0.0,0.0,3.0,978.6666666666666,100.0,25.0,0.0,1.0,41
1,39.0,0,1.0,0.0,0.0,1.0,2192.0,50.0,0.0,0.0,1.0,28
1,43.0,1,12.0,0.0,0.0,6.0,15862.5,100.0,100.0,0.0,0.0,41
1,39.0,1,1.0,0.0,0.0,6.0,1952.8333333333333,100.0,75.0,0.0,1.0,18
0,34.0,1,1.0,0.0,0.0,3.0,127.33333333333331,100.0,25.0,0.0,1.0,19
0,39.0,1,2.0,20.0,3.0,5.0,1410.2,100.0,100.0,0.0,0.0,61
1,39.0,1,1.0,0.0,0.0,2.0,771.0,100.0,0.0,0.0,0.0,60
3,40.0,1,1.0,4.0,1.0,5.0,2315.2,100.0,50.0,0.0,1.0,8
0,39.0,1,35.0,0.0,0.0,5.0,3015.6,100.0,50.0,0.0,1.0,42
0,39.0,0,1.0,10.0,2.0,5.0,9791.0,100.0,75.0,0.0,0.0,56
0,29.0,0,15.0,0.0,0.0,6.0,3670.3333333333335,100.0,100.0,0.0,1.0,49
3,39.0,0,1.0,4.0,1.0,6.0,3771.3333333333335,100.0,75.0,0.0,1.0,0
0,44.0,0,58.0,0.0,0.0,7.0,31462.571428571428,100.0,100.0,0.0,0.0,55
3,19.0,1,5.0,0.0,0.0,3.0,313.6666666666667,100.0,25.0,0.0,1.0,15
3,38.0,1,151.0,20.0,3.0,8.0,13718.5,100.0,100.0,12.5,0.0,16
3,49.0,0,1.0,4.0,1.0,3.0,5710.666666666667,100.0,25.0,0.0,1.0,27
3,35.0,0,1.0,4.0,1.0,6.0,5371.833333333333,100.0,75.0,0.0,1.0,6
1,39.0,1,1.0,0.0,0.0,6.0,4896.5,100.0,100.0,0.0,1.0,15
2,24.0,1,5.0,0.0,0.0,3.0,540.6666666666666,100.0,25.0,0.0,1.0,38
0,39.0,1,1.0,0.0,0.0,3.0,1056.6666666666667,100.0,25.0,0.0,1.0,27
0,60.0,1,10.0,0.0,0.0,3.0,614.0,100.0,25.0,0.0,1.0,40
1,25.0,1,64.0,7.0,2.0,8.0,7050.875,100.0,100.0,25.0,0.0,52
3,35.0,0,1.0,4.0,1.0,5.0,13163.2,100.0,75.0,0.0,1.0,11
0,34.0,1,161.0,0.0,0.0,8.0,5662.5,100.0,100.0,12.5,0.0,59
1,48.0,0,60.0,0.0,0.0,8.0,14161.0,100.0,100.0,12.5,0.0,18
0,39.0,0,625.0,0.0,0.0,11.0,16623.18181818182,100.0,100.0,50.0,0.0,45
1,43.0,1,43.0,0.0,0.0,6.0,7785.0,100.0,75.0,0.0,1.0,47
1,45.0,1,1.0,0.0,0.0,4.0,1133.5,100.0,50.0,0.0,1.0,19
3,54.0,0,14.0,0.0,0.0,4.0,1529.75,100.0,50.0,0.0,1.0,15
0,39.0,1,1.0,0.0,0.0,7.0,18168.85714285714,100.0,100.0,0.0,1.0,20
0,49.0,0,1.0,0.0,0.0,6.0,7648.0,100.0,100.0,0.0,1.0,30
0,39.0,0,112.0,0.0,0.0,11.0,7126.272727272727,100.0,100.0,50.0,1.0,17
0,39.0,0,5.0,0.0,0.0,5.0,3262.8,100.0,75.0,0.0,0.0,56
3,55.0,1,2.0,0.0,0.0,1.0,2113.0,50.0,0.0,0.0,1.0,45
1,35.0,1,1.0,0.0,0.0,6.0,1724.8333333333333,100.0,100.0,0.0,1.0,15
0,20.0,1,28.0,0.0,0.0,3.0,11703.0,100.0,0.0,0.0,1.0,50
1,37.0,1,2.0,0.0,0.0,4.0,1360.0,100.0,50.0,0.0,1.0,55
2,25.0,1,1.0,0.0,0.0,4.0,13014.25,100.0,50.0,0.0,1.0,32
0,42.0,0,40.0,10.0,2.0,8.0,13919.625,100.0,100.0,12.5,1.0,26
0,30.0,1,9.0,4.0,1.0,6.0,1911.1666666666667,100.0,100.0,0.0,0.0,42
0,53.0,1,2.0,0.0,0.0,3.0,1862.3333333333333,100.0,25.0,0.0,1.0,44
0,37.0,0,24.0,0.0,0.0,5.0,3073.6,100.0,75.0,0.0,0.0,57
3,39.0,0,1.0,0.0,0.0,4.0,3234.25,100.0,50.0,0.0,1.0,23
0,30.0,1,9.0,80.0,23.0,8.0,5228.25,100.0,100.0,12.5,0.0,34
3,63.0,0,230.0,41.0,10.0,7.0,7511.0,100.0,100.0,0.0,0.0,38
3,39.0,1,1.0,0.0,0.0,4.0,3561.0,100.0,50.0,0.0,1.0,6
3,39.0,0,1.0,0.0,0.0,3.0,2096.0,100.0,25.0,0.0,1.0,2
0,39.0,1,8.0,0.0,0.0,4.0,3031.75,100.0,50.0,0.0,1.0,47
3,30.0,0,396.0,0.0,0.0,3.0,96742.66666666669,100.0,25.0,0.0,0.0,14
2,35.0,0,142.0,0.0,0.0,7.0,661.1428571428571,100.0,100.0,0.0,0.0,42
0,36.0,1,12.0,20.0,3.0,8.0,8431.0,100.0,100.0,12.5,1.0,24
0,26.0,0,5.0,0.0,0.0,3.0,1213.0,100.0,25.0,0.0,1.0,33
1,39.0,0,9.0,0.0,0.0,4.0,772.25,100.0,50.0,0.0,1.0,42
3,36.0,1,1.0,0.0,0.0,3.0,4615.0,100.0,25.0,0.0,1.0,5
0,37.0,0,25.0,0.0,0.0,6.0,3084.3333333333335,100.0,100.0,0.0,0.0,55
3,40.0,1,5.0,0.0,0.0,1.0,1125.0,50.0,0.0,0.0,1.0,4
3,50.0,0,86.0,0.0,0.0,3.0,9912.666666666666,100.0,0.0,0.0,1.0,41
0,57.0,1,1081.0,0.0,0.0,11.0,51491.181818181816,100.0,100.0,50.0,0.0,46
0,39.0,1,20.0,0.0,0.0,5.0,3694.2,100.0,75.0,0.0,1.0,58
3,39.0,0,1.0,0.0,0.0,3.0,2991.0,100.0,25.0,0.0,1.0,34
0,35.0,0,1.0,0.0,0.0,5.0,5129.4,100.0,75.0,0.0,1.0,13
0,35.0,0,5.0,0.0,0.0,1.0,612.0,50.0,0.0,0.0,1.0,38
0,33.0,0,1.0,0.0,0.0,2.0,554.0,100.0,0.0,0.0,1.0,59
1,32.0,1,1.0,0.0,0.0,1.0,493.0,50.0,0.0,0.0,1.0,30
0,35.0,1,1.0,0.0,0.0,4.0,344.0,100.0,75.0,0.0,0.0,63
0,39.0,0,25.0,0.0,0.0,2.0,14518.0,100.0,0.0,0.0,1.0,30
0,20.0,0,5.0,0.0,0.0,2.0,1057.0,100.0,0.0,0.0,1.0,24
0,58.0,1,266.0,20.0,3.0,11.0,54154.36363636364,100.0,100.0,62.5,0.0,16
1,55.0,0,51.0,22.399998,6.0,8.0,2389.75,100.0,100.0,12.5,0.0,58
1,18.0,1,5.0,0.0,0.0,1.0,2179.0,50.0,0.0,0.0,1.0,25
1,30.0,0,90.0,0.0,0.0,6.0,5302.0,100.0,75.0,0.0,1.0,40
1,38.0,1,5.0,0.0,0.0,3.0,1020.6666666666666,100.0,25.0,0.0,1.0,21
1,45.0,1,278.0,0.0,0.0,10.0,26658.5,100.0,100.0,37.5,0.0,17
0,29.0,0,5.0,0.0,0.0,2.0,419.5,100.0,0.0,0.0,1.0,49
1,23.0,0,19.0,7.0,2.0,6.0,5459.5,100.0,100.0,0.0,1.0,41
0,31.0,0,5.0,0.0,0.0,2.0,293.5,100.0,0.0,0.0,1.0,17
3,36.0,0,5.0,0.0,0.0,3.0,5664.333333333333,100.0,25.0,0.0,1.0,17
3,39.0,1,1.0,0.0,0.0,1.0,100.0,50.0,0.0,0.0,1.0,31
3,40.0,1,5.0,0.0,0.0,3.0,1114.6666666666667,100.0,25.0,0.0,1.0,44
0,39.0,1,11.0,0.0,0.0,7.0,8910.857142857143,100.0,100.0,12.5,0.0,13
0,37.0,0,1.0,23.0,4.0,4.0,29.0,100.0,50.0,0.0,1.0,46
0,37.0,0,5.0,0.0,0.0,5.0,5750.4,100.0,75.0,0.0,0.0,60
0,39.0,1,1.0,0.0,0.0,1.0,922.0,50.0,0.0,0.0,1.0,26
1,38.0,0,2.0,0.0,0.0,4.0,476.5,100.0,50.0,0.0,0.0,44
1,37.0,1,1.0,0.0,0.0,5.0,4859.6,100.0,75.0,0.0,1.0,19
0,50.0,1,1.0,0.0,0.0,1.0,3764.0,50.0,0.0,0.0,1.0,17
3,37.0,0,1.0,4.0,1.0,8.0,9903.625,100.0,100.0,12.5,1.0,8
0,40.0,1,2.0,0.0,0.0,1.0,7580.0,50.0,0.0,0.0,1.0,39
3,39.0,0,1.0,0.0,0.0,3.0,2770.0,100.0,25.0,0.0,1.0,8
3,46.0,1,218.0,0.0,0.0,4.0,11223.5,100.0,50.0,0.0,1.0,44
0,39.0,0,19.0,0.0,0.0,4.0,56.25,100.0,50.0,0.0,0.0,51
3,39.0,0,12.0,0.0,0.0,6.0,3065.1666666666665,100.0,100.0,0.0,1.0,30
3,31.0,0,2.0,0.0,0.0,3.0,1130.6666666666667,100.0,25.0,0.0,1.0,29
1,44.0,0,12.0,14.0,3.0,6.0,7355.0,100.0,100.0,0.0,0.0,38
0,53.0,1,800.0,0.0,0.0,14.0,62783.5,100.0,100.0,87.5,0.0,15
3,39.0,0,1.0,0.0,0.0,3.0,314.3333333333333,100.0,25.0,0.0,1.0,38
0,29.0,0,9.0,0.0,0.0,4.0,2045.5,100.0,50.0,0.0,1.0,49
1,39.0,0,5.0,0.0,0.0,1.0,1315.0,100.0,0.0,0.0,0.0,63
3,40.0,1,153.0,0.0,0.0,6.0,12508.5,100.0,75.0,0.0,0.0,46
3,49.0,0,1.0,0.0,0.0,3.0,1558.0,100.0,25.0,0.0,1.0,25
3,39.0,1,1.0,0.0,0.0,2.0,610.5,100.0,0.0,0.0,1.0,3
0,43.0,0,1195.0,0.0,0.0,12.0,47651.833333333336,100.0,100.0,62.5,0.0,24
3,39.0,1,796.0,0.0,0.0,12.0,359.0,100.0,100.0,62.5,1.0,16
0,29.0,0,10.0,0.0,0.0,5.0,348.2,100.0,75.0,0.0,0.0,47
0,39.0,0,5.0,0.0,0.0,3.0,887.3333333333334,100.0,25.0,0.0,0.0,60
0,46.0,0,66.0,0.0,0.0,7.0,3346.5714285714284,100.0,100.0,0.0,0.0,27
3,39.0,0,1.0,0.0,0.0,3.0,249.0,100.0,25.0,0.0,1.0,5
0,37.0,1,5.0,0.0,0.0,1.0,239.0,50.0,0.0,0.0,1.0,23
3,68.0,1,158.0,0.0,0.0,6.0,5301.833333333333,100.0,75.0,0.0,1.0,46
0,44.0,1,5.0,0.0,0.0,3.0,289.0,100.0,25.0,0.0,1.0,47
0,28.0,0,24.0,0.0,0.0,8.0,1612.375,100.0,100.0,25.0,0.0,41
3,39.0,1,5.0,0.0,0.0,1.0,453.0,50.0,0.0,0.0,1.0,35
3,34.0,1,1.0,4.0,1.0,4.0,2522.25,100.0,50.0,0.0,1.0,8
3,30.0,0,5.0,0.0,0.0,1.0,1143.0,50.0,0.0,0.0,1.0,25
3,39.0,1,10.0,0.0,0.0,3.0,1007.3333333333334,100.0,25.0,0.0,1.0,45
3,37.0,0,1.0,4.4,1.0,9.0,18620.555555555555,100.0,100.0,25.0,1.0,0
3,43.0,1,1.0,0.0,0.0,3.0,2778.3333333333335,100.0,25.0,0.0,1.0,5
0,36.0,1,8.0,0.0,0.0,1.0,7181.0,50.0,0.0,0.0,1.0,46
3,39.0,0,1.0,0.0,0.0,5.0,3212.6,100.0,75.0,0.0,1.0,3
0,49.0,1,1144.0,4.0,1.0,14.0,57454.78571428572,100.0,100.0,87.5,0.0,27
3,34.0,1,5.0,4.0,1.0,4.0,1294.5,100.0,50.0,0.0,1.0,34
0,30.0,0,105.0,4.4,1.0,8.0,5330.25,100.0,100.0,25.0,0.0,57
3,37.0,1,1.0,0.0,0.0,2.0,245.0,100.0,0.0,0.0,1.0,38
1,31.0,1,5.0,0.0,0.0,1.0,0.0,50.0,0.0,0.0,1.0,35
0,33.0,1,11.0,0.0,0.0,4.0,1804.25,100.0,50.0,0.0,0.0,57
1,60.0,1,418.0,0.0,0.0,11.0,48273.818181818184,100.0,100.0,50.0,0.0,27
3,42.0,0,1.0,0.0,0.0,6.0,4265.5,100.0,100.0,0.0,1.0,15
2,28.0,0,1.0,0.0,0.0,4.0,2092.5,100.0,50.0,0.0,1.0,35
3,39.0,1,5.0,0.0,0.0,1.0,17.0,50.0,0.0,0.0,1.0,16
0,25.0,0,5.0,0.0,0.0,1.0,1063.0,50.0,0.0,0.0,0.0,63
0,39.0,1,3.0,0.0,0.0,4.0,874.75,100.0,50.0,0.0,1.0,41
0,38.0,0,1.0,4.4,1.0,5.0,9461.6,100.0,75.0,0.0,1.0,20
3,39.0,1,4.0,0.0,0.0,1.0,7.0,50.0,0.0,0.0,1.0,41
0,39.0,0,38.0,4.0,1.0,7.0,5364.0,100.0,100.0,0.0,0.0,51
0,39.0,0,7.0,0.0,0.0,5.0,1621.0,100.0,75.0,0.0,1.0,41
3,39.0,1,1.0,4.0,1.0,4.0,3364.0,100.0,50.0,0.0,1.0,22
1,39.0,0,1.0,0.0,0.0,5.0,6544.6,100.0,75.0,0.0,1.0,13
1,47.0,0,5.0,0.0,0.0,2.0,1079.5,100.0,0.0,0.0,0.0,60
1,39.0,1,21.0,0.0,0.0,6.0,4220.833333333333,100.0,100.0,0.0,0.0,55
0,22.0,1,30.0,4.0,1.0,6.0,6127.5,100.0,75.0,0.0,1.0,50
0,42.0,0,1.0,0.0,0.0,2.0,1307.0,100.0,0.0,0.0,0.0,65
1,39.0,1,4.0,0.0,0.0,4.0,287.75,100.0,50.0,0.0,1.0,53
1,26.0,1,5.0,0.0,0.0,1.0,0.0,50.0,0.0,0.0,1.0,40
1,36.0,0,10.0,0.0,0.0,8.0,7258.875,100.0,100.0,12.5,1.0,20
1,39.0,1,5.0,0.0,0.0,5.0,7283.8,100.0,75.0,0.0,1.0,35
3,21.0,1,1.0,4.4,1.0,3.0,2197.3333333333335,100.0,25.0,0.0,1.0,8
3,34.0,0,1.0,0.0,0.0,3.0,693.6666666666666,100.0,25.0,0.0,1.0,25
0,52.0,0,1.0,0.0,0.0,1.0,722.0,50.0,0.0,0.0,1.0,29
1,39.0,1,2.0,0.0,0.0,6.0,10695.166666666666,100.0,100.0,0.0,1.0,29
3,42.0,1,5.0,4.0,1.0,4.0,1125.75,100.0,50.0,0.0,1.0,33
3,53.0,0,1.0,0.0,0.0,5.0,7073.0,100.0,50.0,0.0,1.0,28
1,62.0,1,41.0,0.0,0.0,9.0,4754.222222222223,100.0,100.0,25.0,1.0,28
3,42.0,1,1.0,0.0,0.0,4.0,651.75,100.0,50.0,0.0,1.0,7
1,26.0,0,206.0,7.0,2.0,13.0,15431.23076923077,100.0,100.0,75.0,0.0,13
3,45.0,1,116.0,4.0,1.0,6.0,5145.666666666667,100.0,75.0,0.0,1.0,45
3,35.0,1,1.0,4.0,1.0,4.0,5120.0,100.0,25.0,0.0,1.0,21
3,39.0,1,1.0,4.0,1.0,6.0,5325.333333333333,100.0,75.0,0.0,1.0,5
3,39.0,0,1.0,0.0,0.0,4.0,7485.75,100.0,50.0,0.0,1.0,6
0,39.0,0,1.0,0.0,0.0,4.0,449.75,100.0,50.0,0.0,1.0,33
2,35.0,0,42.0,0.0,0.0,9.0,5041.555555555556,100.0,100.0,25.0,0.0,34
3,47.0,1,1.0,0.0,0.0,3.0,330.3333333333333,100.0,25.0,0.0,1.0,34
0,46.0,1,1.0,20.0,3.0,11.0,9753.272727272728,100.0,100.0,50.0,0.0,27
0,42.0,1,5.0,0.0,0.0,3.0,2079.6666666666665,100.0,25.0,0.0,1.0,36
1,23.0,0,5.0,0.0,0.0,4.0,1193.5,100.0,50.0,0.0,1.0,40
3,46.0,0,1.0,20.0,3.0,3.0,42.333333333333336,100.0,25.0,0.0,1.0,32
2,39.0,0,764.0,0.0,0.0,9.0,1283.111111111111,100.0,100.0,25.0,1.0,48
3,39.0,0,5.0,0.0,0.0,3.0,96.33333333333331,100.0,25.0,0.0,1.0,43
0,33.0,1,1.0,0.0,0.0,3.0,840.3333333333334,100.0,25.0,0.0,1.0,16
2,25.0,1,1.0,0.0,0.0,3.0,1782.0,100.0,25.0,0.0,1.0,34
3,34.0,1,1.0,0.0,0.0,3.0,2045.6666666666667,100.0,25.0,0.0,1.0,24
1,39.0,0,1.0,0.0,0.0,8.0,7752.0,100.0,100.0,12.5,1.0,18
3,40.0,0,1.0,0.0,0.0,3.0,1014.6666666666666,100.0,0.0,0.0,1.0,24
3,36.0,1,5.0,0.0,0.0,2.0,801.5,100.0,0.0,0.0,1.0,24
0,39.0,0,6.0,0.0,0.0,3.0,409.0,100.0,50.0,0.0,0.0,62
0,39.0,1,5.0,0.0,0.0,2.0,680.0,100.0,0.0,0.0,1.0,26
1,39.0,1,336.0,0.0,0.0,10.0,11347.2,100.0,100.0,37.5,0.0,55
3,36.0,0,1.0,0.0,0.0,3.0,686.3333333333334,100.0,25.0,0.0,1.0,17
0,34.0,0,206.0,10.0,2.0,11.0,51789.09090909091,100.0,100.0,50.0,1.0,12
0,39.0,1,34.0,0.0,0.0,7.0,2528.0,100.0,100.0,0.0,1.0,28
0,39.0,1,2.0,10.0,2.0,7.0,242715.42857142855,100.0,100.0,0.0,1.0,20
0,18.0,0,13.0,0.0,0.0,5.0,2287.2,100.0,75.0,0.0,1.0,50
3,47.0,0,1094.0,0.0,0.0,11.0,63427.545454545456,100.0,100.0,50.0,1.0,24
3,35.0,0,10.0,4.0,1.0,4.0,591.0,100.0,50.0,0.0,1.0,36
1,31.0,1,1.0,0.0,0.0,3.0,1024.6666666666667,100.0,25.0,0.0,1.0,13
0,39.0,0,4.0,0.0,0.0,4.0,2249.5,100.0,50.0,0.0,1.0,35
0,44.0,1,1.0,0.0,0.0,2.0,907.5,100.0,0.0,0.0,1.0,59
0,36.0,0,1.0,26.0,5.0,10.0,15863.9,100.0,100.0,50.0,0.0,23
3,41.0,0,1.0,0.0,0.0,3.0,1210.6666666666667,100.0,25.0,0.0,1.0,25
1,41.0,0,5.0,0.0,0.0,2.0,792.5,100.0,0.0,0.0,1.0,20
3,38.0,0,5.0,0.0,0.0,1.0,1401.0,50.0,0.0,0.0,1.0,18
3,38.0,0,1.0,0.0,0.0,3.0,2190.6666666666665,100.0,25.0,0.0,1.0,6
3,42.0,0,1.0,0.0,0.0,3.0,57.333333333333336,100.0,25.0,0.0,1.0,20
3,34.0,0,1.0,0.0,0.0,5.0,1535.6,100.0,75.0,0.0,1.0,8
1,20.0,0,1.0,0.0,0.0,7.0,3348.285714285714,100.0,100.0,0.0,1.0,31
1,38.0,1,279.0,0.0,0.0,7.0,9180.714285714286,100.0,100.0,0.0,0.0,40
3,39.0,1,1.0,0.0,0.0,5.0,1652.6,100.0,50.0,0.0,1.0,5
0,28.0,1,47.0,4.0,1.0,7.0,9640.42857142857,100.0,100.0,12.5,0.0,58
0,34.0,0,1.0,0.0,0.0,5.0,1131.6,100.0,75.0,0.0,1.0,44
3,32.0,0,1.0,0.0,0.0,3.0,2699.6666666666665,100.0,25.0,0.0,1.0,20
1,47.0,1,1.0,0.0,0.0,1.0,68109.0,50.0,0.0,0.0,1.0,19
3,49.0,1,1.0,0.0,0.0,4.0,202.25,100.0,50.0,0.0,1.0,34
3,56.0,1,101.0,20.0,3.0,7.0,8434.57142857143,100.0,100.0,0.0,0.0,24
0,42.0,0,1.0,0.0,0.0,7.0,6435.285714285715,100.0,100.0,0.0,1.0,13
1,39.0,1,1.0,0.0,0.0,4.0,3278.75,100.0,50.0,0.0,1.0,27
3,32.0,1,1.0,0.0,0.0,1.0,2544.0,50.0,0.0,0.0,1.0,30
3,49.0,1,188.0,10.0,2.0,7.0,3234.5714285714284,100.0,100.0,0.0,0.0,34
0,39.0,1,1.0,0.0,0.0,4.0,565.25,100.0,50.0,0.0,1.0,16
3,38.0,0,1.0,0.0,0.0,6.0,5798.666666666667,100.0,75.0,0.0,1.0,11
0,25.0,1,2.0,10.0,2.0,5.0,6590.2,100.0,75.0,0.0,0.0,24
1,39.0,0,2.0,0.0,0.0,4.0,1338.25,100.0,50.0,0.0,0.0,26
3,39.0,1,5.0,0.0,0.0,1.0,570.0,50.0,0.0,0.0,1.0,7
3,34.0,1,5.0,0.0,0.0,3.0,750.3333333333334,100.0,25.0,0.0,1.0,24
1,35.0,0,27.0,14.0,3.0,6.0,3444.1666666666665,100.0,100.0,0.0,1.0,40
1,57.0,1,1.0,2.8,1.0,6.0,15032.0,100.0,75.0,0.0,1.0,24
1,39.0,1,254.0,0.0,0.0,10.0,7293.1,100.0,100.0,37.5,0.0,16
0,46.0,1,23.0,0.0,0.0,5.0,1076.0,100.0,75.0,0.0,1.0,54
0,21.0,0,1.0,0.0,0.0,4.0,4626.0,100.0,50.0,0.0,1.0,46
3,49.0,0,9.0,4.0,1.0,6.0,3462.1666666666665,100.0,75.0,0.0,1.0,13
3,28.0,1,1.0,0.0,0.0,4.0,2584.25,100.0,50.0,0.0,1.0,9
0,18.0,1,1.0,0.0,0.0,3.0,942.0,100.0,25.0,0.0,1.0,32
0,36.0,0,1.0,0.0,0.0,4.0,4167.75,100.0,50.0,0.0,1.0,31
0,39.0,1,17.0,0.0,0.0,2.0,1529.0,100.0,0.0,0.0,1.0,39
1,38.0,0,1.0,0.0,0.0,5.0,1431.4,100.0,75.0,0.0,1.0,14
0,26.0,0,6.0,0.0,0.0,5.0,2529.6,100.0,75.0,0.0,0.0,47
1,30.0,1,39.0,0.0,0.0,6.0,2226.0,100.0,75.0,0.0,0.0,62
1,47.0,1,213.0,0.0,0.0,7.0,7161.285714285715,100.0,100.0,0.0,0.0,57
3,47.0,0,5.0,0.0,0.0,1.0,606.0,50.0,0.0,0.0,1.0,43
3,39.0,0,1.0,0.0,0.0,1.0,197.0,50.0,0.0,0.0,1.0,20
0,34.0,0,1.0,4.0,1.0,4.0,508.0,100.0,50.0,0.0,1.0,32
0,45.0,0,1.0,0.0,0.0,8.0,16607.25,100.0,100.0,12.5,1.0,23
0,65.0,1,9.0,0.0,0.0,3.0,1086.3333333333333,100.0,25.0,0.0,1.0,51
1,50.0,0,3.0,0.0,0.0,2.0,135.0,100.0,0.0,0.0,1.0,32
3,39.0,0,15.0,4.0,1.0,9.0,4362.666666666667,100.0,100.0,25.0,1.0,16
3,39.0,1,1.0,0.0,0.0,6.0,1851.5,100.0,75.0,0.0,1.0,14
0,45.0,0,7.0,0.0,0.0,7.0,5808.714285714285,100.0,100.0,0.0,0.0,20
0,31.0,0,2.0,0.0,0.0,4.0,963.5,100.0,50.0,0.0,1.0,47
0,46.0,0,18.0,0.0,0.0,1.0,6623.0,0.0,0.0,0.0,0.0,57
3,42.0,1,1.0,0.0,0.0,3.0,1577.6666666666667,100.0,25.0,0.0,1.0,34
0,36.0,1,4.0,0.0,0.0,4.0,3271.25,100.0,50.0,0.0,0.0,40
1,39.0,0,5.0,0.0,0.0,2.0,176.0,100.0,0.0,0.0,1.0,26
1,37.0,1,1.0,0.0,0.0,4.0,1640.25,100.0,50.0,0.0,1.0,19
0,35.0,1,5.0,0.0,0.0,4.0,1037.25,100.0,50.0,0.0,1.0,46
0,22.0,0,5.0,0.0,0.0,4.0,516.25,100.0,50.0,0.0,1.0,38
2,41.0,0,1.0,0.0,0.0,2.0,1092.5,100.0,0.0,0.0,1.0,33
0,45.0,0,19.0,0.0,0.0,4.0,4381.5,100.0,50.0,0.0,1.0,58
1,58.0,0,257.0,14.0,3.0,8.0,9299.125,100.0,100.0,12.5,0.0,46
3,35.0,1,1.0,0.0,0.0,8.0,860.625,100.0,100.0,12.5,1.0,8
3,22.0,1,1.0,0.0,0.0,4.0,553.25,100.0,50.0,0.0,1.0,17
1,46.0,1,7.0,14.0,3.0,4.0,1578.75,100.0,50.0,0.0,1.0,31
1,36.0,1,582.0,16.8,4.0,11.0,27204.18181818182,100.0,100.0,50.0,0.0,40
3,54.0,0,5.0,0.0,0.0,2.0,20.5,100.0,0.0,0.0,1.0,12
3,39.0,1,2.0,0.0,0.0,2.0,676.0,100.0,0.0,0.0,1.0,23
1,46.0,0,67.0,2.8,1.0,9.0,15145.444444444443,100.0,100.0,25.0,0.0,42
3,64.0,1,22.0,4.0,1.0,2.0,575.0,50.0,0.0,0.0,1.0,29
3,39.0,0,1.0,0.0,0.0,1.0,913.0,50.0,0.0,0.0,1.0,22
3,21.0,1,1.0,0.0,0.0,5.0,4237.4,100.0,75.0,0.0,1.0,30
3,36.0,0,2.0,0.0,0.0,3.0,4534.0,100.0,25.0,0.0,1.0,25
0,58.0,1,420.0,0.0,0.0,11.0,14883.09090909091,100.0,100.0,50.0,0.0,39
0,64.0,1,50.0,29.0,6.0,6.0,6077.0,100.0,75.0,0.0,1.0,58
0,42.0,0,2.0,0.0,0.0,5.0,2903.2,100.0,75.0,0.0,0.0,53
0,41.0,1,1.0,0.0,0.0,1.0,1567.0,50.0,0.0,0.0,1.0,13
0,38.0,0,2.0,0.0,0.0,1.0,7472.0,50.0,0.0,0.0,1.0,37
0,44.0,1,1.0,4.0,1.0,6.0,10117.5,100.0,100.0,0.0,1.0,31
1,49.0,0,145.0,2.8,1.0,7.0,9845.142857142857,100.0,100.0,12.5,0.0,55
3,35.0,0,22.0,0.0,0.0,2.0,1941.0,100.0,0.0,0.0,1.0,44
3,39.0,0,1.0,0.0,0.0,1.0,2993.0,50.0,0.0,0.0,1.0,9
3,26.0,0,25.0,0.0,0.0,4.0,7621.0,100.0,50.0,0.0,1.0,42
3,31.0,0,5.0,0.0,0.0,3.0,365.3333333333333,100.0,25.0,0.0,1.0,36
1,38.0,1,7.0,0.0,0.0,4.0,1805.0,100.0,50.0,0.0,0.0,62
1,26.0,0,1.0,0.0,0.0,4.0,1000.75,100.0,50.0,0.0,1.0,23
0,42.0,1,12.0,29.0,6.0,2.0,3218.0,100.0,0.0,0.0,1.0,45
1,41.0,1,382.0,2.8,1.0,10.0,9550.4,100.0,100.0,37.5,0.0,43
3,51.0,1,30.0,0.0,0.0,3.0,5420.0,100.0,0.0,0.0,1.0,33
3,41.0,1,1.0,0.0,0.0,3.0,1409.0,100.0,25.0,0.0,1.0,16
0,54.0,1,344.0,10.0,2.0,10.0,33066.1,100.0,100.0,37.5,1.0,30
3,34.0,1,1.0,0.0,0.0,3.0,103.66666666666669,100.0,25.0,0.0,1.0,25
1,37.0,0,5.0,0.0,0.0,2.0,30249.5,100.0,0.0,0.0,0.0,48
1,39.0,1,1.0,0.0,0.0,2.0,17156.0,100.0,0.0,0.0,0.0,22
0,42.0,0,2.0,0.0,0.0,4.0,5542.75,100.0,50.0,0.0,0.0,59
3,62.0,1,1.0,0.0,0.0,6.0,15620.833333333334,100.0,75.0,0.0,1.0,0
0,39.0,1,1.0,4.0,1.0,6.0,1816.1666666666667,100.0,75.0,0.0,1.0,29
0,42.0,0,37.0,62.6,17.0,8.0,10644.5,100.0,100.0,12.5,0.0,56
3,39.0,0,1.0,0.0,0.0,3.0,465.0,100.0,25.0,0.0,1.0,6
3,24.0,1,9.0,31.9,6.0,6.0,3476.5,100.0,100.0,0.0,0.0,42
0,39.0,1,17.0,10.0,2.0,6.0,5194.666666666667,100.0,100.0,12.5,0.0,56
3,45.0,0,19.0,4.0,1.0,4.0,3441.75,100.0,25.0,0.0,1.0,24
0,52.0,1,2.0,0.0,0.0,1.0,1746.0,50.0,0.0,0.0,1.0,57
0,32.0,0,1.0,0.0,0.0,2.0,452.5,100.0,0.0,0.0,1.0,29
0,39.0,0,5.0,0.0,0.0,1.0,620.0,50.0,0.0,0.0,1.0,15
1,51.0,1,1.0,0.0,0.0,7.0,31389.85714285714,100.0,100.0,0.0,1.0,29
3,58.0,1,1.0,0.0,0.0,1.0,684.0,50.0,0.0,0.0,1.0,37
3,39.0,0,1.0,0.0,0.0,1.0,1045.0,50.0,0.0,0.0,1.0,14
0,18.0,0,5.0,0.0,0.0,3.0,877.3333333333334,100.0,25.0,0.0,1.0,56
1,30.0,1,5.0,0.0,0.0,3.0,352.6666666666667,100.0,25.0,0.0,1.0,18
3,39.0,0,26.0,0.0,0.0,5.0,1322.8,100.0,50.0,0.0,1.0,28
0,39.0,0,2.0,0.0,0.0,4.0,1354.25,100.0,50.0,0.0,1.0,52
3,56.0,1,1.0,0.0,0.0,3.0,1152.3333333333333,100.0,25.0,0.0,1.0,31
1,57.0,0,282.0,25.199999,7.0,13.0,2593.3846153846152,100.0,100.0,87.5,0.0,22
0,43.0,0,348.0,0.0,0.0,1.0,105247.0,50.0,0.0,0.0,1.0,38
1,39.0,1,1.0,0.0,0.0,2.0,814.5,100.0,0.0,0.0,1.0,45
1,39.0,1,1.0,0.0,0.0,3.0,910.6666666666666,100.0,25.0,0.0,1.0,26
0,25.0,1,1.0,0.0,0.0,3.0,928.0,100.0,25.0,0.0,1.0,35
0,41.0,0,79.0,0.0,0.0,9.0,3429.222222222222,100.0,100.0,25.0,1.0,47
3,40.0,1,1.0,0.0,0.0,7.0,3727.714285714286,100.0,100.0,0.0,1.0,1
0,39.0,0,5.0,0.0,0.0,1.0,180.0,50.0,0.0,0.0,1.0,44
0,39.0,1,21.0,4.0,1.0,6.0,7290.5,100.0,100.0,0.0,0.0,40
0,44.0,1,53.0,0.0,0.0,6.0,2223.5,100.0,75.0,0.0,1.0,36
0,39.0,1,1.0,0.0,0.0,6.0,5439.666666666667,100.0,75.0,0.0,1.0,12
1,25.0,0,1.0,19.599998,5.0,5.0,2361.6,100.0,75.0,0.0,0.0,56
0,36.0,1,522.0,23.0,4.0,8.0,9253.125,100.0,100.0,12.5,0.0,46
3,55.0,0,5.0,0.0,0.0,1.0,885.0,50.0,0.0,0.0,1.0,17
3,51.0,0,104.0,0.0,0.0,7.0,11352.42857142857,100.0,100.0,0.0,0.0,29
2,39.0,0,1.0,0.0,0.0,3.0,621.3333333333334,100.0,25.0,0.0,1.0,37
0,46.0,0,593.0,0.0,0.0,9.0,25133.222222222223,100.0,100.0,37.5,0.0,46
3,49.0,0,11.0,0.0,0.0,5.0,15927.4,100.0,50.0,0.0,1.0,9
1,34.0,0,3.0,0.0,0.0,5.0,4904.8,100.0,75.0,0.0,1.0,31
3,51.0,1,17.0,20.0,3.0,3.0,3990.3333333333335,100.0,25.0,0.0,1.0,40
1,41.0,0,1.0,0.0,0.0,4.0,1725.25,100.0,50.0,0.0,1.0,35
1,39.0,1,5.0,0.0,0.0,2.0,185.5,100.0,0.0,0.0,1.0,36
3,39.0,1,1.0,0.0,0.0,3.0,324.6666666666667,100.0,25.0,0.0,1.0,0
3,39.0,1,3.0,0.0,0.0,4.0,1369.5,100.0,50.0,0.0,1.0,42
0,53.0,0,517.0,0.0,0.0,11.0,18517.363636363636,100.0,100.0,50.0,0.0,55
3,39.0,1,1.0,0.0,0.0,3.0,2450.6666666666665,100.0,25.0,0.0,1.0,13
0,39.0,1,240.0,0.0,0.0,10.0,8342.6,100.0,100.0,37.5,0.0,56
1,28.0,0,1.0,0.0,0.0,4.0,2191.75,100.0,50.0,0.0,1.0,20
0,40.0,0,198.0,0.0,0.0,7.0,9626.285714285714,100.0,100.0,12.5,0.0,59
3,39.0,1,6.0,0.0,0.0,3.0,524.3333333333334,100.0,25.0,0.0,1.0,35
2,21.0,1,1.0,0.0,0.0,8.0,5135.875,100.0,100.0,12.5,1.0,33
1,39.0,0,2.0,0.0,0.0,3.0,316.6666666666667,100.0,25.0,0.0,1.0,41
3,36.0,0,2.0,4.4,1.0,7.0,3671.0,100.0,100.0,12.5,1.0,15
3,39.0,0,2.0,0.0,0.0,4.0,2640.0,100.0,50.0,0.0,0.0,29
1,35.0,0,1.0,2.8,1.0,9.0,14018.444444444443,100.0,100.0,37.5,1.0,26
0,54.0,1,5.0,0.0,0.0,1.0,0.0,50.0,0.0,0.0,1.0,26
0,39.0,1,129.0,0.0,0.0,7.0,7997.285714285715,100.0,100.0,0.0,0.0,39
0,39.0,1,272.0,4.0,1.0,12.0,18712.416666666668,100.0,100.0,62.5,0.0,14
0,39.0,1,5.0,0.0,0.0,1.0,0.0,50.0,0.0,0.0,1.0,53
0,36.0,0,1.0,4.0,1.0,9.0,20428.88888888889,100.0,100.0,25.0,0.0,19
3,42.0,0,1.0,0.0,0.0,6.0,3162.5,100.0,75.0,0.0,1.0,13
0,39.0,1,283.0,4.0,1.0,11.0,14202.818181818182,100.0,100.0,50.0,0.0,37
3,39.0,0,13.0,0.0,0.0,4.0,3456.25,100.0,25.0,0.0,1.0,21
3,52.0,0,33.0,4.0,1.0,6.0,4881.333333333333,100.0,75.0,0.0,1.0,23
1,39.0,0,5.0,0.0,0.0,4.0,795.5,100.0,50.0,0.0,0.0,60
0,40.0,0,607.0,0.0,0.0,10.0,31190.2,100.0,100.0,50.0,0.0,21
1,40.0,0,1.0,2.8,1.0,4.0,4859.5,100.0,50.0,0.0,1.0,37
3,28.0,0,3.0,0.0,0.0,3.0,1257.6666666666667,100.0,25.0,0.0,1.0,42
0,49.0,1,2.0,4.0,1.0,11.0,18933.636363636364,100.0,100.0,50.0,0.0,12
0,32.0,0,206.0,4.0,1.0,9.0,14229.666666666666,100.0,100.0,25.0,1.0,19
0,26.0,1,30.0,0.0,0.0,6.0,5809.166666666667,100.0,100.0,0.0,1.0,48
3,39.0,1,47.0,0.0,0.0,8.0,15309.75,100.0,100.0,12.5,0.0,36
0,39.0,0,582.0,0.0,0.0,11.0,20771.81818181818,100.0,100.0,50.0,0.0,32
3,42.0,0,65.0,0.0,0.0,5.0,3751.2,100.0,50.0,0.0,0.0,44
1,53.0,1,139.0,0.0,0.0,8.0,18385.625,100.0,100.0,12.5,0.0,51
0,33.0,1,68.0,4.0,1.0,7.0,11346.857142857143,100.0,100.0,0.0,1.0,31
3,39.0,1,1.0,0.0,0.0,3.0,1646.6666666666667,100.0,25.0,0.0,1.0,20
0,47.0,1,252.0,0.0,0.0,11.0,22058.18181818182,100.0,100.0,50.0,0.0,22
0,39.0,1,5.0,0.0,0.0,3.0,834.0,100.0,25.0,0.0,0.0,61
0,42.0,1,130.0,10.0,2.0,7.0,7335.571428571428,100.0,100.0,0.0,0.0,48
1,39.0,0,5.0,0.0,0.0,3.0,650.0,100.0,25.0,0.0,0.0,63
3,51.0,0,27.0,0.0,0.0,5.0,6236.6,100.0,50.0,0.0,1.0,37
1,39.0,0,46.0,0.0,0.0,6.0,1052.5,100.0,75.0,0.0,0.0,61
1,37.0,0,1.0,0.0,0.0,5.0,460.4,100.0,100.0,0.0,1.0,57
3,46.0,0,1709.0,20.0,3.0,7.0,207166.2857142857,100.0,100.0,12.5,0.0,1
0,39.0,1,5.0,0.0,0.0,1.0,4221.0,50.0,0.0,0.0,1.0,18
1,49.0,0,34.0,7.0,2.0,7.0,7078.0,100.0,100.0,0.0,0.0,48
1,33.0,1,1.0,0.0,0.0,4.0,1540.0,100.0,50.0,0.0,1.0,33
1,26.0,0,5.0,0.0,0.0,4.0,606.5,100.0,50.0,0.0,1.0,13
1,52.0,0,261.0,0.0,0.0,9.0,6027.111111111111,100.0,100.0,25.0,1.0,22
0,39.0,1,3.0,0.0,0.0,5.0,1156.2,100.0,75.0,0.0,1.0,57
0,45.0,0,39.0,26.0,5.0,7.0,22675.0,100.0,100.0,0.0,0.0,35
0,39.0,0,2.0,0.0,0.0,4.0,1460.0,100.0,50.0,0.0,1.0,50
2,18.0,1,104.0,0.0,0.0,6.0,4615.666666666667,100.0,75.0,0.0,1.0,51
0,42.0,1,1.0,0.0,0.0,4.0,2670.5,100.0,50.0,0.0,0.0,58
0,39.0,1,176.0,0.0,0.0,10.0,35570.1,100.0,100.0,37.5,0.0,25
0,24.0,1,2.0,4.0,1.0,9.0,2853.777777777778,100.0,100.0,25.0,1.0,20
0,37.0,1,144.0,0.0,0.0,10.0,22074.2,100.0,100.0,37.5,0.0,20
0,42.0,0,1.0,0.0,0.0,6.0,4.0,100.0,100.0,0.0,1.0,48
1,46.0,1,1.0,0.0,0.0,7.0,9195.285714285714,100.0,100.0,0.0,1.0,16
0,39.0,1,8.0,0.0,0.0,5.0,2101.2,100.0,75.0,0.0,1.0,28
1,42.0,1,18.0,2.8,1.0,5.0,4354.8,100.0,75.0,0.0,0.0,64
3,39.0,0,123.0,41.0,10.0,10.0,25719.7,100.0,100.0,37.5,0.0,7
3,39.0,1,1.0,4.0,1.0,4.0,91.5,100.0,50.0,0.0,1.0,31
0,39.0,0,5.0,0.0,0.0,5.0,5.4,100.0,75.0,0.0,1.0,15
3,44.0,0,1.0,4.0,1.0,4.0,1483.75,100.0,50.0,0.0,1.0,11
3,26.0,0,1.0,4.0,1.0,5.0,131.8,100.0,75.0,0.0,1.0,27
3,40.0,0,95.0,0.0,0.0,7.0,110887.0,100.0,100.0,0.0,1.0,4
3,39.0,0,1.0,0.0,0.0,3.0,949.0,100.0,25.0,0.0,1.0,35
3,39.0,1,3.0,0.0,0.0,4.0,516.0,100.0,50.0,0.0,0.0,42
0,39.0,0,188.0,4.0,1.0,10.0,1598.5,100.0,100.0,50.0,1.0,33
0,35.0,0,1.0,0.0,0.0,2.0,83172.0,100.0,0.0,0.0,0.0,46
0,18.0,1,1.0,4.0,1.0,4.0,1511.5,100.0,50.0,0.0,1.0,15
3,39.0,1,1.0,4.0,1.0,4.0,1090.5,100.0,50.0,0.0,1.0,9
3,47.0,1,1.0,0.0,0.0,2.0,1327.5,100.0,0.0,0.0,1.0,17
0,39.0,0,1.0,0.0,0.0,5.0,4608.2,100.0,75.0,0.0,1.0,38
0,55.0,0,32.0,0.0,0.0,5.0,5720.6,100.0,75.0,0.0,0.0,49
1,36.0,1,5.0,0.0,0.0,4.0,2515.5,100.0,75.0,0.0,0.0,51
1,34.0,0,19.0,0.0,0.0,8.0,10641.125,100.0,100.0,12.5,0.0,34
3,39.0,0,1.0,0.0,0.0,2.0,407.0,100.0,0.0,0.0,1.0,25
3,58.0,0,129.0,11.0,2.0,6.0,11707.666666666666,100.0,75.0,0.0,0.0,38
3,39.0,1,5.0,0.0,0.0,1.0,25603.0,50.0,0.0,0.0,0.0,32
0,39.0,0,5.0,0.0,0.0,1.0,1156.0,100.0,50.0,0.0,0.0,65
0,39.0,0,3.0,0.0,0.0,5.0,1445.8,100.0,75.0,0.0,0.0,56
1,34.0,0,17.0,0.0,0.0,5.0,3166.8,100.0,75.0,0.0,1.0,53
0,36.0,0,5.0,0.0,0.0,1.0,372.0,50.0,0.0,0.0,0.0,63
2,39.0,1,1.0,2.0,1.0,6.0,3969.0,100.0,75.0,0.0,1.0,36
3,74.0,1,1.0,0.0,0.0,2.0,524.0,100.0,0.0,0.0,1.0,0
3,46.0,0,5.0,0.0,0.0,2.0,635.0,100.0,0.0,0.0,1.0,8
1,25.0,0,1.0,0.0,0.0,1.0,1335.0,50.0,0.0,0.0,1.0,52
3,50.0,0,51.0,0.0,0.0,6.0,7624.5,100.0,75.0,0.0,1.0,46
0,42.0,0,48.0,10.0,2.0,6.0,4184.166666666667,100.0,75.0,0.0,0.0,60
0,39.0,0,3.0,0.0,0.0,1.0,593.0,50.0,0.0,0.0,1.0,59
3,39.0,0,27.0,0.0,0.0,4.0,1619.0,100.0,50.0,0.0,1.0,45
0,39.0,1,645.0,0.0,0.0,10.0,39276.0,100.0,100.0,37.5,0.0,47
2,39.0,1,10.0,0.0,0.0,3.0,1181.0,100.0,25.0,0.0,1.0,48
0,33.0,0,73.0,4.0,1.0,8.0,7558.75,100.0,100.0,12.5,0.0,34
1,39.0,1,8.0,0.0,0.0,3.0,8675.333333333334,100.0,25.0,0.0,1.0,52
3,29.0,1,22.0,20.0,3.0,4.0,8632.0,100.0,50.0,0.0,1.0,40
0,25.0,0,45.0,23.0,4.0,5.0,14767.6,100.0,50.0,0.0,0.0,15
1,44.0,1,1.0,0.0,0.0,3.0,1851.6666666666667,100.0,25.0,0.0,1.0,22
3,60.0,1,223.0,0.0,0.0,6.0,2516.8333333333335,100.0,75.0,0.0,1.0,34
0,93.0,1,1.0,0.0,0.0,4.0,2320.25,100.0,50.0,0.0,1.0,33
3,32.0,1,1.0,0.0,0.0,4.0,2384.0,100.0,50.0,0.0,1.0,1
1,44.0,1,5.0,0.0,0.0,1.0,1253.0,50.0,0.0,0.0,1.0,37
0,39.0,1,58.0,0.0,0.0,6.0,1617.8333333333333,100.0,75.0,0.0,0.0,53
1,38.0,0,118.0,2.8,1.0,9.0,9262.111111111111,100.0,100.0,25.0,0.0,23
1,52.0,0,549.0,0.0,0.0,11.0,36717.545454545456,100.0,100.0,50.0,0.0,17
3,39.0,1,1.0,0.0,0.0,4.0,1661.0,100.0,50.0,0.0,1.0,22
3,39.0,0,5.0,0.0,0.0,2.0,686.0,100.0,0.0,0.0,1.0,37
0,39.0,0,1.0,0.0,0.0,6.0,1869.1666666666667,100.0,75.0,0.0,1.0,16
1,38.0,1,56.0,14.0,3.0,11.0,13600.272727272728,100.0,100.0,50.0,1.0,24
1,35.0,1,1.0,2.8,1.0,3.0,2815.6666666666665,100.0,25.0,0.0,0.0,13
0,43.0,1,59.0,23.0,4.0,7.0,9091.285714285714,100.0,100.0,0.0,1.0,43
1,40.0,1,10.0,2.8,1.0,6.0,6206.0,100.0,100.0,0.0,0.0,21
0,43.0,0,166.0,0.0,0.0,7.0,6536.285714285715,100.0,100.0,0.0,0.0,49
0,25.0,1,5.0,0.0,0.0,1.0,2823.0,50.0,0.0,0.0,1.0,51
3,35.0,1,5.0,0.0,0.0,1.0,1023.0,50.0,0.0,0.0,1.0,43
3,29.0,1,2.0,4.0,1.0,9.0,14863.333333333334,100.0,100.0,25.0,1.0,1
3,72.0,0,1.0,4.0,1.0,3.0,1351.3333333333333,100.0,25.0,0.0,1.0,13
0,39.0,1,1.0,44.0,11.0,11.0,10006.272727272728,100.0,100.0,62.5,0.0,32
3,39.0,0,5.0,0.0,0.0,1.0,362.0,50.0,0.0,0.0,1.0,35
0,28.0,0,248.0,0.0,0.0,5.0,19243.8,100.0,50.0,0.0,0.0,49
2,30.0,1,147.0,2.0,1.0,8.0,11709.375,100.0,100.0,12.5,0.0,33
0,39.0,0,1.0,0.0,0.0,7.0,10277.857142857143,100.0,100.0,0.0,1.0,15
3,39.0,1,1.0,0.0,0.0,1.0,1572.0,50.0,0.0,0.0,1.0,14
3,39.0,1,5.0,0.0,0.0,3.0,709.0,100.0,25.0,0.0,1.0,19
3,43.0,1,40.0,0.0,0.0,2.0,21067.0,100.0,0.0,0.0,1.0,32
3,37.0,0,5.0,4.0,1.0,4.0,25.25,100.0,50.0,0.0,1.0,24
3,23.0,0,1.0,0.0,0.0,3.0,2495.0,100.0,25.0,0.0,1.0,19
3,58.0,0,1.0,0.0,0.0,2.0,888.5,100.0,0.0,0.0,1.0,8
1,39.0,0,5.0,0.0,0.0,2.0,1105.0,100.0,0.0,0.0,1.0,57
3,57.0,0,15.0,4.0,1.0,8.0,13857.75,100.0,100.0,12.5,1.0,8
0,40.0,1,64.0,0.0,0.0,11.0,16364.363636363636,100.0,100.0,62.5,0.0,31
3,99.0,1,1.0,0.0,0.0,3.0,56.333333333333336,100.0,25.0,0.0,1.0,23
3,36.0,1,1.0,4.0,1.0,1.0,789.0,50.0,0.0,0.0,1.0,15
0,49.0,1,59.0,0.0,0.0,8.0,11631.125,100.0,100.0,12.5,0.0,29
3,34.0,1,1.0,0.0,0.0,4.0,1557.5,100.0,50.0,0.0,1.0,10
2,33.0,1,4.0,0.0,0.0,2.0,3206.0,100.0,0.0,0.0,1.0,33
3,63.0,1,1.0,0.0,0.0,5.0,2430.4,100.0,50.0,0.0,0.0,2
1,35.0,0,25.0,0.0,0.0,2.0,9999.5,50.0,0.0,0.0,0.0,54
2,51.0,1,122.0,2.0,1.0,10.0,7348.1,100.0,100.0,37.5,1.0,36
1,27.0,1,5.0,0.0,0.0,4.0,3.25,100.0,50.0,0.0,1.0,30
3,37.0,0,17.0,0.0,0.0,5.0,2903.0,100.0,50.0,0.0,1.0,26
3,39.0,0,1.0,0.0,0.0,2.0,39.5,100.0,0.0,0.0,1.0,37
0,39.0,0,5.0,0.0,0.0,3.0,505.0,100.0,25.0,0.0,1.0,40
3,29.0,0,4.0,0.0,0.0,3.0,1738.0,100.0,25.0,0.0,1.0,37
3,44.0,0,1.0,4.0,1.0,8.0,11374.25,100.0,100.0,12.5,1.0,24
3,39.0,1,1.0,0.0,0.0,2.0,919.0,100.0,0.0,0.0,1.0,21
2,44.0,1,31.0,0.0,0.0,5.0,16123.0,100.0,50.0,0.0,1.0,35
3,47.0,0,5.0,0.0,0.0,2.0,651.5,100.0,0.0,0.0,1.0,3
3,41.0,0,1.0,20.0,3.0,6.0,26162.833333333332,100.0,75.0,0.0,0.0,4
3,35.0,1,5.0,0.0,0.0,1.0,2881.0,50.0,0.0,0.0,1.0,9
0,37.0,0,285.0,0.0,0.0,10.0,10992.2,100.0,100.0,37.5,1.0,35
3,58.0,1,380.0,0.0,0.0,7.0,4712.571428571428,100.0,100.0,0.0,1.0,36
1,37.0,1,9.0,7.0,2.0,4.0,3408.5,100.0,75.0,0.0,0.0,21
0,39.0,1,5.0,0.0,0.0,1.0,396.0,50.0,0.0,0.0,1.0,51
3,44.0,0,5.0,0.0,0.0,1.0,2111.0,50.0,0.0,0.0,1.0,21
3,50.0,1,2.0,0.0,0.0,3.0,639.6666666666666,100.0,25.0,0.0,1.0,20
0,39.0,0,424.0,29.0,6.0,13.0,31173.30769230769,100.0,100.0,75.0,0.0,13
3,42.0,1,1.0,4.4,1.0,7.0,28941.571428571428,100.0,100.0,0.0,1.0,2
1,29.0,1,12.0,0.0,0.0,5.0,3525.6,100.0,75.0,0.0,0.0,59
1,39.0,1,1.0,0.0,0.0,6.0,3274.8333333333335,100.0,75.0,0.0,1.0,24
0,21.0,0,1.0,0.0,0.0,5.0,3493.8,100.0,75.0,0.0,1.0,20
0,20.0,0,2.0,0.0,0.0,5.0,776.8,100.0,75.0,0.0,1.0,49
0,37.0,1,13.0,0.0,0.0,4.0,2176.75,100.0,75.0,0.0,1.0,48
0,28.0,1,6.0,0.0,0.0,1.0,3270.0,50.0,0.0,0.0,1.0,47
1,36.0,0,1.0,0.0,0.0,4.0,1101.0,100.0,50.0,0.0,1.0,15
3,54.0,1,1.0,4.0,1.0,12.0,53519.916666666664,100.0,100.0,62.5,0.0,0
3,36.0,0,5.0,0.0,0.0,3.0,1493.3333333333333,100.0,25.0,0.0,1.0,20
1,28.0,1,5.0,0.0,0.0,4.0,710.0,100.0,50.0,0.0,0.0,62
3,39.0,1,120.0,0.0,0.0,6.0,5978.0,100.0,75.0,0.0,0.0,33
0,39.0,0,77.0,0.0,0.0,7.0,5460.857142857143,100.0,100.0,0.0,1.0,44
1,34.0,0,5.0,0.0,0.0,1.0,276.0,50.0,0.0,0.0,1.0,34
0,35.0,0,7.0,4.0,1.0,8.0,14490.875,100.0,100.0,12.5,1.0,16
0,50.0,0,9.0,0.0,0.0,4.0,870.75,100.0,50.0,0.0,0.0,60
0,25.0,1,1.0,0.0,0.0,5.0,1862.4,100.0,75.0,0.0,1.0,37
3,46.0,0,5.0,0.0,0.0,3.0,68.0,100.0,25.0,0.0,1.0,18
3,46.0,1,1.0,0.0,0.0,4.0,737.0,100.0,50.0,0.0,1.0,12
0,65.0,1,1.0,0.0,0.0,4.0,124.5,100.0,50.0,0.0,1.0,29
3,39.0,0,96.0,20.0,3.0,6.0,2861.5,100.0,75.0,0.0,0.0,39
0,49.0,1,14.0,0.0,0.0,2.0,5965.0,100.0,0.0,0.0,0.0,40
3,41.0,0,5.0,4.0,1.0,4.0,4805.25,100.0,50.0,0.0,1.0,31
0,39.0,1,5.0,0.0,0.0,1.0,770.0,50.0,0.0,0.0,1.0,22
1,55.0,0,62.0,2.8,1.0,8.0,10852.625,100.0,100.0,12.5,0.0,52
3,49.0,0,1.0,0.0,0.0,1.0,221.0,50.0,0.0,0.0,1.0,29
0,39.0,1,140.0,0.0,0.0,8.0,8261.5,100.0,100.0,12.5,0.0,36
3,39.0,0,1.0,0.0,0.0,4.0,15133.0,100.0,25.0,0.0,1.0,7
3,50.0,1,1.0,0.0,0.0,4.0,1390.0,100.0,50.0,0.0,1.0,30
1,50.0,0,59.0,0.0,0.0,7.0,5195.0,100.0,100.0,0.0,0.0,32
1,50.0,1,1.0,0.0,0.0,3.0,4016.0,100.0,25.0,0.0,1.0,20
3,39.0,1,2.0,0.0,0.0,1.0,7.0,50.0,0.0,0.0,1.0,45
1,45.0,1,94.0,0.0,0.0,4.0,74429.75,100.0,50.0,0.0,0.0,23
0,39.0,0,5.0,0.0,0.0,1.0,752.0,50.0,0.0,0.0,1.0,60
0,42.0,0,17.0,0.0,0.0,5.0,1792.0,100.0,75.0,0.0,0.0,59
0,46.0,0,111.0,0.0,0.0,8.0,22125.125,100.0,100.0,12.5,0.0,39
3,39.0,1,1.0,4.0,1.0,3.0,8239.333333333334,100.0,25.0,0.0,1.0,20
1,36.0,1,4.0,0.0,0.0,6.0,2258.0,100.0,100.0,0.0,1.0,15
0,39.0,1,1.0,4.0,1.0,8.0,162752.125,100.0,100.0,12.5,1.0,19
0,35.0,0,14.0,0.0,0.0,6.0,5416.5,100.0,100.0,0.0,1.0,40
2,45.0,1,146.0,3.5,2.0,11.0,15859.727272727272,100.0,100.0,62.5,0.0,46
0,32.0,0,10.0,4.0,1.0,5.0,2214.2,100.0,100.0,0.0,0.0,51
3,39.0,0,1.0,4.0,1.0,6.0,3522.0,100.0,75.0,0.0,1.0,14
3,29.0,0,1.0,4.0,1.0,1.0,13295.0,50.0,0.0,0.0,1.0,8
3,62.0,1,51.0,26.0,5.0,6.0,4750.166666666667,100.0,75.0,0.0,1.0,40
0,30.0,1,1.0,4.4,1.0,1.0,12327.0,50.0,0.0,0.0,1.0,14
1,39.0,0,141.0,2.8,1.0,7.0,3515.8571428571427,100.0,100.0,0.0,1.0,32
0,36.0,0,5.0,0.0,0.0,4.0,282.0,100.0,50.0,0.0,1.0,54
1,34.0,0,1.0,2.8,1.0,1.0,39123.0,50.0,0.0,0.0,1.0,16
0,33.0,0,5.0,0.0,0.0,1.0,5609.0,50.0,0.0,0.0,1.0,50
3,58.0,0,1.0,0.0,0.0,1.0,1203.0,50.0,0.0,0.0,1.0,18
0,46.0,0,13.0,0.0,0.0,5.0,1974.0,100.0,75.0,0.0,0.0,55
3,37.0,1,20.0,20.0,3.0,5.0,3664.4,100.0,50.0,0.0,1.0,20
3,41.0,0,1.0,4.0,1.0,3.0,1485.0,100.0,25.0,0.0,1.0,18
1,31.0,0,36.0,0.0,0.0,1.0,29942.0,50.0,0.0,0.0,1.0,27
1,31.0,0,8.0,0.0,0.0,5.0,2640.8,100.0,75.0,0.0,0.0,53
1,39.0,1,4.0,0.0,0.0,2.0,268.0,100.0,0.0,0.0,1.0,57
3,39.0,0,1.0,0.0,0.0,4.0,4440.0,100.0,50.0,0.0,1.0,24
0,41.0,1,21.0,0.0,0.0,5.0,2320.4,100.0,75.0,0.0,0.0,59
1,48.0,1,2.0,0.0,0.0,4.0,2083.75,100.0,50.0,0.0,0.0,50
0,39.0,1,67.0,20.0,3.0,7.0,3445.8571428571427,100.0,100.0,0.0,1.0,44
0,39.0,0,5.0,0.0,0.0,1.0,650.0,50.0,0.0,0.0,1.0,50
3,39.0,1,1.0,0.0,0.0,3.0,369.6666666666667,100.0,25.0,0.0,1.0,32
1,48.0,0,203.0,7.0,2.0,7.0,14360.714285714286,100.0,100.0,0.0,0.0,60
0,20.0,0,1.0,0.0,0.0,4.0,1174.75,100.0,50.0,0.0,1.0,28
1,36.0,0,6.0,0.0,0.0,6.0,7440.833333333333,100.0,100.0,0.0,0.0,30
3,54.0,0,1.0,0.0,0.0,3.0,378.6666666666667,100.0,25.0,0.0,1.0,24
0,39.0,0,1.0,0.0,0.0,6.0,3479.5,100.0,75.0,0.0,1.0,16
0,39.0,1,5.0,0.0,0.0,1.0,402.0,50.0,0.0,0.0,1.0,52
0,39.0,1,67.0,0.0,0.0,6.0,5550.666666666667,100.0,75.0,0.0,1.0,45
0,39.0,1,17.0,0.0,0.0,1.0,41585.0,50.0,0.0,0.0,0.0,53
3,39.0,1,58.0,0.0,0.0,5.0,4823.4,100.0,50.0,0.0,1.0,24
0,39.0,0,1.0,4.0,1.0,7.0,3608.571428571429,100.0,100.0,0.0,1.0,21
3,39.0,1,5.0,0.0,0.0,1.0,338.0,50.0,0.0,0.0,1.0,36
3,39.0,1,1.0,0.0,0.0,3.0,709.0,100.0,25.0,0.0,1.0,24
1,47.0,0,182.0,0.0,0.0,10.0,37512.7,100.0,100.0,37.5,0.0,25
3,34.0,0,1.0,0.0,0.0,2.0,1209.0,100.0,0.0,0.0,1.0,5
0,36.0,1,1.0,0.0,0.0,9.0,11643.0,100.0,100.0,37.5,0.0,42
0,19.0,1,1.0,0.0,0.0,5.0,1398.6,100.0,75.0,0.0,1.0,22
0,39.0,0,257.0,10.0,2.0,6.0,72365.16666666667,100.0,100.0,0.0,0.0,25
3,21.0,0,1.0,0.0,0.0,3.0,22715.0,100.0,25.0,0.0,1.0,3
0,40.0,1,40.0,0.0,0.0,8.0,4687.125,100.0,100.0,12.5,0.0,52
0,39.0,1,3.0,0.0,0.0,4.0,3194.25,100.0,75.0,0.0,0.0,44
3,24.0,0,1.0,0.0,0.0,4.0,7222.75,100.0,50.0,0.0,1.0,15
0,49.0,1,1064.0,4.0,1.0,10.0,56527.7,100.0,100.0,37.5,1.0,38
0,26.0,1,5.0,21.6,3.0,1.0,856.0,50.0,0.0,0.0,1.0,53
0,39.0,0,7.0,0.0,0.0,4.0,3164.0,100.0,50.0,0.0,1.0,31
3,39.0,0,1.0,0.0,0.0,1.0,5111.0,50.0,0.0,0.0,1.0,27
3,39.0,1,1.0,0.0,0.0,2.0,171.5,100.0,0.0,0.0,1.0,28
0,39.0,1,5.0,0.0,0.0,1.0,18.0,50.0,0.0,0.0,1.0,38
2,46.0,1,203.0,0.0,0.0,7.0,8324.142857142857,100.0,100.0,0.0,0.0,42
0,39.0,1,5.0,0.0,0.0,3.0,804.0,100.0,25.0,0.0,1.0,51
0,39.0,1,4.0,0.0,0.0,3.0,830.0,100.0,50.0,0.0,1.0,58
3,39.0,0,5.0,0.0,0.0,2.0,248.0,100.0,0.0,0.0,1.0,40
1,37.0,0,4.0,2.8,1.0,9.0,17820.666666666668,100.0,100.0,37.5,0.0,13
1,21.0,0,1.0,2.8,1.0,9.0,15010.444444444443,100.0,100.0,37.5,1.0,16
0,39.0,0,1.0,0.0,0.0,9.0,21025.0,100.0,100.0,25.0,1.0,18
1,34.0,0,407.0,2.8,1.0,10.0,15350.5,100.0,100.0,37.5,0.0,14
0,39.0,1,1.0,0.0,0.0,1.0,7009.0,50.0,0.0,0.0,0.0,47
0,39.0,1,8.0,0.0,0.0,5.0,4855.0,100.0,75.0,0.0,1.0,24
0,22.0,0,5.0,4.0,1.0,9.0,6646.444444444444,100.0,100.0,25.0,1.0,19
0,39.0,1,226.0,0.0,0.0,7.0,12680.42857142857,100.0,100.0,0.0,0.0,52
3,50.0,1,5.0,0.0,0.0,1.0,855.0,50.0,0.0,0.0,1.0,17
3,42.0,0,4.0,0.0,0.0,3.0,1455.3333333333333,100.0,25.0,0.0,1.0,23
3,43.0,0,1.0,4.0,1.0,5.0,150.2,100.0,75.0,0.0,1.0,13
1,41.0,0,31.0,0.0,0.0,5.0,6372.6,100.0,75.0,0.0,0.0,51
3,42.0,0,1.0,0.0,0.0,1.0,5172.0,50.0,0.0,0.0,1.0,28
1,47.0,0,3.0,16.8,4.0,6.0,3403.8333333333335,100.0,100.0,0.0,0.0,18
3,39.0,0,5.0,0.0,0.0,1.0,1449.0,50.0,0.0,0.0,1.0,29
1,57.0,0,1.0,2.8,1.0,4.0,2038.25,100.0,50.0,0.0,1.0,16
1,43.0,0,3.0,0.0,0.0,2.0,3238.0,100.0,0.0,0.0,1.0,40
3,39.0,0,1.0,0.0,0.0,5.0,5580.8,100.0,75.0,0.0,1.0,15
3,39.0,0,5.0,0.0,0.0,1.0,370.0,50.0,0.0,0.0,1.0,42
1,40.0,1,2.0,0.0,0.0,1.0,210.0,50.0,0.0,0.0,1.0,47
2,39.0,1,186.0,4.1,2.0,9.0,0.2222222222222222,100.0,100.0,25.0,1.0,35
3,62.0,0,33.0,0.0,0.0,3.0,2790.6666666666665,100.0,25.0,0.0,1.0,41
3,42.0,0,3.0,0.0,0.0,3.0,3834.3333333333335,100.0,25.0,0.0,1.0,7
0,35.0,1,5.0,0.0,0.0,3.0,747.0,100.0,25.0,0.0,1.0,58
0,18.0,0,165.0,4.0,1.0,8.0,9947.625,100.0,100.0,12.5,1.0,53
3,27.0,1,1.0,0.0,0.0,5.0,2946.4,100.0,50.0,0.0,1.0,21
3,32.0,0,1.0,0.0,0.0,6.0,9202.166666666666,100.0,75.0,0.0,1.0,22
0,29.0,1,1.0,0.0,0.0,4.0,8962.0,100.0,50.0,0.0,0.0,13
1,46.0,1,8.0,0.0,0.0,7.0,8789.714285714286,100.0,100.0,0.0,1.0,13
0,28.0,0,5.0,0.0,0.0,1.0,1774.0,50.0,0.0,0.0,1.0,51
1,32.0,1,56.0,2.8,1.0,7.0,4324.0,100.0,100.0,0.0,0.0,62
0,27.0,0,21.0,0.0,0.0,4.0,4667.5,100.0,50.0,0.0,1.0,55
1,39.0,0,5.0,0.0,0.0,3.0,272.3333333333333,100.0,25.0,0.0,1.0,53
3,39.0,0,25.0,0.0,0.0,5.0,4412.6,100.0,75.0,0.0,1.0,44
0,45.0,1,337.0,29.0,6.0,12.0,9743.25,100.0,100.0,62.5,0.0,28
3,39.0,0,1.0,4.0,1.0,4.0,6870.5,100.0,50.0,0.0,1.0,33
3,54.0,1,1.0,0.0,0.0,3.0,1534.6666666666667,100.0,25.0,0.0,1.0,2
0,48.0,0,5.0,0.0,0.0,4.0,1055.5,100.0,50.0,0.0,1.0,13
3,39.0,0,1.0,0.0,0.0,3.0,106.66666666666669,100.0,25.0,0.0,1.0,24
0,39.0,0,5.0,0.0,0.0,3.0,443.6666666666667,100.0,25.0,0.0,1.0,59
2,39.0,1,20.0,0.0,0.0,6.0,7167.333333333333,100.0,75.0,0.0,1.0,32
3,39.0,1,5.0,0.0,0.0,2.0,247.5,100.0,0.0,0.0,1.0,34
0,53.0,0,2.0,0.0,0.0,3.0,1234.3333333333333,100.0,25.0,0.0,1.0,40
3,55.0,1,1.0,4.0,1.0,5.0,5389.4,100.0,50.0,0.0,0.0,22
1,39.0,1,1.0,0.0,0.0,4.0,1705.25,100.0,50.0,0.0,1.0,23
0,36.0,1,90.0,0.0,0.0,9.0,7203.777777777777,100.0,100.0,25.0,0.0,29
1,33.0,0,5.0,0.0,0.0,1.0,6575.0,50.0,0.0,0.0,0.0,48
1,46.0,0,1209.0,16.8,4.0,12.0,56641.75,100.0,100.0,62.5,0.0,25
0,22.0,1,5.0,0.0,0.0,1.0,177.0,50.0,0.0,0.0,1.0,37
3,54.0,1,1633.0,0.0,0.0,7.0,130786.85714285714,100.0,100.0,12.5,0.0,8
3,35.0,0,9.0,0.0,0.0,5.0,5301.8,100.0,75.0,0.0,0.0,41
0,33.0,1,2.0,10.0,2.0,8.0,3637.0,100.0,100.0,25.0,0.0,52
3,51.0,0,7.0,0.0,0.0,3.0,3789.6666666666665,100.0,25.0,0.0,1.0,42
2,44.0,1,7.0,0.0,0.0,3.0,1652.3333333333333,100.0,25.0,0.0,1.0,49
3,39.0,1,1.0,0.0,0.0,1.0,665.0,50.0,0.0,0.0,1.0,8
3,39.0,0,5.0,0.0,0.0,3.0,1075.6666666666667,100.0,25.0,0.0,1.0,13
3,39.0,0,1.0,4.4,1.0,3.0,529.3333333333334,100.0,25.0,0.0,1.0,25
1,39.0,0,1.0,0.0,0.0,1.0,2206.0,50.0,0.0,0.0,1.0,20
3,58.0,0,1.0,28.599998,5.0,7.0,17543.428571428572,100.0,100.0,0.0,0.0,17
3,64.0,0,1.0,0.0,0.0,3.0,5085.666666666667,100.0,25.0,0.0,1.0,7
1,51.0,0,5.0,0.0,0.0,1.0,547.0,50.0,0.0,0.0,1.0,52
1,39.0,1,4.0,7.0,2.0,6.0,8150.166666666667,100.0,100.0,0.0,1.0,30
1,46.0,0,1.0,0.0,0.0,3.0,2435.3333333333335,100.0,25.0,0.0,1.0,31
0,35.0,0,1.0,4.0,1.0,4.0,1571.75,100.0,50.0,0.0,1.0,34
3,43.0,0,1.0,0.0,0.0,2.0,1209.5,100.0,0.0,0.0,1.0,17
2,39.0,1,103.0,0.0,0.0,1.0,12393.0,50.0,0.0,0.0,1.0,43
1,46.0,1,1.0,0.0,0.0,5.0,1760.0,100.0,75.0,0.0,1.0,17
0,32.0,1,7.0,0.0,0.0,4.0,1058.5,100.0,50.0,0.0,1.0,49
3,38.0,1,1.0,0.0,0.0,2.0,7603.0,50.0,0.0,0.0,1.0,7
3,18.0,0,1.0,0.0,0.0,2.0,812.5,100.0,0.0,0.0,1.0,43
1,57.0,0,129.0,0.0,0.0,10.0,10635.7,100.0,100.0,37.5,0.0,26
1,43.0,0,24.0,18.48,4.0,11.0,7937.727272727273,100.0,100.0,50.0,0.0,17
3,57.0,1,1.0,0.0,0.0,1.0,656.0,50.0,0.0,0.0,1.0,11
0,23.0,1,31.0,0.0,0.0,5.0,4076.8,100.0,75.0,0.0,1.0,45
3,42.0,0,8.0,4.0,1.0,7.0,2970.4285714285716,100.0,100.0,0.0,1.0,9
3,39.0,0,1.0,0.0,0.0,3.0,1982.0,100.0,25.0,0.0,1.0,41
3,47.0,0,1.0,0.0,0.0,1.0,1661.0,50.0,0.0,0.0,1.0,10
1,52.0,1,6.0,0.0,0.0,2.0,1757.5,100.0,25.0,0.0,1.0,38
1,36.0,0,55.0,0.0,0.0,10.0,8378.1,100.0,100.0,37.5,1.0,25
1,24.0,0,5.0,0.0,0.0,3.0,707.3333333333334,100.0,25.0,0.0,1.0,48
0,25.0,1,9.0,0.0,0.0,6.0,9064.0,100.0,100.0,0.0,0.0,51
0,39.0,0,6.0,0.0,0.0,3.0,3224.6666666666665,100.0,25.0,0.0,1.0,54
1,46.0,0,26.0,0.0,0.0,6.0,4.833333333333333,100.0,100.0,0.0,1.0,43
0,29.0,1,639.0,4.0,1.0,11.0,19805.272727272728,100.0,100.0,50.0,0.0,49
3,39.0,0,5.0,0.0,0.0,3.0,2922.3333333333335,100.0,25.0,0.0,1.0,28
0,39.0,1,14.0,0.0,0.0,4.0,7022.75,100.0,50.0,0.0,0.0,35
2,22.0,0,51.0,0.0,0.0,6.0,7536.5,100.0,75.0,0.0,0.0,34
3,35.0,0,71.0,25.3,4.0,3.0,23304.666666666668,100.0,25.0,0.0,1.0,38
0,39.0,1,5.0,4.0,1.0,3.0,668.0,100.0,25.0,0.0,1.0,17
0,41.0,1,1.0,0.0,0.0,3.0,313.0,100.0,25.0,0.0,1.0,15
3,29.0,0,5.0,0.0,0.0,3.0,1422.0,100.0,25.0,0.0,1.0,46
0,39.0,1,1.0,0.0,0.0,3.0,34035.666666666664,100.0,25.0,0.0,1.0,56
2,39.0,1,46.0,0.0,0.0,6.0,4040.6666666666665,100.0,75.0,0.0,1.0,37
0,36.0,0,53.0,10.0,2.0,9.0,30320.666666666668,100.0,100.0,25.0,1.0,22
0,36.0,1,1.0,0.0,0.0,2.0,42187.5,100.0,0.0,0.0,0.0,14
1,39.0,1,30.0,0.0,0.0,12.0,15440.583333333334,100.0,100.0,62.5,0.0,14
3,41.0,1,1.0,0.0,0.0,6.0,1755.1666666666667,100.0,75.0,0.0,1.0,24
0,39.0,1,36.0,0.0,0.0,6.0,3993.0,100.0,75.0,0.0,0.0,49
1,39.0,1,1.0,2.8,1.0,4.0,1338.75,100.0,50.0,0.0,1.0,15
0,53.0,1,1.0,0.0,0.0,4.0,5660.0,100.0,50.0,0.0,1.0,35
3,39.0,0,44.0,0.0,0.0,7.0,12390.142857142857,100.0,100.0,0.0,1.0,6
0,42.0,0,4.0,0.0,0.0,4.0,1336.75,100.0,50.0,0.0,1.0,41
0,41.0,1,1.0,4.0,1.0,7.0,1093.2857142857142,100.0,100.0,0.0,1.0,14
0,35.0,0,171.0,0.0,0.0,7.0,7651.571428571428,100.0,100.0,0.0,0.0,55
0,39.0,1,5.0,0.0,0.0,4.0,15.5,100.0,50.0,0.0,1.0,30
3,38.0,0,15.0,34.8,7.0,6.0,6839.666666666667,100.0,100.0,0.0,0.0,8
0,31.0,1,1.0,0.0,0.0,7.0,4313.571428571428,100.0,100.0,0.0,1.0,14
3,39.0,1,5.0,0.0,0.0,3.0,482.0,100.0,25.0,0.0,1.0,22
3,45.0,1,1.0,0.0,0.0,3.0,203.0,100.0,25.0,0.0,1.0,23
0,35.0,1,5.0,0.0,0.0,1.0,1042.0,50.0,0.0,0.0,1.0,51
1,50.0,0,5.0,0.0,0.0,1.0,2320.0,50.0,0.0,0.0,1.0,32
2,39.0,1,5.0,9.0,3.0,4.0,1430.0,100.0,50.0,0.0,1.0,37
0,45.0,1,11.0,0.0,0.0,3.0,200.66666666666663,100.0,25.0,0.0,0.0,62
3,39.0,1,5.0,0.0,0.0,1.0,12.0,50.0,0.0,0.0,1.0,22
0,39.0,1,1.0,4.0,1.0,4.0,683.75,100.0,50.0,0.0,1.0,32
0,29.0,1,1.0,0.0,0.0,6.0,2661.5,100.0,75.0,0.0,1.0,26
3,40.0,0,33.0,4.0,1.0,9.0,38395.333333333336,100.0,100.0,25.0,1.0,19
3,21.0,0,1.0,0.0,0.0,3.0,716.6666666666666,100.0,25.0,0.0,1.0,17
0,56.0,0,235.0,0.0,0.0,3.0,335741.3333333333,100.0,25.0,0.0,0.0,20
1,26.0,1,5.0,0.0,0.0,4.0,671.25,100.0,50.0,0.0,1.0,23
0,38.0,1,181.0,0.0,0.0,10.0,15971.6,100.0,100.0,37.5,0.0,37
3,32.0,0,181.0,0.0,0.0,4.0,29422.0,100.0,25.0,0.0,0.0,46
1,33.0,0,1.0,0.0,0.0,2.0,422.5,100.0,0.0,0.0,1.0,47
0,51.0,0,7.0,4.0,1.0,9.0,17793.222222222223,100.0,100.0,25.0,0.0,14
1,42.0,0,5.0,0.0,0.0,1.0,5731.0,50.0,0.0,0.0,1.0,30
0,40.0,0,5.0,0.0,0.0,2.0,826.0,100.0,0.0,0.0,1.0,33
3,50.0,0,1.0,0.0,0.0,5.0,1186.0,100.0,50.0,0.0,1.0,2
1,32.0,0,5.0,0.0,0.0,4.0,1281.0,100.0,50.0,0.0,1.0,21
3,39.0,0,1.0,0.0,0.0,5.0,5191.8,100.0,50.0,0.0,1.0,0
0,43.0,0,191.0,0.0,0.0,10.0,14928.5,100.0,100.0,37.5,0.0,17
1,40.0,1,108.0,0.0,0.0,7.0,8824.57142857143,100.0,100.0,0.0,0.0,43
0,39.0,1,32.0,0.0,0.0,4.0,10553.75,100.0,25.0,0.0,1.0,35
0,32.0,0,1.0,0.0,0.0,5.0,3024.4,100.0,75.0,0.0,1.0,17
1,47.0,0,3.0,0.0,0.0,5.0,2760.4,100.0,75.0,0.0,0.0,43
1,42.0,1,2.0,0.0,0.0,4.0,1231.5,100.0,50.0,0.0,0.0,61
0,63.0,1,1.0,4.4,1.0,5.0,8765.0,100.0,75.0,0.0,0.0,36
1,39.0,0,1.0,0.0,0.0,2.0,4492.0,100.0,0.0,0.0,1.0,47
3,42.0,0,1.0,4.0,1.0,6.0,2029.1666666666667,100.0,75.0,0.0,1.0,34
1,29.0,0,5.0,0.0,0.0,4.0,4.5,100.0,50.0,0.0,0.0,57
1,25.0,0,4.0,22.400002,6.0,5.0,709.0,100.0,75.0,0.0,1.0,43
0,39.0,1,132.0,0.0,0.0,7.0,8126.428571428572,100.0,100.0,0.0,0.0,57
1,61.0,1,50.0,0.0,0.0,9.0,7024.777777777777,100.0,100.0,25.0,0.0,18
3,39.0,1,5.0,0.0,0.0,1.0,120.0,50.0,0.0,0.0,1.0,9
3,26.0,0,1.0,10.0,2.0,3.0,1065.6666666666667,100.0,25.0,0.0,1.0,27
1,58.0,1,62.0,0.0,0.0,6.0,10587.166666666666,100.0,75.0,0.0,0.0,35
1,26.0,1,1.0,2.8,1.0,7.0,4045.571428571429,100.0,100.0,12.5,1.0,17
3,39.0,0,70.0,0.0,0.0,6.0,6409.666666666667,100.0,75.0,0.0,0.0,36
1,33.0,0,1.0,0.0,0.0,5.0,1957.8,100.0,75.0,0.0,1.0,24
0,39.0,0,1.0,0.0,0.0,2.0,658.5,100.0,0.0,0.0,1.0,55
1,38.0,1,347.0,0.0,0.0,8.0,7259.875,100.0,100.0,12.5,0.0,49
0,37.0,0,1.0,0.0,0.0,7.0,6013.142857142857,100.0,100.0,12.5,1.0,18
2,36.0,1,5.0,0.0,0.0,5.0,16105.2,100.0,75.0,0.0,1.0,34
3,39.0,0,1.0,0.0,0.0,4.0,400.5,100.0,50.0,0.0,1.0,13
3,40.0,1,1.0,0.0,0.0,1.0,2308.0,50.0,0.0,0.0,1.0,13
3,31.0,1,1.0,0.0,0.0,3.0,1010.0,100.0,25.0,0.0,1.0,25
0,38.0,1,5.0,0.0,0.0,1.0,344.0,50.0,0.0,0.0,1.0,47
3,20.0,0,1.0,0.0,0.0,2.0,1983.0,100.0,0.0,0.0,1.0,25
3,39.0,0,5.0,0.0,0.0,2.0,354.0,100.0,0.0,0.0,1.0,27
1,39.0,0,2.0,0.0,0.0,4.0,1224.5,100.0,50.0,0.0,1.0,51
0,39.0,1,1.0,0.0,0.0,3.0,890.6666666666666,100.0,25.0,0.0,1.0,43
3,59.0,1,1.0,0.0,0.0,4.0,2899.5,100.0,50.0,0.0,1.0,22
0,33.0,0,8.0,0.0,0.0,5.0,2689.0,100.0,75.0,0.0,0.0,58
0,30.0,0,12.0,4.0,1.0,6.0,6310.166666666667,100.0,100.0,0.0,1.0,36
2,33.0,1,5.0,2.0,1.0,3.0,640.6666666666666,100.0,25.0,0.0,1.0,34
1,37.0,0,1.0,0.0,0.0,5.0,3634.0,100.0,75.0,0.0,1.0,50
0,39.0,1,6.0,4.0,1.0,4.0,986.25,100.0,50.0,0.0,1.0,56
3,29.0,0,1.0,0.0,0.0,4.0,3690.25,100.0,50.0,0.0,1.0,25
0,49.0,1,88.0,26.0,5.0,6.0,7579.666666666667,100.0,75.0,0.0,0.0,59
0,43.0,1,1.0,4.0,1.0,12.0,23942.5,100.0,100.0,62.5,0.0,30
3,39.0,0,1.0,0.0,0.0,3.0,1314.0,100.0,25.0,0.0,1.0,2
3,49.0,1,1.0,4.0,1.0,5.0,5371.4,100.0,75.0,0.0,1.0,33
3,45.0,0,1.0,0.0,0.0,4.0,339.25,100.0,50.0,0.0,1.0,23
3,55.0,0,106.0,4.0,1.0,10.0,26678.5,100.0,100.0,37.5,0.0,5
0,39.0,1,1.0,0.0,0.0,4.0,1053.25,100.0,50.0,0.0,1.0,30
0,32.0,1,43.0,0.0,0.0,3.0,10829.666666666666,100.0,0.0,0.0,1.0,40
0,39.0,1,19.0,0.0,0.0,4.0,1523.25,100.0,50.0,0.0,0.0,60
3,59.0,1,7.0,0.0,0.0,3.0,30242.666666666668,100.0,25.0,0.0,0.0,4
0,47.0,1,402.0,0.0,0.0,11.0,24483.363636363636,100.0,100.0,50.0,0.0,29
1,34.0,1,5.0,0.0,0.0,3.0,762.0,100.0,25.0,0.0,1.0,55
1,20.0,0,1.0,0.0,0.0,4.0,1702.0,100.0,50.0,0.0,1.0,15
1,39.0,1,5.0,0.0,0.0,1.0,1677.0,50.0,0.0,0.0,1.0,35
3,50.0,1,5.0,0.0,0.0,3.0,812.0,100.0,25.0,0.0,1.0,10
3,34.0,1,2.0,0.0,0.0,4.0,1387.75,100.0,50.0,0.0,1.0,41
3,39.0,1,1.0,0.0,0.0,3.0,55.666666666666664,100.0,25.0,0.0,1.0,3
3,39.0,1,1.0,0.0,0.0,3.0,1405.6666666666667,100.0,25.0,0.0,1.0,11
0,39.0,1,28.0,0.0,0.0,6.0,14656.166666666666,100.0,100.0,0.0,0.0,44
3,38.0,0,5.0,20.0,3.0,1.0,3799.0,50.0,0.0,0.0,1.0,23
1,18.0,0,5.0,0.0,0.0,1.0,30265.0,50.0,0.0,0.0,1.0,56
3,58.0,0,472.0,0.0,0.0,12.0,15119.0,100.0,100.0,62.5,1.0,21
3,39.0,0,1.0,0.0,0.0,3.0,744.6666666666666,100.0,25.0,0.0,1.0,16
0,39.0,0,1.0,4.0,1.0,8.0,156519.0,100.0,100.0,12.5,1.0,19
3,39.0,1,1.0,0.0,0.0,3.0,25.666666666666668,100.0,25.0,0.0,1.0,23
0,53.0,0,90.0,0.0,0.0,5.0,5139.8,100.0,75.0,0.0,0.0,45
3,36.0,0,1.0,0.0,0.0,3.0,494.6666666666667,100.0,25.0,0.0,1.0,27
3,21.0,0,5.0,0.0,0.0,1.0,21.0,50.0,0.0,0.0,1.0,31
3,43.0,1,1.0,0.0,0.0,2.0,10683.0,50.0,0.0,0.0,1.0,9
1,39.0,0,5.0,0.0,0.0,1.0,591.0,50.0,0.0,0.0,1.0,50
0,39.0,0,5.0,0.0,0.0,4.0,991.0,100.0,50.0,0.0,1.0,51
0,39.0,1,1.0,0.0,0.0,4.0,418.0,100.0,50.0,0.0,1.0,22
3,39.0,1,1.0,0.0,0.0,6.0,5941.5,100.0,75.0,0.0,1.0,20
0,39.0,1,1.0,0.0,0.0,5.0,2884.0,100.0,75.0,0.0,1.0,22
1,39.0,1,4.0,2.8,1.0,4.0,1452.75,100.0,50.0,0.0,1.0,48
0,33.0,0,1.0,0.0,0.0,5.0,578.6,100.0,75.0,0.0,1.0,13
2,39.0,0,142.0,0.0,0.0,1.0,166777.0,50.0,0.0,0.0,1.0,33
1,39.0,1,1.0,0.0,0.0,4.0,2449.25,100.0,50.0,0.0,1.0,26
3,45.0,1,905.0,0.0,0.0,11.0,43122.545454545456,100.0,100.0,50.0,0.0,40
0,33.0,1,34.0,0.0,0.0,7.0,3534.4285714285716,100.0,100.0,0.0,1.0,40
1,53.0,1,1.0,2.8,1.0,5.0,6519.8,100.0,75.0,0.0,1.0,30
0,32.0,0,4.0,0.0,0.0,5.0,1926.8,100.0,75.0,0.0,1.0,22
0,54.0,0,3.0,0.0,0.0,2.0,158.0,100.0,0.0,0.0,1.0,41
0,46.0,0,5.0,0.0,0.0,3.0,961.0,100.0,25.0,0.0,1.0,34
3,39.0,0,5.0,0.0,0.0,1.0,753.0,50.0,0.0,0.0,1.0,9
3,39.0,1,1098.0,0.0,0.0,11.0,31600.545454545456,100.0,100.0,50.0,0.0,28
3,55.0,1,107.0,20.0,3.0,9.0,14362.444444444443,100.0,100.0,25.0,0.0,33
3,40.0,1,1.0,0.0,0.0,3.0,863.6666666666666,100.0,25.0,0.0,1.0,35
0,39.0,1,1.0,0.0,0.0,1.0,532.0,50.0,0.0,0.0,1.0,51
3,30.0,0,1.0,0.0,0.0,3.0,3181.3333333333335,100.0,25.0,0.0,1.0,9
3,39.0,1,1.0,0.0,0.0,3.0,1056.6666666666667,100.0,25.0,0.0,1.0,5
0,39.0,0,19.0,0.0,0.0,5.0,0.8,100.0,75.0,0.0,1.0,55
0,35.0,0,5.0,20.0,3.0,2.0,3408.0,100.0,0.0,0.0,1.0,51
3,39.0,1,4.0,0.0,0.0,3.0,240.66666666666663,100.0,25.0,0.0,1.0,44
0,41.0,1,13.0,0.0,0.0,4.0,2834.0,100.0,50.0,0.0,1.0,39
3,39.0,1,1.0,0.0,0.0,7.0,19523.714285714286,100.0,100.0,0.0,1.0,9
3,42.0,1,1.0,0.0,0.0,3.0,2859.6666666666665,100.0,25.0,0.0,1.0,27
0,39.0,1,5.0,0.0,0.0,2.0,347.5,100.0,0.0,0.0,1.0,38
3,36.0,0,5.0,0.0,0.0,4.0,4753.5,100.0,50.0,0.0,1.0,35
3,47.0,1,68.0,22.0,3.0,8.0,10415.375,100.0,100.0,12.5,1.0,19
3,39.0,0,1.0,0.0,0.0,2.0,831.5,100.0,0.0,0.0,1.0,9
3,39.0,1,1.0,4.0,1.0,3.0,958.6666666666666,100.0,25.0,0.0,1.0,28
1,39.0,0,1.0,0.0,0.0,2.0,517.0,100.0,0.0,0.0,0.0,61
0,39.0,0,13.0,23.0,4.0,7.0,4206.285714285715,100.0,100.0,12.5,0.0,41
1,46.0,0,1.0,2.8,1.0,4.0,1097.25,100.0,50.0,0.0,1.0,26
0,56.0,0,64.0,0.0,0.0,6.0,3900.6666666666665,100.0,100.0,0.0,0.0,61
1,24.0,0,5.0,0.0,0.0,1.0,1192.0,50.0,0.0,0.0,1.0,31
0,99.0,0,1.0,0.0,0.0,3.0,993.0,100.0,25.0,0.0,1.0,9
3,37.0,0,21.0,10.0,2.0,5.0,2411.4,100.0,50.0,0.0,0.0,20
0,44.0,0,132.0,31.9,6.0,3.0,50299.333333333336,100.0,25.0,0.0,0.0,14
3,46.0,0,1.0,0.0,0.0,2.0,475.5,100.0,0.0,0.0,1.0,20
0,36.0,0,1.0,4.0,1.0,8.0,4754.375,100.0,100.0,12.5,1.0,24
3,42.0,1,543.0,0.0,0.0,8.0,19221.875,100.0,100.0,25.0,0.0,45
1,47.0,0,222.0,14.0,3.0,4.0,29416.0,100.0,25.0,0.0,0.0,33
3,34.0,0,13.0,4.0,1.0,3.0,2647.0,100.0,25.0,0.0,1.0,42
3,43.0,0,1.0,0.0,0.0,4.0,1446.0,100.0,50.0,0.0,1.0,18
3,28.0,1,1.0,0.0,0.0,3.0,2858.6666666666665,100.0,25.0,0.0,1.0,36
1,42.0,0,1.0,0.0,0.0,10.0,7260.5,100.0,100.0,37.5,1.0,13
1,45.0,1,14.0,22.4,6.0,10.0,5930.5,100.0,100.0,37.5,0.0,25
1,39.0,1,189.0,7.0,2.0,7.0,9995.714285714286,100.0,100.0,0.0,0.0,49
0,35.0,0,5.0,0.0,0.0,1.0,2401.0,50.0,0.0,0.0,0.0,55
0,39.0,1,1.0,0.0,0.0,8.0,7639.0,100.0,100.0,12.5,1.0,13
2,43.0,1,4.0,5.0,2.0,3.0,519.6666666666666,100.0,25.0,0.0,1.0,42
3,24.0,1,20.0,35.0,8.0,7.0,4698.0,100.0,100.0,0.0,0.0,26
0,38.0,0,5.0,0.0,0.0,1.0,1024.0,50.0,0.0,0.0,1.0,51
3,45.0,1,1.0,0.0,0.0,5.0,2017.8,100.0,50.0,0.0,1.0,26
1,40.0,1,160.0,2.8,1.0,8.0,11760.625,100.0,100.0,12.5,1.0,22
1,29.0,1,17.0,0.0,0.0,6.0,2100.0,100.0,100.0,0.0,1.0,37
3,46.0,1,1.0,0.0,0.0,4.0,6608.5,100.0,50.0,0.0,1.0,13
1,39.0,0,40.0,7.0,2.0,7.0,1312.7142857142858,100.0,100.0,0.0,0.0,62
1,39.0,0,222.0,0.0,0.0,11.0,26824.454545454544,100.0,100.0,50.0,1.0,16
0,20.0,0,1.0,0.0,0.0,1.0,42944.0,50.0,0.0,0.0,1.0,13
2,26.0,1,269.0,0.0,0.0,10.0,7824.8,100.0,100.0,37.5,0.0,43
1,41.0,0,2.0,2.8,1.0,2.0,15457.5,100.0,0.0,0.0,1.0,18
3,41.0,0,185.0,4.0,1.0,5.0,11559.6,100.0,50.0,0.0,0.0,16
3,53.0,0,53.0,0.0,0.0,7.0,9851.285714285714,100.0,100.0,0.0,1.0,27
3,41.0,0,1.0,4.0,1.0,7.0,15271.57142857143,100.0,100.0,0.0,1.0,3
0,25.0,1,9.0,0.0,0.0,4.0,2436.25,100.0,50.0,0.0,1.0,49
1,33.0,0,416.0,0.0,0.0,10.0,17163.9,100.0,100.0,37.5,0.0,31
1,55.0,0,38.0,0.0,0.0,9.0,15273.444444444443,100.0,100.0,25.0,0.0,26
0,49.0,1,3.0,0.0,0.0,7.0,1017.4285714285714,100.0,100.0,0.0,1.0,16
1,39.0,1,5.0,0.0,0.0,1.0,531.0,50.0,0.0,0.0,1.0,32
3,39.0,0,3.0,0.0,0.0,4.0,1234.25,100.0,50.0,0.0,0.0,28
0,39.0,0,5.0,0.0,0.0,3.0,0.0,100.0,25.0,0.0,1.0,18
3,42.0,0,20.0,0.0,0.0,3.0,2105.3333333333335,100.0,25.0,0.0,1.0,38
1,24.0,1,5.0,0.0,0.0,3.0,509.0,100.0,25.0,0.0,1.0,23
0,36.0,1,1075.0,0.0,0.0,12.0,53130.583333333336,100.0,100.0,62.5,1.0,20
3,46.0,1,17.0,0.0,0.0,5.0,1071.8,100.0,50.0,0.0,1.0,30
1,54.0,1,1.0,0.0,0.0,4.0,901.5,100.0,50.0,0.0,1.0,32
0,40.0,0,181.0,0.0,0.0,8.0,13864.5,100.0,100.0,12.5,0.0,46
3,39.0,1,1.0,0.0,0.0,5.0,1659.4,100.0,50.0,0.0,1.0,1
0,36.0,1,669.0,0.0,0.0,8.0,489.5,100.0,100.0,12.5,1.0,40
1,34.0,0,19.0,0.0,0.0,6.0,4153.666666666667,100.0,100.0,0.0,0.0,48
0,19.0,1,5.0,0.0,0.0,3.0,1117.6666666666667,100.0,25.0,0.0,0.0,63
3,44.0,0,5.0,0.0,0.0,2.0,1135.5,100.0,0.0,0.0,1.0,38
3,39.0,1,1.0,0.0,0.0,4.0,168.25,100.0,50.0,0.0,1.0,19
3,50.0,0,11.0,0.0,0.0,3.0,3872.3333333333335,100.0,25.0,0.0,1.0,33
0,35.0,0,6.0,0.0,0.0,7.0,4291.428571428572,100.0,100.0,12.5,1.0,31
0,41.0,1,17.0,10.0,2.0,9.0,10001.222222222224,100.0,100.0,25.0,0.0,19
0,39.0,0,5.0,0.0,0.0,3.0,0.3333333333333333,100.0,25.0,0.0,0.0,63
3,40.0,0,1.0,0.0,0.0,3.0,874.6666666666666,100.0,25.0,0.0,1.0,37
3,39.0,0,1.0,0.0,0.0,1.0,530.0,50.0,0.0,0.0,1.0,2
1,21.0,1,26.0,0.0,0.0,7.0,4800.142857142857,100.0,100.0,12.5,0.0,35
3,33.0,0,1.0,0.0,0.0,3.0,1312.3333333333333,100.0,25.0,0.0,1.0,13
1,39.0,0,5.0,0.0,0.0,1.0,65.0,50.0,0.0,0.0,1.0,48
0,29.0,0,1.0,0.0,0.0,7.0,10338.857142857143,100.0,100.0,0.0,1.0,16
3,48.0,0,2.0,4.0,1.0,2.0,1322.5,100.0,0.0,0.0,0.0,16
0,40.0,0,1.0,4.0,1.0,1.0,431.0,50.0,0.0,0.0,1.0,25
3,39.0,1,26.0,0.0,0.0,6.0,4648.0,100.0,75.0,0.0,1.0,34
2,31.0,0,87.0,2.0,1.0,7.0,14476.0,100.0,100.0,0.0,1.0,32
1,35.0,0,1.0,3.08,1.0,4.0,2029.0,100.0,50.0,0.0,1.0,28
1,51.0,1,1.0,0.0,0.0,2.0,896.0,100.0,0.0,0.0,1.0,18
1,39.0,1,1.0,0.0,0.0,5.0,1279.0,100.0,75.0,0.0,1.0,18
2,26.0,1,314.0,3.5,2.0,8.0,10485.125,100.0,100.0,12.5,0.0,43
1,42.0,0,2.0,0.0,0.0,4.0,1472.5,100.0,50.0,0.0,1.0,45
0,45.0,1,8.0,0.0,0.0,4.0,800.75,100.0,50.0,0.0,0.0,55
0,39.0,1,5.0,0.0,0.0,2.0,281.5,100.0,0.0,0.0,1.0,31
3,50.0,1,21.0,0.0,0.0,3.0,5280.0,100.0,25.0,0.0,1.0,45
3,38.0,0,282.0,20.0,3.0,8.0,14827.25,100.0,100.0,12.5,0.0,38
0,46.0,1,5.0,0.0,0.0,2.0,3080.0,100.0,0.0,0.0,1.0,29
1,28.0,1,9.0,2.8,1.0,8.0,12865.25,100.0,100.0,12.5,1.0,27
3,36.0,1,1.0,0.0,0.0,5.0,1145.2,100.0,75.0,0.0,0.0,21
3,37.0,0,47.0,0.0,0.0,7.0,11959.857142857143,100.0,100.0,0.0,1.0,33
0,36.0,0,5.0,0.0,0.0,1.0,3452.0,50.0,0.0,0.0,0.0,61
1,44.0,0,2.0,0.0,0.0,4.0,2552.5,100.0,50.0,0.0,1.0,45
0,40.0,0,5.0,0.0,0.0,1.0,1396.0,50.0,0.0,0.0,1.0,54
0,32.0,0,289.0,26.0,5.0,10.0,8490.2,100.0,100.0,37.5,0.0,46
0,39.0,0,5.0,0.0,0.0,1.0,4787.0,50.0,0.0,0.0,1.0,49
0,39.0,1,5.0,0.0,0.0,2.0,697.0,100.0,25.0,0.0,0.0,64
3,39.0,0,1.0,4.0,1.0,8.0,25560.625,100.0,100.0,12.5,1.0,7
0,33.0,1,71.0,20.0,3.0,7.0,5519.714285714285,100.0,100.0,0.0,1.0,43
1,60.0,0,1.0,0.0,0.0,3.0,29.0,100.0,25.0,0.0,1.0,18
0,40.0,1,155.0,0.0,0.0,11.0,17169.363636363636,100.0,100.0,50.0,1.0,18
0,44.0,1,5.0,0.0,0.0,1.0,1237.0,50.0,0.0,0.0,1.0,51
1,53.0,0,2.0,0.0,0.0,2.0,883.5,100.0,0.0,0.0,0.0,61
3,68.0,1,134.0,29.0,6.0,8.0,6060.5,100.0,100.0,12.5,0.0,21
3,39.0,0,5.0,20.0,3.0,3.0,3944.0,100.0,25.0,0.0,1.0,30
0,39.0,0,1.0,0.0,0.0,2.0,13754.0,50.0,0.0,0.0,1.0,31
3,39.0,1,5.0,0.0,0.0,3.0,1150.6666666666667,100.0,25.0,0.0,1.0,13
0,39.0,0,1.0,0.0,0.0,7.0,10222.285714285714,100.0,100.0,12.5,1.0,20
0,39.0,1,40.0,26.0,5.0,6.0,4524.5,100.0,100.0,0.0,1.0,56
0,28.0,0,29.0,0.0,0.0,8.0,8247.125,100.0,100.0,12.5,0.0,35
3,43.0,0,1.0,0.0,0.0,1.0,254.0,50.0,0.0,0.0,1.0,37
1,35.0,1,2.0,0.0,0.0,4.0,371.0,100.0,50.0,0.0,1.0,59
1,42.0,1,9.0,0.0,0.0,4.0,1355.75,100.0,50.0,0.0,0.0,57
3,30.0,1,5.0,0.0,0.0,1.0,1217.0,50.0,0.0,0.0,1.0,31
3,19.0,1,3.0,4.0,1.0,2.0,44.5,100.0,0.0,0.0,1.0,26
2,20.0,1,1.0,0.0,0.0,2.0,609.0,100.0,0.0,0.0,1.0,34
0,42.0,1,1.0,4.0,1.0,8.0,4993.75,100.0,100.0,12.5,1.0,14
0,39.0,1,1.0,0.0,0.0,1.0,599.0,50.0,0.0,0.0,1.0,37
1,31.0,1,1.0,0.0,0.0,1.0,28205.0,50.0,0.0,0.0,1.0,30
1,44.0,0,1.0,0.0,0.0,4.0,1823.75,100.0,50.0,0.0,1.0,17
0,39.0,0,5.0,0.0,0.0,2.0,976.5,100.0,0.0,0.0,1.0,42
0,46.0,0,173.0,0.0,0.0,7.0,7225.142857142857,100.0,100.0,12.5,0.0,51
0,39.0,1,1.0,0.0,0.0,4.0,267.75,100.0,50.0,0.0,1.0,29
0,37.0,0,1.0,0.0,0.0,7.0,5909.857142857143,100.0,100.0,12.5,1.0,15
1,35.0,0,31.0,0.0,0.0,7.0,5540.857142857143,100.0,100.0,0.0,0.0,50
3,39.0,0,3.0,0.0,0.0,2.0,917.5,100.0,0.0,0.0,1.0,13
3,35.0,1,1.0,0.0,0.0,5.0,6734.0,100.0,50.0,0.0,1.0,27
0,51.0,0,3.0,23.0,4.0,6.0,3751.0,100.0,100.0,0.0,0.0,57
0,39.0,0,25.0,0.0,0.0,7.0,9983.857142857143,100.0,100.0,0.0,1.0,23
0,36.0,1,5.0,0.0,0.0,1.0,10.0,50.0,0.0,0.0,1.0,19
3,31.0,0,21.0,4.0,1.0,5.0,7510.4,100.0,50.0,0.0,1.0,3
1,39.0,1,5.0,0.0,0.0,2.0,201.0,100.0,75.0,0.0,0.0,63
3,39.0,1,1.0,0.0,0.0,1.0,7410.0,50.0,0.0,0.0,1.0,0
1,41.0,0,41.0,0.0,0.0,12.0,40199.416666666664,100.0,100.0,62.5,0.0,18
3,38.0,0,1.0,0.0,0.0,5.0,3014.4,100.0,75.0,0.0,1.0,10
0,42.0,1,36.0,0.0,0.0,7.0,3752.142857142858,100.0,100.0,0.0,0.0,43
3,64.0,0,1.0,0.0,0.0,4.0,2346.75,100.0,50.0,0.0,1.0,19
0,35.0,1,24.0,20.0,3.0,5.0,1554.4,100.0,75.0,0.0,1.0,40
3,29.0,0,1.0,0.0,0.0,3.0,2343.0,100.0,25.0,0.0,1.0,38
0,26.0,1,7.0,0.0,0.0,4.0,3067.5,100.0,50.0,0.0,0.0,59
1,37.0,0,1.0,0.0,0.0,6.0,3894.1666666666665,100.0,100.0,0.0,1.0,15
0,87.0,0,36.0,0.0,0.0,10.0,16597.6,100.0,100.0,37.5,0.0,28
1,21.0,0,5.0,0.0,0.0,1.0,964.0,50.0,0.0,0.0,1.0,13
3,29.0,1,1.0,0.0,0.0,2.0,873.0,100.0,0.0,0.0,1.0,35
0,39.0,0,5.0,0.0,0.0,1.0,3494.0,50.0,0.0,0.0,1.0,50
3,39.0,0,1.0,0.0,0.0,3.0,650.0,100.0,25.0,0.0,1.0,38
1,38.0,0,164.0,0.0,0.0,7.0,8602.142857142857,100.0,100.0,0.0,0.0,51
3,40.0,1,14.0,4.0,1.0,4.0,2932.75,100.0,50.0,0.0,1.0,37
0,42.0,1,2.0,0.0,0.0,4.0,510.75,100.0,75.0,0.0,1.0,63
0,30.0,0,5.0,0.0,0.0,4.0,1433.25,100.0,50.0,0.0,1.0,46
3,56.0,1,24.0,0.0,0.0,3.0,24.0,100.0,25.0,0.0,1.0,43
3,39.0,1,96.0,20.0,3.0,6.0,9824.166666666666,100.0,75.0,0.0,1.0,42
1,37.0,1,79.0,0.0,0.0,6.0,4337.5,100.0,75.0,0.0,0.0,41
3,43.0,0,10.0,41.799995,9.0,6.0,8565.5,100.0,100.0,12.5,0.0,39
0,46.0,0,8.0,4.0,1.0,7.0,4631.428571428572,100.0,100.0,0.0,1.0,32
1,39.0,0,32.0,2.8,1.0,8.0,10982.25,100.0,100.0,12.5,0.0,35
0,39.0,0,5.0,0.0,0.0,3.0,620.0,100.0,25.0,0.0,1.0,44
1,52.0,0,774.0,2.8,1.0,8.0,37547.625,100.0,100.0,12.5,0.0,40
3,25.0,1,1.0,0.0,0.0,3.0,1149.6666666666667,100.0,25.0,0.0,1.0,20
1,51.0,0,3.0,0.0,0.0,5.0,6035.0,100.0,75.0,0.0,1.0,56
3,40.0,1,1.0,0.0,0.0,3.0,1628.0,100.0,25.0,0.0,1.0,25
1,37.0,1,1.0,0.0,0.0,1.0,1080.0,50.0,0.0,0.0,1.0,24
3,39.0,1,1.0,0.0,0.0,1.0,671.0,50.0,0.0,0.0,1.0,25
3,51.0,0,1.0,4.4,1.0,3.0,332.6666666666667,100.0,25.0,0.0,1.0,13
3,32.0,1,5.0,0.0,0.0,1.0,783.0,50.0,0.0,0.0,1.0,46
0,25.0,0,1.0,4.0,1.0,5.0,2324.6,100.0,75.0,0.0,1.0,37
0,39.0,0,1.0,0.0,0.0,3.0,885.6666666666666,100.0,25.0,0.0,1.0,13
0,45.0,1,1.0,0.0,0.0,4.0,2653.0,100.0,50.0,0.0,1.0,31
0,44.0,1,54.0,50.0,13.0,8.0,1163.75,100.0,100.0,12.5,0.0,53
1,38.0,0,8.0,0.0,0.0,4.0,5580.75,100.0,50.0,0.0,1.0,39
0,44.0,1,222.0,23.0,4.0,8.0,11818.375,100.0,100.0,12.5,0.0,58
3,19.0,0,5.0,0.0,0.0,3.0,2272.3333333333335,100.0,25.0,0.0,1.0,17
1,39.0,1,15.0,2.8,1.0,7.0,5475.857142857143,100.0,100.0,0.0,1.0,21
0,49.0,1,107.0,0.0,0.0,8.0,7335.375,100.0,100.0,12.5,1.0,29
0,43.0,1,87.0,0.0,0.0,7.0,7115.142857142857,100.0,100.0,0.0,1.0,50
3,58.0,0,383.0,10.0,2.0,9.0,30273.555555555555,100.0,100.0,25.0,0.0,20
1,37.0,0,1.0,0.0,0.0,4.0,1098.75,100.0,50.0,0.0,1.0,42
3,30.0,1,5.0,0.0,0.0,1.0,4766.0,50.0,0.0,0.0,1.0,19
1,55.0,0,17.0,0.0,0.0,8.0,11434.25,100.0,100.0,37.5,0.0,30
3,36.0,0,1.0,0.0,0.0,3.0,125.0,100.0,25.0,0.0,1.0,13
1,42.0,0,2.0,0.0,0.0,4.0,314.5,100.0,50.0,0.0,1.0,39
3,32.0,1,16.0,0.0,0.0,4.0,4397.25,100.0,50.0,0.0,1.0,42
0,39.0,0,2.0,0.0,0.0,5.0,1232.2,100.0,75.0,0.0,0.0,59
1,29.0,1,7.0,2.8,1.0,6.0,9501.5,100.0,100.0,0.0,1.0,29
3,42.0,0,1.0,0.0,0.0,5.0,3066.8,100.0,50.0,0.0,1.0,10
1,46.0,1,5.0,0.0,0.0,1.0,9.0,50.0,0.0,0.0,1.0,31
0,63.0,0,90.0,0.0,0.0,3.0,10723.666666666666,100.0,0.0,0.0,0.0,32
3,46.0,0,5.0,0.0,0.0,3.0,886.6666666666666,100.0,25.0,0.0,1.0,36
1,27.0,0,9.0,0.0,0.0,6.0,4712.333333333333,100.0,100.0,0.0,1.0,34
3,42.0,0,1.0,0.0,0.0,1.0,1997.0,50.0,0.0,0.0,1.0,8
0,25.0,0,9.0,0.0,0.0,6.0,2945.5,100.0,100.0,0.0,1.0,48
0,37.0,1,25.0,4.0,1.0,7.0,19872.714285714286,100.0,100.0,12.5,0.0,44
3,45.0,0,4.0,23.0,4.0,2.0,1791.5,100.0,0.0,0.0,1.0,44
3,39.0,0,80.0,0.0,0.0,5.0,6027.4,100.0,50.0,0.0,0.0,46
0,39.0,0,313.0,0.0,0.0,1.0,38116.0,50.0,0.0,0.0,0.0,36
3,39.0,0,4.0,0.0,0.0,3.0,1406.6666666666667,100.0,25.0,0.0,1.0,45
3,38.0,1,16.0,0.0,0.0,6.0,12862.833333333334,100.0,75.0,0.0,1.0,30
3,31.0,0,1.0,0.0,0.0,4.0,5930.0,100.0,50.0,0.0,1.0,14
1,39.0,1,5.0,0.0,0.0,3.0,659.0,100.0,25.0,0.0,1.0,35
0,30.0,0,178.0,4.0,1.0,8.0,12009.25,100.0,100.0,25.0,0.0,24
0,36.0,1,92.0,0.0,0.0,7.0,7864.142857142857,100.0,100.0,12.5,0.0,52
0,41.0,1,1.0,0.0,0.0,1.0,1510.0,50.0,0.0,0.0,1.0,23
2,55.0,1,4.0,0.0,0.0,3.0,666.0,100.0,25.0,0.0,1.0,48
1,39.0,1,1.0,0.0,0.0,5.0,3381.4,100.0,75.0,0.0,0.0,51
0,39.0,0,5.0,0.0,0.0,1.0,1051.0,50.0,0.0,0.0,1.0,48
1,46.0,1,21.0,0.0,0.0,5.0,2468.8,100.0,75.0,0.0,0.0,55
0,39.0,1,3.0,0.0,0.0,3.0,1449.3333333333333,100.0,25.0,0.0,1.0,38
3,62.0,1,1.0,0.0,0.0,1.0,1651.0,50.0,0.0,0.0,1.0,17
1,49.0,0,4.0,0.0,0.0,5.0,935.8,100.0,100.0,0.0,0.0,58
0,35.0,1,6.0,0.0,0.0,1.0,1670.0,50.0,0.0,0.0,1.0,54
0,47.0,1,27.0,0.0,0.0,2.0,10804.0,100.0,25.0,0.0,0.0,39
2,18.0,0,1.0,0.0,0.0,4.0,6109.0,100.0,50.0,0.0,1.0,33
0,40.0,0,9.0,0.0,0.0,6.0,6027.166666666667,100.0,75.0,0.0,1.0,24
1,53.0,1,102.0,7.0,2.0,7.0,8206.857142857143,100.0,100.0,0.0,1.0,39
0,40.0,1,1.0,0.0,0.0,7.0,6522.142857142857,100.0,100.0,0.0,1.0,17
0,47.0,0,97.0,4.0,1.0,8.0,6444.75,100.0,100.0,25.0,0.0,52
1,47.0,1,5.0,0.0,0.0,1.0,685.0,50.0,0.0,0.0,1.0,21
3,39.0,0,1.0,4.0,1.0,4.0,1025.75,100.0,50.0,0.0,1.0,19
1,32.0,1,5.0,0.0,0.0,2.0,650.0,100.0,0.0,0.0,1.0,20
0,39.0,0,256.0,0.0,0.0,9.0,10564.555555555557,100.0,100.0,37.5,1.0,38
0,41.0,0,36.0,4.0,1.0,9.0,3230.3333333333335,100.0,100.0,25.0,0.0,37
1,18.0,1,7.0,2.8,1.0,6.0,5187.333333333333,100.0,100.0,0.0,1.0,36
1,27.0,1,5.0,2.8,1.0,4.0,895.5,100.0,50.0,0.0,1.0,56
0,38.0,1,5.0,0.0,0.0,2.0,28713.5,100.0,0.0,0.0,0.0,57
1,39.0,0,1.0,0.0,0.0,6.0,658.6666666666666,100.0,100.0,0.0,1.0,14
0,27.0,0,27.0,0.0,0.0,7.0,9015.285714285714,100.0,100.0,12.5,0.0,37
0,39.0,1,5.0,0.0,0.0,2.0,735.0,100.0,0.0,0.0,1.0,52
3,55.0,0,5.0,0.0,0.0,3.0,1658.3333333333333,100.0,25.0,0.0,1.0,27
3,50.0,0,2.0,0.0,0.0,3.0,1589.6666666666667,100.0,25.0,0.0,1.0,40
3,27.0,1,1.0,4.4,1.0,4.0,1611.0,100.0,50.0,0.0,1.0,22
3,45.0,1,1.0,0.0,0.0,2.0,742.5,100.0,0.0,0.0,1.0,14
0,22.0,1,8.0,0.0,0.0,5.0,263.8,100.0,75.0,0.0,0.0,60
0,30.0,1,111.0,0.0,0.0,4.0,12771.0,100.0,25.0,0.0,1.0,52
0,37.0,0,1.0,4.0,1.0,8.0,4414.875,100.0,100.0,12.5,1.0,14
3,39.0,0,1.0,0.0,0.0,1.0,1.0,50.0,0.0,0.0,1.0,18
2,18.0,1,1.0,1.4,1.0,3.0,1026.0,100.0,25.0,0.0,1.0,47
3,21.0,1,5.0,0.0,0.0,1.0,584.0,50.0,0.0,0.0,1.0,21
3,39.0,0,1.0,0.0,0.0,1.0,893.0,50.0,0.0,0.0,1.0,19
1,62.0,1,17.0,0.0,0.0,6.0,4436.0,100.0,100.0,0.0,0.0,47
0,34.0,0,4.0,0.0,0.0,8.0,8192.25,100.0,100.0,12.5,1.0,29
0,61.0,0,1.0,0.0,0.0,4.0,2160.75,100.0,50.0,0.0,1.0,23
1,32.0,0,5.0,0.0,0.0,6.0,7885.5,100.0,100.0,0.0,0.0,41
3,24.0,1,5.0,0.0,0.0,1.0,799.0,50.0,0.0,0.0,1.0,6
3,35.0,1,5.0,0.0,0.0,2.0,875.5,100.0,0.0,0.0,1.0,35
0,31.0,1,2.0,0.0,0.0,5.0,2629.2,100.0,75.0,0.0,0.0,59
3,39.0,1,24.0,0.0,0.0,4.0,1418.75,100.0,50.0,0.0,1.0,41
1,42.0,0,1.0,15.4,3.0,6.0,6189.833333333333,100.0,100.0,0.0,0.0,19
3,47.0,1,5.0,4.0,1.0,6.0,6793.666666666667,100.0,100.0,0.0,0.0,37
1,39.0,0,1.0,2.8,1.0,5.0,424.0,100.0,75.0,0.0,1.0,17
1,46.0,0,19.0,7.0,2.0,7.0,10811.285714285714,100.0,100.0,0.0,1.0,24
2,18.0,1,431.0,0.0,0.0,9.0,12896.777777777776,100.0,100.0,37.5,0.0,52
0,39.0,0,1.0,0.0,0.0,4.0,853.5,100.0,50.0,0.0,1.0,22
1,43.0,1,687.0,16.8,4.0,12.0,24519.5,100.0,100.0,62.5,0.0,13
3,40.0,1,5.0,0.0,0.0,1.0,1514.0,50.0,0.0,0.0,1.0,39
0,39.0,1,5.0,0.0,0.0,2.0,445.5,100.0,0.0,0.0,1.0,18
3,37.0,1,1.0,0.0,0.0,4.0,5027.25,100.0,50.0,0.0,1.0,23
3,39.0,1,5.0,0.0,0.0,4.0,2856.25,100.0,50.0,0.0,1.0,28
1,37.0,0,1.0,0.0,0.0,4.0,718.0,100.0,50.0,0.0,1.0,32
1,26.0,1,5.0,0.0,0.0,5.0,9682.4,100.0,75.0,0.0,0.0,30
3,36.0,1,1.0,4.4,1.0,4.0,2524.0,100.0,50.0,0.0,1.0,1
1,39.0,1,1.0,0.0,0.0,1.0,4401.0,50.0,0.0,0.0,1.0,21
1,41.0,0,58.0,0.0,0.0,6.0,4014.1666666666665,100.0,75.0,0.0,0.0,57
3,36.0,1,3.0,4.0,1.0,6.0,3048.5,100.0,100.0,0.0,1.0,28
0,27.0,0,1.0,0.0,0.0,6.0,4534.0,100.0,100.0,0.0,1.0,31
0,39.0,0,20.0,0.0,0.0,6.0,3351.3333333333335,100.0,100.0,0.0,0.0,49
0,31.0,1,290.0,0.0,0.0,11.0,8952.818181818182,100.0,100.0,50.0,0.0,23
0,34.0,1,7.0,0.0,0.0,4.0,2639.25,100.0,50.0,0.0,0.0,63
0,40.0,0,5.0,0.0,0.0,3.0,730.6666666666666,100.0,50.0,0.0,0.0,62
3,39.0,1,565.0,0.0,0.0,9.0,21116.333333333332,100.0,100.0,25.0,0.0,22
1,39.0,0,2.0,0.0,0.0,2.0,11505.5,100.0,0.0,0.0,1.0,42
1,30.0,1,64.0,0.0,0.0,7.0,3680.857142857142,100.0,100.0,0.0,0.0,55
0,34.0,1,467.0,0.0,0.0,11.0,24540.0,100.0,100.0,50.0,0.0,15
0,39.0,1,5.0,0.0,0.0,2.0,505.0,100.0,0.0,0.0,1.0,41
3,39.0,1,1.0,0.0,0.0,4.0,3430.0,100.0,25.0,0.0,1.0,3
0,38.0,1,62.0,0.0,0.0,6.0,3755.8333333333335,100.0,75.0,0.0,0.0,59
1,39.0,0,1.0,0.0,0.0,4.0,343.0,100.0,50.0,0.0,1.0,17
3,37.0,0,5.0,0.0,0.0,1.0,436.0,50.0,0.0,0.0,1.0,14
1,27.0,1,16.0,0.0,0.0,4.0,1828.25,100.0,50.0,0.0,1.0,47
0,44.0,0,688.0,10.0,2.0,13.0,26418.30769230769,100.0,100.0,75.0,0.0,21
3,51.0,1,2.0,4.0,1.0,6.0,9431.166666666666,100.0,75.0,0.0,1.0,25
0,39.0,0,127.0,0.0,0.0,10.0,28845.9,100.0,100.0,37.5,0.0,25
2,46.0,0,1100.0,6.2999997,3.0,10.0,11346.4,100.0,100.0,50.0,1.0,40
0,38.0,0,11.0,0.0,0.0,5.0,4179.8,100.0,75.0,0.0,1.0,42
1,39.0,0,13.0,0.0,0.0,5.0,1771.0,100.0,75.0,0.0,0.0,60
0,34.0,1,5.0,0.0,0.0,1.0,908.0,50.0,0.0,0.0,1.0,33
1,58.0,1,614.0,0.0,0.0,1.0,647973.0,50.0,0.0,0.0,0.0,14
3,39.0,0,1.0,0.0,0.0,3.0,669.6666666666666,100.0,25.0,0.0,1.0,24
3,64.0,0,1.0,0.0,0.0,1.0,930.0,50.0,0.0,0.0,1.0,35
0,49.0,0,5.0,0.0,0.0,4.0,700.75,100.0,50.0,0.0,1.0,49
3,36.0,0,8.0,23.0,4.0,3.0,1533.0,100.0,25.0,0.0,1.0,39
3,43.0,0,5.0,4.0,1.0,3.0,1050.6666666666667,100.0,25.0,0.0,0.0,16
2,39.0,0,166.0,0.0,0.0,6.0,6795.0,100.0,75.0,0.0,1.0,46
2,39.0,1,273.0,0.0,0.0,10.0,12827.1,100.0,100.0,37.5,1.0,38
1,31.0,1,98.0,14.0,3.0,9.0,868.6666666666666,100.0,100.0,25.0,0.0,39
3,31.0,1,63.0,0.0,0.0,8.0,9744.125,100.0,100.0,12.5,0.0,21
0,39.0,1,1.0,0.0,0.0,6.0,3437.6666666666665,100.0,100.0,0.0,1.0,13
2,46.0,1,142.0,0.0,0.0,7.0,10061.0,100.0,100.0,0.0,1.0,32
1,35.0,1,11.0,0.0,0.0,6.0,4612.666666666667,100.0,100.0,0.0,0.0,44
2,31.0,1,523.0,0.0,0.0,8.0,11432.75,100.0,100.0,12.5,0.0,47
0,56.0,1,1.0,4.0,1.0,3.0,3204.0,100.0,25.0,0.0,1.0,16
1,56.0,0,5.0,0.0,0.0,1.0,584.0,50.0,0.0,0.0,1.0,25
1,44.0,1,44.0,0.0,0.0,6.0,3489.6666666666665,100.0,75.0,0.0,1.0,42
3,39.0,1,5.0,0.0,0.0,1.0,746.0,50.0,0.0,0.0,1.0,45
2,22.0,1,13.0,0.0,0.0,4.0,4502.75,100.0,50.0,0.0,1.0,34
1,28.0,0,96.0,2.8,1.0,7.0,15814.857142857143,100.0,100.0,0.0,1.0,40
0,39.0,1,5.0,0.0,0.0,5.0,802.8,100.0,75.0,0.0,0.0,61
1,45.0,0,16.0,0.0,0.0,7.0,3463.8571428571427,100.0,100.0,12.5,0.0,19
0,27.0,0,1.0,0.0,0.0,8.0,8868.875,100.0,100.0,12.5,1.0,18
3,43.0,0,1.0,22.0,3.0,7.0,19060.14285714286,100.0,100.0,12.5,0.0,13
3,46.0,0,42.0,4.0,1.0,6.0,4739.333333333333,100.0,75.0,0.0,1.0,37
0,40.0,1,1.0,0.0,0.0,1.0,592.0,50.0,0.0,0.0,1.0,18
0,39.0,0,23.0,0.0,0.0,7.0,3807.142857142858,100.0,100.0,0.0,1.0,26
1,27.0,1,1.0,0.0,0.0,1.0,106.0,50.0,0.0,0.0,1.0,43
0,39.0,0,5.0,0.0,0.0,2.0,837.0,100.0,0.0,0.0,0.0,57
3,44.0,1,1.0,0.0,0.0,3.0,571.0,100.0,25.0,0.0,1.0,31
0,34.0,0,1.0,0.0,0.0,2.0,608.0,100.0,0.0,0.0,1.0,16
0,39.0,1,5.0,0.0,0.0,2.0,603.0,100.0,0.0,0.0,1.0,58
0,60.0,0,5.0,0.0,0.0,1.0,893.0,50.0,0.0,0.0,1.0,51
3,39.0,0,14.0,0.0,0.0,5.0,8812.6,100.0,75.0,0.0,0.0,34
3,43.0,0,2.0,0.0,0.0,4.0,1930.0,100.0,50.0,0.0,1.0,21
0,39.0,1,1.0,23.0,4.0,9.0,34387.555555555555,100.0,100.0,25.0,0.0,20
1,39.0,0,1.0,0.0,0.0,4.0,182.5,100.0,50.0,0.0,1.0,25
1,39.0,0,69.0,3.08,1.0,8.0,16918.75,100.0,100.0,12.5,1.0,35
1,49.0,0,1.0,0.0,0.0,3.0,172.33333333333334,100.0,25.0,0.0,1.0,14
2,42.0,0,98.0,3.5,2.0,6.0,6878.833333333333,100.0,75.0,0.0,1.0,46
3,35.0,1,1.0,4.0,1.0,3.0,6665.0,100.0,25.0,0.0,1.0,24
3,39.0,1,5.0,0.0,0.0,1.0,469.0,50.0,0.0,0.0,1.0,16
1,39.0,1,5.0,0.0,0.0,3.0,768.0,100.0,25.0,0.0,1.0,50
0,39.0,1,4.0,0.0,0.0,4.0,1347.0,100.0,50.0,0.0,1.0,57
1,39.0,1,21.0,0.0,0.0,5.0,3998.4,100.0,75.0,0.0,0.0,54
3,63.0,1,1.0,0.0,0.0,5.0,4749.2,100.0,50.0,0.0,1.0,36
3,47.0,0,5.0,0.0,0.0,1.0,10.0,50.0,0.0,0.0,1.0,5
3,24.0,1,1.0,0.0,0.0,5.0,4677.0,100.0,50.0,0.0,1.0,8
1,33.0,0,13.0,7.0,2.0,11.0,26531.363636363636,100.0,100.0,50.0,0.0,22
0,39.0,1,5.0,0.0,0.0,4.0,1188.25,100.0,50.0,0.0,1.0,45
0,35.0,0,65.0,4.0,1.0,7.0,5582.857142857143,100.0,100.0,0.0,0.0,40
0,36.0,1,1.0,0.0,0.0,4.0,761.0,100.0,50.0,0.0,1.0,27
3,40.0,0,1.0,10.0,2.0,7.0,12731.857142857143,100.0,100.0,0.0,1.0,18
3,39.0,0,1.0,0.0,0.0,2.0,436.0,50.0,0.0,0.0,1.0,3
3,31.0,0,1.0,0.0,0.0,3.0,1511.0,100.0,25.0,0.0,1.0,22
0,37.0,0,5.0,0.0,0.0,3.0,936.6666666666666,100.0,25.0,0.0,1.0,43
1,33.0,1,1.0,0.0,0.0,6.0,4144.333333333333,100.0,75.0,0.0,1.0,19
1,45.0,0,1482.0,14.0,3.0,12.0,49507.666666666664,100.0,100.0,62.5,0.0,19
3,42.0,1,1.0,0.0,0.0,2.0,934.0,100.0,0.0,0.0,0.0,38
0,22.0,1,1.0,4.4,1.0,7.0,7849.285714285715,100.0,100.0,0.0,1.0,19
3,30.0,0,17.0,20.0,3.0,7.0,5325.714285714285,100.0,100.0,0.0,1.0,17
3,40.0,1,183.0,0.0,0.0,7.0,7925.285714285715,100.0,100.0,0.0,0.0,39
0,43.0,1,137.0,0.0,0.0,7.0,14378.57142857143,100.0,100.0,0.0,0.0,34
1,44.0,0,9.0,0.0,0.0,6.0,18743.833333333332,100.0,100.0,0.0,0.0,44
1,53.0,0,1435.0,70.0,23.0,12.0,51779.666666666664,100.0,100.0,75.0,0.0,40
0,33.0,1,2.0,0.0,0.0,4.0,164.0,100.0,50.0,0.0,0.0,64
3,43.0,0,8.0,0.0,0.0,3.0,1826.3333333333333,100.0,25.0,0.0,1.0,46
1,36.0,0,1.0,2.8,1.0,2.0,41660.0,100.0,0.0,0.0,0.0,24
1,43.0,0,2.0,0.0,0.0,4.0,2034.0,100.0,50.0,0.0,1.0,44
0,35.0,1,34.0,0.0,0.0,6.0,3037.3333333333335,100.0,75.0,0.0,1.0,43
0,39.0,1,161.0,0.0,0.0,11.0,5260.545454545455,100.0,100.0,50.0,0.0,21
1,29.0,0,5.0,2.8,1.0,2.0,631.5,100.0,0.0,0.0,1.0,41
0,39.0,0,327.0,0.0,0.0,12.0,746.3333333333334,100.0,100.0,62.5,1.0,13
3,32.0,1,1.0,4.0,1.0,4.0,2079.0,100.0,50.0,0.0,1.0,8
1,37.0,0,5.0,0.0,0.0,2.0,613.0,100.0,0.0,0.0,1.0,13
3,41.0,0,5.0,0.0,0.0,3.0,1522.6666666666667,100.0,25.0,0.0,1.0,24
1,30.0,0,5.0,2.8,1.0,2.0,516.5,100.0,0.0,0.0,1.0,13
0,22.0,1,4.0,0.0,0.0,5.0,1420.2,100.0,75.0,0.0,1.0,40
3,46.0,1,270.0,0.0,0.0,9.0,25098.222222222223,100.0,100.0,25.0,1.0,32
0,39.0,1,2.0,0.0,0.0,4.0,414.0,100.0,50.0,0.0,0.0,59
0,42.0,0,48.0,0.0,0.0,8.0,7290.875,100.0,100.0,12.5,1.0,31
2,41.0,1,8.0,2.0,1.0,3.0,2160.6666666666665,100.0,25.0,0.0,1.0,40
0,38.0,1,2.0,0.0,0.0,5.0,1750.4,100.0,75.0,0.0,1.0,53
3,29.0,1,5.0,0.0,0.0,2.0,574.0,100.0,0.0,0.0,1.0,17
1,50.0,0,3.0,0.0,0.0,2.0,1343.5,100.0,0.0,0.0,0.0,64
0,32.0,1,5.0,0.0,0.0,4.0,854.75,100.0,50.0,0.0,1.0,32
1,37.0,0,16.0,2.8,1.0,5.0,5732.6,100.0,75.0,0.0,1.0,42
3,39.0,0,1.0,0.0,0.0,4.0,428.0,100.0,50.0,0.0,1.0,7
0,34.0,0,122.0,4.0,1.0,5.0,4319.6,100.0,50.0,0.0,1.0,43
0,39.0,0,5.0,0.0,0.0,2.0,616.0,100.0,0.0,0.0,1.0,58
0,37.0,0,83.0,0.0,0.0,7.0,8376.714285714286,100.0,100.0,0.0,1.0,55
1,45.0,1,1.0,0.0,0.0,2.0,16330.0,100.0,0.0,0.0,1.0,18
0,37.0,1,144.0,4.0,1.0,7.0,6932.714285714285,100.0,100.0,12.5,0.0,39
0,22.0,0,2.0,0.0,0.0,4.0,1142.5,100.0,50.0,0.0,0.0,60
1,39.0,0,1.0,0.0,0.0,3.0,608.0,100.0,25.0,0.0,1.0,28
0,39.0,1,112.0,0.0,0.0,12.0,17688.583333333332,100.0,100.0,62.5,0.0,16
2,51.0,1,2.0,0.0,0.0,1.0,1836.0,50.0,0.0,0.0,1.0,42
3,39.0,0,1.0,0.0,0.0,3.0,1832.6666666666667,100.0,25.0,0.0,1.0,42
3,44.0,0,9.0,4.0,1.0,7.0,18018.571428571428,100.0,100.0,12.5,0.0,17
0,39.0,0,1.0,0.0,0.0,1.0,1997.0,50.0,0.0,0.0,1.0,16
0,39.0,1,147.0,20.0,3.0,7.0,3976.285714285714,100.0,100.0,0.0,1.0,53
3,45.0,0,1.0,0.0,0.0,2.0,1653.5,100.0,0.0,0.0,1.0,26
1,41.0,0,1.0,0.0,0.0,4.0,1072.0,100.0,50.0,0.0,1.0,25
3,31.0,0,1.0,0.0,0.0,4.0,3773.75,100.0,50.0,0.0,1.0,32
3,43.0,0,154.0,10.0,2.0,10.0,22977.1,100.0,100.0,37.5,0.0,8
0,21.0,1,43.0,20.0,3.0,7.0,4250.428571428572,100.0,100.0,0.0,1.0,41
3,60.0,0,4.0,0.0,0.0,1.0,3134.0,50.0,0.0,0.0,1.0,20
1,42.0,1,63.0,0.0,0.0,7.0,4662.714285714285,100.0,100.0,12.5,0.0,57
1,30.0,0,5.0,0.0,0.0,5.0,890.4,100.0,75.0,0.0,1.0,19
1,39.0,0,1.0,0.0,0.0,2.0,6285.0,100.0,0.0,0.0,1.0,32
1,54.0,1,11.0,2.8,1.0,4.0,2313.25,100.0,75.0,0.0,0.0,64
3,51.0,0,40.0,4.0,1.0,7.0,11027.57142857143,100.0,100.0,0.0,0.0,37
0,32.0,0,5.0,4.0,1.0,5.0,6276.0,100.0,75.0,0.0,1.0,26
1,42.0,0,107.0,16.8,4.0,10.0,24569.2,100.0,100.0,37.5,0.0,17
0,42.0,1,1.0,0.0,0.0,1.0,18317.0,50.0,0.0,0.0,1.0,31
3,39.0,1,17.0,0.0,0.0,3.0,714.6666666666666,100.0,25.0,0.0,1.0,41
0,36.0,0,13.0,23.0,4.0,3.0,5974.0,100.0,25.0,0.0,1.0,47
0,39.0,0,1.0,0.0,0.0,1.0,452.0,50.0,0.0,0.0,1.0,56
1,54.0,1,242.0,0.0,0.0,7.0,1670.571428571429,100.0,100.0,12.5,0.0,37
3,27.0,0,1.0,4.0,1.0,4.0,8359.5,100.0,50.0,0.0,1.0,5
0,18.0,1,4.0,0.0,0.0,2.0,1145.0,100.0,0.0,0.0,0.0,60
0,21.0,0,2.0,20.0,3.0,5.0,655.8,100.0,75.0,0.0,0.0,32
1,25.0,1,1.0,0.0,0.0,5.0,2259.2,100.0,75.0,0.0,1.0,13
0,52.0,0,1.0,0.0,0.0,4.0,660.75,100.0,50.0,0.0,1.0,29
0,28.0,0,5.0,20.0,3.0,4.0,3307.75,100.0,50.0,0.0,1.0,45
3,18.0,1,1.0,4.0,1.0,7.0,28641.85714285714,100.0,100.0,0.0,1.0,6
1,39.0,1,1.0,0.0,0.0,4.0,1204.25,100.0,50.0,0.0,1.0,29
3,46.0,1,1277.0,0.0,0.0,12.0,19851.583333333332,100.0,100.0,62.5,0.0,8
1,28.0,0,12.0,0.0,0.0,5.0,2530.6,100.0,75.0,0.0,0.0,39
0,39.0,0,1.0,0.0,0.0,6.0,2538.8333333333335,100.0,75.0,0.0,1.0,30
1,39.0,1,18.0,0.0,0.0,5.0,2515.0,100.0,75.0,0.0,0.0,48
0,25.0,0,223.0,0.0,0.0,4.0,18102.75,100.0,25.0,0.0,1.0,34
3,39.0,1,1.0,4.0,1.0,3.0,661.3333333333334,100.0,25.0,0.0,1.0,27
1,39.0,1,112.0,14.0,3.0,7.0,9313.42857142857,100.0,100.0,0.0,0.0,40
1,40.0,1,2.0,0.0,0.0,4.0,554.0,100.0,50.0,0.0,1.0,14
3,44.0,1,1.0,0.0,0.0,3.0,512.6666666666666,100.0,25.0,0.0,1.0,23
3,45.0,1,1.0,0.0,0.0,3.0,148.66666666666666,100.0,25.0,0.0,1.0,41
0,40.0,1,175.0,23.0,4.0,8.0,17701.375,100.0,100.0,12.5,0.0,46
3,39.0,1,1.0,4.0,1.0,6.0,9928.666666666666,100.0,75.0,0.0,1.0,8
0,44.0,0,11.0,0.0,0.0,4.0,2654.0,100.0,50.0,0.0,1.0,41
1,39.0,0,1.0,0.0,0.0,1.0,541.0,50.0,0.0,0.0,1.0,52
3,19.0,0,5.0,4.0,1.0,2.0,477.0,100.0,0.0,0.0,1.0,29
1,28.0,1,1.0,0.0,0.0,4.0,1730.75,100.0,50.0,0.0,1.0,32
3,43.0,0,2.0,4.0,1.0,4.0,2024.5,100.0,50.0,0.0,1.0,32
0,36.0,0,92.0,0.0,0.0,7.0,3601.0,100.0,100.0,0.0,0.0,60
0,48.0,1,34.0,23.0,4.0,7.0,4190.571428571428,100.0,100.0,0.0,1.0,37
0,19.0,1,4.0,20.0,3.0,5.0,166.4,100.0,75.0,0.0,0.0,57
0,46.0,0,34.0,20.0,3.0,2.0,15688.5,50.0,0.0,0.0,1.0,36
3,51.0,0,5.0,0.0,0.0,3.0,18.666666666666668,100.0,25.0,0.0,1.0,34
3,45.0,1,1.0,4.0,1.0,3.0,1341.3333333333333,100.0,25.0,0.0,1.0,13
1,37.0,1,5.0,14.0,3.0,5.0,3197.0,100.0,75.0,0.0,1.0,44
0,39.0,1,1.0,0.0,0.0,1.0,65.0,50.0,0.0,0.0,1.0,30
3,43.0,1,99.0,0.0,0.0,3.0,8213.666666666666,100.0,0.0,0.0,0.0,43
0,31.0,0,1.0,0.0,0.0,3.0,748.0,100.0,25.0,0.0,1.0,30
3,39.0,1,5.0,0.0,0.0,2.0,822.0,100.0,0.0,0.0,1.0,13
0,50.0,0,627.0,20.0,3.0,6.0,18563.166666666668,100.0,75.0,0.0,1.0,30
0,34.0,0,5.0,4.0,1.0,2.0,10.5,100.0,0.0,0.0,1.0,33
1,57.0,0,45.0,0.0,0.0,3.0,4310.666666666667,100.0,0.0,0.0,1.0,25
0,25.0,0,5.0,0.0,0.0,2.0,394.0,100.0,0.0,0.0,1.0,44
3,18.0,0,1.0,4.0,1.0,4.0,2703.75,100.0,50.0,0.0,1.0,25
0,39.0,0,9.0,0.0,0.0,3.0,1625.3333333333333,100.0,25.0,0.0,1.0,37
3,37.0,1,15.0,20.0,3.0,3.0,1680.0,100.0,25.0,0.0,1.0,39
0,27.0,0,445.0,4.0,1.0,8.0,14380.375,100.0,100.0,12.5,0.0,35
0,38.0,1,5.0,0.0,0.0,3.0,1754.3333333333333,100.0,25.0,0.0,1.0,22
0,66.0,0,32.0,0.0,0.0,3.0,2276.6666666666665,100.0,0.0,0.0,0.0,61
1,48.0,0,31.0,0.0,0.0,6.0,2042.8333333333333,100.0,75.0,0.0,0.0,61
3,43.0,1,12.0,0.0,0.0,3.0,1381.3333333333333,100.0,25.0,0.0,1.0,28
1,39.0,1,1.0,2.8,1.0,4.0,684.25,100.0,50.0,0.0,1.0,56
0,44.0,0,111.0,0.0,0.0,10.0,14135.0,100.0,100.0,37.5,0.0,26
0,36.0,1,128.0,20.0,3.0,10.0,7330.7,100.0,100.0,37.5,0.0,22
0,60.0,0,113.0,0.0,0.0,4.0,29406.75,100.0,50.0,0.0,0.0,41
3,52.0,0,224.0,0.0,0.0,7.0,13478.142857142857,100.0,100.0,0.0,0.0,1
0,55.0,0,298.0,0.0,0.0,7.0,27994.285714285714,100.0,100.0,0.0,0.0,41
3,39.0,0,1.0,0.0,0.0,1.0,183.0,50.0,0.0,0.0,1.0,29
3,33.0,0,4.0,0.0,0.0,6.0,9299.666666666666,100.0,100.0,0.0,1.0,14
0,53.0,1,48.0,0.0,0.0,6.0,3572.1666666666665,100.0,75.0,0.0,0.0,47
3,59.0,0,1.0,0.0,0.0,5.0,7802.4,100.0,50.0,0.0,1.0,16
1,33.0,1,116.0,0.0,0.0,7.0,16249.57142857143,100.0,100.0,0.0,0.0,48
1,35.0,1,6.0,0.0,0.0,4.0,795.0,100.0,50.0,0.0,1.0,49
1,39.0,1,16.0,0.0,0.0,4.0,1622.5,100.0,50.0,0.0,1.0,49
1,51.0,0,1.0,0.0,0.0,4.0,2326.25,100.0,50.0,0.0,1.0,27
0,27.0,0,20.0,0.0,0.0,6.0,4868.166666666667,100.0,100.0,0.0,1.0,37
3,34.0,0,1.0,4.0,1.0,5.0,8484.8,100.0,50.0,0.0,1.0,5
3,39.0,1,4.0,0.0,0.0,6.0,3048.6666666666665,100.0,75.0,0.0,1.0,32
3,46.0,0,1078.0,41.399998,9.0,11.0,99449.45454545454,100.0,100.0,50.0,0.0,20
0,46.0,1,31.0,4.0,1.0,6.0,10508.333333333334,100.0,100.0,0.0,0.0,56
3,33.0,0,1.0,0.0,0.0,3.0,1093.3333333333333,100.0,25.0,0.0,1.0,32
3,39.0,1,1.0,0.0,0.0,3.0,105.0,100.0,25.0,0.0,1.0,23
1,36.0,0,1.0,2.8,1.0,5.0,1156.2,100.0,75.0,0.0,0.0,53
1,58.0,1,5.0,0.0,0.0,5.0,3990.8,100.0,75.0,0.0,1.0,58
2,29.0,1,10.0,0.0,0.0,3.0,2065.6666666666665,100.0,25.0,0.0,1.0,42
1,57.0,0,1.0,0.0,0.0,2.0,8448.5,100.0,0.0,0.0,1.0,33
3,39.0,0,1.0,0.0,0.0,1.0,1087.0,50.0,0.0,0.0,1.0,25
0,39.0,1,8.0,0.0,0.0,4.0,3162.25,100.0,50.0,0.0,1.0,51
0,22.0,1,1.0,0.0,0.0,4.0,580.5,100.0,50.0,0.0,1.0,33
1,18.0,1,1.0,0.0,0.0,8.0,26771.0,100.0,100.0,12.5,1.0,32
3,42.0,1,47.0,0.0,0.0,5.0,1254.0,100.0,50.0,0.0,1.0,46
3,52.0,1,1.0,0.0,0.0,4.0,1478.0,100.0,50.0,0.0,1.0,19
3,43.0,0,1.0,0.0,0.0,3.0,2198.0,100.0,25.0,0.0,1.0,0
0,56.0,1,37.0,4.0,1.0,9.0,15916.777777777776,100.0,100.0,25.0,1.0,22
3,32.0,0,1.0,0.0,0.0,4.0,46.0,100.0,50.0,0.0,1.0,15
3,61.0,1,189.0,0.0,0.0,7.0,12327.42857142857,100.0,100.0,0.0,1.0,27
3,39.0,1,1.0,0.0,0.0,4.0,5913.25,100.0,50.0,0.0,1.0,2
3,35.0,1,1.0,0.0,0.0,2.0,2043.5,100.0,0.0,0.0,1.0,6
0,36.0,1,1.0,0.0,0.0,6.0,3946.3333333333335,100.0,75.0,0.0,1.0,13
3,39.0,0,5.0,0.0,0.0,3.0,1824.3333333333333,100.0,25.0,0.0,1.0,24
3,44.0,0,1.0,0.0,0.0,3.0,458.3333333333333,100.0,25.0,0.0,1.0,16
3,39.0,0,12.0,11.0,2.0,3.0,417.6666666666667,100.0,25.0,0.0,1.0,44
3,23.0,1,164.0,10.0,2.0,9.0,15134.333333333334,100.0,100.0,25.0,0.0,19
1,43.0,1,1.0,0.0,0.0,3.0,877.6666666666666,100.0,25.0,0.0,1.0,29
3,39.0,1,1.0,0.0,0.0,3.0,1328.0,100.0,25.0,0.0,1.0,13
3,39.0,1,5.0,0.0,0.0,3.0,274.0,100.0,25.0,0.0,1.0,0
0,39.0,0,2.0,0.0,0.0,5.0,469.2,100.0,75.0,0.0,0.0,54
1,43.0,0,233.0,0.0,0.0,11.0,24110.636363636364,100.0,100.0,50.0,0.0,28
3,58.0,1,2.0,20.0,3.0,2.0,2844.5,100.0,0.0,0.0,1.0,40
3,40.0,1,824.0,10.0,2.0,13.0,11015.153846153846,100.0,100.0,75.0,1.0,16
0,37.0,0,41.0,4.0,1.0,6.0,3052.5,100.0,100.0,0.0,0.0,63
0,23.0,1,7.0,0.0,0.0,5.0,2121.8,100.0,75.0,0.0,1.0,48
2,39.0,0,5.0,0.0,0.0,2.0,495.5,100.0,0.0,0.0,1.0,51
1,44.0,1,2.0,0.0,0.0,1.0,206.0,50.0,0.0,0.0,1.0,40
3,59.0,0,9.0,4.0,1.0,5.0,7155.2,100.0,50.0,0.0,1.0,30
3,45.0,0,5.0,0.0,0.0,3.0,1208.6666666666667,100.0,25.0,0.0,1.0,9
3,31.0,0,1.0,4.4,1.0,3.0,1965.0,100.0,25.0,0.0,1.0,32
0,40.0,0,1.0,0.0,0.0,7.0,3498.1428571428573,100.0,100.0,0.0,1.0,14
3,39.0,1,157.0,4.0,1.0,7.0,16250.0,100.0,100.0,0.0,0.0,45
3,23.0,1,5.0,0.0,0.0,3.0,59.333333333333336,100.0,25.0,0.0,1.0,8
1,47.0,1,7.0,0.0,0.0,6.0,2514.8333333333335,100.0,75.0,0.0,1.0,24
1,39.0,1,5.0,0.0,0.0,1.0,1236.0,50.0,0.0,0.0,1.0,36
3,60.0,1,196.0,0.0,0.0,6.0,12382.666666666666,100.0,75.0,0.0,1.0,29
3,39.0,0,5.0,0.0,0.0,3.0,3677.3333333333335,100.0,25.0,0.0,1.0,21
0,36.0,1,1.0,4.0,1.0,2.0,918.5,100.0,0.0,0.0,1.0,13
2,28.0,1,337.0,0.0,0.0,9.0,12122.888888888889,100.0,100.0,25.0,0.0,33
0,35.0,1,13.0,0.0,0.0,1.0,11577.0,0.0,0.0,0.0,0.0,58
1,39.0,0,97.0,0.0,0.0,6.0,5075.5,100.0,75.0,0.0,0.0,51
2,33.0,0,121.0,0.0,0.0,6.0,3531.5,100.0,75.0,0.0,1.0,34
0,39.0,0,10.0,0.0,0.0,2.0,927.0,100.0,0.0,0.0,1.0,54
3,35.0,1,1.0,4.0,1.0,4.0,2847.25,100.0,50.0,0.0,1.0,22
3,24.0,0,1.0,0.0,0.0,3.0,783.6666666666666,100.0,25.0,0.0,1.0,14
3,45.0,0,269.0,0.0,0.0,7.0,14160.0,100.0,100.0,0.0,0.0,41
0,49.0,0,979.0,0.0,0.0,12.0,522.75,100.0,100.0,62.5,0.0,17
0,28.0,0,4.0,0.0,0.0,9.0,17599.11111111111,100.0,100.0,25.0,1.0,16
2,40.0,0,160.0,1.4,1.0,8.0,698.375,100.0,100.0,12.5,1.0,42
3,39.0,1,1.0,0.0,0.0,3.0,501.3333333333333,100.0,25.0,0.0,1.0,18
3,44.0,0,5.0,21.6,3.0,3.0,375.3333333333333,100.0,25.0,0.0,1.0,31
2,25.0,1,1.0,2.0,1.0,4.0,3959.5,100.0,50.0,0.0,1.0,38
1,40.0,1,12.0,0.0,0.0,3.0,1869.6666666666667,100.0,25.0,0.0,0.0,57
0,27.0,1,1.0,4.0,1.0,5.0,1467.6,100.0,75.0,0.0,1.0,30
1,37.0,0,665.0,0.0,0.0,12.0,33362.75,100.0,100.0,75.0,0.0,28
0,19.0,1,5.0,4.0,1.0,2.0,1007.0,100.0,0.0,0.0,1.0,20
0,32.0,0,57.0,0.0,0.0,9.0,10876.777777777776,100.0,100.0,37.5,0.0,50
0,36.0,1,64.0,4.0,1.0,6.0,3128.1666666666665,100.0,75.0,0.0,1.0,47
3,21.0,0,5.0,0.0,0.0,4.0,3127.75,100.0,50.0,0.0,1.0,15
3,39.0,1,1.0,4.0,1.0,2.0,3974.0,100.0,0.0,0.0,1.0,13
1,41.0,0,5.0,0.0,0.0,2.0,679.5,100.0,0.0,0.0,1.0,28
3,35.0,1,1.0,4.4,1.0,4.0,743.0,100.0,50.0,0.0,1.0,13
3,23.0,0,42.0,23.0,4.0,6.0,7375.166666666667,100.0,75.0,0.0,1.0,40
3,30.0,0,23.0,0.0,0.0,4.0,31182.0,100.0,50.0,0.0,0.0,44
3,34.0,0,5.0,0.0,0.0,2.0,617.0,100.0,0.0,0.0,1.0,21
3,38.0,0,1.0,0.0,0.0,3.0,1857.3333333333333,100.0,25.0,0.0,0.0,18
0,45.0,0,110.0,0.0,0.0,6.0,6590.0,100.0,75.0,0.0,1.0,47
0,41.0,1,9.0,23.0,4.0,6.0,5.833333333333333,100.0,100.0,0.0,1.0,39
1,50.0,0,1.0,0.0,0.0,1.0,1324.0,50.0,0.0,0.0,1.0,45
3,39.0,0,1.0,0.0,0.0,1.0,365.0,50.0,0.0,0.0,1.0,13
3,67.0,1,33.0,0.0,0.0,7.0,112.85714285714286,100.0,100.0,0.0,1.0,28
1,47.0,1,679.0,2.8,1.0,10.0,23876.3,100.0,100.0,37.5,0.0,45
0,37.0,1,5.0,0.0,0.0,1.0,5762.0,50.0,0.0,0.0,1.0,16
0,39.0,1,8.0,0.0,0.0,4.0,2160.0,100.0,75.0,0.0,0.0,63
3,62.0,0,1.0,0.0,0.0,4.0,1930.0,100.0,50.0,0.0,1.0,13
1,37.0,1,1.0,3.08,1.0,8.0,7215.875,100.0,100.0,12.5,1.0,17
0,24.0,0,2.0,10.4,2.0,6.0,2168.3333333333335,100.0,75.0,0.0,1.0,23
1,36.0,0,1.0,0.0,0.0,6.0,6877.0,100.0,100.0,0.0,1.0,27
3,40.0,1,1.0,0.0,0.0,3.0,2071.6666666666665,100.0,25.0,0.0,1.0,23
3,65.0,0,1.0,0.0,0.0,1.0,1255.0,50.0,0.0,0.0,1.0,23
3,39.0,0,1.0,0.0,0.0,2.0,630.5,100.0,0.0,0.0,1.0,10
1,30.0,1,54.0,0.0,0.0,7.0,5993.285714285715,100.0,100.0,0.0,1.0,34
3,39.0,0,28.0,4.0,1.0,1.0,4095.0,50.0,0.0,0.0,1.0,39
0,39.0,0,1.0,0.0,0.0,1.0,472.0,50.0,0.0,0.0,0.0,61
1,39.0,0,1.0,0.0,0.0,6.0,1306.3333333333333,100.0,100.0,0.0,1.0,17
1,56.0,1,1.0,22.4,6.0,9.0,52540.666666666664,100.0,100.0,37.5,0.0,38
0,30.0,1,47.0,10.0,2.0,6.0,1455.1666666666667,100.0,75.0,0.0,0.0,58
1,30.0,0,18.0,0.0,0.0,7.0,8962.857142857143,100.0,100.0,12.5,0.0,38
1,37.0,0,1.0,2.8,1.0,6.0,3741.1666666666665,100.0,100.0,0.0,1.0,15
0,39.0,1,38.0,0.0,0.0,4.0,1432.0,100.0,75.0,0.0,0.0,59
3,36.0,0,1.0,0.0,0.0,3.0,90.0,100.0,25.0,0.0,1.0,12
1,39.0,1,16.0,0.0,0.0,5.0,4216.6,100.0,75.0,0.0,0.0,61
0,22.0,1,1.0,0.0,0.0,7.0,7435.142857142857,100.0,100.0,0.0,1.0,12
1,37.0,0,42.0,19.599998,5.0,7.0,8998.857142857143,100.0,100.0,0.0,0.0,55
0,39.0,1,60.0,10.0,2.0,7.0,5203.142857142857,100.0,100.0,0.0,0.0,55
0,39.0,0,1.0,0.0,0.0,3.0,485.3333333333333,100.0,25.0,0.0,1.0,60
1,34.0,0,4.0,0.0,0.0,5.0,1482.0,100.0,75.0,0.0,0.0,63
3,43.0,0,5.0,0.0,0.0,3.0,829.6666666666666,100.0,25.0,0.0,1.0,29
1,20.0,1,5.0,0.0,0.0,1.0,238.0,50.0,0.0,0.0,1.0,51
0,28.0,0,2.0,0.0,0.0,5.0,748.4,100.0,75.0,0.0,1.0,36
1,34.0,1,15.0,0.0,0.0,2.0,232.5,100.0,0.0,0.0,1.0,41
1,39.0,0,5.0,0.0,0.0,1.0,744.0,50.0,0.0,0.0,1.0,56
3,45.0,1,1.0,0.0,0.0,5.0,944.0,100.0,50.0,0.0,1.0,15
1,43.0,1,31.0,0.0,0.0,8.0,11650.25,100.0,100.0,12.5,0.0,44
1,37.0,0,10.0,0.0,0.0,4.0,55.75,100.0,50.0,0.0,0.0,64
3,39.0,0,5.0,0.0,0.0,1.0,1705.0,50.0,0.0,0.0,1.0,24
1,36.0,0,1.0,0.0,0.0,5.0,2476.8,100.0,75.0,0.0,1.0,24
0,40.0,0,1.0,0.0,0.0,3.0,0.0,100.0,25.0,0.0,1.0,51
3,35.0,0,204.0,0.0,0.0,8.0,10823.75,100.0,100.0,25.0,0.0,27
0,39.0,1,5.0,0.0,0.0,1.0,1031.0,50.0,0.0,0.0,0.0,62
0,61.0,1,2.0,0.0,0.0,2.0,977.5,100.0,0.0,0.0,1.0,32
0,51.0,1,226.0,0.0,0.0,9.0,41154.444444444445,100.0,100.0,25.0,0.0,53
3,20.0,0,5.0,0.0,0.0,3.0,184.0,100.0,25.0,0.0,1.0,6
3,37.0,1,1.0,0.0,0.0,3.0,171.0,100.0,25.0,0.0,1.0,13
0,39.0,0,28.0,26.0,5.0,1.0,28418.0,50.0,0.0,0.0,0.0,57
3,38.0,0,1.0,0.0,0.0,4.0,4649.75,100.0,50.0,0.0,1.0,9
0,34.0,1,15.0,4.0,1.0,10.0,5276.0,100.0,100.0,37.5,0.0,29
0,41.0,0,15.0,0.0,0.0,4.0,1686.5,100.0,50.0,0.0,1.0,56
0,30.0,1,1.0,0.0,0.0,7.0,5012.714285714285,100.0,100.0,12.5,0.0,22
0,39.0,0,5.0,0.0,0.0,1.0,1411.0,50.0,0.0,0.0,1.0,37
1,32.0,1,5.0,0.0,0.0,4.0,3026.0,100.0,50.0,0.0,1.0,39
3,39.0,1,5.0,0.0,0.0,3.0,526.3333333333334,100.0,25.0,0.0,1.0,0
0,18.0,1,5.0,0.0,0.0,4.0,0.25,100.0,50.0,0.0,1.0,21
1,38.0,0,10.0,0.0,0.0,4.0,2285.5,100.0,50.0,0.0,1.0,57
3,31.0,1,1.0,0.0,0.0,1.0,485.0,50.0,0.0,0.0,1.0,31
3,39.0,0,1.0,0.0,0.0,3.0,1531.6666666666667,100.0,25.0,0.0,1.0,18
3,37.0,1,1.0,0.0,0.0,2.0,393.5,100.0,0.0,0.0,1.0,27
0,38.0,0,14.0,0.0,0.0,5.0,2577.6,100.0,75.0,0.0,0.0,64
0,30.0,1,1.0,0.0,0.0,4.0,2728.5,100.0,50.0,0.0,1.0,38
3,18.0,1,5.0,0.0,0.0,2.0,567.0,100.0,0.0,0.0,1.0,13
0,39.0,0,19.0,4.0,1.0,5.0,12149.2,100.0,75.0,0.0,0.0,53
0,24.0,0,5.0,20.0,3.0,4.0,1650.25,100.0,50.0,0.0,1.0,47
3,32.0,0,101.0,0.0,0.0,6.0,5296.5,100.0,75.0,0.0,0.0,23
2,49.0,1,218.0,0.0,0.0,6.0,11866.166666666666,100.0,75.0,0.0,0.0,34
3,48.0,0,12.0,0.0,0.0,4.0,150.0,100.0,50.0,0.0,1.0,29
0,34.0,1,5.0,0.0,0.0,3.0,336.0,100.0,25.0,0.0,1.0,17
1,29.0,0,140.0,0.0,0.0,8.0,1957.5,100.0,100.0,12.5,1.0,56
1,39.0,1,3.0,0.0,0.0,7.0,9617.142857142857,100.0,100.0,0.0,1.0,13
1,68.0,1,5.0,0.0,0.0,1.0,38247.0,50.0,0.0,0.0,1.0,17
0,27.0,1,5.0,0.0,0.0,5.0,1636.4,100.0,75.0,0.0,1.0,45
0,46.0,0,9.0,0.0,0.0,3.0,1588.3333333333333,100.0,25.0,0.0,1.0,49
0,39.0,0,1.0,0.0,0.0,3.0,1128.6666666666667,100.0,25.0,0.0,1.0,23
1,44.0,0,157.0,0.0,0.0,9.0,27780.333333333332,100.0,100.0,25.0,0.0,38
0,39.0,1,268.0,4.0,1.0,9.0,8092.555555555556,100.0,100.0,25.0,1.0,41
0,39.0,1,2.0,0.0,0.0,2.0,1805.5,100.0,0.0,0.0,1.0,40
0,39.0,0,15.0,0.0,0.0,5.0,1596.2,100.0,75.0,0.0,1.0,45
3,63.0,0,173.0,4.0,1.0,8.0,9020.25,100.0,100.0,12.5,0.0,35
1,39.0,0,1.0,0.0,0.0,4.0,1482.0,100.0,50.0,0.0,1.0,27
3,39.0,0,1.0,0.0,0.0,6.0,3445.1666666666665,100.0,75.0,0.0,1.0,0
1,39.0,0,5.0,0.0,0.0,1.0,14.0,50.0,0.0,0.0,1.0,22
1,56.0,0,1.0,2.8,1.0,9.0,18026.333333333332,100.0,100.0,25.0,1.0,22
1,49.0,1,1.0,0.0,0.0,7.0,6340.714285714285,100.0,100.0,0.0,1.0,16
3,46.0,0,5.0,0.0,0.0,2.0,653.5,100.0,0.0,0.0,1.0,11
0,24.0,0,1.0,0.0,0.0,4.0,5582.0,100.0,50.0,0.0,1.0,34
0,37.0,0,1.0,10.0,2.0,4.0,1176.75,100.0,50.0,0.0,0.0,46
1,19.0,0,1.0,0.0,0.0,4.0,676.75,100.0,50.0,0.0,1.0,56
0,39.0,0,2.0,0.0,0.0,4.0,768.5,100.0,50.0,0.0,1.0,43
0,37.0,0,5.0,0.0,0.0,2.0,484.5,100.0,0.0,0.0,1.0,34
0,51.0,1,287.0,0.0,0.0,10.0,13816.2,100.0,100.0,37.5,1.0,22
3,49.0,0,2.0,0.0,0.0,5.0,3677.0,100.0,75.0,0.0,1.0,28
3,39.0,1,1.0,0.0,0.0,3.0,1589.6666666666667,100.0,25.0,0.0,1.0,25
1,39.0,0,19.0,0.0,0.0,1.0,13991.0,50.0,0.0,0.0,1.0,15
2,39.0,0,1.0,0.0,0.0,3.0,558.6666666666666,100.0,25.0,0.0,1.0,44
3,44.0,0,1.0,0.0,0.0,2.0,1768.0,100.0,0.0,0.0,1.0,21
1,18.0,0,3.0,0.0,0.0,4.0,2677.0,100.0,50.0,0.0,1.0,29
1,44.0,0,1.0,0.0,0.0,5.0,4924.6,100.0,75.0,0.0,1.0,16
3,51.0,1,1.0,0.0,0.0,1.0,161.0,50.0,0.0,0.0,1.0,24
3,62.0,1,266.0,26.0,5.0,8.0,14258.875,100.0,100.0,12.5,0.0,40
3,51.0,1,10.0,0.0,0.0,3.0,1003.0,100.0,25.0,0.0,0.0,46
3,39.0,0,1.0,4.0,1.0,7.0,57024.28571428572,100.0,100.0,0.0,1.0,22
0,23.0,0,5.0,0.0,0.0,4.0,363.25,100.0,50.0,0.0,1.0,54
3,34.0,1,1.0,0.0,0.0,1.0,1610.0,50.0,0.0,0.0,1.0,21
1,39.0,1,37.0,7.0,2.0,7.0,5122.285714285715,100.0,100.0,0.0,0.0,47
3,43.0,0,94.0,0.0,0.0,6.0,4838.333333333333,100.0,75.0,0.0,0.0,29
3,49.0,1,9.0,0.0,0.0,5.0,2351.8,100.0,75.0,0.0,1.0,40
0,37.0,0,1.0,0.0,0.0,8.0,10501.125,100.0,100.0,12.5,1.0,26
2,39.0,1,22.0,0.0,0.0,4.0,3275.0,100.0,50.0,0.0,1.0,50
0,28.0,0,6.0,0.0,0.0,6.0,6898.0,100.0,100.0,0.0,0.0,48
1,45.0,1,97.0,2.8,1.0,5.0,24507.4,100.0,50.0,0.0,0.0,50
3,38.0,0,1.0,0.0,0.0,3.0,1343.0,100.0,25.0,0.0,1.0,37
3,32.0,0,5.0,4.0,1.0,3.0,1632.3333333333333,100.0,25.0,0.0,1.0,27
0,50.0,1,3.0,0.0,0.0,2.0,398.5,100.0,0.0,0.0,1.0,50
0,25.0,0,4.0,0.0,0.0,6.0,2928.1666666666665,100.0,100.0,0.0,0.0,47
3,40.0,1,39.0,20.0,3.0,6.0,3062.5,100.0,100.0,0.0,1.0,28
2,39.0,1,108.0,0.0,0.0,7.0,4463.857142857143,100.0,100.0,0.0,0.0,50
0,39.0,1,43.0,0.0,0.0,7.0,13.0,100.0,100.0,0.0,1.0,16
0,37.0,1,160.0,0.0,0.0,8.0,19572.875,100.0,100.0,12.5,0.0,45
3,39.0,1,9.0,23.0,4.0,5.0,3443.2,100.0,50.0,0.0,1.0,31
1,39.0,0,25.0,0.0,0.0,9.0,4248.111111111111,100.0,100.0,37.5,0.0,29
1,39.0,1,5.0,0.0,0.0,1.0,15.0,50.0,0.0,0.0,1.0,52
0,39.0,0,11.0,4.0,1.0,3.0,14950.666666666666,100.0,0.0,0.0,1.0,29
0,51.0,1,217.0,0.0,0.0,10.0,22789.5,100.0,100.0,50.0,0.0,41
3,44.0,1,1.0,4.0,1.0,3.0,3544.0,100.0,25.0,0.0,1.0,6
0,42.0,0,1.0,0.0,0.0,2.0,903.5,100.0,0.0,0.0,1.0,26
1,35.0,0,1.0,0.0,0.0,1.0,19.0,50.0,0.0,0.0,1.0,48
2,38.0,1,1.0,0.0,0.0,1.0,17275.0,50.0,0.0,0.0,1.0,33
0,51.0,0,1.0,4.0,1.0,2.0,2836.5,100.0,0.0,0.0,1.0,14
3,34.0,0,5.0,0.0,0.0,3.0,9.0,100.0,25.0,0.0,1.0,20
3,25.0,1,5.0,0.0,0.0,3.0,865.0,100.0,25.0,0.0,1.0,13
1,26.0,1,5.0,0.0,0.0,2.0,387.5,100.0,0.0,0.0,1.0,13
3,51.0,0,482.0,10.0,2.0,9.0,19198.333333333332,100.0,100.0,25.0,0.0,20
1,39.0,0,171.0,0.0,0.0,2.0,37542.5,100.0,0.0,0.0,1.0,39
3,30.0,0,14.0,10.0,2.0,4.0,4184.0,100.0,50.0,0.0,1.0,46
0,39.0,1,5.0,0.0,0.0,1.0,612.0,50.0,0.0,0.0,1.0,47
1,37.0,1,1.0,0.0,0.0,2.0,2778.0,100.0,0.0,0.0,1.0,54
0,41.0,0,37.0,0.0,0.0,7.0,3672.428571428571,100.0,100.0,0.0,1.0,37
3,25.0,0,3.0,0.0,0.0,4.0,1591.5,100.0,50.0,0.0,1.0,40
3,39.0,1,1.0,0.0,0.0,2.0,316.5,100.0,0.0,0.0,1.0,13
1,52.0,0,5.0,0.0,0.0,4.0,2567.75,100.0,50.0,0.0,1.0,47
3,55.0,0,1.0,0.0,0.0,1.0,35.0,50.0,0.0,0.0,1.0,31
1,43.0,0,1.0,0.0,0.0,4.0,4584.25,100.0,50.0,0.0,1.0,13
3,49.0,1,1.0,4.0,1.0,3.0,3443.6666666666665,100.0,25.0,0.0,1.0,14
0,25.0,1,3.0,0.0,0.0,6.0,1460.5,100.0,100.0,0.0,1.0,37
0,33.0,1,1.0,0.0,0.0,2.0,695.5,100.0,0.0,0.0,1.0,57
3,39.0,1,1.0,0.0,0.0,7.0,3513.285714285714,100.0,100.0,0.0,1.0,25
3,55.0,0,1.0,0.0,0.0,3.0,2571.6666666666665,100.0,25.0,0.0,1.0,5
1,48.0,0,1.0,0.0,0.0,8.0,1429.75,100.0,100.0,12.5,1.0,13
0,39.0,1,3.0,0.0,0.0,2.0,6701.5,100.0,0.0,0.0,1.0,37
0,35.0,1,5.0,0.0,0.0,1.0,426.0,50.0,0.0,0.0,1.0,46
3,44.0,0,5.0,4.0,1.0,3.0,602.0,100.0,25.0,0.0,1.0,14
3,39.0,0,1.0,0.0,0.0,1.0,1.0,50.0,0.0,0.0,1.0,35
0,49.0,1,1.0,4.0,1.0,5.0,7478.6,100.0,50.0,0.0,1.0,13
0,39.0,0,1.0,4.0,1.0,6.0,1928.3333333333333,100.0,100.0,0.0,1.0,17
1,32.0,0,3.0,2.8,1.0,5.0,4075.4,100.0,100.0,0.0,0.0,64
0,44.0,0,1.0,0.0,0.0,6.0,1294.1666666666667,100.0,75.0,0.0,1.0,20
1,27.0,0,1.0,0.0,0.0,6.0,5800.5,100.0,100.0,0.0,1.0,16
0,37.0,1,1.0,10.0,2.0,6.0,3865.8333333333335,100.0,100.0,0.0,1.0,25
2,39.0,1,35.0,0.0,0.0,6.0,6028.166666666667,100.0,75.0,0.0,1.0,44
1,61.0,0,25.0,2.8,1.0,8.0,13289.5,100.0,100.0,12.5,0.0,16
3,23.0,0,47.0,20.0,3.0,6.0,6939.5,100.0,75.0,0.0,1.0,43
1,39.0,0,1.0,0.0,0.0,5.0,1882.0,100.0,75.0,0.0,1.0,16
3,39.0,0,1.0,0.0,0.0,3.0,1389.6666666666667,100.0,25.0,0.0,1.0,31
0,47.0,0,1.0,0.0,0.0,2.0,1120.5,100.0,0.0,0.0,1.0,23
3,39.0,1,1.0,0.0,0.0,2.0,638.0,100.0,0.0,0.0,1.0,16
0,24.0,0,1.0,0.0,0.0,4.0,1146.0,100.0,50.0,0.0,1.0,20
3,41.0,1,1.0,0.0,0.0,5.0,2889.2,100.0,50.0,0.0,1.0,14
3,54.0,0,736.0,0.0,0.0,10.0,19715.4,100.0,100.0,37.5,0.0,34
3,62.0,0,4.0,0.0,0.0,3.0,3407.0,100.0,25.0,0.0,1.0,43
0,24.0,1,5.0,0.0,0.0,4.0,2038.0,100.0,50.0,0.0,1.0,51
3,32.0,0,1.0,4.0,1.0,2.0,1018.5,100.0,0.0,0.0,1.0,22
0,39.0,0,101.0,0.0,0.0,7.0,16616.14285714286,100.0,100.0,0.0,1.0,51
0,39.0,1,50.0,0.0,0.0,4.0,2083.5,100.0,50.0,0.0,0.0,60
0,39.0,1,1.0,0.0,0.0,4.0,2199.75,100.0,50.0,0.0,1.0,15
0,39.0,0,383.0,23.0,4.0,10.0,23210.1,100.0,100.0,37.5,0.0,45
0,39.0,0,5.0,0.0,0.0,3.0,1.0,100.0,25.0,0.0,1.0,28
0,35.0,1,1.0,0.0,0.0,4.0,1251.0,100.0,50.0,0.0,1.0,37
0,38.0,1,71.0,44.0,11.0,6.0,15693.833333333334,100.0,75.0,0.0,1.0,38
3,34.0,0,1.0,0.0,0.0,3.0,688.6666666666666,100.0,25.0,0.0,1.0,20
3,39.0,0,1.0,0.0,0.0,4.0,2644.0,100.0,50.0,0.0,1.0,6
0,39.0,0,1.0,4.0,1.0,6.0,2499.5,100.0,75.0,0.0,1.0,35
2,39.0,0,1.0,0.0,0.0,3.0,2116.0,100.0,25.0,0.0,1.0,36
2,39.0,0,17.0,0.0,0.0,6.0,6164.833333333333,100.0,75.0,0.0,1.0,33
0,54.0,0,12.0,0.0,0.0,5.0,7842.2,100.0,75.0,0.0,1.0,44
3,41.0,0,1.0,0.0,0.0,2.0,489.0,100.0,0.0,0.0,1.0,27
3,48.0,1,1.0,0.0,0.0,5.0,6712.0,100.0,50.0,0.0,1.0,22
3,46.0,1,631.0,0.0,0.0,10.0,26573.2,100.0,100.0,37.5,0.0,25
0,28.0,0,1.0,0.0,0.0,5.0,1587.0,100.0,75.0,0.0,1.0,27
1,42.0,0,5.0,0.0,0.0,5.0,2145.2,100.0,75.0,0.0,0.0,60
1,39.0,1,113.0,0.0,0.0,9.0,10176.666666666666,100.0,100.0,37.5,0.0,51
0,30.0,1,26.0,0.0,0.0,5.0,2121.2,100.0,75.0,0.0,1.0,47
1,39.0,1,1.0,0.0,0.0,4.0,1768.75,100.0,50.0,0.0,1.0,28
3,44.0,0,27.0,0.0,0.0,6.0,7598.5,100.0,100.0,0.0,0.0,40
1,39.0,1,1.0,0.0,0.0,1.0,388.0,50.0,0.0,0.0,1.0,28
1,52.0,0,5.0,0.0,0.0,4.0,1275.25,100.0,50.0,0.0,1.0,20
3,44.0,0,1.0,0.0,0.0,1.0,2442.0,50.0,0.0,0.0,1.0,12
3,52.0,1,15.0,0.0,0.0,1.0,2958.0,0.0,0.0,0.0,1.0,36
1,43.0,1,15.0,0.0,0.0,7.0,5229.142857142857,100.0,100.0,0.0,1.0,18
1,42.0,0,732.0,23.8,8.0,15.0,41524.333333333336,100.0,100.0,100.0,1.0,13
1,39.0,1,73.0,0.0,0.0,8.0,10008.875,100.0,100.0,12.5,0.0,13
3,52.0,1,1.0,0.0,0.0,3.0,1905.6666666666667,100.0,25.0,0.0,1.0,35
3,40.0,0,1.0,0.0,0.0,3.0,954.6666666666666,100.0,25.0,0.0,1.0,19
0,56.0,1,32.0,10.0,2.0,7.0,11182.57142857143,100.0,100.0,0.0,0.0,32
1,54.0,0,1.0,72.24,23.0,14.0,13977.714285714286,100.0,100.0,87.5,0.0,19
0,39.0,0,22.0,0.0,0.0,6.0,46.333333333333336,100.0,100.0,0.0,1.0,42
3,39.0,1,1.0,0.0,0.0,4.0,5546.0,100.0,50.0,0.0,1.0,26
0,39.0,0,5.0,0.0,0.0,2.0,53.0,100.0,0.0,0.0,1.0,51
0,26.0,1,5.0,4.0,1.0,4.0,990.0,100.0,50.0,0.0,1.0,31
0,45.0,0,1.0,4.0,1.0,5.0,190.4,100.0,75.0,0.0,1.0,28
3,41.0,1,1.0,0.0,0.0,4.0,662.5,100.0,50.0,0.0,1.0,13
3,39.0,0,5.0,0.0,0.0,3.0,2327.3333333333335,100.0,25.0,0.0,1.0,10
0,23.0,0,4.0,4.0,1.0,6.0,1993.0,100.0,100.0,0.0,1.0,16
3,30.0,1,1.0,0.0,0.0,3.0,2257.6666666666665,100.0,25.0,0.0,1.0,30
3,37.0,0,231.0,0.0,0.0,8.0,24114.75,100.0,100.0,12.5,0.0,10
0,51.0,0,2.0,0.0,0.0,5.0,5392.8,100.0,75.0,0.0,0.0,59
1,59.0,0,10.0,0.0,0.0,4.0,772.0,100.0,50.0,0.0,1.0,57
1,53.0,0,1.0,0.0,0.0,4.0,1673.5,100.0,50.0,0.0,1.0,20
1,49.0,1,9.0,0.0,0.0,4.0,6359.75,100.0,50.0,0.0,0.0,45
3,44.0,0,11.0,0.0,0.0,2.0,1451.0,100.0,0.0,0.0,1.0,27
0,31.0,0,10.0,0.0,0.0,7.0,5493.142857142857,100.0,100.0,12.5,1.0,31
3,39.0,1,1.0,0.0,0.0,3.0,2478.0,100.0,25.0,0.0,1.0,1
3,30.0,1,12.0,0.0,0.0,4.0,2690.75,100.0,50.0,0.0,0.0,44
0,34.0,0,1.0,0.0,0.0,5.0,2990.0,100.0,75.0,0.0,1.0,34
1,41.0,1,35.0,2.8,1.0,7.0,9082.0,100.0,100.0,0.0,0.0,37
0,21.0,1,79.0,0.0,0.0,8.0,5887.5,100.0,100.0,12.5,0.0,44
0,39.0,0,4.0,0.0,0.0,4.0,432.75,100.0,50.0,0.0,1.0,43
1,39.0,1,1.0,0.0,0.0,6.0,6327.666666666667,100.0,100.0,0.0,1.0,23
0,41.0,1,198.0,10.0,2.0,7.0,7967.428571428572,100.0,100.0,0.0,1.0,45
1,40.0,0,5.0,0.0,0.0,1.0,444.0,50.0,0.0,0.0,0.0,63
1,39.0,1,1.0,0.0,0.0,5.0,5983.4,100.0,75.0,0.0,1.0,20
0,18.0,0,5.0,0.0,0.0,2.0,134.0,100.0,0.0,0.0,1.0,52
1,39.0,0,1.0,0.0,0.0,8.0,10389.0,100.0,100.0,12.5,1.0,18
3,39.0,0,1.0,0.0,0.0,1.0,1540.0,50.0,0.0,0.0,1.0,27
1,64.0,1,387.0,0.0,0.0,11.0,12457.90909090909,100.0,100.0,50.0,0.0,33
0,44.0,1,10.0,0.0,0.0,4.0,1380.0,100.0,75.0,0.0,0.0,63
1,39.0,0,39.0,19.599998,5.0,8.0,17632.0,100.0,100.0,12.5,1.0,29
3,43.0,1,119.0,35.0,8.0,5.0,16218.0,100.0,75.0,0.0,1.0,10
1,32.0,1,338.0,2.8,1.0,9.0,13701.222222222224,100.0,100.0,25.0,1.0,32
3,45.0,1,1.0,0.0,0.0,5.0,6606.8,100.0,50.0,0.0,1.0,32
0,39.0,0,5.0,0.0,0.0,1.0,21.0,50.0,0.0,0.0,1.0,57
0,39.0,0,322.0,4.0,1.0,9.0,16606.555555555555,100.0,100.0,25.0,0.0,23
3,39.0,1,1.0,0.0,0.0,1.0,5530.0,50.0,0.0,0.0,1.0,11
0,37.0,1,142.0,0.0,0.0,8.0,14385.5,100.0,100.0,12.5,0.0,31
0,31.0,1,50.0,0.0,0.0,6.0,1961.1666666666667,100.0,75.0,0.0,1.0,34
3,39.0,1,1.0,0.0,0.0,2.0,1295.5,100.0,0.0,0.0,1.0,17
3,33.0,0,5.0,4.0,1.0,6.0,3028.3333333333335,100.0,75.0,0.0,1.0,2
3,52.0,0,1.0,4.0,1.0,3.0,3086.6666666666665,100.0,25.0,0.0,1.0,28
3,65.0,1,315.0,0.0,0.0,1.0,133256.0,50.0,0.0,0.0,0.0,33
0,45.0,1,595.0,4.0,1.0,12.0,22389.0,100.0,100.0,75.0,0.0,16
1,35.0,0,3.0,0.0,0.0,5.0,1723.8,100.0,75.0,0.0,1.0,42
3,39.0,1,2.0,0.0,0.0,3.0,3059.0,100.0,25.0,0.0,1.0,41
0,47.0,0,38.0,4.0,1.0,11.0,23805.727272727272,100.0,100.0,50.0,0.0,19
3,47.0,1,1.0,0.0,0.0,5.0,2239.8,100.0,75.0,0.0,1.0,7
1,39.0,1,9.0,0.0,0.0,5.0,2280.4,100.0,75.0,0.0,1.0,36
3,42.0,1,2.0,4.4,1.0,2.0,1000.5,100.0,0.0,0.0,1.0,28
3,46.0,1,5.0,0.0,0.0,1.0,663.0,50.0,0.0,0.0,1.0,20
0,49.0,1,277.0,4.0,1.0,9.0,7990.333333333333,100.0,100.0,37.5,0.0,59
1,27.0,0,5.0,0.0,0.0,1.0,983.0,50.0,0.0,0.0,1.0,22
0,39.0,1,108.0,0.0,0.0,8.0,6638.5,100.0,100.0,12.5,0.0,57
3,32.0,1,1.0,4.0,1.0,3.0,1616.6666666666667,100.0,25.0,0.0,1.0,16
1,39.0,1,1.0,0.0,0.0,2.0,1622.0,100.0,0.0,0.0,1.0,34
3,63.0,0,1.0,4.0,1.0,3.0,2353.3333333333335,100.0,25.0,0.0,1.0,13
1,56.0,1,41.0,0.0,0.0,7.0,6817.0,100.0,100.0,0.0,1.0,31
1,45.0,0,1.0,0.0,0.0,5.0,568.0,100.0,75.0,0.0,1.0,15
1,28.0,0,5.0,2.8,1.0,4.0,1262.0,100.0,50.0,0.0,1.0,22
3,25.0,1,1.0,0.0,0.0,3.0,1233.0,100.0,25.0,0.0,1.0,16
1,32.0,0,7.0,0.0,0.0,3.0,398.6666666666667,100.0,25.0,0.0,1.0,58
1,39.0,0,1.0,2.8,1.0,7.0,2616.714285714286,100.0,100.0,0.0,1.0,32
3,48.0,1,1.0,0.0,0.0,3.0,22083.333333333332,100.0,25.0,0.0,1.0,15
1,39.0,0,12.0,0.0,0.0,4.0,1717.0,100.0,50.0,0.0,1.0,46
3,34.0,1,1.0,0.0,0.0,3.0,1448.6666666666667,100.0,25.0,0.0,1.0,38
3,23.0,1,5.0,4.0,1.0,2.0,508.5,100.0,0.0,0.0,1.0,10
3,20.0,1,1.0,0.0,0.0,3.0,54.0,100.0,25.0,0.0,1.0,39
3,36.0,1,2.0,4.0,1.0,6.0,30823.166666666668,100.0,75.0,0.0,1.0,4
0,39.0,0,168.0,0.0,0.0,9.0,18546.666666666668,100.0,100.0,37.5,0.0,54
0,39.0,0,61.0,0.0,0.0,7.0,2824.4285714285716,100.0,100.0,0.0,0.0,48
3,39.0,1,1.0,0.0,0.0,3.0,3144.0,100.0,25.0,0.0,1.0,8
0,39.0,0,5.0,0.0,0.0,2.0,817.5,100.0,0.0,0.0,1.0,18
0,24.0,1,6.0,0.0,0.0,6.0,2452.6666666666665,100.0,100.0,0.0,0.0,56
3,39.0,1,102.0,0.0,0.0,10.0,25792.0,100.0,100.0,37.5,1.0,15
2,99.0,1,112.0,6.2999997,3.0,6.0,6341.666666666667,100.0,75.0,0.0,1.0,47
1,44.0,1,30.0,2.8,1.0,6.0,5580.0,100.0,100.0,0.0,0.0,54
0,37.0,1,19.0,0.0,0.0,6.0,7688.833333333333,100.0,100.0,0.0,0.0,55
3,43.0,0,1.0,0.0,0.0,1.0,1227.0,50.0,0.0,0.0,1.0,31
3,40.0,0,1.0,0.0,0.0,3.0,5660.333333333333,100.0,25.0,0.0,0.0,9
0,40.0,1,1.0,0.0,0.0,2.0,719.0,100.0,0.0,0.0,1.0,51
1,41.0,0,631.0,0.0,0.0,6.0,57077.833333333336,100.0,75.0,0.0,0.0,39
1,33.0,1,5.0,0.0,0.0,4.0,1258.0,100.0,75.0,0.0,0.0,64
1,45.0,0,30.0,0.0,0.0,5.0,16528.2,100.0,75.0,0.0,0.0,26
0,39.0,1,5.0,0.0,0.0,7.0,3918.0,100.0,100.0,0.0,1.0,31
3,29.0,0,1.0,4.0,1.0,5.0,4580.4,100.0,50.0,0.0,1.0,9
3,39.0,0,1.0,4.0,1.0,4.0,5517.0,100.0,50.0,0.0,1.0,26
3,51.0,0,232.0,0.0,0.0,7.0,2348.1428571428573,100.0,100.0,0.0,0.0,25
1,46.0,0,1.0,0.0,0.0,8.0,13483.5,100.0,100.0,25.0,1.0,14
3,36.0,1,1.0,0.0,0.0,4.0,4691.75,100.0,50.0,0.0,1.0,34
3,38.0,0,1.0,0.0,0.0,1.0,9955.0,50.0,0.0,0.0,1.0,24
0,39.0,0,346.0,0.0,0.0,10.0,14762.4,100.0,100.0,37.5,0.0,17
0,25.0,1,1.0,0.0,0.0,4.0,13345.0,100.0,50.0,0.0,1.0,15
0,42.0,0,5.0,0.0,0.0,3.0,699.6666666666666,100.0,25.0,0.0,1.0,44
3,73.0,1,1.0,0.0,0.0,1.0,1162.0,50.0,0.0,0.0,1.0,2
1,39.0,1,5.0,0.0,0.0,4.0,287.0,100.0,50.0,0.0,1.0,46
0,32.0,0,73.0,4.0,1.0,11.0,23655.454545454544,100.0,100.0,62.5,0.0,30
3,23.0,0,5.0,0.0,0.0,1.0,11.0,50.0,0.0,0.0,1.0,14
3,48.0,0,1.0,0.0,0.0,3.0,1243.0,100.0,25.0,0.0,1.0,9
0,43.0,1,7.0,0.0,0.0,4.0,709.25,100.0,50.0,0.0,0.0,64
0,47.0,0,1.0,4.0,1.0,6.0,3531.3333333333335,100.0,100.0,0.0,1.0,23
1,37.0,0,1.0,0.0,0.0,3.0,1058.6666666666667,100.0,25.0,0.0,1.0,18
3,40.0,1,1.0,4.0,1.0,3.0,1537.3333333333333,100.0,25.0,0.0,1.0,13
1,56.0,1,38.0,14.0,3.0,6.0,241.5,100.0,75.0,0.0,0.0,56
0,39.0,1,5.0,0.0,0.0,1.0,13.0,50.0,0.0,0.0,1.0,41
1,31.0,0,5.0,7.0,2.0,6.0,2028.3333333333333,100.0,100.0,0.0,0.0,26
1,34.0,0,1.0,0.0,0.0,2.0,246.0,100.0,0.0,0.0,1.0,18
3,39.0,1,1.0,0.0,0.0,3.0,1715.6666666666667,100.0,25.0,0.0,1.0,4
0,39.0,1,5.0,0.0,0.0,1.0,738.0,50.0,0.0,0.0,1.0,30
1,39.0,1,222.0,0.0,0.0,11.0,27328.272727272728,100.0,100.0,50.0,0.0,21
1,39.0,0,5.0,0.0,0.0,1.0,20.0,50.0,0.0,0.0,1.0,34
0,39.0,0,94.0,0.0,0.0,7.0,2370.5714285714284,100.0,100.0,0.0,0.0,35
3,29.0,1,5.0,0.0,0.0,3.0,457.3333333333333,100.0,25.0,0.0,1.0,3
0,50.0,1,5.0,4.0,1.0,1.0,14446.0,50.0,0.0,0.0,1.0,16
3,39.0,1,12.0,0.0,0.0,3.0,7660.333333333333,100.0,25.0,0.0,0.0,29
1,42.0,0,4.0,0.0,0.0,6.0,10504.833333333334,100.0,100.0,0.0,0.0,18
3,54.0,0,5.0,0.0,0.0,1.0,879.0,50.0,0.0,0.0,1.0,23
0,35.0,1,1.0,20.0,3.0,7.0,34797.0,100.0,100.0,12.5,0.0,21
0,39.0,1,112.0,0.0,0.0,7.0,4407.857142857143,100.0,100.0,0.0,1.0,47
3,31.0,0,8.0,0.0,0.0,3.0,2676.3333333333335,100.0,25.0,0.0,0.0,27
0,58.0,0,46.0,4.0,1.0,5.0,2539.4,100.0,75.0,0.0,0.0,60
0,32.0,1,39.0,4.0,1.0,7.0,10040.57142857143,100.0,100.0,0.0,0.0,51
0,39.0,1,1.0,0.0,0.0,3.0,975.6666666666666,100.0,25.0,0.0,1.0,53
3,39.0,1,5.0,0.0,0.0,1.0,1064.0,50.0,0.0,0.0,1.0,11
3,34.0,0,20.0,0.0,0.0,5.0,11809.8,100.0,75.0,0.0,1.0,42
3,39.0,0,4.0,0.0,0.0,1.0,8447.0,0.0,0.0,0.0,1.0,38
1,37.0,0,1.0,0.0,0.0,4.0,600.5,100.0,50.0,0.0,1.0,42
3,53.0,1,272.0,29.0,6.0,10.0,14215.0,100.0,100.0,37.5,0.0,28
1,39.0,0,1.0,2.8,1.0,8.0,1448.5,100.0,100.0,25.0,1.0,13
1,40.0,0,5.0,22.4,6.0,4.0,3939.5,100.0,50.0,0.0,1.0,54
3,39.0,0,26.0,0.0,0.0,6.0,4179.833333333333,100.0,75.0,0.0,1.0,10
3,46.0,1,31.0,0.0,0.0,10.0,9102.8,100.0,100.0,37.5,0.0,32
3,40.0,0,1.0,4.0,1.0,4.0,8547.75,100.0,50.0,0.0,1.0,0
0,39.0,0,5.0,0.0,0.0,1.0,396.0,50.0,0.0,0.0,1.0,48
0,37.0,0,171.0,0.0,0.0,8.0,6026.25,100.0,100.0,12.5,0.0,27
3,39.0,1,1.0,4.0,1.0,3.0,3845.6666666666665,100.0,25.0,0.0,1.0,26
0,58.0,0,1.0,0.0,0.0,1.0,5159.0,50.0,0.0,0.0,1.0,14
0,41.0,1,70.0,0.0,0.0,9.0,508.8888888888889,100.0,100.0,25.0,1.0,23
0,34.0,1,135.0,4.0,1.0,11.0,9578.818181818182,100.0,100.0,50.0,0.0,20
3,27.0,0,5.0,0.0,0.0,1.0,757.0,50.0,0.0,0.0,1.0,25
0,29.0,0,5.0,0.0,0.0,4.0,4.0,100.0,50.0,0.0,1.0,35
0,30.0,0,47.0,0.0,0.0,8.0,4812.875,100.0,100.0,12.5,0.0,27
3,34.0,0,12.0,0.0,0.0,4.0,5776.0,100.0,50.0,0.0,1.0,17
3,40.0,1,317.0,4.0,1.0,2.0,73436.0,100.0,0.0,0.0,0.0,7
0,38.0,1,17.0,0.0,0.0,1.0,5505.0,50.0,0.0,0.0,1.0,32
3,24.0,1,1.0,10.0,2.0,4.0,2167.25,100.0,50.0,0.0,0.0,34
0,39.0,1,284.0,0.0,0.0,11.0,9439.09090909091,100.0,100.0,50.0,0.0,30
3,39.0,0,364.0,26.0,5.0,9.0,3665.777777777778,100.0,100.0,25.0,0.0,33
1,42.0,1,27.0,0.0,0.0,5.0,1143.8,100.0,100.0,0.0,0.0,64
0,39.0,1,5.0,0.0,0.0,1.0,528.0,50.0,0.0,0.0,1.0,55
3,47.0,1,1.0,0.0,0.0,3.0,434.6666666666667,100.0,25.0,0.0,1.0,9
3,45.0,0,1.0,0.0,0.0,4.0,1476.25,100.0,50.0,0.0,1.0,23
0,74.0,0,72.0,0.0,0.0,9.0,9379.0,100.0,100.0,25.0,0.0,13
3,47.0,1,36.0,4.0,1.0,5.0,9.8,100.0,50.0,0.0,1.0,36
0,23.0,1,9.0,0.0,0.0,4.0,3785.0,100.0,50.0,0.0,0.0,60
0,33.0,0,1.0,0.0,0.0,4.0,778.5,100.0,50.0,0.0,1.0,25
1,38.0,0,9.0,0.0,0.0,3.0,34477.0,100.0,25.0,0.0,1.0,19
0,21.0,1,179.0,0.0,0.0,7.0,13372.857142857143,100.0,100.0,12.5,0.0,51
3,31.0,1,5.0,0.0,0.0,3.0,3.6666666666666665,100.0,25.0,0.0,1.0,15
3,49.0,1,1.0,0.0,0.0,3.0,156.66666666666666,100.0,25.0,0.0,1.0,14
1,58.0,0,1.0,0.0,0.0,5.0,3915.0,100.0,75.0,0.0,1.0,33
1,48.0,1,490.0,0.0,0.0,10.0,14087.1,100.0,100.0,37.5,1.0,39
1,34.0,0,1.0,0.0,0.0,6.0,2554.6666666666665,100.0,75.0,0.0,1.0,13
0,39.0,0,31.0,0.0,0.0,5.0,1889.2,100.0,75.0,0.0,0.0,56
0,29.0,1,1.0,4.0,1.0,6.0,6000.0,100.0,100.0,0.0,1.0,14
3,44.0,0,1.0,0.0,0.0,5.0,5277.0,100.0,75.0,0.0,1.0,8
3,39.0,1,1.0,0.0,0.0,4.0,953.5,100.0,50.0,0.0,1.0,30
3,27.0,0,17.0,0.0,0.0,4.0,2492.75,100.0,50.0,0.0,1.0,9
2,29.0,1,3.0,2.0,1.0,5.0,3577.2,100.0,50.0,0.0,1.0,32
2,47.0,1,5.0,0.0,0.0,3.0,16179.0,100.0,25.0,0.0,0.0,32
3,23.0,0,1.0,0.0,0.0,4.0,4034.25,100.0,50.0,0.0,0.0,18
2,37.0,0,45.0,0.0,0.0,6.0,12922.666666666666,100.0,75.0,0.0,1.0,32
1,55.0,1,1.0,2.8,1.0,7.0,11047.857142857143,100.0,100.0,0.0,0.0,21
0,20.0,0,5.0,20.0,3.0,4.0,358.25,100.0,50.0,0.0,1.0,41
0,41.0,1,422.0,23.0,4.0,10.0,24603.7,100.0,100.0,37.5,0.0,31
3,29.0,0,1.0,0.0,0.0,3.0,5237.0,100.0,25.0,0.0,1.0,12
1,43.0,0,4.0,19.599998,5.0,5.0,3406.6,100.0,75.0,0.0,1.0,53
3,31.0,0,2.0,4.4,1.0,5.0,2120.6,100.0,50.0,0.0,1.0,1
2,39.0,0,7.0,0.0,0.0,3.0,2081.0,100.0,25.0,0.0,1.0,49
0,33.0,1,1.0,0.0,0.0,3.0,483.0,100.0,25.0,0.0,0.0,62
0,41.0,1,5.0,4.0,1.0,1.0,11197.0,50.0,0.0,0.0,1.0,29
0,39.0,0,1.0,0.0,0.0,4.0,2635.75,100.0,50.0,0.0,1.0,33
1,46.0,1,47.0,0.0,0.0,3.0,6493.333333333333,100.0,0.0,0.0,1.0,33
1,34.0,0,1.0,2.8,1.0,3.0,1083.6666666666667,100.0,25.0,0.0,1.0,21
2,18.0,1,1.0,0.0,0.0,3.0,3195.6666666666665,100.0,25.0,0.0,1.0,33
0,37.0,1,26.0,0.0,0.0,4.0,2490.75,100.0,50.0,0.0,1.0,52
3,32.0,0,1.0,0.0,0.0,4.0,1376.5,100.0,50.0,0.0,1.0,8
0,36.0,0,1.0,0.0,0.0,1.0,4298.0,50.0,0.0,0.0,1.0,19
1,49.0,0,7.0,2.8,1.0,4.0,1596.75,100.0,50.0,0.0,1.0,55
3,52.0,0,1.0,0.0,0.0,3.0,1056.0,100.0,25.0,0.0,1.0,35
3,50.0,1,1.0,0.0,0.0,2.0,348.0,100.0,0.0,0.0,1.0,16
1,32.0,1,1.0,7.0,2.0,5.0,2360.8,100.0,75.0,0.0,0.0,63
0,39.0,1,17.0,0.0,0.0,4.0,2160.75,100.0,50.0,0.0,1.0,48
0,52.0,1,252.0,0.0,0.0,8.0,7272.125,100.0,100.0,25.0,0.0,47
1,29.0,1,5.0,0.0,0.0,3.0,753.0,100.0,25.0,0.0,1.0,39
0,43.0,0,15.0,0.0,0.0,4.0,7206.25,100.0,75.0,0.0,0.0,56
3,51.0,0,1.0,4.0,1.0,8.0,3514.25,100.0,100.0,12.5,1.0,6
3,43.0,0,5.0,0.0,0.0,3.0,1369.6666666666667,100.0,25.0,0.0,1.0,12
3,48.0,1,1.0,4.0,1.0,4.0,7147.5,100.0,50.0,0.0,1.0,23
3,39.0,1,134.0,0.0,0.0,11.0,26062.545454545456,100.0,100.0,50.0,0.0,8
1,33.0,0,1.0,0.0,0.0,5.0,908.2,100.0,75.0,0.0,0.0,40
3,39.0,0,5.0,0.0,0.0,4.0,1404.5,100.0,50.0,0.0,1.0,5
0,39.0,0,431.0,0.0,0.0,11.0,11684.90909090909,100.0,100.0,50.0,0.0,28
2,39.0,1,7.0,6.2999997,3.0,3.0,1840.3333333333333,100.0,25.0,0.0,1.0,43
1,45.0,1,270.0,0.0,0.0,11.0,38347.36363636364,100.0,100.0,50.0,0.0,13
1,38.0,1,279.0,2.8,1.0,3.0,45913.0,100.0,25.0,0.0,0.0,47
3,22.0,1,1.0,0.0,0.0,3.0,77.66666666666667,100.0,25.0,0.0,1.0,34
0,49.0,0,1.0,0.0,0.0,1.0,1487.0,50.0,0.0,0.0,1.0,20
3,39.0,1,1.0,0.0,0.0,3.0,3033.6666666666665,100.0,25.0,0.0,1.0,9
3,41.0,1,64.0,23.0,4.0,6.0,3745.0,100.0,75.0,0.0,0.0,46
1,39.0,1,37.0,0.0,0.0,7.0,5880.428571428572,100.0,100.0,0.0,1.0,49
3,61.0,0,32.0,0.0,0.0,6.0,3417.1666666666665,100.0,75.0,0.0,1.0,40
3,39.0,0,1.0,4.0,1.0,4.0,1369.75,100.0,50.0,0.0,1.0,8
3,58.0,0,31.0,0.0,0.0,8.0,19393.375,100.0,100.0,12.5,0.0,26
0,53.0,0,9.0,0.0,0.0,4.0,1626.75,100.0,50.0,0.0,0.0,55
1,48.0,0,49.0,19.6,5.0,9.0,6758.666666666667,100.0,100.0,25.0,0.0,15
3,34.0,0,36.0,0.0,0.0,7.0,8263.857142857143,100.0,100.0,0.0,0.0,12
0,37.0,0,32.0,0.0,0.0,5.0,2272.0,100.0,50.0,0.0,1.0,51
0,36.0,1,5.0,0.0,0.0,4.0,524.75,100.0,50.0,0.0,1.0,14
1,56.0,1,11.0,0.0,0.0,4.0,1847.75,100.0,50.0,0.0,1.0,53
1,39.0,0,5.0,0.0,0.0,1.0,1938.0,50.0,0.0,0.0,1.0,51
3,23.0,1,57.0,35.0,8.0,6.0,3622.6666666666665,100.0,75.0,0.0,1.0,41
1,39.0,0,461.0,19.599998,5.0,12.0,33791.75,100.0,100.0,62.5,0.0,24
1,31.0,1,19.0,0.0,0.0,7.0,3955.142857142858,100.0,100.0,0.0,1.0,33
3,41.0,0,57.0,0.0,0.0,5.0,1893.6,100.0,50.0,0.0,1.0,8
3,39.0,1,2.0,0.0,0.0,3.0,1345.6666666666667,100.0,25.0,0.0,1.0,42
3,39.0,0,2.0,0.0,0.0,4.0,414.25,100.0,50.0,0.0,0.0,45
1,43.0,0,5.0,0.0,0.0,4.0,941.75,100.0,50.0,0.0,1.0,49
0,34.0,1,112.0,0.0,0.0,10.0,14613.1,100.0,100.0,37.5,0.0,31
3,39.0,1,1.0,0.0,0.0,3.0,1242.0,100.0,25.0,0.0,1.0,1
1,50.0,0,14.0,0.0,0.0,1.0,13936.0,50.0,0.0,0.0,1.0,24
3,46.0,1,10.0,0.0,0.0,3.0,6006.666666666667,100.0,25.0,0.0,1.0,40
0,39.0,0,21.0,0.0,0.0,7.0,19756.14285714286,100.0,100.0,0.0,0.0,37
3,39.0,1,1.0,0.0,0.0,2.0,751.0,100.0,0.0,0.0,1.0,15
0,39.0,1,286.0,0.0,0.0,9.0,9415.111111111111,100.0,100.0,25.0,0.0,35
2,27.0,1,1.0,0.0,0.0,3.0,468.0,100.0,25.0,0.0,1.0,33
1,31.0,0,29.0,0.0,0.0,4.0,1334.0,100.0,50.0,0.0,1.0,40
3,53.0,0,5.0,0.0,0.0,2.0,1080.5,100.0,0.0,0.0,1.0,11
3,37.0,1,1.0,0.0,0.0,3.0,1114.6666666666667,100.0,25.0,0.0,1.0,10
0,30.0,1,195.0,26.0,5.0,9.0,8345.888888888889,100.0,100.0,25.0,1.0,40
1,51.0,0,1.0,0.0,0.0,1.0,373.0,50.0,0.0,0.0,1.0,29
3,39.0,0,1.0,0.0,0.0,1.0,1360.0,50.0,0.0,0.0,1.0,8
1,39.0,0,4.0,0.0,0.0,1.0,1039.0,50.0,0.0,0.0,1.0,52
3,39.0,1,5.0,0.0,0.0,3.0,1.0,100.0,25.0,0.0,1.0,13
3,39.0,0,12.0,0.0,0.0,3.0,4629.666666666667,100.0,25.0,0.0,1.0,40
0,21.0,1,41.0,0.0,0.0,5.0,1981.6,100.0,50.0,0.0,0.0,62
1,64.0,1,100.0,0.0,0.0,7.0,15856.285714285714,100.0,100.0,12.5,0.0,47
1,45.0,0,1.0,0.0,0.0,5.0,980.0,100.0,50.0,0.0,1.0,15
1,26.0,0,3.0,14.0,3.0,1.0,6897.0,50.0,0.0,0.0,1.0,40
1,48.0,0,6.0,0.0,0.0,1.0,16137.0,50.0,0.0,0.0,0.0,55
0,36.0,0,112.0,4.0,1.0,8.0,9743.5,100.0,100.0,12.5,0.0,33
0,39.0,1,5.0,0.0,0.0,3.0,881.0,100.0,25.0,0.0,1.0,50
1,39.0,0,18.0,0.0,0.0,4.0,2483.5,100.0,50.0,0.0,0.0,49
0,56.0,0,1.0,0.0,0.0,4.0,2587.25,100.0,50.0,0.0,1.0,25
3,34.0,0,5.0,0.0,0.0,2.0,28976.0,100.0,0.0,0.0,0.0,34
1,62.0,1,8.0,0.0,0.0,11.0,110038.0,100.0,100.0,62.5,0.0,25
3,45.0,0,99.0,0.0,0.0,7.0,14809.57142857143,100.0,100.0,12.5,0.0,46
1,39.0,0,5.0,0.0,0.0,2.0,1171.0,100.0,0.0,0.0,0.0,64
0,18.0,1,1.0,0.0,0.0,4.0,1371.25,100.0,50.0,0.0,1.0,41
1,43.0,0,110.0,2.8,1.0,6.0,5472.0,100.0,75.0,0.0,0.0,49
0,66.0,1,46.0,0.0,0.0,5.0,3403.2,100.0,75.0,0.0,1.0,40
3,39.0,1,504.0,4.0,1.0,10.0,8146.6,100.0,100.0,37.5,0.0,29
3,38.0,1,217.0,4.0,1.0,9.0,12280.666666666666,100.0,100.0,25.0,0.0,35
1,22.0,0,8.0,0.0,0.0,4.0,4515.25,100.0,50.0,0.0,1.0,42
0,39.0,0,5.0,0.0,0.0,2.0,725.0,100.0,0.0,0.0,1.0,50
0,57.0,0,20.0,4.0,1.0,10.0,25799.2,100.0,100.0,37.5,1.0,13
1,39.0,0,5.0,0.0,0.0,4.0,1083.0,100.0,50.0,0.0,1.0,41
0,32.0,0,1.0,4.4,1.0,3.0,2210.3333333333335,100.0,25.0,0.0,1.0,28
3,42.0,0,1.0,0.0,0.0,4.0,5715.75,100.0,50.0,0.0,1.0,11
3,51.0,1,26.0,4.0,1.0,7.0,823.2857142857143,100.0,100.0,0.0,1.0,29
0,39.0,0,3.0,0.0,0.0,1.0,153.0,50.0,0.0,0.0,1.0,49
0,34.0,0,418.0,0.0,0.0,11.0,15663.272727272728,100.0,100.0,50.0,0.0,38
3,39.0,1,1.0,0.0,0.0,3.0,14.333333333333334,100.0,25.0,0.0,1.0,6
3,49.0,0,43.0,0.0,0.0,10.0,17358.8,100.0,100.0,37.5,1.0,15
1,50.0,1,29.0,0.0,0.0,8.0,13281.5,100.0,100.0,12.5,1.0,26
2,31.0,1,1.0,0.0,0.0,3.0,3115.0,100.0,25.0,0.0,1.0,35
0,40.0,1,546.0,20.0,3.0,13.0,22937.76923076923,100.0,100.0,75.0,0.0,26
3,34.0,0,89.0,23.0,4.0,6.0,6207.833333333333,100.0,75.0,0.0,0.0,36
0,39.0,1,5.0,0.0,0.0,7.0,3388.0,100.0,100.0,0.0,0.0,13
0,45.0,1,54.0,10.0,2.0,6.0,1400.5,100.0,75.0,0.0,0.0,59
0,52.0,0,7.0,0.0,0.0,3.0,550.3333333333334,100.0,25.0,0.0,1.0,58
3,22.0,0,1.0,0.0,0.0,3.0,1227.3333333333333,100.0,25.0,0.0,1.0,23
3,52.0,1,1.0,0.0,0.0,1.0,141.0,50.0,0.0,0.0,1.0,8
1,26.0,0,5.0,2.8,1.0,4.0,828.5,100.0,50.0,0.0,1.0,43
3,41.0,0,1.0,0.0,0.0,2.0,3976.5,100.0,0.0,0.0,1.0,17
1,54.0,0,1.0,0.0,0.0,4.0,439.0,100.0,50.0,0.0,1.0,25
3,44.0,0,1.0,0.0,0.0,1.0,1044.0,50.0,0.0,0.0,1.0,13
0,39.0,0,20.0,0.0,0.0,4.0,2206.0,100.0,50.0,0.0,0.0,60
0,36.0,0,45.0,10.0,2.0,6.0,1175.5,100.0,75.0,0.0,1.0,42
0,56.0,0,1.0,0.0,0.0,2.0,839.0,100.0,0.0,0.0,1.0,13
0,34.0,1,5.0,0.0,0.0,2.0,653.5,100.0,0.0,0.0,1.0,54
0,48.0,0,1.0,0.0,0.0,6.0,18824.5,100.0,100.0,0.0,1.0,19
1,32.0,1,2.0,0.0,0.0,5.0,3051.6,100.0,75.0,0.0,0.0,50
0,26.0,0,10.0,20.0,3.0,5.0,1521.4,100.0,75.0,0.0,0.0,59
1,39.0,1,1.0,0.0,0.0,3.0,652.6666666666666,100.0,25.0,0.0,1.0,35
0,39.0,1,5.0,0.0,0.0,4.0,2073.25,100.0,50.0,0.0,1.0,37
0,39.0,0,4.0,0.0,0.0,2.0,19285.5,50.0,0.0,0.0,1.0,30
1,39.0,1,14.0,0.0,0.0,6.0,11046.666666666666,100.0,100.0,0.0,0.0,38
2,40.0,1,677.0,0.0,0.0,10.0,1356.2,100.0,100.0,50.0,0.0,37
1,37.0,0,5.0,0.0,0.0,3.0,1732.3333333333333,100.0,25.0,0.0,1.0,20
0,32.0,1,134.0,0.0,0.0,8.0,15025.125,100.0,100.0,12.5,0.0,38
1,22.0,1,5.0,0.0,0.0,1.0,885.0,50.0,0.0,0.0,0.0,61
3,38.0,1,5.0,4.0,1.0,3.0,4033.6666666666665,100.0,25.0,0.0,1.0,39
3,42.0,1,5.0,0.0,0.0,1.0,2998.0,50.0,0.0,0.0,1.0,42
0,38.0,0,48.0,0.0,0.0,9.0,7896.111111111111,100.0,100.0,25.0,0.0,47
3,22.0,1,5.0,0.0,0.0,3.0,2172.0,100.0,25.0,0.0,1.0,26
0,39.0,1,5.0,0.0,0.0,1.0,16.0,50.0,0.0,0.0,0.0,64
3,45.0,0,111.0,10.6,2.0,10.0,13570.7,100.0,100.0,37.5,0.0,12
0,41.0,0,286.0,0.0,0.0,9.0,557.0,100.0,100.0,25.0,1.0,45
3,41.0,1,1.0,20.0,3.0,5.0,8440.4,100.0,50.0,0.0,0.0,33
3,39.0,0,1.0,0.0,0.0,2.0,1662.5,100.0,0.0,0.0,1.0,1
3,39.0,1,5.0,0.0,0.0,1.0,676.0,50.0,0.0,0.0,1.0,6
0,33.0,0,4.0,0.0,0.0,4.0,1274.75,100.0,50.0,0.0,1.0,51
0,56.0,0,157.0,10.0,2.0,9.0,7344.777777777777,100.0,100.0,37.5,0.0,21
0,38.0,1,8.0,4.0,1.0,8.0,7040.875,100.0,100.0,12.5,0.0,26
3,44.0,0,95.0,0.0,0.0,6.0,6811.833333333333,100.0,75.0,0.0,1.0,13
0,39.0,1,40.0,0.0,0.0,10.0,14518.2,100.0,100.0,37.5,0.0,27
1,39.0,0,9.0,0.0,0.0,2.0,2039.0,100.0,25.0,0.0,0.0,61
0,34.0,1,1.0,0.0,0.0,7.0,3108.0,100.0,100.0,0.0,1.0,26
1,26.0,0,270.0,0.0,0.0,9.0,22431.777777777777,100.0,100.0,25.0,1.0,39
0,35.0,0,1.0,0.0,0.0,2.0,155.5,100.0,0.0,0.0,1.0,39
3,39.0,0,1.0,0.0,0.0,3.0,702.0,100.0,25.0,0.0,1.0,13
3,39.0,1,1.0,0.0,0.0,3.0,858.3333333333334,100.0,25.0,0.0,1.0,10
3,20.0,0,5.0,0.0,0.0,2.0,794.0,100.0,0.0,0.0,1.0,24
0,27.0,0,4.0,0.0,0.0,4.0,3540.0,100.0,50.0,0.0,1.0,15
3,51.0,0,1.0,10.0,2.0,6.0,142.5,100.0,100.0,0.0,1.0,25
0,39.0,0,1.0,4.0,1.0,7.0,7360.285714285715,100.0,100.0,0.0,1.0,13
1,36.0,1,1.0,2.8,1.0,7.0,4376.714285714285,100.0,100.0,0.0,1.0,15
1,39.0,0,335.0,0.0,0.0,6.0,53159.166666666664,100.0,75.0,0.0,0.0,26
3,39.0,1,2.0,0.0,0.0,1.0,973.0,50.0,0.0,0.0,1.0,28
0,32.0,0,223.0,0.0,0.0,9.0,23423.222222222223,100.0,100.0,37.5,0.0,58
0,21.0,0,5.0,0.0,0.0,2.0,195.5,100.0,0.0,0.0,1.0,30
3,42.0,0,1.0,0.0,0.0,2.0,698.0,100.0,0.0,0.0,1.0,13
0,61.0,1,127.0,29.0,6.0,7.0,11766.142857142857,100.0,100.0,0.0,0.0,37
0,43.0,1,9.0,0.0,0.0,7.0,5494.0,100.0,100.0,12.5,0.0,34
2,39.0,1,888.0,0.0,0.0,11.0,29.636363636363637,100.0,100.0,50.0,1.0,41
1,39.0,1,6.0,0.0,0.0,4.0,852.75,100.0,50.0,0.0,1.0,57
1,56.0,1,1.0,0.0,0.0,4.0,1370.75,100.0,50.0,0.0,1.0,23
0,39.0,0,1.0,0.0,0.0,2.0,405.5,100.0,0.0,0.0,1.0,35
3,19.0,0,2.0,0.0,0.0,4.0,3817.25,100.0,50.0,0.0,1.0,13
0,51.0,1,58.0,0.0,0.0,1.0,35792.0,50.0,0.0,0.0,1.0,20
0,39.0,1,42.0,4.0,1.0,8.0,5189.625,100.0,100.0,12.5,0.0,52
1,38.0,0,23.0,0.0,0.0,4.0,10795.25,100.0,50.0,0.0,0.0,50
3,40.0,1,10.0,77.0,22.0,5.0,6642.6,100.0,75.0,0.0,1.0,31
0,43.0,0,5.0,0.0,0.0,1.0,787.0,50.0,0.0,0.0,1.0,23
0,41.0,0,16.0,0.0,0.0,5.0,5365.6,100.0,100.0,0.0,0.0,60
0,39.0,1,5.0,0.0,0.0,3.0,446.6666666666667,100.0,25.0,0.0,1.0,50
1,39.0,0,5.0,0.0,0.0,4.0,2595.0,100.0,50.0,0.0,1.0,54
0,50.0,1,8.0,0.0,0.0,5.0,6189.2,100.0,75.0,0.0,1.0,41
0,25.0,1,1.0,0.0,0.0,3.0,959.3333333333334,100.0,25.0,0.0,1.0,18
3,39.0,1,1.0,0.0,0.0,2.0,299.0,100.0,0.0,0.0,1.0,19
1,39.0,0,5.0,0.0,0.0,2.0,43.5,100.0,0.0,0.0,1.0,13
3,39.0,1,5.0,0.0,0.0,1.0,586.0,50.0,0.0,0.0,1.0,36
2,39.0,0,5.0,0.0,0.0,2.0,749.5,100.0,0.0,0.0,1.0,44
0,48.0,0,26.0,0.0,0.0,2.0,7192.5,50.0,0.0,0.0,1.0,45
1,39.0,0,532.0,2.8,1.0,11.0,21424.81818181818,100.0,100.0,62.5,0.0,44
3,46.0,0,289.0,20.0,3.0,9.0,16043.777777777776,100.0,100.0,25.0,0.0,30
3,39.0,0,1.0,0.0,0.0,1.0,1674.0,50.0,0.0,0.0,1.0,15
0,39.0,0,1.0,0.0,0.0,6.0,1825.6666666666667,100.0,75.0,0.0,1.0,15
3,39.0,0,1.0,0.0,0.0,3.0,378.3333333333333,100.0,25.0,0.0,1.0,24
3,42.0,1,3.0,0.0,0.0,3.0,643.3333333333334,100.0,25.0,0.0,1.0,41
1,53.0,0,17.0,0.0,0.0,7.0,14389.857142857143,100.0,100.0,12.5,0.0,27
0,37.0,1,48.0,10.0,2.0,6.0,1689.6666666666667,100.0,75.0,0.0,0.0,62
1,31.0,0,211.0,0.0,0.0,9.0,13251.222222222224,100.0,100.0,25.0,0.0,47
3,39.0,1,5.0,0.0,0.0,2.0,45.5,100.0,0.0,0.0,1.0,10
0,35.0,1,16.0,0.0,0.0,5.0,4195.0,100.0,75.0,0.0,1.0,41
1,43.0,0,876.0,2.8,1.0,9.0,12935.0,100.0,100.0,25.0,0.0,41
0,39.0,1,300.0,0.0,0.0,12.0,6325.833333333333,100.0,100.0,62.5,0.0,28
3,52.0,1,5.0,0.0,0.0,1.0,1637.0,50.0,0.0,0.0,1.0,18
1,39.0,1,1.0,0.0,0.0,1.0,1212.0,50.0,0.0,0.0,1.0,58
0,30.0,1,5.0,0.0,0.0,1.0,2732.0,50.0,0.0,0.0,1.0,32
3,18.0,1,1.0,4.4,1.0,4.0,3380.5,100.0,50.0,0.0,1.0,0
3,39.0,0,1.0,0.0,0.0,1.0,743.0,50.0,0.0,0.0,1.0,8
1,37.0,1,91.0,16.8,4.0,7.0,5052.857142857143,100.0,100.0,0.0,0.0,54
1,65.0,1,5.0,0.0,0.0,1.0,22.0,50.0,0.0,0.0,1.0,45
0,52.0,0,8.0,0.0,0.0,6.0,3822.6666666666665,100.0,75.0,0.0,1.0,30
1,39.0,1,152.0,0.0,0.0,9.0,47718.22222222222,100.0,100.0,25.0,0.0,33
1,50.0,1,128.0,14.0,3.0,10.0,15232.4,100.0,100.0,37.5,0.0,32
1,47.0,1,1.0,0.0,0.0,1.0,1265.0,50.0,0.0,0.0,1.0,18
3,41.0,1,6.0,0.0,0.0,5.0,26.6,100.0,75.0,0.0,1.0,19
1,34.0,0,3.0,0.0,0.0,4.0,572.5,100.0,50.0,0.0,1.0,46
0,44.0,1,73.0,0.0,0.0,8.0,9605.125,100.0,100.0,12.5,1.0,13
0,39.0,1,12.0,0.0,0.0,5.0,2021.8,100.0,75.0,0.0,1.0,55
0,31.0,0,1.0,0.0,0.0,4.0,870.5,100.0,50.0,0.0,1.0,47
0,30.0,0,85.0,4.0,1.0,7.0,8415.0,100.0,100.0,0.0,0.0,51
0,18.0,0,12.0,0.0,0.0,6.0,4944.666666666667,100.0,100.0,0.0,0.0,36
0,43.0,0,1.0,0.0,0.0,7.0,7004.142857142857,100.0,100.0,12.5,1.0,13
3,42.0,0,1.0,4.0,1.0,3.0,1240.6666666666667,100.0,25.0,0.0,1.0,10
0,20.0,0,5.0,0.0,0.0,1.0,847.0,50.0,0.0,0.0,1.0,23
0,39.0,1,1.0,0.0,0.0,5.0,541.6,100.0,75.0,0.0,1.0,58
3,36.0,1,23.0,20.0,3.0,6.0,5017.666666666667,100.0,75.0,0.0,0.0,23
0,28.0,1,3.0,0.0,0.0,5.0,635.4,100.0,75.0,0.0,1.0,38
1,40.0,0,42.0,0.0,0.0,6.0,1732.6666666666667,100.0,100.0,0.0,1.0,28
1,59.0,0,1.0,2.8,1.0,8.0,8246.875,100.0,100.0,12.5,1.0,23
3,59.0,0,1.0,4.0,1.0,7.0,6930.0,100.0,100.0,0.0,1.0,15
3,39.0,0,1.0,0.0,0.0,3.0,5364.333333333333,100.0,25.0,0.0,1.0,14
0,49.0,0,77.0,0.0,0.0,8.0,9174.875,100.0,100.0,12.5,1.0,51
0,39.0,0,121.0,0.0,0.0,7.0,8040.571428571428,100.0,100.0,0.0,0.0,55
0,39.0,1,1.0,0.0,0.0,6.0,3752.8333333333335,100.0,75.0,0.0,1.0,28
0,37.0,0,10.0,4.0,1.0,8.0,5326.0,100.0,100.0,12.5,1.0,29
0,49.0,0,1.0,0.0,0.0,4.0,1633.75,100.0,50.0,0.0,1.0,21
0,39.0,0,3.0,0.0,0.0,4.0,1140.0,100.0,50.0,0.0,0.0,63
1,39.0,0,72.0,0.0,0.0,10.0,10932.1,100.0,100.0,37.5,0.0,15
1,39.0,0,1.0,0.0,0.0,4.0,1514.0,100.0,50.0,0.0,1.0,17
3,38.0,0,1.0,4.0,1.0,7.0,29334.714285714286,100.0,100.0,0.0,1.0,9
0,34.0,0,5.0,0.0,0.0,2.0,3083.5,100.0,0.0,0.0,1.0,23
0,42.0,0,5.0,0.0,0.0,2.0,22594.5,100.0,0.0,0.0,1.0,28
0,28.0,1,31.0,0.0,0.0,5.0,4718.2,100.0,75.0,0.0,1.0,45
1,39.0,0,5.0,0.0,0.0,1.0,15.0,50.0,0.0,0.0,1.0,25
1,42.0,0,47.0,3.08,1.0,11.0,15021.363636363636,100.0,100.0,50.0,0.0,16
0,18.0,1,5.0,4.0,1.0,2.0,498.0,100.0,0.0,0.0,1.0,16
0,47.0,1,5.0,0.0,0.0,4.0,632.0,100.0,50.0,0.0,1.0,44
1,44.0,0,6.0,0.0,0.0,4.0,1868.25,100.0,50.0,0.0,0.0,58
2,51.0,1,95.0,3.5,2.0,7.0,6535.571428571428,100.0,100.0,12.5,0.0,53
1,39.0,1,1.0,2.8,1.0,3.0,539.0,100.0,25.0,0.0,1.0,14
3,39.0,0,1.0,0.0,0.0,1.0,3785.0,50.0,0.0,0.0,1.0,0
0,46.0,0,16.0,0.0,0.0,6.0,5108.833333333333,100.0,100.0,0.0,0.0,45
3,33.0,1,5.0,4.4,1.0,1.0,1018.0,50.0,0.0,0.0,1.0,25
3,42.0,1,25.0,0.0,0.0,3.0,3470.3333333333335,100.0,25.0,0.0,1.0,46
3,27.0,0,1.0,4.0,1.0,4.0,5520.25,100.0,50.0,0.0,1.0,18
3,28.0,0,17.0,0.0,0.0,5.0,6926.4,100.0,75.0,0.0,0.0,42
3,34.0,1,165.0,0.0,0.0,7.0,12835.0,100.0,100.0,0.0,0.0,39
3,32.0,1,12.0,0.0,0.0,6.0,20858.333333333332,100.0,75.0,0.0,0.0,12
3,35.0,0,5.0,0.0,0.0,2.0,440.0,100.0,0.0,0.0,1.0,19
1,58.0,0,745.0,14.0,3.0,13.0,32680.07692307692,100.0,100.0,75.0,0.0,23
0,39.0,0,1.0,0.0,0.0,3.0,1097.3333333333333,100.0,25.0,0.0,1.0,56
0,39.0,1,1.0,0.0,0.0,3.0,1131.6666666666667,100.0,25.0,0.0,1.0,21
1,39.0,1,69.0,0.0,0.0,6.0,14314.166666666666,100.0,75.0,0.0,0.0,48
3,39.0,0,1.0,0.0,0.0,3.0,1372.0,100.0,25.0,0.0,1.0,5
0,39.0,1,90.0,0.0,0.0,8.0,9309.875,100.0,100.0,12.5,1.0,29
0,39.0,1,1.0,0.0,0.0,5.0,3055.6,100.0,75.0,0.0,1.0,14
2,46.0,1,1.0,0.0,0.0,3.0,794.0,100.0,25.0,0.0,1.0,33
3,40.0,0,9.0,0.0,0.0,3.0,1839.6666666666667,100.0,25.0,0.0,1.0,41
1,39.0,0,399.0,0.0,0.0,8.0,8281.125,100.0,100.0,12.5,0.0,51
3,39.0,0,1.0,0.0,0.0,3.0,4691.666666666667,100.0,0.0,0.0,1.0,19
0,44.0,1,6.0,0.0,0.0,5.0,3810.6,100.0,75.0,0.0,1.0,31
1,20.0,1,5.0,0.0,0.0,1.0,1198.0,50.0,0.0,0.0,0.0,60
3,32.0,0,1.0,4.0,1.0,4.0,15572.75,100.0,50.0,0.0,1.0,27
0,39.0,1,1.0,0.0,0.0,4.0,1074.75,100.0,50.0,0.0,1.0,28
3,30.0,0,5.0,0.0,0.0,2.0,534.5,100.0,0.0,0.0,1.0,10
0,45.0,0,7.0,0.0,0.0,4.0,3341.75,100.0,50.0,0.0,1.0,34
1,35.0,0,1.0,0.0,0.0,5.0,3132.2,100.0,75.0,0.0,1.0,14
1,57.0,1,1160.0,0.0,0.0,9.0,86608.55555555556,100.0,100.0,25.0,0.0,28
3,39.0,1,1.0,0.0,0.0,1.0,242.0,50.0,0.0,0.0,1.0,29
3,39.0,0,5.0,4.0,1.0,3.0,1154.3333333333333,100.0,25.0,0.0,1.0,36
0,50.0,1,47.0,20.0,3.0,6.0,2331.5,100.0,100.0,0.0,0.0,59
0,27.0,1,2.0,0.0,0.0,1.0,1234.0,50.0,0.0,0.0,1.0,34
0,55.0,1,4.0,0.0,0.0,6.0,848.6666666666666,100.0,75.0,0.0,1.0,35
0,41.0,1,38.0,0.0,0.0,6.0,3714.0,100.0,75.0,0.0,1.0,46
1,39.0,1,1.0,0.0,0.0,5.0,796.6,100.0,75.0,0.0,1.0,24
3,55.0,1,1.0,4.4,1.0,3.0,1877.3333333333333,100.0,25.0,0.0,1.0,8
1,24.0,0,5.0,0.0,0.0,4.0,2137.0,100.0,50.0,0.0,1.0,37
3,47.0,1,1.0,4.0,1.0,4.0,5228.25,100.0,50.0,0.0,1.0,31
1,39.0,0,199.0,0.0,0.0,11.0,39969.63636363636,100.0,100.0,50.0,0.0,12
0,39.0,1,5.0,0.0,0.0,1.0,1278.0,50.0,0.0,0.0,1.0,49
0,39.0,1,5.0,0.0,0.0,5.0,1297.6,100.0,75.0,0.0,1.0,27
1,32.0,0,231.0,7.0,2.0,9.0,15316.555555555557,100.0,100.0,25.0,1.0,20
0,43.0,0,1.0,0.0,0.0,2.0,862.0,100.0,0.0,0.0,1.0,26
1,36.0,0,5.0,0.0,0.0,4.0,2091.25,100.0,50.0,0.0,1.0,19
3,39.0,1,41.0,0.0,0.0,7.0,5734.428571428572,100.0,100.0,0.0,0.0,36
1,39.0,0,5.0,0.0,0.0,2.0,908.5,100.0,0.0,0.0,1.0,45
1,40.0,0,133.0,0.0,0.0,8.0,6075.0,100.0,100.0,12.5,1.0,34
3,39.0,0,5.0,0.0,0.0,1.0,200.0,50.0,0.0,0.0,1.0,27
0,49.0,0,53.0,0.0,0.0,7.0,4755.285714285715,100.0,100.0,0.0,0.0,59
3,39.0,1,66.0,0.0,0.0,8.0,8277.875,100.0,100.0,12.5,0.0,7
0,39.0,0,1.0,0.0,0.0,1.0,1532.0,50.0,0.0,0.0,1.0,14
0,35.0,0,9.0,0.0,0.0,5.0,6399.0,100.0,75.0,0.0,1.0,27
3,50.0,0,51.0,0.0,0.0,6.0,5688.666666666667,100.0,75.0,0.0,1.0,39
1,47.0,0,16.0,0.0,0.0,5.0,2423.0,100.0,75.0,0.0,0.0,60
0,32.0,1,43.0,0.0,0.0,8.0,5436.0,100.0,100.0,12.5,0.0,51
1,44.0,0,8.0,22.679998,6.0,5.0,1845.6,100.0,75.0,0.0,1.0,51
3,46.0,0,2.0,0.0,0.0,5.0,0.0,100.0,75.0,0.0,1.0,40
0,39.0,1,1.0,0.0,0.0,1.0,423.0,50.0,0.0,0.0,1.0,39
0,36.0,0,34.0,0.0,0.0,9.0,4478.888888888889,100.0,100.0,25.0,0.0,33
2,65.0,0,1.0,2.0,1.0,5.0,2469.0,100.0,50.0,0.0,1.0,33
0,56.0,0,146.0,0.0,0.0,8.0,18963.625,100.0,100.0,25.0,0.0,14
0,39.0,0,1.0,0.0,0.0,2.0,576.0,100.0,0.0,0.0,1.0,30
1,39.0,1,118.0,0.0,0.0,6.0,17233.5,100.0,75.0,0.0,1.0,50
0,18.0,1,1.0,0.0,0.0,5.0,2487.2,100.0,75.0,0.0,1.0,15
3,39.0,1,1.0,0.0,0.0,1.0,9876.0,50.0,0.0,0.0,1.0,22
0,39.0,0,2.0,0.0,0.0,5.0,1814.0,100.0,75.0,0.0,0.0,37
1,54.0,1,1.0,0.0,0.0,5.0,3318.0,100.0,75.0,0.0,1.0,16
3,39.0,0,1.0,0.0,0.0,3.0,669.3333333333334,100.0,25.0,0.0,1.0,11
1,53.0,0,104.0,0.0,0.0,7.0,6238.285714285715,100.0,100.0,0.0,0.0,31
1,31.0,1,1.0,2.8,1.0,4.0,1639.75,100.0,50.0,0.0,1.0,13
1,39.0,0,5.0,0.0,0.0,1.0,788.0,50.0,0.0,0.0,1.0,46
1,33.0,0,5.0,2.8,1.0,2.0,898.0,100.0,0.0,0.0,1.0,23
1,59.0,0,143.0,47.599995,15.0,9.0,21493.222222222223,100.0,100.0,37.5,0.0,52
0,46.0,1,66.0,0.0,0.0,5.0,4785.4,100.0,50.0,0.0,0.0,47
0,41.0,0,6.0,0.0,0.0,7.0,4953.714285714285,100.0,100.0,0.0,1.0,33
3,38.0,1,6.0,0.0,0.0,2.0,515.0,100.0,0.0,0.0,1.0,29
0,44.0,0,1.0,0.0,0.0,1.0,848.0,50.0,0.0,0.0,1.0,38
0,39.0,0,21.0,0.0,0.0,4.0,1380.5,100.0,50.0,0.0,0.0,45
0,40.0,0,4.0,0.0,0.0,8.0,2699.75,100.0,100.0,25.0,0.0,47
0,39.0,1,1.0,0.0,0.0,2.0,304.5,100.0,0.0,0.0,1.0,21
0,49.0,0,38.0,23.0,4.0,7.0,3484.5714285714284,100.0,100.0,0.0,1.0,29
3,45.0,0,14.0,0.0,0.0,3.0,7085.0,100.0,25.0,0.0,1.0,38
0,24.0,0,1.0,0.0,0.0,2.0,906.0,100.0,0.0,0.0,1.0,24
0,39.0,0,5.0,0.0,0.0,4.0,961.25,100.0,75.0,0.0,0.0,65
3,51.0,0,1.0,4.0,1.0,7.0,22611.14285714286,100.0,100.0,0.0,1.0,22
0,39.0,0,5.0,0.0,0.0,3.0,13578.0,100.0,25.0,0.0,1.0,25
3,39.0,0,1.0,0.0,0.0,3.0,59.0,100.0,25.0,0.0,1.0,8
1,46.0,0,120.0,0.0,0.0,8.0,7217.625,100.0,100.0,12.5,0.0,51
1,35.0,0,1.0,0.0,0.0,2.0,2885.0,100.0,0.0,0.0,1.0,46
1,45.0,1,5.0,0.0,0.0,4.0,1787.25,100.0,50.0,0.0,1.0,26
1,36.0,0,5.0,0.0,0.0,5.0,3112.6,100.0,75.0,0.0,0.0,51
3,33.0,1,1.0,4.0,1.0,3.0,0.0,100.0,25.0,0.0,1.0,23
0,46.0,1,583.0,0.0,0.0,9.0,21283.555555555555,100.0,100.0,25.0,0.0,31
1,44.0,0,5.0,0.0,0.0,4.0,884.75,100.0,50.0,0.0,0.0,23
0,39.0,1,4.0,0.0,0.0,5.0,1253.0,100.0,75.0,0.0,1.0,37
3,39.0,0,1.0,0.0,0.0,4.0,919.25,100.0,50.0,0.0,1.0,37
1,18.0,1,9.0,0.0,0.0,6.0,655.1666666666666,100.0,100.0,0.0,0.0,25
3,38.0,1,1.0,0.0,0.0,3.0,1866.6666666666667,100.0,25.0,0.0,1.0,18
0,44.0,1,2.0,0.0,0.0,5.0,2592.4,100.0,75.0,0.0,1.0,46
3,33.0,1,1.0,0.0,0.0,2.0,1117.0,100.0,0.0,0.0,1.0,24
0,39.0,0,3.0,0.0,0.0,8.0,8640.5,100.0,100.0,25.0,0.0,34
0,56.0,0,20.0,0.0,0.0,5.0,5152.8,100.0,75.0,0.0,0.0,45
1,33.0,0,5.0,0.0,0.0,1.0,292.0,50.0,0.0,0.0,1.0,36
0,24.0,1,2.0,0.0,0.0,3.0,809.6666666666666,100.0,25.0,0.0,1.0,40
1,37.0,1,792.0,2.8,1.0,13.0,4558.153846153846,100.0,100.0,75.0,0.0,24
0,45.0,0,1.0,4.0,1.0,3.0,1733.6666666666667,100.0,50.0,0.0,1.0,15
2,21.0,1,1.0,0.0,0.0,4.0,2587.0,100.0,50.0,0.0,1.0,35
0,46.0,1,5.0,0.0,0.0,1.0,1143.0,50.0,0.0,0.0,1.0,22
3,41.0,1,1.0,0.0,0.0,3.0,1397.6666666666667,100.0,25.0,0.0,1.0,13
3,39.0,1,15.0,0.0,0.0,3.0,1925.6666666666667,100.0,25.0,0.0,1.0,45
1,52.0,0,3.0,0.0,0.0,1.0,2303.0,50.0,0.0,0.0,1.0,34
0,36.0,0,33.0,20.0,3.0,7.0,5468.142857142857,100.0,100.0,0.0,1.0,44
1,46.0,1,1.0,0.0,0.0,4.0,3274.25,100.0,50.0,0.0,1.0,14
0,43.0,1,5.0,0.0,0.0,1.0,1311.0,50.0,0.0,0.0,1.0,17
0,41.0,1,111.0,0.0,0.0,4.0,22591.0,100.0,50.0,0.0,1.0,27
3,39.0,1,5.0,0.0,0.0,3.0,1156.6666666666667,100.0,25.0,0.0,1.0,23
1,36.0,0,16.0,0.0,0.0,5.0,3465.8,100.0,75.0,0.0,0.0,64
3,40.0,0,1.0,0.0,0.0,2.0,573.5,100.0,0.0,0.0,1.0,20
0,39.0,1,10.0,0.0,0.0,5.0,1981.6,100.0,75.0,0.0,0.0,58
3,53.0,1,20.0,23.0,4.0,5.0,5687.0,100.0,50.0,0.0,1.0,35
0,39.0,0,5.0,0.0,0.0,4.0,431.5,100.0,50.0,0.0,1.0,15
0,39.0,0,3.0,0.0,0.0,6.0,9564.833333333334,100.0,100.0,0.0,1.0,42
0,35.0,0,5.0,0.0,0.0,1.0,422.0,50.0,0.0,0.0,1.0,58
0,42.0,0,5.0,4.0,1.0,1.0,17352.0,50.0,0.0,0.0,1.0,29
0,30.0,1,1.0,0.0,0.0,4.0,521.0,100.0,50.0,0.0,1.0,31
3,47.0,1,49.0,0.0,0.0,5.0,2207.6,100.0,50.0,0.0,1.0,45
3,46.0,0,25.0,0.0,0.0,4.0,2313.0,100.0,50.0,0.0,0.0,44
0,37.0,0,22.0,0.0,0.0,1.0,23690.0,50.0,0.0,0.0,1.0,45
3,39.0,0,173.0,10.0,2.0,11.0,8522.818181818182,100.0,100.0,50.0,0.0,27
0,41.0,0,404.0,0.0,0.0,1.0,93735.0,50.0,0.0,0.0,0.0,36
0,56.0,0,4.0,0.0,0.0,4.0,3771.25,100.0,75.0,0.0,0.0,64
0,47.0,0,27.0,0.0,0.0,1.0,46753.0,50.0,0.0,0.0,0.0,56
3,39.0,0,126.0,0.0,0.0,9.0,7052.555555555556,100.0,100.0,25.0,0.0,42
0,39.0,1,1.0,0.0,0.0,6.0,10587.666666666666,100.0,100.0,0.0,1.0,13
3,39.0,0,175.0,4.0,1.0,8.0,8288.5,100.0,100.0,12.5,0.0,23
1,39.0,0,4.0,7.0,2.0,5.0,3368.0,100.0,75.0,0.0,0.0,57
0,38.0,0,35.0,0.0,0.0,5.0,4593.2,100.0,50.0,0.0,1.0,40
3,39.0,0,1.0,0.0,0.0,3.0,1028.0,100.0,25.0,0.0,1.0,17
1,39.0,1,1.0,0.0,0.0,1.0,1804.0,50.0,0.0,0.0,1.0,57
0,42.0,1,29.0,0.0,0.0,9.0,8711.222222222223,100.0,100.0,25.0,1.0,16
0,38.0,0,5.0,0.0,0.0,5.0,1030.4,100.0,75.0,0.0,1.0,14
1,51.0,1,79.0,0.0,0.0,7.0,7146.714285714285,100.0,100.0,0.0,0.0,55
0,47.0,0,7.0,26.0,5.0,5.0,1049.0,100.0,75.0,0.0,0.0,60
1,36.0,1,3.0,0.0,0.0,3.0,933.6666666666666,100.0,25.0,0.0,0.0,64
3,51.0,0,184.0,4.0,1.0,7.0,10016.0,100.0,100.0,0.0,0.0,14
1,31.0,1,66.0,14.0,3.0,8.0,18097.375,100.0,100.0,12.5,0.0,37
0,39.0,1,5.0,0.0,0.0,4.0,607.5,100.0,50.0,0.0,1.0,46
3,52.0,1,5.0,0.0,0.0,3.0,8222.666666666666,100.0,25.0,0.0,1.0,41
3,30.0,0,1.0,0.0,0.0,6.0,4944.833333333333,100.0,100.0,0.0,1.0,10
1,29.0,0,5.0,0.0,0.0,2.0,176.0,100.0,0.0,0.0,1.0,23
0,39.0,0,22.0,0.0,0.0,5.0,1124.2,100.0,75.0,0.0,1.0,42
3,42.0,1,1.0,0.0,0.0,3.0,1240.0,100.0,25.0,0.0,1.0,17
3,36.0,0,5.0,0.0,0.0,1.0,31.0,50.0,0.0,0.0,1.0,32
3,39.0,1,15.0,0.0,0.0,6.0,6257.833333333333,100.0,75.0,0.0,0.0,9
1,45.0,0,64.0,0.0,0.0,5.0,17144.2,100.0,75.0,0.0,0.0,44
1,39.0,0,1.0,0.0,0.0,3.0,638.6666666666666,100.0,25.0,0.0,1.0,36
3,28.0,0,1.0,0.0,0.0,4.0,1308.0,100.0,50.0,0.0,1.0,30
3,51.0,1,53.0,0.0,0.0,7.0,11377.142857142857,100.0,100.0,0.0,1.0,38
1,55.0,0,1.0,0.0,0.0,1.0,1286.0,50.0,0.0,0.0,1.0,57
1,21.0,1,3.0,0.0,0.0,4.0,851.0,100.0,50.0,0.0,1.0,42
1,23.0,1,3.0,7.0,2.0,6.0,105.83333333333331,100.0,75.0,0.0,1.0,27
3,58.0,1,143.0,23.0,4.0,9.0,6370.0,100.0,100.0,25.0,0.0,19
3,39.0,1,2.0,0.0,0.0,1.0,815.0,50.0,0.0,0.0,1.0,45
2,48.0,0,6.0,0.0,0.0,4.0,3392.0,100.0,50.0,0.0,1.0,46
3,39.0,1,1.0,0.0,0.0,2.0,9609.5,100.0,0.0,0.0,1.0,4
3,18.0,1,5.0,0.0,0.0,2.0,3422.5,100.0,0.0,0.0,1.0,13
1,39.0,0,5.0,0.0,0.0,1.0,2543.0,50.0,0.0,0.0,1.0,47
1,39.0,1,1.0,0.0,0.0,4.0,1501.5,100.0,50.0,0.0,1.0,29
3,34.0,0,222.0,26.0,5.0,8.0,4917.75,100.0,100.0,12.5,0.0,15
0,50.0,1,112.0,10.0,2.0,9.0,26389.666666666668,100.0,100.0,37.5,0.0,54
1,36.0,0,1.0,0.0,0.0,1.0,1812.0,50.0,0.0,0.0,1.0,23
1,61.0,0,35.0,2.8,1.0,7.0,3436.5714285714284,100.0,100.0,0.0,1.0,16
3,57.0,1,362.0,29.0,6.0,8.0,22436.25,100.0,100.0,12.5,1.0,40
3,32.0,0,11.0,4.0,1.0,6.0,269.1666666666667,100.0,75.0,0.0,1.0,33
0,47.0,0,10.0,0.0,0.0,5.0,158.4,100.0,75.0,0.0,1.0,56
1,57.0,0,228.0,0.0,0.0,11.0,9472.818181818182,100.0,100.0,50.0,0.0,13
1,50.0,1,51.0,19.599998,5.0,8.0,12105.375,100.0,100.0,12.5,1.0,38
1,38.0,1,1.0,7.0,2.0,3.0,5923.0,100.0,0.0,0.0,0.0,27
0,39.0,1,2.0,0.0,0.0,8.0,4155.125,100.0,100.0,12.5,1.0,30
0,34.0,1,1.0,0.0,0.0,4.0,1169.5,100.0,50.0,0.0,1.0,38
3,39.0,1,1.0,0.0,0.0,2.0,757.0,100.0,0.0,0.0,1.0,19
1,39.0,1,2.0,0.0,0.0,4.0,1469.5,100.0,50.0,0.0,1.0,34
1,39.0,0,1.0,0.0,0.0,5.0,1926.0,100.0,75.0,0.0,1.0,29
0,39.0,1,5.0,0.0,0.0,1.0,1194.0,50.0,0.0,0.0,1.0,25
3,30.0,0,1.0,0.0,0.0,4.0,12919.0,100.0,50.0,0.0,1.0,28
3,39.0,1,5.0,0.0,0.0,3.0,690.0,100.0,25.0,0.0,1.0,32
2,18.0,0,5.0,0.0,0.0,3.0,276.6666666666667,100.0,25.0,0.0,1.0,45
0,42.0,0,159.0,0.0,0.0,7.0,4273.285714285715,100.0,100.0,0.0,0.0,59
0,33.0,1,1.0,4.0,1.0,5.0,2374.0,100.0,75.0,0.0,1.0,32
3,39.0,0,15.0,0.0,0.0,2.0,706.0,100.0,0.0,0.0,1.0,33
3,57.0,1,1.0,0.0,0.0,4.0,15727.0,100.0,50.0,0.0,1.0,25
1,49.0,0,5.0,0.0,0.0,3.0,652.0,100.0,25.0,0.0,1.0,15
0,46.0,0,1.0,0.0,0.0,5.0,3693.6,100.0,75.0,0.0,0.0,33
0,42.0,1,1.0,0.0,0.0,5.0,3261.4,100.0,75.0,0.0,1.0,26
3,39.0,1,1.0,4.0,1.0,3.0,74.0,100.0,25.0,0.0,1.0,6
1,60.0,1,30.0,0.0,0.0,1.0,39076.0,50.0,0.0,0.0,0.0,44
1,63.0,0,15.0,0.0,0.0,4.0,2338.75,100.0,50.0,0.0,0.0,57
3,39.0,0,5.0,0.0,0.0,3.0,4628.0,100.0,25.0,0.0,1.0,36
1,36.0,0,1.0,2.8,1.0,12.0,19331.666666666668,100.0,100.0,75.0,0.0,18
0,47.0,1,34.0,10.0,2.0,6.0,4218.0,100.0,75.0,0.0,1.0,46
3,41.0,0,1.0,0.0,0.0,3.0,182.33333333333337,100.0,25.0,0.0,1.0,39
0,28.0,1,1.0,0.0,0.0,8.0,11704.0,100.0,100.0,12.5,1.0,25
3,40.0,1,1.0,0.0,0.0,3.0,9994.666666666666,100.0,25.0,0.0,1.0,9
3,42.0,0,5.0,0.0,0.0,1.0,770.0,50.0,0.0,0.0,1.0,8
0,31.0,0,5.0,0.0,0.0,5.0,9816.8,100.0,75.0,0.0,0.0,30
0,57.0,0,1.0,0.0,0.0,5.0,7427.0,100.0,50.0,0.0,1.0,15
3,39.0,0,31.0,0.0,0.0,4.0,8305.0,100.0,50.0,0.0,1.0,44
3,39.0,0,1.0,0.0,0.0,4.0,2291.25,100.0,25.0,0.0,1.0,4
0,41.0,0,51.0,0.0,0.0,8.0,3382.25,100.0,100.0,12.5,0.0,38
2,34.0,1,5.0,0.0,0.0,1.0,907.0,50.0,0.0,0.0,1.0,49
1,39.0,1,1.0,0.0,0.0,4.0,2188.5,100.0,50.0,0.0,1.0,28
0,39.0,0,4.0,0.0,0.0,1.0,4491.0,50.0,0.0,0.0,1.0,50
3,44.0,0,96.0,0.0,0.0,7.0,11021.142857142857,100.0,100.0,0.0,1.0,28
0,30.0,1,3.0,0.0,0.0,2.0,311.5,100.0,0.0,0.0,1.0,39
0,62.0,0,3.0,0.0,0.0,3.0,405.0,100.0,25.0,0.0,1.0,42
3,21.0,0,25.0,0.0,0.0,4.0,2136.25,100.0,50.0,0.0,1.0,44
3,24.0,0,1.0,0.0,0.0,1.0,7088.0,0.0,0.0,0.0,1.0,27
3,34.0,0,96.0,23.0,4.0,6.0,9381.333333333334,100.0,75.0,0.0,1.0,18
3,51.0,0,531.0,0.0,0.0,10.0,30161.9,100.0,100.0,37.5,0.0,24
3,39.0,0,5.0,0.0,0.0,1.0,574.0,50.0,0.0,0.0,1.0,29
0,19.0,1,5.0,0.0,0.0,1.0,580.0,50.0,0.0,0.0,1.0,18
0,42.0,0,1.0,4.0,1.0,9.0,32554.555555555555,100.0,100.0,25.0,0.0,27
3,46.0,1,186.0,0.0,0.0,6.0,12446.166666666666,100.0,75.0,0.0,0.0,14
0,39.0,0,5.0,0.0,0.0,4.0,488.25,100.0,50.0,0.0,1.0,13
0,44.0,1,101.0,0.0,0.0,7.0,7240.0,100.0,100.0,0.0,0.0,38
3,36.0,0,1.0,0.0,0.0,3.0,112.33333333333331,100.0,25.0,0.0,1.0,23
1,43.0,1,89.0,25.199997,7.0,8.0,9596.125,100.0,100.0,12.5,0.0,18
1,39.0,1,3.0,0.0,0.0,4.0,1006.5,100.0,50.0,0.0,1.0,47
0,39.0,1,50.0,32.0,7.0,2.0,6970.0,100.0,0.0,0.0,1.0,24
1,56.0,0,293.0,2.8,1.0,9.0,6488.333333333333,100.0,100.0,37.5,0.0,52
0,55.0,1,52.0,4.0,1.0,7.0,5335.857142857143,100.0,100.0,0.0,1.0,42
3,31.0,1,6.0,0.0,0.0,4.0,2878.0,100.0,50.0,0.0,0.0,41
0,39.0,0,17.0,0.0,0.0,5.0,6240.2,100.0,75.0,0.0,1.0,51
0,39.0,1,99.0,0.0,0.0,6.0,5603.333333333333,100.0,100.0,0.0,0.0,55
0,41.0,0,15.0,4.0,1.0,12.0,25308.083333333332,100.0,100.0,62.5,0.0,13
3,40.0,1,6.0,23.0,4.0,3.0,2986.3333333333335,100.0,25.0,0.0,1.0,13
2,39.0,0,1.0,0.0,0.0,3.0,1643.6666666666667,100.0,25.0,0.0,1.0,40
0,25.0,1,1.0,0.0,0.0,4.0,1086.25,100.0,50.0,0.0,1.0,25
3,52.0,1,22.0,4.0,1.0,5.0,4629.8,100.0,50.0,0.0,1.0,36
3,57.0,1,19.0,0.0,0.0,7.0,12338.0,100.0,100.0,0.0,1.0,28
0,36.0,1,4.0,0.0,0.0,7.0,5404.285714285715,100.0,100.0,12.5,0.0,34
1,51.0,1,919.0,0.0,0.0,13.0,49393.0,100.0,100.0,75.0,0.0,21
1,46.0,0,59.0,0.0,0.0,9.0,29823.666666666668,100.0,100.0,25.0,0.0,17
0,39.0,1,5.0,0.0,0.0,3.0,998.0,100.0,25.0,0.0,1.0,42
3,41.0,1,1.0,4.0,1.0,10.0,31167.6,100.0,100.0,37.5,1.0,15
3,55.0,1,125.0,0.0,0.0,7.0,20099.714285714286,100.0,100.0,0.0,0.0,16
0,36.0,1,1.0,4.0,1.0,5.0,1719.0,100.0,75.0,0.0,1.0,28
0,64.0,1,66.0,0.0,0.0,7.0,20302.85714285714,100.0,100.0,0.0,0.0,32
1,27.0,1,5.0,2.8,1.0,1.0,125.0,50.0,0.0,0.0,1.0,38
0,39.0,1,5.0,0.0,0.0,5.0,2296.2,100.0,75.0,0.0,1.0,54
3,42.0,0,7.0,20.0,3.0,3.0,1960.0,100.0,25.0,0.0,1.0,33
3,27.0,1,15.0,4.0,1.0,8.0,8578.75,100.0,100.0,12.5,1.0,3
3,27.0,0,4.0,0.0,0.0,3.0,1569.3333333333333,100.0,25.0,0.0,1.0,24
3,32.0,1,8.0,10.0,2.0,4.0,1977.5,100.0,50.0,0.0,1.0,44
1,32.0,0,4.0,0.0,0.0,4.0,1249.0,100.0,50.0,0.0,1.0,47
0,39.0,0,5.0,0.0,0.0,2.0,401.5,100.0,0.0,0.0,1.0,36
0,21.0,0,12.0,0.0,0.0,4.0,1378.25,100.0,50.0,0.0,1.0,49
0,39.0,1,1.0,4.0,1.0,6.0,2354.8333333333335,100.0,100.0,0.0,1.0,17
3,26.0,0,1.0,0.0,0.0,3.0,45.0,100.0,25.0,0.0,1.0,8
1,47.0,0,4.0,0.0,0.0,2.0,41129.0,100.0,0.0,0.0,0.0,13
1,48.0,1,41.0,0.0,0.0,1.0,4528.0,50.0,0.0,0.0,1.0,60
3,39.0,0,10.0,0.0,0.0,2.0,4099.0,100.0,0.0,0.0,1.0,44
0,26.0,0,531.0,0.0,0.0,9.0,10215.222222222224,100.0,100.0,25.0,1.0,42
3,36.0,0,5.0,0.0,0.0,1.0,490.0,50.0,0.0,0.0,1.0,24
0,39.0,1,4.0,0.0,0.0,8.0,18357.25,100.0,100.0,25.0,0.0,40
3,39.0,0,5.0,0.0,0.0,1.0,752.0,50.0,0.0,0.0,1.0,20
3,51.0,1,3.0,0.0,0.0,2.0,1227.5,100.0,0.0,0.0,1.0,44
3,27.0,1,353.0,0.0,0.0,7.0,22551.571428571428,100.0,100.0,12.5,0.0,35
0,35.0,1,1.0,0.0,0.0,4.0,2157.25,100.0,50.0,0.0,1.0,35
0,39.0,0,4.0,0.0,0.0,4.0,582.0,100.0,50.0,0.0,1.0,37
1,40.0,0,1.0,0.0,0.0,5.0,6643.8,100.0,75.0,0.0,1.0,26
0,34.0,0,5.0,0.0,0.0,5.0,17788.0,100.0,75.0,0.0,0.0,19
0,60.0,0,486.0,0.0,0.0,9.0,11935.777777777776,100.0,100.0,25.0,0.0,46
0,28.0,1,1.0,0.0,0.0,4.0,11272.25,100.0,50.0,0.0,1.0,43
0,39.0,0,10.0,10.0,2.0,6.0,2944.3333333333335,100.0,100.0,0.0,0.0,60
0,24.0,0,5.0,0.0,0.0,2.0,505.5,100.0,0.0,0.0,1.0,37
0,32.0,1,8.0,0.0,0.0,4.0,2046.75,100.0,50.0,0.0,0.0,63
0,39.0,0,54.0,0.0,0.0,9.0,23006.444444444445,100.0,100.0,37.5,0.0,45
3,42.0,0,1.0,4.0,1.0,4.0,71.5,100.0,50.0,0.0,1.0,11
3,33.0,0,5.0,0.0,0.0,2.0,740.5,100.0,0.0,0.0,1.0,40
1,51.0,1,10.0,0.0,0.0,6.0,2910.8333333333335,100.0,75.0,0.0,1.0,31
0,19.0,1,3.0,0.0,0.0,4.0,237.0,100.0,50.0,0.0,1.0,43
0,31.0,0,82.0,0.0,0.0,9.0,9057.888888888889,100.0,100.0,25.0,0.0,40
3,30.0,1,147.0,4.0,1.0,9.0,29859.333333333332,100.0,100.0,25.0,1.0,27
3,39.0,0,19.0,0.0,0.0,3.0,2680.3333333333335,100.0,25.0,0.0,0.0,46
1,38.0,1,1.0,0.0,0.0,4.0,166.75,100.0,50.0,0.0,1.0,15
3,54.0,0,1.0,0.0,0.0,1.0,23.0,50.0,0.0,0.0,1.0,22
3,39.0,1,5.0,0.0,0.0,1.0,1175.0,50.0,0.0,0.0,1.0,39
1,31.0,0,120.0,2.8,1.0,10.0,34368.0,100.0,100.0,37.5,0.0,36
1,39.0,1,5.0,0.0,0.0,3.0,98.66666666666669,100.0,25.0,0.0,1.0,45
3,39.0,0,1.0,0.0,0.0,2.0,18.5,100.0,0.0,0.0,1.0,14
1,33.0,1,1.0,0.0,0.0,1.0,64926.0,50.0,0.0,0.0,1.0,27
1,39.0,1,4.0,0.0,0.0,3.0,220.0,100.0,25.0,0.0,0.0,64
3,56.0,1,40.0,0.0,0.0,3.0,25896.333333333332,100.0,25.0,0.0,1.0,0
3,30.0,1,1.0,0.0,0.0,4.0,1424.5,100.0,50.0,0.0,1.0,35
0,48.0,0,2.0,0.0,0.0,1.0,1849.0,50.0,0.0,0.0,1.0,57
2,49.0,0,2.0,0.0,0.0,4.0,4180.5,100.0,50.0,0.0,1.0,35
1,39.0,0,5.0,0.0,0.0,1.0,1136.0,50.0,0.0,0.0,1.0,38
3,39.0,1,5.0,0.0,0.0,1.0,1538.0,50.0,0.0,0.0,1.0,19
3,44.0,1,5.0,10.0,2.0,3.0,1080.0,100.0,25.0,0.0,1.0,45
3,18.0,1,1.0,0.0,0.0,5.0,4243.0,100.0,75.0,0.0,1.0,24
0,31.0,0,59.0,20.0,3.0,7.0,2828.1428571428573,100.0,100.0,0.0,1.0,42
3,32.0,0,5.0,4.0,1.0,1.0,1226.0,50.0,0.0,0.0,1.0,17
3,35.0,0,1.0,4.4,1.0,3.0,1973.3333333333333,100.0,25.0,0.0,1.0,6
0,33.0,0,5.0,0.0,0.0,4.0,1131.0,100.0,50.0,0.0,1.0,40
0,53.0,1,3.0,4.0,1.0,8.0,7810.75,100.0,100.0,12.5,1.0,18
3,39.0,0,5.0,0.0,0.0,1.0,1530.0,50.0,0.0,0.0,1.0,26
0,39.0,1,1.0,0.0,0.0,3.0,1135.6666666666667,100.0,25.0,0.0,1.0,36
3,39.0,1,23.0,0.0,0.0,3.0,11.0,100.0,50.0,0.0,1.0,32
1,48.0,1,79.0,0.0,0.0,7.0,638.7142857142857,100.0,100.0,0.0,0.0,20
3,39.0,0,1.0,0.0,0.0,1.0,832.0,50.0,0.0,0.0,1.0,40
2,39.0,1,63.0,7.59,3.0,7.0,20655.428571428572,100.0,100.0,0.0,0.0,37
1,39.0,0,5.0,0.0,0.0,4.0,1369.25,100.0,50.0,0.0,1.0,15
0,36.0,1,5.0,0.0,0.0,2.0,788.5,100.0,0.0,0.0,1.0,40
1,49.0,0,1.0,0.0,0.0,3.0,772.6666666666666,100.0,25.0,0.0,1.0,43
0,65.0,1,342.0,0.0,0.0,9.0,30173.11111111111,100.0,100.0,25.0,1.0,13
1,39.0,0,1118.0,0.0,0.0,11.0,74106.54545454546,100.0,100.0,50.0,0.0,17
1,38.0,0,14.0,0.0,0.0,5.0,14159.8,100.0,75.0,0.0,1.0,43
0,39.0,1,5.0,0.0,0.0,5.0,796.2,100.0,75.0,0.0,1.0,38
1,44.0,1,210.0,0.0,0.0,7.0,5100.142857142857,100.0,100.0,0.0,0.0,18
3,39.0,1,1.0,0.0,0.0,1.0,1010.0,50.0,0.0,0.0,1.0,26
2,40.0,0,1005.0,0.0,0.0,11.0,41758.36363636364,100.0,100.0,50.0,1.0,34
0,43.0,0,119.0,0.0,0.0,7.0,2062.5714285714284,100.0,100.0,12.5,0.0,44
1,37.0,1,74.0,14.0,3.0,7.0,3576.5714285714284,100.0,100.0,0.0,0.0,36
1,39.0,1,1.0,0.0,0.0,4.0,127.0,100.0,50.0,0.0,1.0,19
0,42.0,1,1.0,4.0,1.0,9.0,6759.777777777777,100.0,100.0,25.0,1.0,14
0,29.0,0,97.0,0.0,0.0,7.0,416.8571428571428,100.0,100.0,0.0,0.0,57
3,32.0,0,5.0,4.4,1.0,2.0,100.0,100.0,0.0,0.0,1.0,0
3,38.0,1,9.0,0.0,0.0,3.0,416.0,100.0,25.0,0.0,1.0,40
0,39.0,1,5.0,0.0,0.0,1.0,398.0,50.0,0.0,0.0,0.0,62
1,34.0,0,4.0,0.0,0.0,7.0,8887.857142857143,100.0,100.0,12.5,0.0,27
0,46.0,0,467.0,10.0,2.0,9.0,10743.222222222224,100.0,100.0,25.0,0.0,38
2,39.0,0,171.0,0.0,0.0,7.0,4397.428571428572,100.0,100.0,0.0,0.0,40
3,34.0,0,1.0,0.0,0.0,3.0,2509.0,100.0,25.0,0.0,1.0,11
0,39.0,0,20.0,0.0,0.0,4.0,8771.5,100.0,50.0,0.0,1.0,26
1,49.0,1,5.0,0.0,0.0,1.0,1132.0,50.0,0.0,0.0,1.0,40
3,36.0,0,5.0,0.0,0.0,1.0,691.0,50.0,0.0,0.0,1.0,19
2,35.0,1,5.0,5.0,2.0,2.0,2252.0,100.0,0.0,0.0,1.0,39
3,40.0,0,3.0,0.0,0.0,3.0,430.3333333333333,100.0,25.0,0.0,1.0,45
0,39.0,0,271.0,0.0,0.0,11.0,21319.363636363636,100.0,100.0,50.0,1.0,28
3,42.0,1,5.0,0.0,0.0,2.0,12.5,100.0,0.0,0.0,1.0,12
0,39.0,1,15.0,0.0,0.0,5.0,3734.2,100.0,75.0,0.0,0.0,56
1,39.0,1,5.0,0.0,0.0,3.0,85.0,100.0,25.0,0.0,0.0,64
1,48.0,0,1.0,0.0,0.0,5.0,7476.4,100.0,75.0,0.0,1.0,17
1,35.0,0,43.0,2.8,1.0,7.0,2430.5714285714284,100.0,100.0,0.0,0.0,21
3,35.0,0,43.0,4.0,1.0,5.0,13763.4,100.0,50.0,0.0,1.0,4
0,36.0,1,11.0,0.0,0.0,5.0,1259.4,100.0,75.0,0.0,0.0,32
0,46.0,0,1.0,0.0,0.0,5.0,2097.6,100.0,75.0,0.0,1.0,14
3,41.0,0,9.0,0.0,0.0,5.0,13480.6,100.0,75.0,0.0,1.0,30
3,39.0,1,210.0,4.0,1.0,8.0,14265.0,100.0,100.0,12.5,0.0,42
3,27.0,0,1.0,4.0,1.0,3.0,1619.6666666666667,100.0,25.0,0.0,1.0,35
0,49.0,0,1.0,0.0,0.0,3.0,2185.6666666666665,100.0,25.0,0.0,1.0,27
0,20.0,0,7.0,0.0,0.0,3.0,20713.666666666668,100.0,0.0,0.0,1.0,23
1,39.0,1,5.0,0.0,0.0,3.0,1542.6666666666667,100.0,25.0,0.0,1.0,45
3,38.0,0,5.0,0.0,0.0,2.0,1357.0,100.0,0.0,0.0,1.0,31
3,42.0,0,141.0,10.0,2.0,9.0,5194.444444444444,100.0,100.0,25.0,0.0,34
0,39.0,0,31.0,0.0,0.0,7.0,9124.857142857143,100.0,100.0,0.0,0.0,44
1,39.0,1,52.0,2.8,1.0,8.0,6546.25,100.0,100.0,12.5,1.0,20
3,35.0,0,4.0,0.0,0.0,5.0,7773.2,100.0,75.0,0.0,1.0,30
0,39.0,0,49.0,0.0,0.0,5.0,8357.4,100.0,75.0,0.0,1.0,51
3,41.0,1,1.0,0.0,0.0,3.0,3366.3333333333335,100.0,25.0,0.0,1.0,23
3,39.0,1,5.0,0.0,0.0,1.0,270.0,50.0,0.0,0.0,1.0,41
0,39.0,1,1.0,4.0,1.0,6.0,860.8333333333334,100.0,100.0,0.0,1.0,25
3,42.0,1,10.0,0.0,0.0,3.0,995.0,100.0,25.0,0.0,1.0,42
3,37.0,1,1.0,0.0,0.0,2.0,1514.0,100.0,0.0,0.0,1.0,24
1,32.0,1,4.0,0.0,0.0,5.0,1748.8,100.0,75.0,0.0,0.0,34
3,39.0,0,1.0,0.0,0.0,4.0,22490.75,100.0,50.0,0.0,1.0,27
0,39.0,0,5.0,0.0,0.0,1.0,21.0,50.0,0.0,0.0,1.0,22
0,39.0,0,1249.0,0.0,0.0,9.0,63936.666666666664,100.0,100.0,25.0,0.0,16
3,40.0,0,134.0,0.0,0.0,7.0,7943.714285714285,100.0,100.0,12.5,0.0,18
3,34.0,1,5.0,0.0,0.0,1.0,567.0,50.0,0.0,0.0,1.0,37
0,35.0,1,1.0,0.0,0.0,6.0,1970.3333333333333,100.0,100.0,0.0,1.0,14
0,18.0,0,1095.0,4.0,1.0,11.0,27345.272727272728,100.0,100.0,62.5,0.0,39
0,39.0,1,132.0,0.0,0.0,10.0,32719.4,100.0,100.0,37.5,0.0,12
0,39.0,0,3.0,0.0,0.0,3.0,1295.3333333333333,100.0,25.0,0.0,0.0,62
3,50.0,0,11.0,0.0,0.0,3.0,708.6666666666666,100.0,25.0,0.0,1.0,45
0,36.0,1,195.0,4.0,1.0,12.0,32630.75,100.0,100.0,62.5,1.0,25
3,43.0,1,1.0,4.4,1.0,3.0,2378.0,100.0,25.0,0.0,1.0,18
0,45.0,0,1.0,0.0,0.0,4.0,139.5,100.0,50.0,0.0,1.0,33
0,39.0,0,33.0,0.0,0.0,6.0,3277.1666666666665,100.0,75.0,0.0,1.0,45
1,39.0,0,5.0,0.0,0.0,1.0,1815.0,50.0,0.0,0.0,1.0,44
2,93.0,1,9.0,0.0,0.0,4.0,976.25,100.0,50.0,0.0,1.0,41
1,20.0,1,1.0,2.8,1.0,5.0,1788.4,100.0,75.0,0.0,1.0,20
3,39.0,0,1.0,0.0,0.0,3.0,550.6666666666666,100.0,25.0,0.0,1.0,12
0,36.0,1,1.0,0.0,0.0,5.0,3817.4,100.0,75.0,0.0,1.0,15
1,42.0,1,5.0,14.0,3.0,6.0,1099.6666666666667,100.0,100.0,0.0,0.0,55
0,39.0,1,13.0,0.0,0.0,5.0,4040.6,100.0,75.0,0.0,0.0,58
3,35.0,0,1.0,0.0,0.0,6.0,6803.833333333333,100.0,75.0,0.0,1.0,22
3,42.0,1,5.0,0.0,0.0,1.0,1459.0,50.0,0.0,0.0,1.0,21
0,39.0,1,1.0,0.0,0.0,7.0,4495.285714285715,100.0,100.0,0.0,1.0,19
3,41.0,0,1.0,0.0,0.0,1.0,3434.0,50.0,0.0,0.0,1.0,37
0,36.0,1,1.0,0.0,0.0,5.0,3895.4,100.0,75.0,0.0,1.0,21
3,39.0,0,1.0,0.0,0.0,1.0,757.0,50.0,0.0,0.0,1.0,16
3,39.0,1,1.0,0.0,0.0,3.0,1526.3333333333333,100.0,25.0,0.0,1.0,8
0,39.0,1,5.0,0.0,0.0,3.0,612.6666666666666,100.0,25.0,0.0,1.0,47
0,57.0,1,515.0,0.0,0.0,2.0,82152.0,100.0,0.0,0.0,0.0,43
1,44.0,1,124.0,0.0,0.0,7.0,13651.0,100.0,100.0,0.0,0.0,45
1,32.0,0,1.0,0.0,0.0,5.0,2567.0,100.0,75.0,0.0,1.0,23
3,53.0,0,1.0,0.0,0.0,1.0,548.0,50.0,0.0,0.0,1.0,26
0,41.0,0,1.0,0.0,0.0,6.0,8564.166666666666,100.0,100.0,0.0,1.0,16
3,31.0,0,1.0,0.0,0.0,2.0,1279.5,100.0,0.0,0.0,1.0,10
3,54.0,0,1.0,4.0,1.0,5.0,2240.0,100.0,75.0,0.0,1.0,22
3,51.0,0,1.0,0.0,0.0,2.0,798.0,100.0,0.0,0.0,1.0,29
1,44.0,1,1.0,0.0,0.0,4.0,861.5,100.0,50.0,0.0,1.0,32
0,45.0,1,94.0,35.0,8.0,8.0,5349.375,100.0,100.0,12.5,1.0,38
3,39.0,0,5.0,0.0,0.0,4.0,1936.25,100.0,50.0,0.0,1.0,32
1,48.0,1,1.0,0.0,0.0,4.0,1594.25,100.0,50.0,0.0,1.0,17
3,39.0,1,1.0,0.0,0.0,5.0,6472.6,100.0,50.0,0.0,1.0,13
1,56.0,0,218.0,0.0,0.0,10.0,19815.5,100.0,100.0,37.5,0.0,32
3,39.0,0,5.0,0.0,0.0,3.0,1329.3333333333333,100.0,25.0,0.0,1.0,18
1,48.0,1,596.0,16.8,4.0,8.0,21406.5,100.0,100.0,12.5,1.0,43
0,39.0,1,21.0,0.0,0.0,7.0,3203.714285714286,100.0,100.0,12.5,0.0,53
3,40.0,0,1.0,0.0,0.0,3.0,388.3333333333333,100.0,25.0,0.0,1.0,17
2,53.0,1,1.0,0.0,0.0,5.0,3468.4,100.0,50.0,0.0,1.0,33
3,45.0,0,10.0,0.0,0.0,7.0,5901.714285714285,100.0,100.0,0.0,0.0,0
1,39.0,1,16.0,0.0,0.0,7.0,18515.14285714286,100.0,100.0,0.0,1.0,21
2,43.0,0,5.0,2.0,1.0,1.0,842.0,50.0,0.0,0.0,1.0,33
0,39.0,1,42.0,0.0,0.0,8.0,6698.875,100.0,100.0,12.5,1.0,29
0,48.0,1,10.0,0.0,0.0,4.0,26.25,100.0,50.0,0.0,1.0,42
3,39.0,0,1.0,0.0,0.0,4.0,3766.75,100.0,50.0,0.0,1.0,16
1,22.0,1,1.0,2.8,1.0,4.0,1322.0,100.0,50.0,0.0,1.0,50
3,39.0,1,161.0,0.0,0.0,7.0,17932.428571428572,100.0,100.0,0.0,1.0,34
0,32.0,1,1.0,14.0,2.0,4.0,0.25,100.0,50.0,0.0,1.0,47
1,21.0,1,1.0,0.0,0.0,4.0,1889.75,100.0,50.0,0.0,1.0,23
3,36.0,0,1.0,0.0,0.0,2.0,2924.0,50.0,0.0,0.0,1.0,13
1,62.0,0,1.0,0.0,0.0,3.0,2369.3333333333335,100.0,25.0,0.0,1.0,13
3,20.0,0,7.0,0.0,0.0,4.0,1451.75,100.0,50.0,0.0,1.0,31
3,45.0,0,8.0,4.0,1.0,4.0,3889.25,100.0,50.0,0.0,0.0,10
1,39.0,1,6.0,0.0,0.0,1.0,44323.0,50.0,0.0,0.0,1.0,40
3,39.0,0,1.0,0.0,0.0,4.0,45.75,100.0,50.0,0.0,1.0,9
3,52.0,0,7.0,0.0,0.0,6.0,3807.6666666666665,100.0,100.0,0.0,0.0,38
3,39.0,0,1.0,0.0,0.0,4.0,1010.75,100.0,50.0,0.0,1.0,20
1,34.0,0,119.0,14.0,3.0,8.0,9992.0,100.0,100.0,25.0,0.0,39
1,39.0,1,5.0,0.0,0.0,2.0,4.5,100.0,0.0,0.0,1.0,48
0,39.0,0,1.0,0.0,0.0,5.0,698.8,100.0,75.0,0.0,1.0,19
1,62.0,0,233.0,7.0,2.0,8.0,10185.875,100.0,100.0,12.5,0.0,34
3,50.0,1,64.0,0.0,0.0,5.0,3340.6,100.0,50.0,0.0,1.0,41
3,39.0,0,1.0,0.0,0.0,3.0,19.333333333333332,100.0,25.0,0.0,1.0,25
3,53.0,1,1.0,0.0,0.0,4.0,4027.25,100.0,50.0,0.0,1.0,8
3,21.0,0,1.0,0.0,0.0,3.0,347.3333333333333,100.0,25.0,0.0,1.0,16
0,34.0,1,167.0,4.0,1.0,11.0,14011.272727272728,100.0,100.0,50.0,0.0,25
3,45.0,1,12.0,0.0,0.0,3.0,3122.6666666666665,100.0,25.0,0.0,1.0,43
1,50.0,0,69.0,0.0,0.0,7.0,6064.142857142857,100.0,100.0,12.5,0.0,55
0,34.0,0,114.0,4.0,1.0,9.0,4993.444444444444,100.0,100.0,25.0,0.0,41
0,39.0,1,1.0,0.0,0.0,6.0,1475.8333333333333,100.0,75.0,0.0,1.0,16
3,34.0,0,5.0,4.0,1.0,4.0,2948.75,100.0,50.0,0.0,0.0,24
3,38.0,1,1.0,0.0,0.0,4.0,6277.0,100.0,50.0,0.0,1.0,33
3,43.0,1,40.0,4.0,1.0,6.0,6764.5,100.0,75.0,0.0,1.0,31
3,38.0,0,1.0,4.0,1.0,3.0,5.333333333333333,100.0,25.0,0.0,1.0,30
3,39.0,1,1.0,0.0,0.0,3.0,839.6666666666666,100.0,25.0,0.0,1.0,30
3,58.0,0,1.0,0.0,0.0,1.0,9807.0,50.0,0.0,0.0,1.0,24
0,21.0,0,129.0,4.0,1.0,5.0,1502.6,100.0,75.0,0.0,1.0,39
3,60.0,0,742.0,0.0,0.0,10.0,36288.8,100.0,100.0,37.5,0.0,32
1,34.0,0,17.0,0.0,0.0,6.0,7721.166666666667,100.0,100.0,0.0,1.0,44
0,39.0,1,6.0,0.0,0.0,5.0,1999.2,100.0,75.0,0.0,1.0,33
1,37.0,0,5.0,0.0,0.0,6.0,4284.333333333333,100.0,100.0,0.0,0.0,48
1,39.0,0,20.0,0.0,0.0,6.0,4126.833333333333,100.0,100.0,0.0,0.0,41
3,39.0,0,1.0,4.0,1.0,3.0,1458.6666666666667,100.0,25.0,0.0,1.0,13
1,35.0,0,1.0,0.0,0.0,7.0,2610.5714285714284,100.0,100.0,0.0,1.0,18
3,34.0,0,5.0,0.0,0.0,3.0,1117.3333333333333,100.0,25.0,0.0,1.0,39
0,18.0,1,5.0,0.0,0.0,5.0,1618.0,100.0,75.0,0.0,1.0,27
1,39.0,0,5.0,0.0,0.0,4.0,1138.75,100.0,50.0,0.0,1.0,42
3,32.0,0,49.0,10.0,2.0,5.0,4878.4,100.0,50.0,0.0,0.0,42
3,54.0,0,92.0,0.0,0.0,6.0,6572.166666666667,100.0,75.0,0.0,1.0,33
0,32.0,0,1.0,0.0,0.0,8.0,5330.375,100.0,100.0,12.5,1.0,21
0,34.0,0,15.0,4.0,1.0,6.0,2061.3333333333335,100.0,75.0,0.0,1.0,21
0,33.0,0,318.0,0.0,0.0,9.0,8323.666666666666,100.0,100.0,25.0,1.0,30
2,39.0,1,206.0,0.0,0.0,7.0,10982.57142857143,100.0,100.0,0.0,0.0,51
3,47.0,1,5.0,0.0,0.0,1.0,767.0,50.0,0.0,0.0,1.0,46
1,39.0,0,5.0,0.0,0.0,1.0,1147.0,50.0,0.0,0.0,1.0,42
3,55.0,0,126.0,23.0,4.0,6.0,8710.166666666666,100.0,75.0,0.0,0.0,30
0,37.0,1,1.0,0.0,0.0,2.0,1272.5,100.0,0.0,0.0,1.0,16
1,39.0,1,1.0,0.0,0.0,5.0,1551.8,100.0,75.0,0.0,1.0,19
1,51.0,0,4.0,0.0,0.0,8.0,8439.375,100.0,100.0,12.5,1.0,17
2,31.0,1,1.0,0.0,0.0,4.0,2003.0,100.0,50.0,0.0,1.0,48
0,27.0,1,1.0,0.0,0.0,5.0,450.2,100.0,75.0,0.0,1.0,26
1,39.0,0,1.0,0.0,0.0,5.0,1887.0,100.0,75.0,0.0,1.0,14
0,46.0,0,1.0,0.0,0.0,2.0,306.0,100.0,0.0,0.0,1.0,45
1,56.0,1,1.0,0.0,0.0,4.0,2272.75,100.0,50.0,0.0,1.0,36
0,28.0,1,5.0,0.0,0.0,4.0,627.75,100.0,50.0,0.0,1.0,31
3,35.0,1,5.0,0.0,0.0,3.0,437.6666666666667,100.0,25.0,0.0,1.0,15
0,39.0,1,5.0,0.0,0.0,2.0,1243.5,100.0,0.0,0.0,0.0,63
0,37.0,1,478.0,4.0,1.0,11.0,15978.09090909091,100.0,100.0,50.0,0.0,36
0,40.0,0,1.0,4.0,1.0,1.0,26051.0,50.0,0.0,0.0,1.0,18
0,39.0,0,1.0,0.0,0.0,1.0,1704.0,50.0,0.0,0.0,1.0,21
1,52.0,0,5.0,0.0,0.0,4.0,1871.5,100.0,50.0,0.0,1.0,24
1,34.0,0,3.0,0.0,0.0,5.0,1635.2,100.0,75.0,0.0,1.0,39
1,39.0,1,4.0,0.0,0.0,2.0,1304.0,100.0,0.0,0.0,0.0,62
1,39.0,0,14.0,0.0,0.0,5.0,3054.6,100.0,75.0,0.0,1.0,32
1,24.0,0,5.0,0.0,0.0,4.0,1427.25,100.0,50.0,0.0,1.0,14
0,44.0,1,105.0,0.0,0.0,10.0,13275.7,100.0,100.0,37.5,0.0,45
0,39.0,0,55.0,0.0,0.0,4.0,2986.25,100.0,50.0,0.0,1.0,47
3,40.0,1,5.0,0.0,0.0,1.0,510.0,50.0,0.0,0.0,1.0,8
1,44.0,0,360.0,16.8,4.0,9.0,22426.777777777777,100.0,100.0,25.0,1.0,14
1,39.0,0,1.0,0.0,0.0,4.0,1080.25,100.0,50.0,0.0,1.0,13
0,39.0,0,16.0,0.0,0.0,7.0,3942.428571428571,100.0,100.0,0.0,1.0,29
0,39.0,0,52.0,0.0,0.0,8.0,6280.75,100.0,100.0,12.5,1.0,18
1,65.0,0,58.0,0.0,0.0,8.0,2438.25,100.0,100.0,12.5,0.0,39
0,37.0,1,5.0,0.0,0.0,3.0,967.6666666666666,100.0,25.0,0.0,1.0,45
0,47.0,0,63.0,4.0,1.0,8.0,4031.375,100.0,100.0,12.5,0.0,48
3,28.0,0,1.0,4.0,1.0,3.0,1651.6666666666667,100.0,25.0,0.0,1.0,28
0,39.0,1,92.0,0.0,0.0,6.0,4616.666666666667,100.0,75.0,0.0,1.0,47
0,48.0,0,65.0,0.0,0.0,6.0,725.0,100.0,75.0,0.0,1.0,49
3,39.0,0,1.0,0.0,0.0,3.0,1275.3333333333333,100.0,25.0,0.0,1.0,8
1,39.0,1,1.0,0.0,0.0,2.0,2617.5,100.0,0.0,0.0,1.0,15
3,35.0,0,3.0,0.0,0.0,3.0,113.0,100.0,25.0,0.0,1.0,45
0,39.0,1,1.0,0.0,0.0,5.0,2758.0,100.0,75.0,0.0,1.0,19
2,19.0,1,64.0,2.0,1.0,6.0,2435.1666666666665,100.0,75.0,0.0,1.0,37
1,32.0,0,2.0,0.0,0.0,4.0,1703.0,100.0,50.0,0.0,1.0,50
0,38.0,1,33.0,0.0,0.0,8.0,26031.125,100.0,100.0,25.0,0.0,57
0,40.0,0,16.0,0.0,0.0,5.0,1589.8,100.0,75.0,0.0,1.0,55
0,49.0,0,1.0,0.0,0.0,4.0,440.25,100.0,50.0,0.0,1.0,35
0,56.0,1,1.0,0.0,0.0,4.0,3928.0,100.0,50.0,0.0,1.0,21
1,44.0,1,334.0,0.0,0.0,7.0,13069.714285714286,100.0,100.0,0.0,1.0,37
3,39.0,0,102.0,0.0,0.0,7.0,5460.142857142857,100.0,100.0,0.0,0.0,44
3,44.0,0,1.0,0.0,0.0,3.0,1127.6666666666667,100.0,25.0,0.0,1.0,18
1,25.0,1,3.0,0.0,0.0,9.0,9316.666666666666,100.0,100.0,25.0,0.0,30
1,36.0,0,112.0,7.0,2.0,12.0,8020.583333333333,100.0,100.0,62.5,0.0,20
3,39.0,0,25.0,0.0,0.0,7.0,9701.285714285714,100.0,100.0,0.0,1.0,16
3,36.0,1,1.0,0.0,0.0,3.0,1210.6666666666667,100.0,25.0,0.0,1.0,32
0,39.0,0,53.0,0.0,0.0,7.0,7012.285714285715,100.0,100.0,0.0,0.0,54
3,36.0,1,1.0,0.0,0.0,3.0,2687.6666666666665,100.0,25.0,0.0,1.0,25
3,35.0,1,43.0,20.0,3.0,6.0,10156.333333333334,100.0,100.0,0.0,0.0,13
0,29.0,1,1.0,0.0,0.0,7.0,7735.857142857143,100.0,100.0,12.5,1.0,13
1,39.0,0,1.0,0.0,0.0,4.0,1022.25,100.0,50.0,0.0,1.0,35
1,32.0,1,90.0,0.0,0.0,7.0,5965.857142857143,100.0,100.0,0.0,1.0,34
0,39.0,0,1.0,0.0,0.0,8.0,8077.25,100.0,100.0,12.5,1.0,14
0,41.0,0,1.0,0.0,0.0,4.0,569.75,100.0,50.0,0.0,1.0,18
3,52.0,1,1.0,0.0,0.0,1.0,10.0,50.0,0.0,0.0,1.0,19
3,48.0,0,3.0,0.0,0.0,5.0,706.2,100.0,75.0,0.0,0.0,45
0,50.0,0,138.0,0.0,0.0,7.0,6222.571428571428,100.0,100.0,0.0,0.0,49
3,35.0,0,39.0,0.0,0.0,8.0,7417.625,100.0,100.0,12.5,1.0,14
3,39.0,1,5.0,0.0,0.0,3.0,636.0,100.0,25.0,0.0,1.0,39
3,38.0,0,1.0,4.0,1.0,4.0,520.75,100.0,50.0,0.0,1.0,15
0,53.0,1,34.0,4.0,1.0,3.0,18675.0,100.0,0.0,0.0,1.0,25
1,58.0,0,1.0,0.0,0.0,6.0,1687.8333333333333,100.0,75.0,0.0,1.0,13
3,39.0,1,1.0,0.0,0.0,6.0,8814.166666666666,100.0,100.0,0.0,1.0,14
3,39.0,0,35.0,0.0,0.0,8.0,12383.0,100.0,100.0,12.5,1.0,16
0,39.0,1,1.0,0.0,0.0,4.0,1183.75,100.0,50.0,0.0,1.0,34
3,34.0,0,1.0,4.0,1.0,6.0,3978.6666666666665,100.0,75.0,0.0,1.0,19
0,39.0,1,5.0,0.0,0.0,1.0,19147.0,50.0,0.0,0.0,1.0,15
3,53.0,1,64.0,44.0,11.0,6.0,2196.5,100.0,75.0,0.0,1.0,41
3,29.0,0,5.0,0.0,0.0,1.0,647.0,50.0,0.0,0.0,1.0,38
0,39.0,1,310.0,0.0,0.0,3.0,142400.33333333334,100.0,25.0,0.0,1.0,22
0,39.0,1,5.0,0.0,0.0,5.0,1695.6,100.0,75.0,0.0,1.0,36
0,46.0,1,169.0,4.0,1.0,6.0,5777.5,100.0,75.0,0.0,0.0,62
3,27.0,1,1.0,4.0,1.0,6.0,4012.6666666666665,100.0,75.0,0.0,1.0,1
0,52.0,1,1.0,4.0,1.0,4.0,3423.0,100.0,50.0,0.0,1.0,26
0,49.0,1,19.0,0.0,0.0,2.0,247.5,50.0,0.0,0.0,0.0,40
0,34.0,1,1.0,0.0,0.0,8.0,9082.375,100.0,100.0,12.5,1.0,15
1,51.0,0,1.0,0.0,0.0,3.0,1571.3333333333333,100.0,25.0,0.0,1.0,14
3,32.0,0,1.0,4.0,1.0,6.0,27823.833333333332,100.0,75.0,0.0,1.0,1
1,39.0,1,121.0,30.8,9.0,4.0,15938.5,100.0,25.0,0.0,0.0,43
1,43.0,0,1.0,0.0,0.0,4.0,1046.25,100.0,50.0,0.0,1.0,28
0,43.0,0,5.0,0.0,0.0,1.0,1049.0,50.0,0.0,0.0,1.0,33
1,46.0,1,151.0,2.8,1.0,8.0,13473.375,100.0,100.0,25.0,0.0,15
0,33.0,1,1.0,0.0,0.0,6.0,1271.8333333333333,100.0,100.0,0.0,1.0,17
3,39.0,1,1.0,4.0,1.0,6.0,7586.666666666667,100.0,75.0,0.0,1.0,11
0,39.0,0,64.0,0.0,0.0,10.0,7829.2,100.0,100.0,37.5,1.0,22
2,39.0,1,51.0,0.0,0.0,7.0,4346.285714285715,100.0,100.0,0.0,0.0,47
0,39.0,1,341.0,0.0,0.0,8.0,11018.75,100.0,100.0,12.5,1.0,33
1,25.0,0,6.0,0.0,0.0,5.0,4582.6,100.0,75.0,0.0,0.0,58
0,18.0,1,218.0,20.0,3.0,9.0,16780.88888888889,100.0,100.0,25.0,0.0,19
3,27.0,0,1.0,0.0,0.0,4.0,4265.75,100.0,50.0,0.0,1.0,13
1,23.0,1,13.0,2.8,1.0,7.0,7580.857142857143,100.0,100.0,12.5,1.0,34
1,60.0,1,80.0,46.200005,13.0,3.0,7059.666666666667,100.0,0.0,0.0,1.0,29
1,39.0,0,1.0,0.0,0.0,8.0,2648.25,100.0,100.0,12.5,1.0,15
0,46.0,0,18.0,0.0,0.0,6.0,3724.5,100.0,75.0,0.0,1.0,34
3,43.0,0,5.0,0.0,0.0,1.0,1.0,50.0,0.0,0.0,1.0,9
3,44.0,0,1.0,4.0,1.0,4.0,2262.75,100.0,50.0,0.0,1.0,20
3,52.0,0,71.0,26.0,5.0,6.0,6437.833333333333,100.0,75.0,0.0,0.0,22
3,58.0,0,1.0,0.0,0.0,5.0,1965.2,100.0,50.0,0.0,1.0,26
1,50.0,0,2.0,0.0,0.0,4.0,262.5,100.0,50.0,0.0,1.0,59
0,39.0,1,235.0,0.0,0.0,5.0,1825.6,100.0,75.0,0.0,1.0,23
1,55.0,1,1.0,0.0,0.0,3.0,1071.0,100.0,25.0,0.0,1.0,27
3,65.0,1,1.0,0.0,0.0,1.0,1916.0,50.0,0.0,0.0,1.0,14
0,39.0,1,164.0,0.0,0.0,7.0,9672.57142857143,100.0,100.0,0.0,1.0,40
3,60.0,0,1.0,0.0,0.0,1.0,17681.0,50.0,0.0,0.0,1.0,28
0,47.0,0,235.0,0.0,0.0,8.0,5044.375,100.0,100.0,25.0,0.0,54
0,28.0,0,1.0,0.0,0.0,4.0,4646.75,100.0,50.0,0.0,1.0,20
0,39.0,1,139.0,0.0,0.0,9.0,17260.0,100.0,100.0,25.0,0.0,27
1,39.0,0,5.0,0.0,0.0,3.0,743.3333333333334,100.0,50.0,0.0,0.0,60
2,28.0,1,5.0,0.0,0.0,1.0,1058.0,50.0,0.0,0.0,1.0,51
0,48.0,0,116.0,29.0,6.0,7.0,6160.0,100.0,100.0,0.0,0.0,57
1,32.0,0,1.0,2.8,1.0,9.0,12809.666666666666,100.0,100.0,25.0,1.0,12
0,40.0,1,1.0,4.0,1.0,4.0,1139.5,100.0,50.0,0.0,1.0,30
0,39.0,1,483.0,0.0,0.0,9.0,14409.222222222224,100.0,100.0,25.0,0.0,45
3,25.0,0,1.0,0.0,0.0,5.0,887.4,100.0,50.0,0.0,1.0,29
3,39.0,1,18.0,0.0,0.0,4.0,1669.5,100.0,50.0,0.0,1.0,40
0,42.0,0,14.0,20.0,3.0,7.0,8667.285714285714,100.0,100.0,12.5,1.0,31
3,43.0,0,1.0,0.0,0.0,5.0,1166.4,100.0,75.0,0.0,1.0,1
3,39.0,1,1.0,0.0,0.0,3.0,24.666666666666668,100.0,25.0,0.0,1.0,3
0,59.0,1,2.0,20.0,3.0,4.0,739.25,100.0,50.0,0.0,0.0,60
2,44.0,1,5.0,0.0,0.0,1.0,451.0,50.0,0.0,0.0,1.0,33
3,46.0,1,191.0,29.0,6.0,7.0,2665.8571428571427,100.0,100.0,0.0,1.0,31
1,32.0,0,62.0,0.0,0.0,8.0,9667.0,100.0,100.0,12.5,0.0,53
0,18.0,0,1.0,0.0,0.0,7.0,8138.571428571428,100.0,100.0,12.5,1.0,31
1,50.0,0,19.0,0.0,0.0,4.0,10283.0,100.0,25.0,0.0,0.0,17
3,50.0,0,1.0,4.0,1.0,2.0,1282.0,100.0,0.0,0.0,1.0,17
0,39.0,0,1.0,0.0,0.0,6.0,701.8333333333334,100.0,100.0,0.0,1.0,17
3,50.0,0,1.0,4.4,1.0,1.0,2133.0,50.0,0.0,0.0,1.0,0
0,44.0,0,1.0,0.0,0.0,9.0,5750.0,100.0,100.0,25.0,1.0,15
1,47.0,1,64.0,0.0,0.0,5.0,1850.0,100.0,75.0,0.0,0.0,60
1,39.0,1,17.0,19.599998,5.0,5.0,6887.2,100.0,75.0,0.0,0.0,52
0,29.0,1,18.0,20.0,3.0,5.0,3411.4,100.0,75.0,0.0,1.0,54
1,43.0,0,1.0,0.0,0.0,4.0,1359.0,100.0,50.0,0.0,1.0,29
1,39.0,1,1.0,0.0,0.0,4.0,2265.75,100.0,50.0,0.0,1.0,22
1,39.0,0,1.0,0.0,0.0,3.0,5304.666666666667,100.0,25.0,0.0,1.0,15
2,23.0,1,5.0,2.0,1.0,1.0,119.0,50.0,0.0,0.0,1.0,35
0,39.0,1,9.0,0.0,0.0,4.0,510.5,100.0,50.0,0.0,1.0,55
3,45.0,0,433.0,20.0,3.0,9.0,11878.444444444443,100.0,100.0,25.0,0.0,32
3,24.0,1,1.0,0.0,0.0,1.0,191.0,50.0,0.0,0.0,1.0,19
3,36.0,1,1.0,0.0,0.0,3.0,32.0,100.0,25.0,0.0,1.0,27
0,39.0,1,102.0,0.0,0.0,7.0,7044.428571428572,100.0,100.0,0.0,1.0,35
0,39.0,1,1.0,0.0,0.0,4.0,1190.25,100.0,50.0,0.0,1.0,55
1,39.0,1,135.0,30.8,9.0,11.0,30289.636363636364,100.0,100.0,62.5,0.0,45
1,39.0,1,1.0,0.0,0.0,4.0,2404.5,100.0,50.0,0.0,1.0,46
0,40.0,0,13.0,23.0,4.0,6.0,3915.1666666666665,100.0,100.0,0.0,0.0,42
0,39.0,0,3.0,0.0,0.0,4.0,1343.5,100.0,50.0,0.0,1.0,54
0,40.0,1,35.0,0.0,0.0,6.0,2785.0,100.0,75.0,0.0,0.0,60
3,39.0,0,21.0,4.4,1.0,4.0,2440.25,100.0,50.0,0.0,1.0,29
0,39.0,1,1.0,0.0,0.0,1.0,1925.0,50.0,0.0,0.0,1.0,39
3,30.0,0,1.0,0.0,0.0,4.0,6556.75,100.0,50.0,0.0,1.0,22
3,58.0,0,5.0,0.0,0.0,1.0,301.0,50.0,0.0,0.0,1.0,30
1,37.0,1,3.0,16.8,4.0,5.0,975.4,100.0,75.0,0.0,1.0,56
1,39.0,0,1.0,0.0,0.0,2.0,431.0,100.0,0.0,0.0,0.0,64
3,42.0,0,79.0,4.0,1.0,8.0,6927.875,100.0,100.0,12.5,1.0,32
0,53.0,0,17.0,0.0,0.0,5.0,6135.0,100.0,75.0,0.0,0.0,38
3,35.0,1,1.0,0.0,0.0,2.0,984.0,100.0,0.0,0.0,1.0,23
0,39.0,0,1.0,0.0,0.0,1.0,4437.0,50.0,0.0,0.0,1.0,41
3,27.0,1,1.0,0.0,0.0,3.0,982.0,100.0,25.0,0.0,1.0,19
3,99.0,0,1.0,0.0,0.0,3.0,3262.0,100.0,25.0,0.0,1.0,13
2,24.0,1,174.0,0.0,0.0,8.0,13128.875,100.0,100.0,12.5,1.0,37
1,27.0,0,1.0,0.0,0.0,4.0,334.75,100.0,50.0,0.0,1.0,54
0,23.0,1,5.0,20.0,3.0,2.0,800.5,100.0,0.0,0.0,1.0,41
3,32.0,0,60.0,0.0,0.0,8.0,6486.125,100.0,100.0,12.5,0.0,27
1,62.0,1,438.0,0.0,0.0,10.0,16367.9,100.0,100.0,37.5,0.0,45
3,35.0,1,1.0,0.0,0.0,1.0,465.0,50.0,0.0,0.0,1.0,0
3,26.0,0,1.0,0.0,0.0,3.0,932.3333333333334,100.0,25.0,0.0,1.0,24
1,23.0,0,1.0,0.0,0.0,4.0,2057.25,100.0,50.0,0.0,1.0,32
1,40.0,1,17.0,0.0,0.0,5.0,4895.6,100.0,75.0,0.0,1.0,51
3,64.0,0,1.0,0.0,0.0,1.0,6668.0,50.0,0.0,0.0,1.0,21
0,39.0,0,5.0,4.0,1.0,4.0,355.25,100.0,50.0,0.0,1.0,34
3,45.0,0,1.0,0.0,0.0,3.0,399.6666666666667,100.0,25.0,0.0,1.0,23
3,34.0,1,141.0,0.0,0.0,6.0,8177.5,100.0,75.0,0.0,0.0,31
1,37.0,1,497.0,16.8,4.0,10.0,13273.8,100.0,100.0,37.5,1.0,33
0,22.0,1,66.0,20.0,3.0,7.0,6555.571428571428,100.0,100.0,0.0,0.0,39
0,39.0,1,1.0,0.0,0.0,2.0,1073.5,100.0,0.0,0.0,1.0,20
3,43.0,0,1.0,0.0,0.0,5.0,842.8,100.0,50.0,0.0,1.0,27
3,30.0,1,1.0,4.0,1.0,4.0,1080.5,100.0,50.0,0.0,1.0,17
1,39.0,0,1.0,0.0,0.0,6.0,568.5,100.0,100.0,0.0,1.0,15
0,35.0,1,4.0,4.0,1.0,8.0,3253.25,100.0,100.0,12.5,0.0,13
1,60.0,1,136.0,0.0,0.0,10.0,1114.7,100.0,100.0,37.5,1.0,13
0,24.0,1,5.0,0.0,0.0,1.0,420.0,50.0,0.0,0.0,1.0,36
1,53.0,0,8.0,0.0,0.0,6.0,12050.666666666666,100.0,100.0,0.0,1.0,40
0,49.0,0,134.0,0.0,0.0,8.0,13645.625,100.0,100.0,12.5,0.0,33
3,22.0,0,14.0,0.0,0.0,3.0,3123.3333333333335,100.0,25.0,0.0,1.0,38
3,18.0,0,5.0,4.0,1.0,3.0,180.33333333333337,100.0,25.0,0.0,1.0,2
0,43.0,1,119.0,0.0,0.0,7.0,436.8571428571428,100.0,100.0,0.0,1.0,53
2,39.0,0,30.0,0.0,0.0,5.0,3056.0,100.0,50.0,0.0,1.0,41
0,49.0,1,1.0,0.0,0.0,4.0,3448.25,100.0,50.0,0.0,1.0,23
0,51.0,1,326.0,0.0,0.0,10.0,14648.0,100.0,100.0,37.5,0.0,46
0,42.0,0,246.0,0.0,0.0,10.0,13601.6,100.0,100.0,37.5,0.0,17
0,37.0,0,12.0,20.0,3.0,9.0,15893.0,100.0,100.0,25.0,1.0,14
0,36.0,1,6.0,0.0,0.0,4.0,2585.5,100.0,50.0,0.0,0.0,63
1,43.0,0,1.0,0.0,0.0,4.0,3104.75,100.0,50.0,0.0,1.0,23
0,39.0,0,83.0,0.0,0.0,7.0,6722.428571428572,100.0,100.0,0.0,1.0,32
3,39.0,0,1.0,0.0,0.0,3.0,4973.0,100.0,25.0,0.0,1.0,37
3,39.0,0,1.0,0.0,0.0,3.0,1445.6666666666667,100.0,25.0,0.0,1.0,9
1,39.0,1,1.0,0.0,0.0,4.0,1395.75,100.0,50.0,0.0,1.0,25
0,41.0,1,1.0,0.0,0.0,9.0,8761.222222222223,100.0,100.0,25.0,1.0,14
0,44.0,1,49.0,0.0,0.0,6.0,5960.833333333333,100.0,75.0,0.0,1.0,27
0,20.0,0,1.0,0.0,0.0,5.0,3001.8,100.0,75.0,0.0,1.0,21
0,39.0,0,2.0,0.0,0.0,1.0,803.0,50.0,0.0,0.0,1.0,42
1,46.0,0,1.0,0.0,0.0,4.0,1496.25,100.0,50.0,0.0,0.0,54
0,39.0,0,2.0,0.0,0.0,3.0,303.6666666666667,100.0,25.0,0.0,1.0,40
0,32.0,0,9.0,4.0,1.0,7.0,6978.857142857143,100.0,100.0,0.0,1.0,13
3,36.0,0,411.0,20.0,3.0,12.0,39069.25,100.0,100.0,62.5,0.0,7
3,52.0,0,35.0,0.0,0.0,5.0,2583.8,100.0,50.0,0.0,1.0,42
0,24.0,1,11.0,0.0,0.0,8.0,5057.0,100.0,100.0,25.0,0.0,50
3,39.0,0,1.0,0.0,0.0,3.0,2644.6666666666665,100.0,25.0,0.0,1.0,41
3,28.0,1,15.0,4.0,1.0,6.0,1143.6666666666667,100.0,75.0,0.0,1.0,34
3,39.0,0,5.0,0.0,0.0,2.0,520.0,100.0,0.0,0.0,1.0,7
2,89.0,1,104.0,1.4,1.0,7.0,12631.57142857143,100.0,100.0,0.0,0.0,33
3,35.0,1,5.0,0.0,0.0,3.0,6698.666666666667,100.0,25.0,0.0,1.0,28
0,19.0,1,5.0,0.0,0.0,4.0,2163.75,100.0,50.0,0.0,1.0,34
0,38.0,1,1.0,0.0,0.0,4.0,1483.5,100.0,50.0,0.0,1.0,35
0,39.0,1,196.0,0.0,0.0,8.0,8255.875,100.0,100.0,12.5,0.0,32
2,46.0,1,192.0,0.0,0.0,7.0,8266.57142857143,100.0,100.0,0.0,1.0,43
3,39.0,0,4.0,0.0,0.0,3.0,3040.0,100.0,25.0,0.0,1.0,40
1,44.0,0,13.0,0.0,0.0,5.0,3571.2,100.0,75.0,0.0,0.0,41
0,40.0,1,30.0,4.0,1.0,4.0,12162.0,100.0,25.0,0.0,0.0,38
1,39.0,1,1.0,0.0,0.0,4.0,1515.75,100.0,50.0,0.0,1.0,38
1,55.0,0,110.0,0.0,0.0,7.0,6111.571428571428,100.0,100.0,0.0,1.0,46
3,36.0,1,5.0,4.0,1.0,2.0,1081.5,100.0,0.0,0.0,1.0,20
0,42.0,0,5.0,0.0,0.0,1.0,1049.0,100.0,25.0,0.0,1.0,51
1,39.0,1,1.0,0.0,0.0,3.0,1177.0,100.0,25.0,0.0,1.0,34
2,39.0,0,28.0,0.0,0.0,4.0,5078.25,100.0,50.0,0.0,0.0,53
0,41.0,0,9.0,0.0,0.0,8.0,38959.75,100.0,100.0,12.5,1.0,28
0,38.0,0,5.0,26.0,5.0,5.0,1934.6,100.0,75.0,0.0,0.0,55
3,39.0,0,1.0,0.0,0.0,3.0,583.6666666666666,100.0,25.0,0.0,1.0,17
1,25.0,1,1.0,0.0,0.0,3.0,683.3333333333334,100.0,25.0,0.0,1.0,20
0,40.0,1,13.0,20.0,3.0,6.0,7207.333333333333,100.0,100.0,0.0,0.0,38
3,30.0,0,1.0,0.0,0.0,3.0,438.6666666666667,100.0,25.0,0.0,1.0,35
0,40.0,1,28.0,0.0,0.0,7.0,5000.857142857143,100.0,100.0,0.0,1.0,32
3,39.0,0,5.0,0.0,0.0,1.0,1291.0,50.0,0.0,0.0,1.0,21
0,42.0,1,3.0,0.0,0.0,3.0,523.0,100.0,25.0,0.0,1.0,48
3,33.0,0,140.0,4.0,1.0,8.0,14257.875,100.0,100.0,12.5,0.0,39
0,38.0,1,1.0,0.0,0.0,4.0,365.25,100.0,50.0,0.0,1.0,33
0,31.0,1,1.0,0.0,0.0,8.0,8570.75,100.0,100.0,12.5,1.0,13
3,26.0,0,51.0,23.0,4.0,6.0,5476.166666666667,100.0,75.0,0.0,1.0,39
0,38.0,0,5.0,0.0,0.0,4.0,1104.25,100.0,50.0,0.0,1.0,57
0,40.0,0,5.0,0.0,0.0,2.0,539.0,100.0,0.0,0.0,1.0,59
3,63.0,0,1.0,4.0,1.0,7.0,8392.42857142857,100.0,100.0,0.0,1.0,16
1,33.0,1,1.0,0.0,0.0,3.0,920.3333333333334,100.0,25.0,0.0,0.0,60
0,46.0,1,1.0,4.0,1.0,6.0,4628.0,100.0,75.0,0.0,1.0,27
3,22.0,1,1.0,0.0,0.0,3.0,6114.666666666667,100.0,25.0,0.0,1.0,6
1,36.0,0,5.0,0.0,0.0,1.0,1330.0,50.0,0.0,0.0,0.0,64
3,54.0,1,60.0,4.4,1.0,6.0,12143.166666666666,100.0,75.0,0.0,0.0,34
0,43.0,0,64.0,4.0,1.0,7.0,7160.142857142857,100.0,100.0,0.0,1.0,38
3,35.0,0,1.0,4.0,1.0,5.0,1176.2,100.0,50.0,0.0,1.0,29
0,39.0,1,37.0,4.0,1.0,6.0,2436.1666666666665,100.0,100.0,0.0,0.0,57
1,44.0,0,59.0,0.0,0.0,9.0,8823.888888888889,100.0,100.0,25.0,0.0,19
3,38.0,0,31.0,0.0,0.0,3.0,3961.3333333333335,100.0,25.0,0.0,1.0,42
1,39.0,1,38.0,7.0,2.0,5.0,4290.2,100.0,100.0,0.0,0.0,61
0,42.0,0,1.0,0.0,0.0,4.0,3489.75,100.0,50.0,0.0,1.0,32
0,40.0,1,24.0,0.0,0.0,8.0,8510.625,100.0,100.0,12.5,0.0,31
1,40.0,0,1.0,0.0,0.0,1.0,509.0,50.0,0.0,0.0,1.0,28
1,26.0,0,41.0,19.599998,5.0,7.0,5275.714285714285,100.0,100.0,0.0,1.0,23
3,39.0,1,1.0,4.4,1.0,3.0,10724.333333333334,100.0,25.0,0.0,0.0,24
1,50.0,0,302.0,0.0,0.0,11.0,6849.818181818182,100.0,100.0,50.0,0.0,35
1,46.0,0,5.0,0.0,0.0,4.0,933.75,100.0,50.0,0.0,1.0,40
0,39.0,1,6.0,0.0,0.0,4.0,1222.0,100.0,50.0,0.0,0.0,64
3,41.0,1,9.0,4.0,1.0,6.0,9392.666666666666,100.0,75.0,0.0,1.0,19
1,43.0,1,17.0,0.0,0.0,4.0,1276.75,100.0,50.0,0.0,0.0,60
0,46.0,1,32.0,0.0,0.0,5.0,448.8,100.0,50.0,0.0,1.0,47
1,32.0,1,5.0,0.0,0.0,1.0,18.0,50.0,0.0,0.0,1.0,48
3,54.0,0,33.0,0.0,0.0,5.0,6823.6,100.0,75.0,0.0,0.0,44
3,44.0,0,1.0,0.0,0.0,6.0,3584.6666666666665,100.0,75.0,0.0,1.0,24
3,55.0,0,5.0,0.0,0.0,1.0,2019.0,50.0,0.0,0.0,1.0,40
3,57.0,0,8.0,10.0,2.0,4.0,29398.75,100.0,50.0,0.0,0.0,21
3,45.0,0,4.0,0.0,0.0,4.0,1823.75,100.0,50.0,0.0,1.0,3
3,32.0,0,1.0,0.0,0.0,3.0,204.66666666666663,100.0,25.0,0.0,1.0,34
3,42.0,0,1.0,0.0,0.0,1.0,974.0,50.0,0.0,0.0,1.0,9
0,45.0,0,9.0,4.0,1.0,7.0,8669.42857142857,100.0,100.0,0.0,1.0,33
1,39.0,1,118.0,0.0,0.0,6.0,3515.8333333333335,100.0,75.0,0.0,0.0,53
1,54.0,1,5.0,0.0,0.0,1.0,854.0,50.0,0.0,0.0,1.0,30
1,34.0,1,103.0,2.8,1.0,9.0,19204.777777777777,100.0,100.0,37.5,0.0,39
1,26.0,0,1.0,0.0,0.0,5.0,1394.4,100.0,75.0,0.0,1.0,24
3,36.0,1,76.0,0.0,0.0,6.0,5927.166666666667,100.0,75.0,0.0,1.0,32
1,31.0,0,11.0,0.0,0.0,1.0,1463.0,50.0,0.0,0.0,1.0,42
3,23.0,0,1.0,0.0,0.0,4.0,5022.0,100.0,50.0,0.0,1.0,17
0,44.0,1,1.0,0.0,0.0,5.0,4179.8,100.0,75.0,0.0,1.0,18
0,28.0,1,5.0,0.0,0.0,1.0,255.0,50.0,0.0,0.0,1.0,44
0,39.0,0,82.0,0.0,0.0,6.0,4220.5,100.0,75.0,0.0,1.0,53
1,39.0,0,12.0,0.0,0.0,4.0,1956.0,100.0,50.0,0.0,1.0,52
0,43.0,0,1.0,0.0,0.0,7.0,12739.857142857143,100.0,100.0,0.0,1.0,24
3,46.0,1,1.0,0.0,0.0,3.0,746.3333333333334,100.0,25.0,0.0,1.0,32
1,41.0,0,5.0,0.0,0.0,4.0,1292.5,100.0,50.0,0.0,1.0,59
2,46.0,1,126.0,0.0,0.0,7.0,1915.142857142857,100.0,100.0,0.0,1.0,37
0,41.0,1,173.0,0.0,0.0,6.0,7025.833333333333,100.0,100.0,0.0,0.0,58
3,38.0,1,1.0,0.0,0.0,2.0,1358.0,100.0,0.0,0.0,1.0,14
3,25.0,0,5.0,0.0,0.0,1.0,1201.0,50.0,0.0,0.0,1.0,5
1,39.0,0,5.0,0.0,0.0,1.0,13.0,50.0,0.0,0.0,1.0,14
1,39.0,1,26.0,2.8,1.0,6.0,3020.5,100.0,100.0,0.0,0.0,52
1,40.0,1,2.0,0.0,0.0,2.0,733.0,100.0,0.0,0.0,1.0,40
3,29.0,0,510.0,10.0,2.0,10.0,19416.7,100.0,100.0,37.5,0.0,28
3,44.0,1,566.0,0.0,0.0,10.0,79117.9,100.0,100.0,37.5,0.0,35
1,39.0,0,1.0,0.0,0.0,3.0,1003.6666666666666,100.0,25.0,0.0,1.0,33
3,39.0,0,18.0,0.0,0.0,5.0,5573.0,100.0,50.0,0.0,1.0,31
3,23.0,0,1.0,0.0,0.0,1.0,856.0,50.0,0.0,0.0,1.0,13
0,39.0,0,1.0,0.0,0.0,4.0,1273.75,100.0,50.0,0.0,1.0,19
2,39.0,1,221.0,0.0,0.0,7.0,12147.285714285714,100.0,100.0,0.0,1.0,39
0,39.0,0,17.0,20.0,3.0,7.0,8728.142857142857,100.0,100.0,12.5,0.0,33
1,45.0,1,108.0,0.0,0.0,7.0,9104.285714285714,100.0,100.0,0.0,1.0,36
0,39.0,0,3.0,4.0,1.0,7.0,171379.42857142858,100.0,100.0,0.0,1.0,19
0,39.0,1,1.0,0.0,0.0,3.0,639.0,100.0,25.0,0.0,1.0,47
0,39.0,0,5.0,0.0,0.0,6.0,9198.0,100.0,100.0,0.0,1.0,24
1,48.0,0,1.0,41.999992,13.0,13.0,21656.384615384617,100.0,100.0,75.0,0.0,17
0,52.0,0,15.0,0.0,0.0,5.0,3448.4,100.0,100.0,0.0,0.0,56
0,39.0,0,14.0,0.0,0.0,4.0,6686.0,100.0,50.0,0.0,1.0,51
1,39.0,1,34.0,0.0,0.0,9.0,16738.555555555555,100.0,100.0,25.0,0.0,13
3,39.0,1,5.0,0.0,0.0,1.0,576.0,50.0,0.0,0.0,1.0,18
1,39.0,0,4.0,0.0,0.0,4.0,1094.25,100.0,50.0,0.0,0.0,61
2,18.0,1,39.0,0.0,0.0,6.0,1566.8333333333333,100.0,75.0,0.0,1.0,39
1,36.0,0,7.0,0.0,0.0,6.0,7461.333333333333,100.0,100.0,0.0,0.0,45
0,49.0,0,19.0,10.0,2.0,7.0,2291.1428571428573,100.0,100.0,0.0,1.0,36
0,39.0,0,5.0,0.0,0.0,1.0,399.0,50.0,0.0,0.0,0.0,62
3,39.0,0,1.0,0.0,0.0,8.0,15833.875,100.0,100.0,12.5,1.0,12
1,39.0,1,8.0,0.0,0.0,6.0,1463.8333333333333,100.0,75.0,0.0,1.0,24
3,37.0,1,11.0,10.0,2.0,5.0,16298.6,100.0,75.0,0.0,0.0,41
3,39.0,1,8.0,0.0,0.0,4.0,2002.25,100.0,25.0,0.0,1.0,30
0,39.0,0,1.0,0.0,0.0,1.0,15.0,50.0,0.0,0.0,1.0,29
0,39.0,1,9.0,0.0,0.0,2.0,178.5,100.0,0.0,0.0,1.0,56
3,39.0,0,5.0,0.0,0.0,2.0,632.0,100.0,0.0,0.0,1.0,8
2,39.0,1,5.0,0.0,0.0,1.0,5317.0,50.0,0.0,0.0,1.0,32
3,39.0,0,1.0,0.0,0.0,3.0,1104.3333333333333,100.0,25.0,0.0,1.0,6
3,39.0,1,1.0,0.0,0.0,3.0,195.0,100.0,25.0,0.0,1.0,0
0,25.0,1,1.0,4.0,1.0,8.0,4074.625,100.0,100.0,12.5,1.0,13
0,32.0,1,203.0,0.0,0.0,9.0,6694.0,100.0,100.0,25.0,0.0,50
2,25.0,0,5.0,0.0,0.0,3.0,1154.3333333333333,100.0,25.0,0.0,1.0,41
3,40.0,1,60.0,20.0,3.0,7.0,2090.714285714286,100.0,100.0,0.0,1.0,41
3,39.0,0,1.0,0.0,0.0,3.0,724.0,100.0,25.0,0.0,1.0,7
0,39.0,0,5.0,0.0,0.0,6.0,493.5,100.0,100.0,0.0,0.0,36
3,45.0,0,1.0,0.0,0.0,3.0,1034.3333333333333,100.0,25.0,0.0,1.0,35
3,21.0,0,5.0,0.0,0.0,2.0,558.0,100.0,0.0,0.0,1.0,16
1,28.0,0,539.0,22.4,6.0,10.0,17536.4,100.0,100.0,37.5,0.0,45
3,51.0,1,309.0,10.0,2.0,9.0,13979.777777777776,100.0,100.0,25.0,0.0,30
0,18.0,1,1.0,0.0,0.0,4.0,1102.0,100.0,50.0,0.0,1.0,22
3,39.0,1,1.0,0.0,0.0,4.0,1349.75,100.0,50.0,0.0,1.0,33
1,24.0,1,16.0,0.0,0.0,7.0,8694.0,100.0,100.0,0.0,1.0,32
1,34.0,0,158.0,0.0,0.0,9.0,20332.222222222223,100.0,100.0,25.0,1.0,25
0,40.0,0,5.0,0.0,0.0,5.0,1430.2,100.0,75.0,0.0,1.0,55
0,46.0,0,8.0,0.0,0.0,8.0,7304.625,100.0,100.0,12.5,1.0,27
3,38.0,1,1.0,4.0,1.0,4.0,2146.0,100.0,50.0,0.0,1.0,27
3,39.0,0,1.0,0.0,0.0,3.0,3652.3333333333335,100.0,25.0,0.0,1.0,13
3,34.0,0,5.0,0.0,0.0,1.0,916.0,50.0,0.0,0.0,1.0,12
1,34.0,1,4.0,30.799995,9.0,5.0,4195.2,100.0,75.0,0.0,0.0,55
3,50.0,0,46.0,0.0,0.0,5.0,1482.0,100.0,50.0,0.0,1.0,45
2,18.0,0,6.0,6.8999996,3.0,6.0,6987.833333333333,100.0,100.0,0.0,1.0,36
1,23.0,0,4.0,0.0,0.0,5.0,1561.4,100.0,75.0,0.0,1.0,45
0,39.0,0,3.0,0.0,0.0,5.0,1865.4,100.0,75.0,0.0,1.0,33
3,39.0,0,45.0,0.0,0.0,8.0,8841.5,100.0,100.0,12.5,1.0,3
1,39.0,1,1.0,0.0,0.0,1.0,1466.0,50.0,0.0,0.0,1.0,51
3,33.0,0,2.0,0.0,0.0,2.0,401.0,100.0,0.0,0.0,1.0,42
3,46.0,1,1.0,0.0,0.0,5.0,13482.0,100.0,50.0,0.0,1.0,4
0,51.0,1,88.0,0.0,0.0,8.0,4254.25,100.0,100.0,12.5,1.0,38
3,29.0,0,1.0,4.0,1.0,7.0,10125.714285714286,100.0,100.0,0.0,1.0,14
3,72.0,0,151.0,20.0,3.0,6.0,3718.3333333333335,100.0,75.0,0.0,1.0,40
0,36.0,0,1.0,0.0,0.0,3.0,5972.666666666667,100.0,25.0,0.0,1.0,36
0,39.0,1,5.0,0.0,0.0,1.0,16.0,50.0,0.0,0.0,1.0,37
0,61.0,1,218.0,10.0,2.0,9.0,10371.111111111111,100.0,100.0,25.0,0.0,35
0,35.0,1,1.0,0.0,0.0,5.0,2709.8,100.0,75.0,0.0,1.0,24
3,44.0,1,1.0,0.0,0.0,1.0,1093.0,50.0,0.0,0.0,1.0,37
1,50.0,1,36.0,0.0,0.0,5.0,8030.0,100.0,50.0,0.0,0.0,19
0,39.0,1,7.0,0.0,0.0,3.0,945.3333333333334,100.0,25.0,0.0,0.0,51
3,46.0,0,37.0,20.0,3.0,9.0,25951.88888888889,100.0,100.0,25.0,0.0,31
1,36.0,1,235.0,0.0,0.0,10.0,19459.9,100.0,100.0,37.5,0.0,35
1,38.0,1,5.0,0.0,0.0,3.0,598.0,100.0,25.0,0.0,1.0,17
3,24.0,0,12.0,0.0,0.0,1.0,69.0,50.0,0.0,0.0,1.0,36
0,33.0,1,34.0,0.0,0.0,5.0,2608.4,100.0,50.0,0.0,1.0,38
3,55.0,1,1.0,0.0,0.0,5.0,3621.4,100.0,75.0,0.0,1.0,14
1,43.0,0,1.0,0.0,0.0,5.0,6203.2,100.0,75.0,0.0,1.0,28
0,42.0,1,308.0,0.0,0.0,8.0,11710.5,100.0,100.0,25.0,0.0,45
1,38.0,1,1.0,2.8,1.0,5.0,1128.6,100.0,75.0,0.0,1.0,16
1,40.0,0,5.0,0.0,0.0,2.0,1268.0,100.0,0.0,0.0,1.0,51
1,25.0,0,1.0,0.0,0.0,6.0,1257.1666666666667,100.0,100.0,0.0,1.0,17
1,41.0,1,12.0,19.599998,5.0,7.0,8721.42857142857,100.0,100.0,12.5,0.0,39
0,32.0,0,1.0,0.0,0.0,6.0,5810.833333333333,100.0,100.0,0.0,1.0,17
0,23.0,0,82.0,4.0,1.0,8.0,10282.0,100.0,100.0,12.5,0.0,45
1,53.0,0,54.0,67.200005,21.0,9.0,5763.333333333333,100.0,100.0,25.0,0.0,48
1,38.0,0,5.0,0.0,0.0,4.0,821.25,100.0,50.0,0.0,1.0,32
0,60.0,0,1065.0,0.0,0.0,13.0,62035.0,100.0,100.0,75.0,0.0,21
1,44.0,1,6.0,0.0,0.0,5.0,3660.8,100.0,75.0,0.0,0.0,63
2,31.0,0,167.0,0.0,0.0,8.0,8085.875,100.0,100.0,12.5,0.0,34
0,58.0,0,1.0,4.0,1.0,4.0,1578.0,100.0,50.0,0.0,1.0,29
0,39.0,0,5.0,0.0,0.0,3.0,88.66666666666667,100.0,25.0,0.0,1.0,14
1,44.0,0,174.0,0.0,0.0,10.0,17577.1,100.0,100.0,37.5,0.0,50
0,39.0,1,5.0,0.0,0.0,5.0,1954.6,100.0,75.0,0.0,1.0,30
1,46.0,1,360.0,0.0,0.0,11.0,19825.81818181818,100.0,100.0,50.0,0.0,23
1,49.0,1,6.0,0.0,0.0,3.0,369.0,100.0,25.0,0.0,1.0,43
1,36.0,0,67.0,0.0,0.0,7.0,7560.571428571428,100.0,100.0,12.5,0.0,59
0,39.0,0,5.0,0.0,0.0,3.0,2290.6666666666665,100.0,25.0,0.0,1.0,36
3,36.0,1,1.0,0.0,0.0,6.0,19677.666666666668,100.0,75.0,0.0,1.0,0
0,64.0,0,43.0,20.0,3.0,10.0,6955.5,100.0,100.0,37.5,0.0,20
3,55.0,1,31.0,20.0,3.0,4.0,4650.25,100.0,50.0,0.0,0.0,27
0,55.0,0,82.0,0.0,0.0,6.0,18844.166666666668,100.0,75.0,0.0,0.0,56
0,39.0,0,3.0,0.0,0.0,5.0,38.4,100.0,75.0,0.0,1.0,46
3,58.0,0,1.0,0.0,0.0,1.0,748.0,50.0,0.0,0.0,1.0,24
3,39.0,0,1.0,0.0,0.0,1.0,394.0,50.0,0.0,0.0,1.0,27
0,53.0,1,1.0,0.0,0.0,5.0,2428.0,100.0,75.0,0.0,1.0,30
1,45.0,0,1.0,2.8,1.0,5.0,733.2,100.0,75.0,0.0,1.0,13
0,55.0,0,9.0,0.0,0.0,9.0,1803.888888888889,100.0,100.0,25.0,1.0,19
1,47.0,1,12.0,0.0,0.0,4.0,4092.25,100.0,50.0,0.0,0.0,44
3,34.0,0,239.0,10.0,2.0,12.0,45448.333333333336,100.0,100.0,62.5,0.0,5
0,53.0,1,139.0,0.0,0.0,7.0,8705.142857142857,100.0,100.0,12.5,0.0,56
3,43.0,0,1.0,0.0,0.0,2.0,1208.0,100.0,0.0,0.0,1.0,3
3,34.0,0,2.0,0.0,0.0,3.0,1695.6666666666667,100.0,25.0,0.0,1.0,36
1,40.0,0,1.0,2.8,1.0,7.0,5292.142857142857,100.0,100.0,12.5,1.0,14
0,48.0,1,135.0,20.0,3.0,7.0,9202.714285714286,100.0,100.0,0.0,0.0,55
0,32.0,1,235.0,0.0,0.0,10.0,10200.9,100.0,100.0,37.5,1.0,34
3,63.0,0,1.0,0.0,0.0,2.0,2315.0,100.0,0.0,0.0,1.0,4
0,39.0,1,129.0,20.0,3.0,10.0,1833.2,100.0,100.0,37.5,1.0,46
1,38.0,1,11.0,0.0,0.0,6.0,7466.333333333333,100.0,75.0,0.0,0.0,34
3,23.0,0,1.0,0.0,0.0,1.0,660.0,50.0,0.0,0.0,1.0,12
3,35.0,0,1.0,0.0,0.0,6.0,4274.333333333333,100.0,75.0,0.0,1.0,7
3,46.0,0,1.0,0.0,0.0,3.0,4682.0,100.0,25.0,0.0,1.0,38
1,32.0,1,15.0,0.0,0.0,5.0,2973.6,100.0,75.0,0.0,1.0,40
0,60.0,1,1.0,0.0,0.0,4.0,2042.75,100.0,50.0,0.0,1.0,13
1,39.0,0,37.0,0.0,0.0,6.0,3118.0,100.0,75.0,0.0,0.0,33
0,22.0,1,5.0,4.0,1.0,7.0,7592.285714285715,100.0,100.0,12.5,0.0,30
1,39.0,1,1.0,0.0,0.0,4.0,1496.5,100.0,50.0,0.0,1.0,22
3,45.0,1,3.0,4.0,1.0,5.0,1399.8,100.0,75.0,0.0,0.0,3
3,51.0,0,1.0,0.0,0.0,2.0,1238.0,100.0,0.0,0.0,1.0,10
1,41.0,0,1.0,0.0,0.0,3.0,863.0,100.0,25.0,0.0,1.0,35
0,37.0,1,5.0,0.0,0.0,1.0,890.0,50.0,0.0,0.0,1.0,42
0,41.0,1,4.0,23.0,4.0,4.0,102.5,100.0,50.0,0.0,1.0,55
3,39.0,1,7.0,4.0,1.0,4.0,325.25,100.0,50.0,0.0,1.0,13
3,48.0,1,522.0,0.0,0.0,12.0,30154.75,100.0,100.0,62.5,0.0,10
0,46.0,1,66.0,0.0,0.0,6.0,4329.666666666667,100.0,75.0,0.0,0.0,60
3,43.0,0,13.0,0.0,0.0,2.0,2662.5,100.0,0.0,0.0,1.0,32
3,57.0,0,10.0,0.0,0.0,3.0,5500.666666666667,100.0,25.0,0.0,0.0,15
0,26.0,1,595.0,0.0,0.0,11.0,20186.81818181818,100.0,100.0,50.0,0.0,39
3,39.0,1,1.0,0.0,0.0,4.0,498.75,100.0,50.0,0.0,1.0,26
0,39.0,0,7.0,0.0,0.0,2.0,568.0,100.0,0.0,0.0,1.0,46
1,60.0,0,14.0,2.8,1.0,5.0,4783.8,100.0,75.0,0.0,0.0,45
3,39.0,0,5.0,0.0,0.0,1.0,574.0,50.0,0.0,0.0,1.0,10
3,25.0,0,1.0,4.0,1.0,4.0,2378.25,100.0,50.0,0.0,1.0,8
1,61.0,0,8.0,0.0,0.0,3.0,516.6666666666666,100.0,25.0,0.0,1.0,37
1,61.0,1,102.0,0.0,0.0,9.0,6066.0,100.0,100.0,25.0,0.0,36
3,39.0,1,1.0,4.0,1.0,5.0,5005.0,100.0,50.0,0.0,1.0,8
3,39.0,0,1.0,0.0,0.0,2.0,770.0,100.0,0.0,0.0,1.0,18
0,38.0,1,342.0,0.0,0.0,11.0,23035.0,100.0,100.0,50.0,0.0,20
3,39.0,1,5.0,0.0,0.0,2.0,1032.0,100.0,0.0,0.0,1.0,8
3,26.0,0,1.0,0.0,0.0,3.0,2704.6666666666665,100.0,25.0,0.0,1.0,31
1,39.0,1,5.0,0.0,0.0,3.0,109.0,100.0,25.0,0.0,1.0,51
3,34.0,1,1.0,0.0,0.0,3.0,1547.6666666666667,100.0,25.0,0.0,1.0,24
1,53.0,1,5.0,0.0,0.0,4.0,1216.0,100.0,50.0,0.0,1.0,19
0,36.0,1,24.0,4.0,1.0,7.0,4421.0,100.0,100.0,0.0,1.0,31
3,39.0,1,1.0,0.0,0.0,5.0,2174.8,100.0,50.0,0.0,1.0,17
1,51.0,0,1.0,0.0,0.0,4.0,1529.0,100.0,50.0,0.0,1.0,22
1,36.0,1,5.0,0.0,0.0,4.0,1588.0,100.0,50.0,0.0,1.0,26
3,52.0,0,1.0,0.0,0.0,2.0,945.5,100.0,0.0,0.0,1.0,0
3,39.0,0,1.0,4.0,1.0,6.0,4609.666666666667,100.0,75.0,0.0,1.0,18
3,32.0,1,30.0,0.0,0.0,6.0,17260.0,100.0,75.0,0.0,1.0,27
1,39.0,1,5.0,0.0,0.0,1.0,2376.0,50.0,0.0,0.0,1.0,31
3,39.0,1,1.0,0.0,0.0,2.0,1627.0,100.0,0.0,0.0,1.0,21
0,39.0,0,5.0,0.0,0.0,1.0,475.0,50.0,0.0,0.0,1.0,13
2,39.0,0,33.0,0.0,0.0,6.0,12042.666666666666,100.0,75.0,0.0,1.0,43
3,39.0,0,116.0,0.0,0.0,8.0,10399.625,100.0,100.0,12.5,0.0,43
3,64.0,0,1.0,4.0,1.0,7.0,14876.285714285714,100.0,100.0,0.0,1.0,9
1,43.0,1,5.0,0.0,0.0,1.0,1394.0,50.0,0.0,0.0,1.0,31
3,48.0,0,140.0,20.0,3.0,8.0,14916.5,100.0,100.0,12.5,0.0,14
0,39.0,1,75.0,0.0,0.0,6.0,27840.5,100.0,75.0,0.0,0.0,48
0,39.0,1,38.0,0.0,0.0,3.0,4691.666666666667,100.0,0.0,0.0,1.0,27
0,39.0,1,3.0,0.0,0.0,5.0,2222.6,100.0,75.0,0.0,0.0,61
0,34.0,1,116.0,0.0,0.0,7.0,5510.285714285715,100.0,100.0,0.0,0.0,51
3,50.0,1,38.0,4.0,1.0,6.0,4932.5,100.0,75.0,0.0,1.0,23
0,58.0,0,104.0,0.0,0.0,7.0,6600.285714285715,100.0,100.0,0.0,0.0,44
3,39.0,0,1.0,4.0,1.0,3.0,1272.0,100.0,25.0,0.0,1.0,22
0,54.0,0,31.0,0.0,0.0,8.0,9673.125,100.0,100.0,12.5,1.0,14
3,37.0,0,6.0,0.0,0.0,2.0,470.5,100.0,0.0,0.0,1.0,42
1,44.0,1,404.0,2.8,1.0,12.0,26476.916666666668,100.0,100.0,62.5,0.0,13
3,63.0,0,1.0,0.0,0.0,2.0,488.0,100.0,0.0,0.0,1.0,20
3,53.0,0,1.0,0.0,0.0,2.0,8404.5,50.0,0.0,0.0,1.0,0
0,37.0,1,1.0,0.0,0.0,3.0,7330.0,100.0,25.0,0.0,1.0,24
3,39.0,0,1.0,0.0,0.0,1.0,569.0,50.0,0.0,0.0,1.0,16
3,51.0,0,3.0,0.0,0.0,3.0,185.33333333333337,100.0,25.0,0.0,1.0,25
0,39.0,1,1156.0,4.0,1.0,13.0,183.69230769230768,100.0,100.0,75.0,1.0,29
1,39.0,1,120.0,0.0,0.0,7.0,6167.285714285715,100.0,100.0,0.0,1.0,58
1,36.0,0,1.0,0.0,0.0,4.0,4422.25,100.0,50.0,0.0,1.0,44
0,37.0,1,113.0,0.0,0.0,10.0,5057.0,100.0,100.0,37.5,0.0,34
1,39.0,1,2.0,0.0,0.0,2.0,1422.5,100.0,0.0,0.0,0.0,63
0,34.0,1,108.0,0.0,0.0,6.0,2159.1666666666665,100.0,75.0,0.0,1.0,51
0,34.0,0,1.0,4.0,1.0,8.0,1691.875,100.0,100.0,12.5,1.0,16
0,33.0,1,5.0,0.0,0.0,3.0,66.66666666666667,100.0,25.0,0.0,1.0,53
0,18.0,1,1.0,0.0,0.0,4.0,1179.25,100.0,50.0,0.0,0.0,62
0,37.0,1,5.0,0.0,0.0,1.0,29.0,50.0,0.0,0.0,1.0,16
3,45.0,1,450.0,0.0,0.0,11.0,42676.0,100.0,100.0,50.0,0.0,12
0,48.0,1,1393.0,4.0,1.0,14.0,38825.71428571428,100.0,100.0,87.5,0.0,19
3,39.0,1,217.0,0.0,0.0,11.0,34400.63636363636,100.0,100.0,50.0,0.0,26
0,39.0,0,9.0,0.0,0.0,6.0,5313.666666666667,100.0,100.0,0.0,0.0,45
1,39.0,0,5.0,0.0,0.0,2.0,262.0,100.0,50.0,0.0,0.0,62
1,38.0,0,109.0,0.0,0.0,9.0,9817.333333333334,100.0,100.0,25.0,0.0,40
3,38.0,0,1.0,4.0,1.0,5.0,2659.6,100.0,75.0,0.0,1.0,27
1,39.0,1,619.0,0.0,0.0,11.0,26714.727272727272,100.0,100.0,50.0,0.0,35
2,18.0,1,749.0,0.0,0.0,3.0,29874.0,100.0,25.0,0.0,0.0,34
1,39.0,0,17.0,0.0,0.0,5.0,5160.0,100.0,75.0,0.0,1.0,36
1,32.0,0,166.0,2.8,1.0,8.0,10866.75,100.0,100.0,12.5,0.0,45
3,29.0,1,5.0,4.4,1.0,3.0,464.3333333333333,100.0,25.0,0.0,1.0,3
3,33.0,0,1.0,4.0,1.0,4.0,3197.5,100.0,25.0,0.0,1.0,14
3,18.0,1,1.0,0.0,0.0,3.0,1187.6666666666667,100.0,25.0,0.0,1.0,14
1,33.0,1,51.0,14.0,3.0,8.0,5097.25,100.0,100.0,12.5,0.0,46
1,39.0,0,1.0,0.0,0.0,6.0,3904.5,100.0,100.0,0.0,1.0,16
3,71.0,1,1.0,0.0,0.0,6.0,58820.333333333336,100.0,75.0,0.0,0.0,31
0,39.0,0,2.0,0.0,0.0,5.0,2826.0,100.0,75.0,0.0,0.0,59
3,39.0,0,3.0,0.0,0.0,4.0,2787.25,100.0,50.0,0.0,1.0,40
1,33.0,0,5.0,0.0,0.0,3.0,274.3333333333333,100.0,25.0,0.0,1.0,36
3,39.0,1,1.0,0.0,0.0,2.0,1064.5,100.0,0.0,0.0,1.0,9
0,24.0,1,166.0,4.0,1.0,9.0,56771.22222222222,100.0,100.0,25.0,0.0,32
0,39.0,0,47.0,20.0,3.0,8.0,9123.125,100.0,100.0,12.5,0.0,55
1,42.0,0,26.0,2.8,1.0,10.0,22810.5,100.0,100.0,37.5,0.0,17
3,50.0,0,17.0,0.0,0.0,1.0,122155.0,50.0,0.0,0.0,1.0,24
0,39.0,0,5.0,0.0,0.0,4.0,197.0,100.0,50.0,0.0,1.0,38
3,26.0,0,1.0,4.0,1.0,4.0,1591.75,100.0,50.0,0.0,1.0,3
1,39.0,0,248.0,0.0,0.0,8.0,10830.75,100.0,100.0,12.5,0.0,50
1,24.0,0,5.0,0.0,0.0,4.0,3495.25,100.0,50.0,0.0,1.0,58
3,39.0,1,1.0,0.0,0.0,3.0,2647.3333333333335,100.0,25.0,0.0,1.0,8
3,39.0,1,1.0,4.0,1.0,5.0,5537.0,100.0,75.0,0.0,1.0,22
0,42.0,0,139.0,0.0,0.0,7.0,5223.0,100.0,100.0,0.0,1.0,35
0,39.0,0,1.0,0.0,0.0,4.0,3132.75,100.0,50.0,0.0,0.0,37
3,39.0,1,5.0,0.0,0.0,3.0,191.66666666666663,100.0,25.0,0.0,1.0,11
3,62.0,0,1.0,4.4,1.0,9.0,16783.555555555555,100.0,100.0,25.0,1.0,0
3,28.0,1,1.0,0.0,0.0,3.0,122.0,100.0,25.0,0.0,1.0,37
0,39.0,0,5.0,0.0,0.0,1.0,727.0,50.0,0.0,0.0,0.0,62
3,47.0,0,6.0,4.0,1.0,3.0,3421.0,100.0,25.0,0.0,1.0,38
3,25.0,0,1.0,0.0,0.0,1.0,233.0,50.0,0.0,0.0,0.0,25
0,39.0,1,1.0,0.0,0.0,5.0,2702.0,100.0,75.0,0.0,1.0,15
3,39.0,1,1.0,0.0,0.0,4.0,2253.0,100.0,50.0,0.0,1.0,14
0,57.0,0,16.0,20.0,3.0,7.0,4000.285714285714,100.0,100.0,0.0,1.0,14
1,39.0,0,1.0,0.0,0.0,2.0,1837.5,100.0,0.0,0.0,1.0,15
1,58.0,1,1.0,0.0,0.0,1.0,17.0,50.0,0.0,0.0,1.0,15
0,39.0,1,1.0,0.0,0.0,1.0,1376.0,50.0,0.0,0.0,1.0,18
3,35.0,0,1.0,0.0,0.0,3.0,770.3333333333334,100.0,25.0,0.0,1.0,27
0,29.0,1,70.0,0.0,0.0,6.0,4649.5,100.0,75.0,0.0,0.0,56
0,42.0,0,11.0,0.0,0.0,7.0,3030.714285714286,100.0,100.0,12.5,0.0,40
0,25.0,1,1.0,0.0,0.0,2.0,10.0,100.0,0.0,0.0,1.0,15
0,57.0,0,1.0,0.0,0.0,5.0,2360.2,100.0,75.0,0.0,1.0,24
3,39.0,1,8.0,0.0,0.0,6.0,8416.833333333334,100.0,75.0,0.0,1.0,18
0,46.0,1,103.0,0.0,0.0,5.0,13475.0,100.0,50.0,0.0,1.0,40
3,19.0,1,3.0,0.0,0.0,5.0,7601.0,100.0,50.0,0.0,1.0,8
0,40.0,0,5.0,0.0,0.0,2.0,541.5,100.0,75.0,0.0,1.0,54
3,52.0,1,1.0,0.0,0.0,4.0,2389.75,100.0,50.0,0.0,1.0,13
0,39.0,0,304.0,0.0,0.0,11.0,34048.36363636364,100.0,100.0,50.0,1.0,30
3,40.0,0,443.0,51.699997,12.0,10.0,33799.8,100.0,100.0,37.5,0.0,0
3,50.0,1,74.0,4.0,1.0,10.0,30615.3,100.0,100.0,37.5,0.0,10
1,30.0,0,1.0,0.0,0.0,4.0,457.5,100.0,50.0,0.0,1.0,42
3,18.0,1,7.0,20.0,3.0,4.0,5779.0,100.0,50.0,0.0,1.0,44
3,45.0,1,1.0,0.0,0.0,2.0,2257.5,100.0,0.0,0.0,1.0,26
0,23.0,1,48.0,20.0,3.0,6.0,7969.0,100.0,75.0,0.0,0.0,49
1,41.0,0,3.0,0.0,0.0,1.0,1759.0,50.0,0.0,0.0,1.0,55
1,45.0,1,17.0,0.0,0.0,4.0,2737.25,100.0,75.0,0.0,1.0,56
0,44.0,1,37.0,0.0,0.0,6.0,2609.6666666666665,100.0,75.0,0.0,1.0,49
2,46.0,0,5.0,2.0,1.0,2.0,612.0,100.0,0.0,0.0,1.0,32
1,40.0,0,1.0,0.0,0.0,4.0,707.5,100.0,50.0,0.0,1.0,32
3,29.0,0,5.0,0.0,0.0,2.0,790.0,100.0,0.0,0.0,1.0,18
3,21.0,0,1.0,4.0,1.0,6.0,5056.666666666667,100.0,100.0,0.0,1.0,13
0,44.0,0,203.0,0.0,0.0,7.0,7284.428571428572,100.0,100.0,0.0,1.0,44
3,39.0,1,1.0,0.0,0.0,1.0,1532.0,50.0,0.0,0.0,1.0,24
0,36.0,0,22.0,0.0,0.0,6.0,3409.5,100.0,100.0,0.0,0.0,52
3,34.0,1,23.0,4.0,1.0,5.0,6889.6,100.0,75.0,0.0,0.0,32
3,36.0,0,1.0,0.0,0.0,5.0,3336.6,100.0,50.0,0.0,1.0,8
1,49.0,1,18.0,2.8,1.0,11.0,13985.818181818182,100.0,100.0,50.0,1.0,14
3,28.0,1,5.0,4.0,1.0,2.0,1250.0,100.0,0.0,0.0,1.0,23
3,28.0,0,5.0,0.0,0.0,2.0,232.5,100.0,0.0,0.0,1.0,15
2,39.0,0,234.0,0.0,0.0,11.0,5248.272727272727,100.0,100.0,50.0,1.0,33
0,33.0,0,1.0,4.0,1.0,7.0,4272.142857142857,100.0,100.0,12.5,1.0,24
3,23.0,1,1.0,4.0,1.0,4.0,1872.25,100.0,50.0,0.0,1.0,11
0,32.0,0,5.0,0.0,0.0,1.0,14.0,50.0,0.0,0.0,1.0,56
2,35.0,0,1.0,0.0,0.0,4.0,5574.5,100.0,50.0,0.0,1.0,36
2,39.0,1,7.0,2.0,1.0,3.0,635.0,100.0,25.0,0.0,1.0,40
3,29.0,1,27.0,0.0,0.0,5.0,6266.0,100.0,75.0,0.0,0.0,46
0,19.0,1,10.0,0.0,0.0,5.0,6166.8,100.0,75.0,0.0,1.0,51
0,23.0,0,5.0,0.0,0.0,3.0,678.0,100.0,25.0,0.0,1.0,26
0,39.0,1,211.0,10.0,2.0,8.0,167.875,100.0,100.0,12.5,1.0,40
0,63.0,0,161.0,20.0,3.0,12.0,28260.416666666668,100.0,100.0,62.5,0.0,21
1,50.0,0,1.0,0.0,0.0,7.0,6939.285714285715,100.0,100.0,0.0,1.0,13
0,26.0,1,5.0,20.0,3.0,5.0,435.6,100.0,75.0,0.0,1.0,15
3,39.0,0,1.0,4.0,1.0,3.0,3939.3333333333335,100.0,0.0,0.0,1.0,30
0,38.0,0,65.0,10.0,2.0,6.0,5066.166666666667,100.0,75.0,0.0,1.0,45
0,44.0,0,165.0,0.0,0.0,2.0,82153.5,100.0,0.0,0.0,0.0,38
1,39.0,0,1.0,0.0,0.0,2.0,1099.5,100.0,0.0,0.0,1.0,34
3,44.0,1,1.0,4.0,1.0,6.0,10241.666666666666,100.0,75.0,0.0,1.0,25
0,39.0,0,5.0,0.0,0.0,2.0,1822.5,100.0,0.0,0.0,1.0,33
1,39.0,0,11.0,0.0,0.0,4.0,2102.25,100.0,50.0,0.0,0.0,60
0,40.0,1,5.0,0.0,0.0,1.0,777.0,50.0,0.0,0.0,1.0,39
3,42.0,1,1.0,4.0,1.0,3.0,252.66666666666663,100.0,25.0,0.0,1.0,0
2,39.0,0,1.0,2.0,1.0,3.0,4131.666666666667,100.0,25.0,0.0,1.0,38
3,60.0,1,1.0,0.0,0.0,3.0,1518.6666666666667,100.0,25.0,0.0,1.0,2
0,21.0,1,1.0,4.0,1.0,2.0,1176.5,100.0,0.0,0.0,1.0,15
0,54.0,0,497.0,0.0,0.0,7.0,14253.857142857143,100.0,100.0,0.0,1.0,52
3,39.0,1,2.0,0.0,0.0,3.0,4346.0,100.0,25.0,0.0,1.0,29
0,43.0,1,1.0,0.0,0.0,4.0,224.5,100.0,50.0,0.0,1.0,16
1,32.0,1,1.0,0.0,0.0,4.0,2842.25,100.0,50.0,0.0,1.0,32
0,18.0,1,5.0,0.0,0.0,4.0,976.75,100.0,50.0,0.0,1.0,40
1,39.0,1,5.0,0.0,0.0,2.0,9.0,100.0,0.0,0.0,1.0,26
3,27.0,1,1.0,4.0,1.0,4.0,3242.5,100.0,50.0,0.0,1.0,1
0,41.0,1,8.0,4.0,1.0,7.0,6672.0,100.0,100.0,12.5,0.0,39
1,39.0,0,11.0,2.8,1.0,5.0,4707.2,100.0,75.0,0.0,0.0,51
3,34.0,0,1.0,0.0,0.0,1.0,2052.0,50.0,0.0,0.0,1.0,6
1,18.0,1,62.0,14.0,3.0,9.0,8163.222222222223,100.0,100.0,25.0,1.0,27
0,57.0,1,440.0,4.0,1.0,10.0,11403.6,100.0,100.0,37.5,0.0,17
0,39.0,1,297.0,0.0,0.0,3.0,508.3333333333333,100.0,25.0,0.0,1.0,49
0,29.0,1,4.0,0.0,0.0,5.0,2460.6,100.0,75.0,0.0,0.0,42
0,39.0,1,8.0,0.0,0.0,5.0,3197.0,100.0,75.0,0.0,0.0,53
0,41.0,1,43.0,0.0,0.0,6.0,3440.0,100.0,75.0,0.0,1.0,31
1,29.0,0,2.0,0.0,0.0,6.0,5241.166666666667,100.0,100.0,0.0,1.0,26
3,39.0,1,1.0,0.0,0.0,1.0,601.0,50.0,0.0,0.0,1.0,16
3,41.0,1,9.0,4.0,1.0,2.0,9201.5,50.0,0.0,0.0,1.0,29
0,39.0,0,6.0,0.0,0.0,9.0,13250.0,100.0,100.0,37.5,0.0,37
2,42.0,1,2.0,0.0,0.0,4.0,2250.25,100.0,50.0,0.0,1.0,50
1,46.0,1,2.0,0.0,0.0,1.0,860.0,50.0,0.0,0.0,0.0,56
0,23.0,0,15.0,0.0,0.0,3.0,264.3333333333333,100.0,25.0,0.0,0.0,64
3,66.0,0,50.0,0.0,0.0,5.0,12826.4,100.0,50.0,0.0,0.0,37
0,46.0,1,22.0,4.0,1.0,7.0,7199.142857142857,100.0,100.0,12.5,1.0,35
3,38.0,0,1.0,0.0,0.0,2.0,950.5,100.0,0.0,0.0,1.0,17
3,39.0,1,1.0,0.0,0.0,3.0,1980.6666666666667,100.0,25.0,0.0,1.0,15
3,54.0,1,1.0,0.0,0.0,4.0,2042.25,100.0,50.0,0.0,1.0,16
1,63.0,1,9.0,0.0,0.0,3.0,515.0,100.0,25.0,0.0,0.0,59
3,48.0,1,5.0,0.0,0.0,3.0,2202.6666666666665,100.0,25.0,0.0,1.0,20
3,36.0,1,1.0,4.0,1.0,2.0,3356.5,100.0,0.0,0.0,1.0,13
0,32.0,1,14.0,22.0,3.0,5.0,2209.4,100.0,75.0,0.0,0.0,12
1,18.0,1,4.0,0.0,0.0,6.0,231.16666666666663,100.0,75.0,0.0,1.0,21
1,39.0,1,1.0,0.0,0.0,1.0,1292.0,50.0,0.0,0.0,1.0,27
2,39.0,1,1.0,2.0,1.0,6.0,993.1666666666666,100.0,75.0,0.0,1.0,33
0,36.0,1,6.0,0.0,0.0,5.0,785.8,100.0,75.0,0.0,1.0,36
0,39.0,1,26.0,0.0,0.0,5.0,2910.8,100.0,75.0,0.0,0.0,61
3,37.0,1,1.0,0.0,0.0,3.0,3503.6666666666665,100.0,25.0,0.0,1.0,23
2,19.0,1,153.0,6.2999997,3.0,6.0,8475.5,100.0,75.0,0.0,1.0,50
3,60.0,1,1.0,0.0,0.0,3.0,2019.6666666666667,100.0,25.0,0.0,1.0,30
3,39.0,1,22.0,0.0,0.0,3.0,2978.3333333333335,100.0,25.0,0.0,1.0,46
3,34.0,0,5.0,0.0,0.0,1.0,20.0,50.0,0.0,0.0,1.0,22
1,53.0,1,413.0,30.799995,9.0,8.0,583.375,100.0,100.0,12.5,0.0,50
0,39.0,0,19.0,0.0,0.0,4.0,2939.25,100.0,50.0,0.0,1.0,58
1,47.0,0,5.0,0.0,0.0,2.0,19.5,100.0,0.0,0.0,1.0,48
1,25.0,0,1.0,0.0,0.0,1.0,1285.0,50.0,0.0,0.0,1.0,34
2,39.0,1,271.0,0.0,0.0,10.0,2599.7,100.0,100.0,37.5,1.0,35
1,37.0,0,5.0,0.0,0.0,5.0,1200.2,100.0,75.0,0.0,0.0,63
1,25.0,0,18.0,0.0,0.0,6.0,3164.5,100.0,100.0,0.0,0.0,43
0,39.0,1,1.0,0.0,0.0,5.0,3946.8,100.0,75.0,0.0,1.0,28
0,40.0,1,1.0,0.0,0.0,7.0,2442.0,100.0,100.0,0.0,1.0,13
3,50.0,0,1.0,0.0,0.0,1.0,1499.0,50.0,0.0,0.0,1.0,7
3,31.0,0,1.0,0.0,0.0,3.0,2068.0,100.0,25.0,0.0,1.0,9
3,44.0,0,16.0,0.0,0.0,4.0,14308.75,100.0,50.0,0.0,1.0,38
0,39.0,1,1.0,4.0,1.0,7.0,3061.8571428571427,100.0,100.0,0.0,1.0,30
0,42.0,1,1.0,0.0,0.0,3.0,1179.3333333333333,100.0,25.0,0.0,1.0,41
1,39.0,0,1.0,0.0,0.0,6.0,7316.833333333333,100.0,75.0,0.0,1.0,30
0,48.0,0,42.0,0.0,0.0,6.0,2847.3333333333335,100.0,100.0,0.0,0.0,58
0,39.0,1,5.0,0.0,0.0,4.0,118.0,100.0,50.0,0.0,1.0,51
1,39.0,1,5.0,0.0,0.0,3.0,1202.6666666666667,100.0,25.0,0.0,1.0,42
0,32.0,1,11.0,0.0,0.0,4.0,793.25,100.0,50.0,0.0,1.0,36
3,39.0,0,1.0,0.0,0.0,3.0,2006.6666666666667,100.0,25.0,0.0,1.0,20
1,18.0,1,2.0,0.0,0.0,4.0,26.75,100.0,50.0,0.0,0.0,40
3,39.0,1,3.0,0.0,0.0,4.0,4995.5,100.0,50.0,0.0,1.0,28
2,39.0,0,1.0,2.0,1.0,6.0,8216.333333333334,100.0,75.0,0.0,1.0,33
0,30.0,1,33.0,0.0,0.0,7.0,2901.285714285714,100.0,100.0,0.0,0.0,53
3,39.0,1,6.0,4.0,1.0,5.0,9753.2,100.0,50.0,0.0,0.0,3
3,28.0,1,223.0,0.0,0.0,10.0,63676.8,100.0,100.0,37.5,1.0,8
2,23.0,1,11.0,0.0,0.0,4.0,2330.25,100.0,50.0,0.0,1.0,44
0,45.0,1,11.0,0.0,0.0,5.0,2184.0,100.0,75.0,0.0,0.0,55
0,39.0,1,5.0,0.0,0.0,4.0,226.25,100.0,50.0,0.0,1.0,27
3,54.0,1,1.0,0.0,0.0,4.0,3556.25,100.0,50.0,0.0,1.0,30
0,44.0,1,124.0,0.0,0.0,9.0,9181.555555555557,100.0,100.0,37.5,0.0,48
0,28.0,0,10.0,0.0,0.0,6.0,3783.0,100.0,100.0,0.0,1.0,43
0,45.0,1,1.0,4.0,1.0,6.0,4682.333333333333,100.0,75.0,0.0,1.0,13
0,55.0,0,50.0,0.0,0.0,3.0,57980.666666666664,100.0,25.0,0.0,1.0,25
3,39.0,0,5.0,0.0,0.0,1.0,1926.0,50.0,0.0,0.0,1.0,25
0,21.0,1,1.0,0.0,0.0,1.0,6454.0,50.0,0.0,0.0,1.0,21
0,39.0,0,7.0,0.0,0.0,2.0,3638.5,100.0,0.0,0.0,1.0,14
1,39.0,1,24.0,0.0,0.0,1.0,38044.0,50.0,0.0,0.0,0.0,63
3,43.0,0,28.0,0.0,0.0,5.0,14173.8,100.0,50.0,0.0,1.0,11
3,41.0,0,45.0,23.0,4.0,6.0,6307.5,100.0,75.0,0.0,1.0,14
3,35.0,0,1.0,4.0,1.0,4.0,1375.0,100.0,50.0,0.0,1.0,27
0,38.0,0,68.0,4.0,1.0,7.0,6559.142857142857,100.0,100.0,0.0,1.0,30
0,39.0,1,5.0,0.0,0.0,1.0,466.0,50.0,0.0,0.0,1.0,33
0,60.0,0,791.0,29.0,6.0,13.0,115583.76923076923,100.0,100.0,75.0,0.0,14
0,43.0,1,485.0,0.0,0.0,9.0,11727.444444444443,100.0,100.0,25.0,0.0,25
3,39.0,1,1.0,0.0,0.0,5.0,2833.6,100.0,75.0,0.0,1.0,10
0,32.0,1,174.0,0.0,0.0,8.0,6725.375,100.0,100.0,12.5,0.0,41
3,35.0,0,1.0,4.0,1.0,4.0,1157.25,100.0,50.0,0.0,1.0,1
3,30.0,0,1.0,0.0,0.0,4.0,1114.5,100.0,50.0,0.0,1.0,22
0,47.0,0,227.0,0.0,0.0,10.0,21979.4,100.0,100.0,37.5,0.0,22
2,39.0,0,887.0,0.0,0.0,10.0,17715.2,100.0,100.0,37.5,0.0,48
3,41.0,1,1.0,0.0,0.0,3.0,1200.6666666666667,100.0,25.0,0.0,1.0,24
3,47.0,1,1.0,0.0,0.0,5.0,3294.2,100.0,50.0,0.0,1.0,24
0,57.0,0,1.0,0.0,0.0,8.0,4824.875,100.0,100.0,12.5,1.0,25
1,30.0,1,222.0,0.0,0.0,9.0,7750.555555555556,100.0,100.0,37.5,0.0,27
3,39.0,1,3.0,0.0,0.0,2.0,1317.0,100.0,0.0,0.0,1.0,32
0,39.0,1,8.0,0.0,0.0,3.0,1758.0,100.0,25.0,0.0,1.0,51
0,28.0,0,12.0,0.0,0.0,4.0,10352.0,100.0,50.0,0.0,1.0,23
3,49.0,0,153.0,10.0,2.0,9.0,15692.111111111111,100.0,100.0,25.0,1.0,13
0,45.0,0,1.0,0.0,0.0,4.0,2873.5,100.0,50.0,0.0,1.0,21
1,36.0,1,1.0,0.0,0.0,4.0,1251.75,100.0,50.0,0.0,1.0,28
3,39.0,1,36.0,4.0,1.0,8.0,9379.375,100.0,100.0,12.5,1.0,15
0,39.0,1,5.0,0.0,0.0,4.0,360.25,100.0,50.0,0.0,1.0,33
3,55.0,0,6.0,0.0,0.0,5.0,5438.2,100.0,50.0,0.0,1.0,23
1,31.0,0,404.0,0.0,0.0,8.0,12763.875,100.0,100.0,12.5,0.0,55
1,31.0,0,5.0,0.0,0.0,1.0,989.0,50.0,0.0,0.0,1.0,29
2,39.0,1,5.0,0.0,0.0,1.0,29722.0,50.0,0.0,0.0,1.0,35
0,37.0,1,89.0,20.0,3.0,8.0,5673.125,100.0,100.0,12.5,1.0,44
0,39.0,0,20.0,0.0,0.0,5.0,120.2,100.0,75.0,0.0,1.0,46
2,39.0,0,54.0,0.0,0.0,9.0,9380.111111111111,100.0,100.0,25.0,1.0,36
0,39.0,1,504.0,0.0,0.0,10.0,57034.8,100.0,100.0,50.0,0.0,45
1,20.0,0,113.0,22.399998,6.0,12.0,24217.166666666668,100.0,100.0,62.5,0.0,29
3,39.0,1,11.0,0.0,0.0,7.0,8626.57142857143,100.0,100.0,0.0,1.0,30
3,39.0,0,5.0,0.0,0.0,3.0,497.3333333333333,100.0,25.0,0.0,1.0,17
3,46.0,1,1.0,4.4,1.0,7.0,7647.0,100.0,100.0,0.0,1.0,0
1,37.0,0,15.0,16.8,4.0,6.0,2691.0,100.0,100.0,0.0,0.0,56
2,39.0,1,64.0,0.0,0.0,6.0,2062.6666666666665,100.0,75.0,0.0,0.0,52
3,39.0,1,1.0,0.0,0.0,1.0,868.0,50.0,0.0,0.0,1.0,22
1,56.0,0,81.0,2.8,1.0,6.0,14354.166666666666,100.0,100.0,0.0,0.0,62
3,56.0,0,11.0,0.0,0.0,3.0,5542.0,100.0,25.0,0.0,1.0,20
0,39.0,0,1.0,0.0,0.0,3.0,694.6666666666666,100.0,25.0,0.0,1.0,23
1,43.0,1,1.0,3.08,1.0,5.0,3706.6,100.0,75.0,0.0,1.0,25
3,50.0,1,5.0,0.0,0.0,3.0,2549.0,100.0,25.0,0.0,1.0,1
3,41.0,1,4.0,0.0,0.0,2.0,2409.0,50.0,0.0,0.0,1.0,6
0,39.0,1,17.0,0.0,0.0,4.0,2286.75,100.0,75.0,0.0,0.0,58
1,35.0,0,25.0,0.0,0.0,5.0,4718.4,100.0,75.0,0.0,0.0,49
1,31.0,0,422.0,0.0,0.0,11.0,28619.0,100.0,100.0,50.0,0.0,34
0,34.0,1,29.0,0.0,0.0,5.0,2262.6,100.0,50.0,0.0,1.0,35
1,30.0,0,6.0,0.0,0.0,3.0,2657.6666666666665,100.0,25.0,0.0,0.0,60
1,26.0,0,5.0,0.0,0.0,1.0,707.0,50.0,0.0,0.0,0.0,60
3,42.0,1,5.0,4.4,1.0,3.0,1096.6666666666667,100.0,25.0,0.0,1.0,8
1,39.0,1,3.0,0.0,0.0,5.0,974.0,100.0,75.0,0.0,1.0,58
1,39.0,0,254.0,0.0,0.0,9.0,14379.777777777776,100.0,100.0,25.0,0.0,54
1,39.0,0,526.0,2.8,1.0,9.0,22467.0,100.0,100.0,37.5,0.0,41
1,34.0,0,25.0,0.0,0.0,7.0,19191.285714285714,100.0,100.0,0.0,0.0,19
0,47.0,0,104.0,0.0,0.0,10.0,4788.6,100.0,100.0,37.5,0.0,28
0,47.0,1,11.0,0.0,0.0,4.0,943.5,100.0,50.0,0.0,1.0,46
3,51.0,0,1.0,0.0,0.0,2.0,769.0,100.0,0.0,0.0,1.0,19
3,37.0,1,5.0,0.0,0.0,3.0,1859.3333333333333,100.0,25.0,0.0,1.0,8
1,51.0,0,5.0,0.0,0.0,3.0,212.33333333333337,100.0,50.0,0.0,0.0,63
1,46.0,1,486.0,0.0,0.0,9.0,28983.555555555555,100.0,100.0,25.0,0.0,13
0,34.0,0,5.0,0.0,0.0,2.0,0.5,100.0,0.0,0.0,1.0,40
0,33.0,0,36.0,4.0,1.0,5.0,5838.6,100.0,100.0,0.0,0.0,50
3,44.0,1,5.0,0.0,0.0,6.0,3397.0,100.0,75.0,0.0,1.0,16
1,29.0,0,5.0,0.0,0.0,1.0,41.0,50.0,0.0,0.0,0.0,61
3,47.0,0,1.0,0.0,0.0,3.0,13.333333333333334,100.0,25.0,0.0,1.0,8
1,39.0,0,1.0,2.8,1.0,4.0,572.75,100.0,50.0,0.0,1.0,14
3,27.0,1,483.0,0.0,0.0,7.0,5150.857142857143,100.0,100.0,0.0,0.0,37
0,39.0,0,1.0,0.0,0.0,4.0,3486.75,100.0,50.0,0.0,1.0,21
3,62.0,0,88.0,20.0,3.0,7.0,9316.714285714286,100.0,100.0,0.0,1.0,8
3,36.0,0,1.0,0.0,0.0,4.0,4452.0,100.0,50.0,0.0,1.0,17
0,39.0,0,92.0,26.0,5.0,9.0,7694.888888888889,100.0,100.0,25.0,0.0,37
3,49.0,0,293.0,4.0,1.0,8.0,10445.125,100.0,100.0,12.5,0.0,27
3,30.0,1,5.0,0.0,0.0,2.0,557.5,100.0,0.0,0.0,1.0,40
1,54.0,1,1.0,0.0,0.0,4.0,1683.5,100.0,50.0,0.0,1.0,14
0,39.0,0,5.0,0.0,0.0,4.0,1172.25,100.0,50.0,0.0,0.0,62
1,36.0,1,32.0,0.0,0.0,5.0,7400.2,100.0,75.0,0.0,0.0,54
3,53.0,0,1.0,0.0,0.0,1.0,653.0,50.0,0.0,0.0,1.0,29
0,39.0,1,19.0,0.0,0.0,5.0,4540.0,100.0,75.0,0.0,1.0,41
3,39.0,1,5.0,0.0,0.0,2.0,671.5,100.0,0.0,0.0,1.0,42
0,39.0,0,8.0,0.0,0.0,5.0,1735.8,100.0,75.0,0.0,1.0,50
3,50.0,0,153.0,0.0,0.0,6.0,18566.166666666668,100.0,75.0,0.0,1.0,45
3,45.0,0,24.0,23.0,4.0,4.0,2884.0,100.0,50.0,0.0,1.0,33
3,37.0,1,1.0,0.0,0.0,4.0,2360.5,100.0,50.0,0.0,1.0,18
3,55.0,1,1.0,0.0,0.0,2.0,253.5,100.0,0.0,0.0,1.0,3
0,39.0,1,5.0,0.0,0.0,2.0,1281.0,100.0,0.0,0.0,1.0,40
0,39.0,1,6.0,0.0,0.0,2.0,2125.5,100.0,0.0,0.0,1.0,40
0,35.0,1,150.0,11.0,2.0,9.0,32375.222222222223,100.0,100.0,25.0,1.0,13
0,26.0,0,5.0,4.0,1.0,4.0,2082.5,100.0,50.0,0.0,1.0,42
0,39.0,0,10.0,0.0,0.0,5.0,5089.2,100.0,75.0,0.0,1.0,46
3,48.0,1,1.0,0.0,0.0,2.0,508.5,100.0,0.0,0.0,1.0,7
3,35.0,0,2.0,0.0,0.0,3.0,2392.0,100.0,25.0,0.0,1.0,38
0,39.0,1,269.0,20.0,3.0,7.0,11614.285714285714,100.0,100.0,0.0,0.0,58
1,24.0,1,77.0,14.0,3.0,7.0,18419.14285714286,100.0,100.0,0.0,0.0,40
0,40.0,1,5.0,0.0,0.0,5.0,6180.2,100.0,75.0,0.0,0.0,43
3,50.0,0,1.0,74.0,21.0,12.0,66221.58333333333,100.0,100.0,75.0,0.0,5
1,29.0,1,11.0,0.0,0.0,9.0,6033.222222222223,100.0,100.0,25.0,1.0,28
1,45.0,1,1.0,0.0,0.0,4.0,1233.5,100.0,50.0,0.0,1.0,24
3,45.0,1,5.0,0.0,0.0,5.0,2344.0,100.0,75.0,0.0,1.0,0
1,39.0,0,1.0,0.0,0.0,1.0,1580.0,50.0,0.0,0.0,0.0,58
1,39.0,0,1.0,0.0,0.0,5.0,3615.6,100.0,75.0,0.0,1.0,12
0,39.0,1,1.0,0.0,0.0,2.0,549.5,100.0,0.0,0.0,1.0,38
0,58.0,0,6.0,0.0,0.0,10.0,12099.4,100.0,100.0,50.0,0.0,21
3,20.0,1,5.0,0.0,0.0,2.0,2585.5,100.0,0.0,0.0,1.0,26
3,36.0,0,5.0,0.0,0.0,1.0,411.0,50.0,0.0,0.0,1.0,16
0,25.0,0,5.0,0.0,0.0,5.0,4728.6,100.0,75.0,0.0,1.0,40
0,56.0,0,68.0,0.0,0.0,6.0,3506.1666666666665,100.0,75.0,0.0,0.0,54
0,45.0,1,1.0,0.0,0.0,4.0,3020.75,100.0,50.0,0.0,1.0,22
0,44.0,0,5.0,0.0,0.0,3.0,221.0,100.0,25.0,0.0,1.0,52
0,67.0,1,809.0,0.0,0.0,12.0,31790.333333333332,100.0,100.0,62.5,0.0,15
3,36.0,1,70.0,0.0,0.0,6.0,11298.333333333334,100.0,75.0,0.0,1.0,30
0,37.0,0,1.0,0.0,0.0,4.0,552.0,100.0,50.0,0.0,1.0,18
0,39.0,1,5.0,0.0,0.0,2.0,1660.0,100.0,0.0,0.0,0.0,57
0,39.0,1,2.0,0.0,0.0,4.0,2455.5,100.0,50.0,0.0,1.0,51
0,25.0,0,5.0,0.0,0.0,4.0,1206.25,100.0,50.0,0.0,1.0,51
0,34.0,1,1.0,0.0,0.0,4.0,1666.5,100.0,50.0,0.0,1.0,34
0,39.0,0,5.0,0.0,0.0,4.0,2070.75,100.0,50.0,0.0,0.0,40
3,38.0,0,1.0,0.0,0.0,4.0,3270.75,100.0,50.0,0.0,1.0,23
0,39.0,1,1.0,0.0,0.0,6.0,2391.8333333333335,100.0,100.0,0.0,1.0,18
3,31.0,1,1.0,4.0,1.0,8.0,14358.625,100.0,100.0,12.5,1.0,20
1,45.0,0,5.0,7.0,2.0,5.0,2903.6,100.0,100.0,0.0,1.0,46
3,52.0,1,1.0,0.0,0.0,2.0,1328.5,100.0,0.0,0.0,1.0,41
0,45.0,0,5.0,0.0,0.0,2.0,774.5,100.0,0.0,0.0,1.0,25
0,42.0,1,19.0,10.0,2.0,5.0,1477.6,100.0,75.0,0.0,1.0,42
3,42.0,0,5.0,0.0,0.0,1.0,4625.0,50.0,0.0,0.0,1.0,1
3,40.0,0,1.0,0.0,0.0,1.0,267.0,50.0,0.0,0.0,1.0,24
1,51.0,1,249.0,0.0,0.0,13.0,30633.153846153848,100.0,100.0,75.0,1.0,16
0,44.0,1,5.0,0.0,0.0,1.0,18.0,50.0,0.0,0.0,1.0,43
0,34.0,0,1.0,0.0,0.0,5.0,833.4,100.0,75.0,0.0,1.0,22
0,25.0,0,258.0,4.0,1.0,12.0,113706.41666666669,100.0,100.0,62.5,0.0,22
0,37.0,1,5.0,0.0,0.0,2.0,823.5,100.0,0.0,0.0,1.0,32
3,39.0,1,28.0,0.0,0.0,3.0,5235.666666666667,100.0,25.0,0.0,0.0,9
0,39.0,0,35.0,0.0,0.0,2.0,3620.0,50.0,0.0,0.0,1.0,47
3,24.0,0,295.0,0.0,0.0,8.0,8982.875,100.0,100.0,12.5,0.0,38
0,43.0,1,33.0,0.0,0.0,6.0,3315.3333333333335,100.0,75.0,0.0,0.0,60
1,39.0,0,276.0,0.0,0.0,10.0,11277.3,100.0,100.0,37.5,0.0,44
0,39.0,0,17.0,0.0,0.0,3.0,5726.666666666667,100.0,25.0,0.0,1.0,41
3,50.0,1,1.0,0.0,0.0,3.0,118.66666666666669,100.0,25.0,0.0,1.0,30
3,27.0,0,272.0,0.0,0.0,10.0,48893.0,100.0,100.0,37.5,0.0,31
0,39.0,1,5.0,0.0,0.0,3.0,101.66666666666669,100.0,25.0,0.0,0.0,64
1,37.0,0,5.0,0.0,0.0,1.0,539.0,50.0,0.0,0.0,1.0,54
3,39.0,1,5.0,0.0,0.0,3.0,1666.3333333333333,100.0,25.0,0.0,1.0,37
0,19.0,0,60.0,0.0,0.0,7.0,2972.714285714286,100.0,100.0,0.0,0.0,50
3,43.0,1,1.0,0.0,0.0,1.0,1387.0,50.0,0.0,0.0,1.0,12
1,26.0,1,5.0,2.8,1.0,6.0,2008.1666666666667,100.0,100.0,0.0,1.0,37
1,39.0,0,5.0,0.0,0.0,3.0,402.3333333333333,100.0,25.0,0.0,1.0,40
3,35.0,0,1.0,0.0,0.0,3.0,321.3333333333333,100.0,25.0,0.0,1.0,13
0,55.0,0,813.0,0.0,0.0,11.0,32625.81818181818,100.0,100.0,50.0,1.0,44
3,30.0,1,1.0,4.0,1.0,4.0,2147.25,100.0,50.0,0.0,1.0,13
0,27.0,1,32.0,0.0,0.0,6.0,4384.833333333333,100.0,100.0,0.0,1.0,53
1,35.0,1,166.0,0.0,0.0,8.0,9021.625,100.0,100.0,12.5,0.0,47
3,40.0,0,5.0,0.0,0.0,6.0,661.3333333333334,100.0,100.0,0.0,1.0,17
3,39.0,1,1.0,0.0,0.0,9.0,24399.88888888889,100.0,100.0,25.0,1.0,0
1,39.0,0,5.0,0.0,0.0,1.0,419.0,50.0,0.0,0.0,1.0,28
0,39.0,1,2.0,0.0,0.0,2.0,1184.5,100.0,0.0,0.0,1.0,59
0,30.0,1,2.0,0.0,0.0,4.0,940.5,100.0,50.0,0.0,1.0,45
1,42.0,0,48.0,0.0,0.0,7.0,5642.428571428572,100.0,100.0,0.0,1.0,42
0,39.0,1,1.0,0.0,0.0,1.0,21270.0,50.0,0.0,0.0,1.0,23
1,30.0,0,1.0,0.0,0.0,5.0,5870.8,100.0,75.0,0.0,1.0,30
2,18.0,1,5.0,0.0,0.0,2.0,535.0,100.0,0.0,0.0,1.0,32
1,40.0,1,74.0,0.0,0.0,5.0,2469.8,100.0,75.0,0.0,0.0,51
1,57.0,0,1.0,2.8,1.0,5.0,933.4,100.0,75.0,0.0,1.0,24
1,39.0,1,63.0,0.0,0.0,6.0,6843.833333333333,100.0,75.0,0.0,1.0,34
0,49.0,1,7.0,4.0,1.0,6.0,4932.333333333333,100.0,75.0,0.0,1.0,25
3,41.0,1,1.0,0.0,0.0,3.0,3296.3333333333335,100.0,25.0,0.0,1.0,17
0,39.0,1,5.0,0.0,0.0,2.0,522.5,100.0,0.0,0.0,1.0,53
0,18.0,0,65.0,0.0,0.0,8.0,5666.5,100.0,100.0,12.5,0.0,55
0,65.0,1,252.0,0.0,0.0,10.0,22128.6,100.0,100.0,37.5,0.0,13
1,39.0,1,5.0,0.0,0.0,1.0,815.0,50.0,0.0,0.0,1.0,26
0,39.0,0,1.0,0.0,0.0,2.0,988.5,100.0,0.0,0.0,1.0,32
0,39.0,1,101.0,0.0,0.0,1.0,66152.0,50.0,0.0,0.0,0.0,46
1,39.0,0,3.0,0.0,0.0,5.0,718.8,100.0,75.0,0.0,1.0,40
1,34.0,0,5.0,2.8,1.0,4.0,2171.5,100.0,50.0,0.0,0.0,53
3,46.0,1,1.0,0.0,0.0,3.0,2527.6666666666665,100.0,25.0,0.0,1.0,30
3,39.0,0,5.0,0.0,0.0,2.0,1185.0,100.0,0.0,0.0,1.0,16
0,29.0,0,1.0,0.0,0.0,4.0,301.0,100.0,50.0,0.0,1.0,53
3,35.0,0,5.0,0.0,0.0,7.0,3882.857142857142,100.0,100.0,0.0,1.0,2
3,39.0,0,1.0,0.0,0.0,3.0,0.3333333333333333,100.0,25.0,0.0,1.0,1
3,53.0,0,41.0,4.0,1.0,6.0,14541.5,100.0,75.0,0.0,1.0,25
0,18.0,0,98.0,0.0,0.0,1.0,89072.0,50.0,0.0,0.0,0.0,63
3,39.0,1,1.0,0.0,0.0,1.0,2051.0,50.0,0.0,0.0,1.0,2
1,52.0,1,512.0,0.0,0.0,10.0,65869.0,100.0,100.0,37.5,0.0,26
3,39.0,0,1.0,0.0,0.0,3.0,655.3333333333334,100.0,25.0,0.0,1.0,33
3,39.0,0,5.0,0.0,0.0,2.0,229.0,100.0,0.0,0.0,1.0,17
1,39.0,0,676.0,70.0,23.0,10.0,11971.0,100.0,100.0,37.5,0.0,57
1,21.0,0,6.0,7.0,2.0,5.0,1805.0,100.0,75.0,0.0,1.0,39
2,39.0,0,204.0,0.0,0.0,7.0,6305.285714285715,100.0,100.0,0.0,1.0,38
0,55.0,0,166.0,4.0,1.0,9.0,10759.0,100.0,100.0,25.0,0.0,25
3,38.0,1,30.0,0.0,0.0,3.0,3982.6666666666665,100.0,100.0,0.0,0.0,18
3,39.0,0,5.0,0.0,0.0,2.0,12.5,100.0,0.0,0.0,1.0,8
1,52.0,1,1.0,2.8,1.0,9.0,12429.0,100.0,100.0,25.0,1.0,23
1,37.0,0,36.0,0.0,0.0,6.0,207.83333333333337,100.0,75.0,0.0,1.0,38
0,39.0,1,4.0,0.0,0.0,5.0,9745.8,100.0,75.0,0.0,1.0,50
1,39.0,0,5.0,0.0,0.0,2.0,1691.0,100.0,0.0,0.0,1.0,49
0,43.0,1,75.0,0.0,0.0,7.0,5552.0,100.0,100.0,0.0,0.0,44
3,39.0,1,8.0,0.0,0.0,2.0,1306.0,100.0,0.0,0.0,1.0,40
1,19.0,1,5.0,0.0,0.0,4.0,142.0,100.0,50.0,0.0,1.0,27
1,30.0,0,671.0,0.0,0.0,9.0,20224.666666666668,100.0,100.0,25.0,0.0,41
3,33.0,1,6.0,4.0,1.0,4.0,10321.25,100.0,50.0,0.0,1.0,24
3,34.0,1,1.0,0.0,0.0,3.0,1194.3333333333333,100.0,25.0,0.0,1.0,10
1,18.0,1,1.0,0.0,0.0,5.0,1538.4,100.0,75.0,0.0,1.0,22
3,41.0,0,40.0,4.0,1.0,4.0,7121.0,100.0,25.0,0.0,0.0,27
1,32.0,0,178.0,19.599998,5.0,10.0,9001.5,100.0,100.0,50.0,0.0,45
3,39.0,1,5.0,0.0,0.0,1.0,572.0,50.0,0.0,0.0,1.0,27
3,39.0,0,1.0,0.0,0.0,4.0,2625.5,100.0,50.0,0.0,1.0,39
1,43.0,1,11.0,0.0,0.0,3.0,1895.0,100.0,25.0,0.0,1.0,50
0,43.0,0,1.0,0.0,0.0,1.0,19029.0,50.0,0.0,0.0,1.0,35
0,32.0,0,4.0,0.0,0.0,5.0,1312.6,100.0,75.0,0.0,0.0,51
0,33.0,1,226.0,0.0,0.0,12.0,10100.333333333334,100.0,100.0,62.5,0.0,37
1,26.0,1,3.0,0.0,0.0,4.0,3496.25,100.0,50.0,0.0,1.0,40
3,35.0,0,1.0,0.0,0.0,3.0,1040.3333333333333,100.0,25.0,0.0,1.0,0
0,49.0,0,11.0,0.0,0.0,6.0,9267.833333333334,100.0,75.0,0.0,1.0,12
0,39.0,0,1552.0,0.0,0.0,11.0,57725.63636363636,100.0,100.0,50.0,0.0,32
3,23.0,1,1.0,0.0,0.0,4.0,5813.0,100.0,50.0,0.0,1.0,35
2,39.0,0,5.0,2.0,1.0,4.0,3745.0,100.0,50.0,0.0,1.0,36
3,19.0,1,1.0,4.0,1.0,4.0,2483.0,100.0,50.0,0.0,1.0,20
3,46.0,1,1.0,0.0,0.0,8.0,10151.5,100.0,100.0,12.5,1.0,13
3,39.0,0,1.0,4.0,1.0,8.0,16209.75,100.0,100.0,12.5,1.0,1
1,41.0,1,1.0,3.08,1.0,5.0,1348.0,100.0,75.0,0.0,1.0,13
0,39.0,0,531.0,10.0,2.0,4.0,26787.5,100.0,50.0,0.0,0.0,27
0,39.0,0,976.0,4.0,1.0,9.0,9349.777777777776,100.0,100.0,25.0,1.0,25
0,39.0,0,15.0,0.0,0.0,3.0,46.666666666666664,100.0,25.0,0.0,1.0,52
3,32.0,0,47.0,26.0,5.0,6.0,6833.166666666667,100.0,75.0,0.0,1.0,35
0,39.0,1,1.0,0.0,0.0,5.0,1439.8,100.0,75.0,0.0,1.0,28
1,32.0,1,41.0,0.0,0.0,7.0,2083.4285714285716,100.0,100.0,0.0,1.0,38
3,25.0,0,5.0,0.0,0.0,3.0,1813.3333333333333,100.0,25.0,0.0,1.0,19
3,55.0,0,300.0,0.0,0.0,9.0,11842.777777777776,100.0,100.0,25.0,0.0,39
1,38.0,1,10.0,0.0,0.0,4.0,2010.75,100.0,50.0,0.0,0.0,60
2,18.0,1,212.0,7.8,3.0,4.0,17794.0,100.0,25.0,0.0,0.0,36
0,31.0,0,42.0,0.0,0.0,6.0,475.3333333333333,100.0,100.0,0.0,1.0,50
1,38.0,0,187.0,0.0,0.0,8.0,6494.25,100.0,100.0,12.5,1.0,15
3,42.0,1,1.0,0.0,0.0,4.0,4736.5,100.0,50.0,0.0,1.0,14
1,33.0,0,3.0,0.0,0.0,4.0,1250.0,100.0,50.0,0.0,1.0,59
0,18.0,1,19.0,0.0,0.0,5.0,6123.0,100.0,75.0,0.0,1.0,39
0,36.0,0,7.0,0.0,0.0,4.0,2305.25,100.0,50.0,0.0,1.0,45
3,36.0,0,1.0,0.0,0.0,4.0,1974.5,100.0,50.0,0.0,1.0,8
0,24.0,0,1142.0,0.0,0.0,11.0,22320.727272727272,100.0,100.0,50.0,0.0,30
0,35.0,0,5.0,0.0,0.0,2.0,5384.5,100.0,0.0,0.0,0.0,62
0,36.0,0,5.0,0.0,0.0,3.0,0.0,100.0,25.0,0.0,0.0,64
3,43.0,0,1.0,0.0,0.0,5.0,5703.2,100.0,50.0,0.0,1.0,0
0,29.0,0,4.0,4.0,1.0,9.0,5512.333333333333,100.0,100.0,25.0,1.0,17
3,49.0,0,3.0,0.0,0.0,3.0,2657.0,100.0,25.0,0.0,1.0,40
3,39.0,0,1.0,4.0,1.0,6.0,7195.0,100.0,75.0,0.0,1.0,13
0,43.0,1,8.0,4.0,1.0,3.0,14478.666666666666,100.0,0.0,0.0,0.0,27
0,39.0,1,1.0,4.0,1.0,3.0,2704.6666666666665,100.0,25.0,0.0,1.0,28
0,39.0,0,9.0,0.0,0.0,5.0,506.6,100.0,75.0,0.0,1.0,47
3,53.0,1,1.0,4.0,1.0,5.0,771.0,100.0,50.0,0.0,1.0,9
3,29.0,1,5.0,0.0,0.0,1.0,616.0,50.0,0.0,0.0,1.0,9
1,47.0,0,41.0,0.0,0.0,7.0,2340.714285714286,100.0,100.0,0.0,1.0,27
3,39.0,0,1.0,0.0,0.0,2.0,840.0,100.0,0.0,0.0,1.0,3
0,32.0,1,945.0,0.0,0.0,12.0,25180.583333333332,100.0,100.0,75.0,0.0,41
0,51.0,1,213.0,4.0,1.0,7.0,948.4285714285714,100.0,100.0,0.0,1.0,53
3,36.0,0,1.0,0.0,0.0,3.0,1283.6666666666667,100.0,25.0,0.0,1.0,8
1,56.0,1,2.0,0.0,0.0,1.0,1388.0,50.0,0.0,0.0,0.0,43
0,40.0,0,1.0,0.0,0.0,6.0,693.1666666666666,100.0,75.0,0.0,1.0,18
3,47.0,1,1.0,0.0,0.0,4.0,3773.0,100.0,25.0,0.0,1.0,5
3,39.0,1,12.0,0.0,0.0,7.0,7253.571428571428,100.0,100.0,0.0,1.0,28
3,43.0,1,16.0,0.0,0.0,4.0,6377.5,100.0,50.0,0.0,0.0,46
0,40.0,1,5.0,0.0,0.0,2.0,12.0,100.0,0.0,0.0,1.0,27
1,44.0,0,4.0,15.4,3.0,6.0,2392.0,100.0,100.0,0.0,1.0,17
0,43.0,1,4.0,0.0,0.0,4.0,594.5,100.0,50.0,0.0,0.0,60
0,39.0,1,1.0,0.0,0.0,4.0,768.5,100.0,50.0,0.0,1.0,19
1,41.0,0,35.0,14.0,3.0,7.0,7258.428571428572,100.0,100.0,0.0,0.0,45
3,51.0,1,1.0,0.0,0.0,1.0,156.0,50.0,0.0,0.0,1.0,10
3,40.0,1,1.0,0.0,0.0,3.0,2889.0,100.0,25.0,0.0,1.0,35
0,39.0,0,1.0,0.0,0.0,4.0,5208.5,100.0,50.0,0.0,1.0,19
3,36.0,1,5.0,0.0,0.0,3.0,1195.6666666666667,100.0,25.0,0.0,1.0,12
2,39.0,0,9.0,0.0,0.0,3.0,2130.3333333333335,100.0,25.0,0.0,1.0,37
1,36.0,0,1.0,2.8,1.0,6.0,1364.6666666666667,100.0,100.0,0.0,1.0,18
1,39.0,0,5.0,0.0,0.0,2.0,840.0,100.0,0.0,0.0,1.0,36
3,54.0,0,1.0,4.0,1.0,6.0,5246.0,100.0,75.0,0.0,1.0,16
3,47.0,0,76.0,20.0,3.0,6.0,13407.833333333334,100.0,75.0,0.0,0.0,33
3,39.0,0,1.0,4.0,1.0,4.0,6887.75,100.0,50.0,0.0,1.0,0
0,39.0,1,1.0,0.0,0.0,4.0,2438.5,100.0,50.0,0.0,1.0,33
1,47.0,0,1.0,3.08,1.0,1.0,58440.0,50.0,0.0,0.0,1.0,33
0,39.0,1,5.0,0.0,0.0,1.0,17.0,50.0,0.0,0.0,1.0,21
3,39.0,1,1.0,0.0,0.0,4.0,752.75,100.0,50.0,0.0,1.0,12
3,43.0,1,5.0,0.0,0.0,1.0,1865.0,50.0,0.0,0.0,1.0,45
0,58.0,0,9.0,20.0,3.0,6.0,9917.333333333334,100.0,100.0,12.5,0.0,58
3,39.0,1,22.0,4.0,1.0,6.0,2856.1666666666665,100.0,75.0,0.0,1.0,26
0,39.0,1,98.0,0.0,0.0,7.0,6469.571428571428,100.0,100.0,0.0,0.0,42
3,45.0,1,213.0,0.0,0.0,6.0,55044.166666666664,100.0,75.0,0.0,0.0,31
3,39.0,0,1.0,0.0,0.0,3.0,1774.6666666666667,100.0,25.0,0.0,1.0,9
0,54.0,0,29.0,0.0,0.0,3.0,46167.0,100.0,0.0,0.0,0.0,16
1,25.0,1,14.0,0.0,0.0,5.0,2165.8,100.0,75.0,0.0,0.0,59
2,23.0,1,24.0,0.0,0.0,4.0,2873.75,100.0,50.0,0.0,1.0,42
0,37.0,0,86.0,0.0,0.0,8.0,11869.0,100.0,100.0,12.5,0.0,56
0,39.0,1,1.0,20.0,3.0,4.0,1340.75,100.0,50.0,0.0,1.0,38
0,50.0,1,36.0,10.0,2.0,6.0,1105.3333333333333,100.0,100.0,0.0,0.0,60
3,21.0,1,1.0,4.0,1.0,4.0,1617.5,100.0,25.0,0.0,1.0,11
3,34.0,0,7.0,0.0,0.0,3.0,983.6666666666666,100.0,25.0,0.0,1.0,42
3,45.0,1,130.0,4.0,1.0,10.0,25011.3,100.0,100.0,37.5,0.0,27
1,40.0,1,37.0,0.0,0.0,7.0,3294.0,100.0,100.0,0.0,0.0,36
0,41.0,1,1.0,0.0,0.0,5.0,2248.0,100.0,75.0,0.0,1.0,24
3,39.0,0,1.0,0.0,0.0,1.0,25758.0,0.0,0.0,0.0,1.0,4
3,37.0,0,21.0,0.0,0.0,5.0,2484.2,100.0,75.0,0.0,1.0,4
0,30.0,0,91.0,0.0,0.0,7.0,5175.0,100.0,100.0,0.0,0.0,53
1,45.0,1,1.0,2.8,1.0,5.0,1099.0,100.0,75.0,0.0,1.0,21
3,43.0,0,85.0,0.0,0.0,10.0,16167.1,100.0,100.0,37.5,0.0,16
3,39.0,0,1.0,0.0,0.0,3.0,2317.6666666666665,100.0,25.0,0.0,1.0,6
0,34.0,1,54.0,0.0,0.0,8.0,13633.125,100.0,100.0,12.5,0.0,51
3,20.0,1,1.0,0.0,0.0,5.0,9258.4,100.0,50.0,0.0,1.0,21
3,54.0,1,1.0,0.0,0.0,5.0,13284.2,100.0,50.0,0.0,1.0,19
0,39.0,0,1.0,4.0,1.0,5.0,1525.2,100.0,75.0,0.0,1.0,21
3,37.0,1,1.0,0.0,0.0,3.0,15960.333333333334,100.0,25.0,0.0,1.0,26
0,19.0,1,1.0,0.0,0.0,1.0,1695.0,50.0,0.0,0.0,1.0,20
3,41.0,0,1.0,4.0,1.0,10.0,27158.0,100.0,100.0,50.0,0.0,24
1,39.0,1,69.0,0.0,0.0,7.0,6251.0,100.0,100.0,12.5,0.0,59
0,31.0,0,172.0,0.0,0.0,9.0,8930.111111111111,100.0,100.0,25.0,1.0,40
0,54.0,1,8.0,0.0,0.0,5.0,10447.2,100.0,75.0,0.0,0.0,60
0,40.0,1,196.0,0.0,0.0,11.0,15275.818181818182,100.0,100.0,50.0,0.0,36
1,47.0,1,5.0,0.0,0.0,5.0,612.6,100.0,75.0,0.0,1.0,21
1,49.0,0,3.0,0.0,0.0,4.0,497.5,100.0,50.0,0.0,1.0,42
3,39.0,1,1.0,0.0,0.0,1.0,974.0,50.0,0.0,0.0,1.0,38
0,39.0,0,184.0,4.0,1.0,9.0,3621.0,100.0,100.0,37.5,0.0,25
3,39.0,1,1.0,0.0,0.0,1.0,1988.0,50.0,0.0,0.0,1.0,19
0,35.0,1,5.0,4.0,1.0,2.0,537.0,100.0,0.0,0.0,1.0,13
3,36.0,0,1.0,0.0,0.0,3.0,45.666666666666664,100.0,25.0,0.0,1.0,38
3,54.0,0,24.0,0.0,0.0,1.0,8355.0,50.0,0.0,0.0,1.0,25
1,43.0,0,245.0,14.0,3.0,10.0,9115.4,100.0,100.0,37.5,0.0,35
3,18.0,0,1.0,0.0,0.0,3.0,832.6666666666666,100.0,25.0,0.0,1.0,39
